"","Estimate","upperCI","Cul"
"1",24728.6260552513,25526.9398068104,"x"
"2",25271.6293933766,26636.3867753852,"x"
"3",24299.037192574,24879.5837943833,"x"
"4",24680.2422935101,25333.2220452655,"x"
"5",24934.0613467802,25999.4486242187,"x"
"6",24601.1082096232,25120.2820316236,"x"
"7",24786.650965999,25786.5057593629,"x"
"8",24412.9675109306,24954.8599323287,"x"
"9",24598.6195766491,25267.4776041404,"x"
"10",25062.4716264921,26147.183520377,"x"
"11",24287.2264285022,24735.8595196129,"x"
"12",24566.788720888,25318.9114836116,"x"
"13",24753.6648349493,25630.7259908418,"x"
"14",25441.6029654415,27062.5178726019,"x"
"15",25094.1278301912,26529.3370891165,"x"
"16",25047.2295289023,26209.3296859746,"x"
"17",25071.5916662527,26110.8566169133,"x"
"18",24976.3667420549,26091.3073396739,"x"
"19",24376.9205003218,24935.8737444898,"x"
"20",24719.737767909,25648.0087306717,"x"
"21",25761.06873981,27543.8797278346,"x"
"22",24587.1475445191,25177.7836248248,"x"
"23",24478.3768567954,24942.0778807599,"x"
"24",25672.0387529592,27502.9281314396,"x"
"25",24714.7121493318,25575.7188182059,"x"
"26",24742.2125765944,25638.2605290349,"x"
"27",24863.7088213307,25785.744429337,"x"
"28",25022.332214505,26083.4638224065,"x"
"29",24469.0689948893,25108.2221408445,"x"
"30",25103.4596293362,26093.6731749503,"x"
"31",24288.9006247342,24779.1364858431,"x"
"32",25497.2800138402,27253.2529745976,"x"
"33",24712.1100529927,25498.6386427798,"x"
"34",24957.6200635791,26016.6916103091,"x"
"35",24775.5176191065,25428.9345886226,"x"
"36",24953.0332666151,26049.8442277712,"x"
"37",24489.3164333932,24847.9876828737,"x"
"38",25592.5639546114,27236.6653461249,"x"
"39",24605.1653988042,25306.2852429888,"x"
"40",24364.1325832938,24857.5821351701,"x"
"41",24444.8905713556,24804.1594472931,"x"
"42",24894.9600591629,25927.9229715529,"x"
"43",25509.0769837112,27049.7625983671,"x"
"44",24536.5256369009,25200.7105431132,"x"
"45",24300.4771580182,24703.3761810687,"x"
"46",25289.0925629098,26553.3874438937,"x"
"47",24983.4010543931,26068.4765314723,"x"
"48",25623.4760844903,27380.1254068469,"x"
"49",24557.5789346307,25023.0632028012,"x"
"50",24604.936142006,25218.8742101052,"x"
"51",24428.2429629956,24872.1353801176,"x"
"52",24518.673372064,25095.6221137428,"x"
"53",25056.671472641,26206.7000736816,"x"
"54",24726.244755715,25342.157072085,"x"
"55",24544.345807858,25190.5537052081,"x"
"56",24843.969173421,25672.3348211842,"x"
"57",24886.1698492881,26003.5768698102,"x"
"58",24950.5647237049,26049.0119852388,"x"
"59",24393.8208405087,24786.5771715748,"x"
"60",24605.2991155051,25382.6661970306,"x"
"61",25196.4580087167,26555.8834543665,"x"
"62",24720.9003487772,25493.8977195823,"x"
"63",24410.4735779963,24923.5670645653,"x"
"64",24341.5990323885,24834.7218515689,"x"
"65",24509.5622040619,25160.0189516039,"x"
"66",24592.5691553918,25430.7805542087,"x"
"67",24802.907167774,25261.0543257602,"x"
"68",24396.6439726826,24934.4424129498,"x"
"69",24855.3100033724,25917.5686800398,"x"
"70",24514.1817411037,25010.3067644278,"x"
"71",24314.5464175263,24848.0194626325,"x"
"72",25042.4237417891,26119.9735827469,"x"
"73",24351.4539467712,24882.3367661598,"x"
"74",25622.8331124331,27355.8253296483,"x"
"75",25141.2739141795,26141.4775343263,"x"
"76",25359.4880842127,26790.855306025,"x"
"77",24940.4265982007,25973.0154621929,"x"
"78",24484.0934659546,25215.3586932257,"x"
"79",25122.1359577753,26439.3402579314,"x"
"80",24675.2552395672,25406.5984423292,"x"
"81",24631.7325847195,25240.3827198929,"x"
"82",24427.4875278215,25092.6094436807,"x"
"83",24572.7375136323,25335.6944317761,"x"
"84",24981.7968666345,25985.8013407153,"x"
"85",27757.2481001721,31756.6696113865,"x"
"86",24852.3695457933,25663.4548188233,"x"
"87",25163.5963810566,26515.4938084594,"x"
"88",24776.6226449916,25672.1354578265,"x"
"89",24697.5580414631,25442.8807866191,"x"
"90",24960.8757059551,26095.3779945743,"x"
"91",24679.307553509,25427.5036937728,"x"
"92",25703.9009813218,27414.3310752973,"x"
"93",24501.7536438967,25077.1577201852,"x"
"94",24609.6998459912,25389.8228279829,"x"
"95",25184.7503017507,26612.4286483603,"x"
"96",24439.6915854773,24926.4504620768,"x"
"97",26269.5913458208,28340.0425889454,"x"
"98",24524.9483702384,25108.3725926165,"x"
"99",25569.3079049816,27156.5038497178,"x"
"100",24818.6768140152,25751.4105121896,"x"
"101",24272.206072136,24793.8347341008,"x"
"102",28344.7879171515,33071.9341593567,"x"
"103",24611.2533279553,25230.0876758534,"x"
"104",24784.899198412,25839.9133689353,"x"
"105",24591.8405582844,25391.051548704,"x"
"106",24673.2300907723,25377.067013276,"x"
"107",25188.6014789405,26375.8285220966,"x"
"108",24863.2792201233,25925.8729037898,"x"
"109",25676.5528959318,27500.3175679253,"x"
"110",25219.3646774414,26458.0893208132,"x"
"111",25227.9474951801,26668.936134171,"x"
"112",25219.837797184,26429.2435237647,"x"
"113",24604.0308013494,25306.7750058475,"x"
"114",24878.1495704186,25945.0290685482,"x"
"115",24408.9650636438,24879.7796191836,"x"
"116",24626.4655775655,25316.879420036,"x"
"117",24846.1831743655,25872.1598011453,"x"
"118",24777.5823117171,25630.2566477387,"x"
"119",24584.3839706281,25286.2704013869,"x"
"120",25413.8954791001,26569.5571371618,"x"
"121",24789.3945010103,25653.3061396198,"x"
"122",24694.8183229205,25603.8169816778,"x"
"123",24782.9478287109,25830.2181066343,"x"
"124",25307.6457509823,26665.7826160495,"x"
"125",24761.4102591785,25633.6216789093,"x"
"126",25122.0835647778,26260.5818664096,"x"
"127",25056.5114378015,26217.4591960987,"x"
"128",25089.3618587029,26271.04884034,"x"
"129",24455.6585798698,25239.4070180044,"x"
"130",24764.4849239246,25353.0853074216,"x"
"131",24483.6975820329,25137.6176982504,"x"
"132",25211.4460648769,26528.7254946316,"x"
"133",25055.1904481985,26068.5472276085,"x"
"134",24395.7515402526,24952.829494084,"x"
"135",24553.9532389689,25282.7285577379,"x"
"136",24492.8748052408,24981.4445144847,"x"
"137",25552.69233275,27110.4217742874,"x"
"138",24585.41292619,25365.8398509782,"x"
"139",24780.929610797,25613.0112096123,"x"
"140",24542.8148003588,25060.1286939082,"x"
"141",24404.528195221,24933.5746457055,"x"
"142",24607.6498563885,25250.3255438139,"x"
"143",24453.9080552457,24879.4039177159,"x"
"144",24877.5849067078,25946.9660503317,"x"
"145",24544.7412715776,25103.0276740865,"x"
"146",25555.1655961042,27089.1794616323,"x"
"147",24429.2145538624,24826.1831885293,"x"
"148",24451.7628973975,25204.3883449548,"x"
"149",25323.5803096641,26685.7544376764,"x"
"150",24770.6002865631,25375.5610916418,"x"
"151",24632.1783088509,25397.9258614702,"x"
"152",24517.8848445903,25085.2143615672,"x"
"153",24637.6722882784,25447.3183614434,"x"
"154",25656.9001354302,27461.6325722769,"x"
"155",25162.3800214907,26353.382992493,"x"
"156",24500.9761099743,24948.6000826868,"x"
"157",24465.9491581665,25044.2274869843,"x"
"158",25247.4829038231,26691.8397462381,"x"
"159",24514.7388530046,25234.7022117816,"x"
"160",24601.6479924194,25544.946662079,"x"
"161",24562.0192747445,25340.5452840233,"x"
"162",25251.8376023151,26609.9293009102,"x"
"163",30092.5304594983,37773.9033127634,"x"
"164",24664.6579162091,25607.7478323235,"x"
"165",24683.8773926921,25329.6611489138,"x"
"166",24730.6060964317,25658.5728264395,"x"
"167",25149.0803537408,26434.4108312911,"x"
"168",24667.707940768,25439.530279258,"x"
"169",24749.7190601748,25536.4472533307,"x"
"170",24860.0926022303,25809.0255736108,"x"
"171",24712.8990282539,25349.1055216957,"x"
"172",27443.4774473368,31132.4129192712,"x"
"173",24839.7953331487,25906.2614878846,"x"
"174",25203.1335889721,26463.8858845749,"x"
"175",24759.9342700542,25582.7841284491,"x"
"176",24564.1070026502,25288.238127908,"x"
"177",24883.3196922421,25953.9897703419,"x"
"178",25003.7563432927,26118.971854588,"x"
"179",24669.6015522439,25475.8689488079,"x"
"180",24736.0492516809,25474.1100562754,"x"
"181",24702.3721207732,25502.5434383524,"x"
"182",24705.5343362627,25575.4532703864,"x"
"183",24499.6327256694,25106.7879786071,"x"
"184",24672.2200397768,25609.0770472688,"x"
"185",24703.0343187146,25477.4402917151,"x"
"186",25132.6222520476,26255.3402172126,"x"
"187",25143.3989357184,26456.2576538561,"x"
"188",25094.0472417074,26085.6823829305,"x"
"189",24459.6254339428,24949.7567251165,"x"
"190",24500.9264605753,24929.3291290699,"x"
"191",25274.6108996634,26599.9119774825,"x"
"192",25619.6727392031,27198.8877743925,"x"
"193",24391.1120296793,24965.4289793451,"x"
"194",24487.2571029322,24992.4559804647,"x"
"195",25075.2078295697,26147.1508572079,"x"
"196",24739.9121983322,25515.4219960157,"x"
"197",25404.3897111634,26761.9952966671,"x"
"198",25040.671048853,26151.0882418308,"x"
"199",24694.3306204574,25382.5329692166,"x"
"200",24102.5506256016,24223.1973664382,"x"
"201",24703.7075027721,25558.0069838945,"x"
"202",24537.4743505124,25176.2106756967,"x"
"203",25000.6563923463,25975.4721105939,"x"
"204",24521.4275381383,25212.2598888131,"x"
"205",24628.2605900173,25377.4728640862,"x"
"206",24660.6758254718,25355.1955052086,"x"
"207",24976.7021800678,25973.6198123231,"x"
"208",24915.9787603235,26049.1538160149,"x"
"209",24304.7953439326,24802.6587625088,"x"
"210",25292.2830240115,26818.1922022293,"x"
"211",24426.4446487917,24769.6008687567,"x"
"212",24660.2300347909,25462.2847239049,"x"
"213",24510.4898207639,24946.9031019154,"x"
"214",24767.0697498752,25783.2149834912,"x"
"215",24986.4648606054,26229.3059455468,"x"
"216",24673.6614519116,25139.5390772234,"x"
"217",24415.0114848779,24845.2059126934,"x"
"218",24559.2884961854,25439.91044613,"x"
"219",25025.8629766963,26159.3725490583,"x"
"220",24536.560000461,25165.7740394945,"x"
"221",25642.7794758774,27282.9956934159,"x"
"222",24826.5606374308,25677.9755115621,"x"
"223",24582.233457342,25391.8069524277,"x"
"224",24566.1078706937,25132.5290838997,"x"
"225",24201.6707306169,24465.9417060971,"x"
"226",24738.7832762724,25840.6460054916,"x"
"227",24529.2656782106,25218.6026952126,"x"
"228",24616.2478786091,25281.6466214326,"x"
"229",24568.9034161393,25431.0060062895,"x"
"230",24851.555414773,25847.9902704056,"x"
"231",24664.6265947606,25450.4940278179,"x"
"232",24628.8734059136,25378.0636098498,"x"
"233",24447.6686062151,24987.0062643766,"x"
"234",25385.6603132616,26992.0880598851,"x"
"235",24524.6242721646,25230.747619893,"x"
"236",24794.0242427348,25800.8109490974,"x"
"237",24676.9775265781,25208.348032313,"x"
"238",24707.9166168638,25531.9801040827,"x"
"239",24646.9174941755,25587.5486710033,"x"
"240",24607.933608674,25280.3927078117,"x"
"241",24559.2956842243,25335.0453822578,"x"
"242",24785.8959295978,25910.5413034295,"x"
"243",24821.0171859634,25912.978902262,"x"
"244",27817.5156629619,31762.1437286725,"x"
"245",24623.7688416459,25381.5706739057,"x"
"246",24679.3802300944,25290.3967457127,"x"
"247",24565.4997745599,25290.2977278468,"x"
"248",24588.2857276357,25377.3023411383,"x"
"249",25228.9123726459,26603.5612788155,"x"
"250",25753.8180374002,27592.9728947164,"x"
"251",24730.6896547331,25674.2721419652,"x"
"252",25793.9522498838,27721.3582140008,"x"
"253",25098.4843427193,25938.2627694756,"x"
"254",24457.806310663,25062.7576290443,"x"
"255",24284.95156232,24860.326206269,"x"
"256",24633.5606867138,25253.6402677767,"x"
"257",24524.6293462468,25107.3755208248,"x"
"258",24832.7663685216,25789.7471997269,"x"
"259",25173.2645285638,26413.1968244405,"x"
"260",24905.012148961,25751.3443102374,"x"
"261",25311.3145488983,26743.8716417359,"x"
"262",24582.023440178,25508.303630941,"x"
"263",25162.6900788912,26336.9753554471,"x"
"264",24695.8236543737,25564.9578342626,"x"
"265",24761.4458613239,25845.5610926742,"x"
"266",24656.6444398527,25218.9377464169,"x"
"267",24865.6890885776,25842.1324963336,"x"
"268",24581.7575642142,25436.7317500576,"x"
"269",24634.6667426482,25569.0062665563,"x"
"270",25354.2437104782,26709.0388698509,"x"
"271",24388.3647168522,25123.5472642123,"x"
"272",24303.2615650506,24748.8420593891,"x"
"273",25416.7926248951,27014.7615302378,"x"
"274",25419.3401829752,26786.4546650425,"x"
"275",24683.6469483523,25603.6931061498,"x"
"276",24773.0406819539,25681.8055420253,"x"
"277",24303.586967926,24806.3138186788,"x"
"278",24402.014060711,24885.4232244187,"x"
"279",24456.5986648858,24911.2973505747,"x"
"280",25036.9235596154,26198.3747051346,"x"
"281",24727.3156135509,25507.3914637461,"x"
"282",24639.9078071445,25367.7765269943,"x"
"283",24554.8780566088,25219.0668740875,"x"
"284",24373.5198097819,25040.5141748214,"x"
"285",24474.305011562,25174.9729571867,"x"
"286",24882.9024241543,25706.8629138325,"x"
"287",24633.9412628287,25343.9683789105,"x"
"288",25780.3889035509,27671.3246143222,"x"
"289",24522.3661578923,25184.5966267124,"x"
"290",24511.0241691314,25174.9672321633,"x"
"291",24458.8192129521,25042.4146817832,"x"
"292",25373.1649132981,26990.3651718382,"x"
"293",25048.9874483536,26193.4032270637,"x"
"294",24892.1066596888,26021.72254117,"x"
"295",24834.5391432889,25653.2265063929,"x"
"296",25182.0253989026,26209.300430415,"x"
"297",24847.7404040886,25655.2120709711,"x"
"298",25278.4380798304,26465.4715152998,"x"
"299",30583.0811035346,38796.6254508121,"x"
"300",25145.8730414161,26407.6615810572,"x"
"301",25056.1023200262,26289.4629461201,"x"
"302",25223.7990090285,26560.4014183686,"x"
"303",24824.1956468032,25651.2253671132,"x"
"304",24554.2701372777,25402.8193760637,"x"
"305",24542.6423632276,25005.0685616891,"x"
"306",24480.4119587679,25126.2125108,"x"
"307",24809.6406941844,25771.8782265428,"x"
"308",24449.5875811724,24876.8532165706,"x"
"309",25383.7338200123,26861.3171990339,"x"
"310",24279.4918187952,24878.483604695,"x"
"311",24965.7099745096,26004.5411086417,"x"
"312",24675.4167536223,25485.7715550394,"x"
"313",24512.0618025276,25192.2947892013,"x"
"314",24230.8795969053,24665.1745653127,"x"
"315",24357.343865579,24955.7381784393,"x"
"316",24596.1176409791,25392.4551106974,"x"
"317",24793.5103192353,25776.959209959,"x"
"318",24550.4870700031,25247.7282552188,"x"
"319",24920.0033279564,25712.079798322,"x"
"320",24405.517073888,24899.4999132767,"x"
"321",24850.1702274718,25975.9396773768,"x"
"322",24775.6636256874,25453.241425667,"x"
"323",24722.7992467011,25544.0427741702,"x"
"324",24602.7715065635,25325.4412406303,"x"
"325",24566.6159053714,25401.3289041952,"x"
"326",24746.9260212902,25479.7805634974,"x"
"327",24329.259456754,24790.1824890884,"x"
"328",24246.1544469196,24744.7160118568,"x"
"329",24152.9170671154,24597.6204932541,"x"
"330",24597.6223875307,25337.7345381507,"x"
"331",25986.6810293437,27894.3529847799,"x"
"332",24415.8117038872,24734.2311888369,"x"
"333",24369.6129386844,24827.2459443266,"x"
"334",24654.8333057959,25218.7388774446,"x"
"335",24433.9860043198,24806.6621015141,"x"
"336",25029.8000930786,26146.9887531265,"x"
"337",24330.4838584626,24785.2122433917,"x"
"338",24716.896152339,25553.0065991405,"x"
"339",24874.2296341865,25876.6856379084,"x"
"340",24793.5685435602,25746.4420856715,"x"
"341",24469.3608641359,25007.0467636045,"x"
"342",25357.875586515,26830.8316000382,"x"
"343",25076.5048844584,26224.7305286237,"x"
"344",25491.227845921,27052.9461543018,"x"
"345",24406.2963705564,24801.6191015041,"x"
"346",25042.0117691745,26003.4112287986,"x"
"347",24885.0855066598,25841.118694164,"x"
"348",24953.7031593364,26061.0531771626,"x"
"349",24524.5767240029,25383.5858755947,"x"
"350",24842.0052594702,25883.062390535,"x"
"351",25203.1307127694,26552.0298782504,"x"
"352",24497.6897203474,25213.0932249327,"x"
"353",24931.0760249583,26189.3402131712,"x"
"354",25460.5034089138,26928.7161601114,"x"
"355",24608.1192851822,25288.6802545328,"x"
"356",25268.2732254371,26781.3440396216,"x"
"357",24444.0727737301,24975.1813500594,"x"
"358",24866.647322723,25781.1975168308,"x"
"359",24728.0023535338,25399.9170665672,"x"
"360",24589.9061877132,25340.5035093504,"x"
"361",24493.6347134238,25004.3815155886,"x"
"362",24433.4003056913,24985.2323908381,"x"
"363",24568.1144695967,25279.5398341796,"x"
"364",25222.7462964493,26535.4766467561,"x"
"365",24736.6906618221,25546.7350360398,"x"
"366",24982.8567903759,26041.2569229854,"x"
"367",24562.0500472697,25276.9089760197,"x"
"368",24731.6059706743,25545.3358189099,"x"
"369",24746.7253333136,25728.2596488238,"x"
"370",24484.7925033347,25004.2493846884,"x"
"371",24394.8250823579,24910.0261661523,"x"
"372",24770.0651374238,25563.054585117,"x"
"373",24508.6364155119,25009.846976158,"x"
"374",24513.9874310083,25319.4220501563,"x"
"375",24954.4197372657,26101.8623219907,"x"
"376",24368.2894696521,24823.7838358982,"x"
"377",24380.8887474862,25114.0047494964,"x"
"378",24563.7614997419,25250.5224870709,"x"
"379",24483.9796177699,25217.7633676434,"x"
"380",24887.5670088211,26013.0176692704,"x"
"381",25006.7689894848,26120.0543030903,"x"
"382",24653.2129251327,25434.2790189639,"x"
"383",25196.3849890091,26483.791074884,"x"
"384",24889.9190920535,25865.4079655396,"x"
"385",24733.3038154223,25508.0259094909,"x"
"386",24697.496615937,25481.7649662299,"x"
"387",24683.7949359555,25549.7700883192,"x"
"388",24908.9090329243,25763.5273797696,"x"
"389",24559.9974149366,25298.7522425414,"x"
"390",24905.903494288,25913.1361377306,"x"
"391",24459.9543892229,24997.6734038423,"x"
"392",24810.0136457735,25727.5458955084,"x"
"393",24469.0083089125,24994.3305994897,"x"
"394",25184.0305018704,26533.8827332307,"x"
"395",24754.2824656206,25514.6077989457,"x"
"396",24896.0027126996,25922.0171964218,"x"
"397",25547.0058114186,27078.7952715718,"x"
"398",24556.418472989,25239.6352645891,"x"
"399",24692.2729738294,25565.4360481047,"x"
"400",24725.5920783898,25825.6929620229,"x"
"401",24791.7246771522,25741.3502644327,"x"
"402",25564.0141072847,27179.114890532,"x"
"403",25420.7773933889,26916.8317033872,"x"
"404",24435.676193466,25171.6936598186,"x"
"405",25524.5209492055,27086.4979906387,"x"
"406",24577.6723202731,25363.8410518508,"x"
"407",25152.8688847413,26410.4945300873,"x"
"408",24460.6505884991,24652.1728833309,"x"
"409",24772.3340311916,25581.3825252987,"x"
"410",24576.7172606213,25162.6476001007,"x"
"411",25110.5700019173,26258.0112805353,"x"
"412",24520.9321497775,25152.3303656143,"x"
"413",24553.4393040214,25216.0278923934,"x"
"414",24892.1415633119,25795.8740901069,"x"
"415",24550.0858912021,25239.7501124516,"x"
"416",24596.9276075514,25428.9778024321,"x"
"417",24623.1328153553,25504.6357868662,"x"
"418",24548.8184575127,25086.6297503018,"x"
"419",24620.0904276374,25210.6042646555,"x"
"420",24892.2906531997,25849.9680484769,"x"
"421",24824.3664302384,25782.8793853898,"x"
"422",24910.8776782853,25853.5407967063,"x"
"423",24358.385709293,24807.5430188988,"x"
"424",24462.789830812,24881.6137533659,"x"
"425",24376.1511866637,24765.2530104905,"x"
"426",24649.0066273527,25311.8602123186,"x"
"427",26494.4210447516,28937.2180897474,"x"
"428",24688.1841378226,25609.1338845425,"x"
"429",25248.2075959132,26506.0876173397,"x"
"430",24855.4688625094,25683.5758899645,"x"
"431",25315.254919344,26624.1772814621,"x"
"432",24430.8368472125,25141.2994674864,"x"
"433",25067.0322968031,26184.124306448,"x"
"434",24688.5330721865,25507.6557900016,"x"
"435",24609.8327109173,25438.9962989827,"x"
"436",24927.8571830772,25854.063439448,"x"
"437",24597.7237025918,25441.7358717633,"x"
"438",24517.0035799835,24997.6693142837,"x"
"439",24659.196406589,25303.9916680899,"x"
"440",24712.5212233779,25534.4223811396,"x"
"441",25163.248392588,26422.0065025178,"x"
"442",24770.5287558609,25648.2548008766,"x"
"443",24693.0426824591,25251.8214822716,"x"
"444",24656.8054755831,25349.8383215851,"x"
"445",25148.1522409333,26452.4086522637,"x"
"446",24360.5205641809,24866.0037413055,"x"
"447",24834.6639764458,25523.441303187,"x"
"448",24773.8167012062,25772.957311055,"x"
"449",24870.2169529072,25931.9566200505,"x"
"450",24310.2562644737,24657.3636779964,"x"
"451",24867.5235963227,25760.4678648038,"x"
"452",24712.7285316014,25420.4477064383,"x"
"453",24808.5672728953,25678.5864276386,"x"
"454",24445.0545135005,25046.7166179639,"x"
"455",24567.7656885115,25061.8743507828,"x"
"456",24661.0183546918,25465.5772245815,"x"
"457",24496.2604837475,25167.8867038594,"x"
"458",24898.5842907148,25778.6050504481,"x"
"459",25157.7558369647,26469.0290863822,"x"
"460",24397.0231397691,24805.0110058938,"x"
"461",25183.7236091324,26507.7447742106,"x"
"462",24435.8135463367,25093.4914097359,"x"
"463",24873.3535114382,25819.3051979983,"x"
"464",24998.9990050231,25770.3615284465,"x"
"465",24953.7512686642,26230.2892454321,"x"
"466",24428.177931786,24964.7387525692,"x"
"467",24468.4430151528,24992.0895715518,"x"
"468",24561.0568157183,25142.285869598,"x"
"469",24666.446701721,25449.2256651292,"x"
"470",24835.9203259127,25740.3419818302,"x"
"471",25536.7241366328,27116.4194451713,"x"
"472",24253.3270333777,24620.3045269037,"x"
"473",24416.6130820769,25038.6762001494,"x"
"474",24366.1598870415,24812.7478180705,"x"
"475",24367.5905283721,25032.3980134049,"x"
"476",24511.5809544618,25134.1107527269,"x"
"477",24494.7591981776,25120.4675850825,"x"
"478",24654.2479204144,25405.6637448656,"x"
"479",24740.2150032019,25727.6515867075,"x"
"480",24804.5825588901,25785.9057030679,"x"
"481",24414.9090635338,25007.6125645074,"x"
"482",24313.9206285259,24583.9282728347,"x"
"483",24492.9793940451,24966.6409632195,"x"
"484",25019.3201460353,26160.1687991606,"x"
"485",24361.3791017777,24675.6918654121,"x"
"486",24583.1202600495,25302.5263238533,"x"
"487",25644.872067108,27552.0962762143,"x"
"488",25173.9417728774,26352.8286643605,"x"
"489",24664.3138649416,25761.9366861716,"x"
"490",24904.1699838307,25758.1458892299,"x"
"491",24914.2839580926,25966.0402642183,"x"
"492",24511.8786534687,25034.8365292738,"x"
"493",24473.2904156799,25083.1073184777,"x"
"494",24682.2469497308,25537.7618178681,"x"
"495",24813.4098807537,25921.3532342827,"x"
"496",24871.7874182998,25860.0291788617,"x"
"497",24678.3255758732,25251.097994897,"x"
"498",24632.8031714534,25407.976652739,"x"
"499",25012.1170647666,26229.0131780824,"x"
"500",24623.2359006698,25534.6278786298,"x"
"501",24696.6644974765,25415.0753266559,"x"
"502",24268.378646619,24540.1872980372,"x"
"503",24378.0471760642,25040.2852806728,"x"
"504",24699.8831592098,25569.2589312629,"x"
"505",25324.1229347208,26764.9568879167,"x"
"506",24485.6362176685,25216.1933058806,"x"
"507",24806.9918711353,25647.7613501728,"x"
"508",24778.9916121819,25657.8515820274,"x"
"509",25098.8422824585,26310.3297997502,"x"
"510",24758.405029056,25389.283114858,"x"
"511",24667.8981710175,25363.356565957,"x"
"512",24866.3285983512,25962.6220504511,"x"
"513",24883.6817709335,25923.8426925089,"x"
"514",24426.8543596179,25167.7615448172,"x"
"515",24589.0982883286,25191.9919397245,"x"
"516",24628.1248694758,25375.2420432788,"x"
"517",25192.75297317,26449.5100185737,"x"
"518",24980.0013042578,25953.9601329381,"x"
"519",24563.9590825222,25246.0270635051,"x"
"520",25023.0361515514,26027.159338583,"x"
"521",25137.7839267808,26431.9802527922,"x"
"522",24386.1159033793,24955.3332790271,"x"
"523",24814.8787482709,25700.4477446834,"x"
"524",24713.0301921155,25578.5511494554,"x"
"525",24619.9186497457,25399.7462770803,"x"
"526",24373.3795496711,24953.7998887353,"x"
"527",24604.8159032443,25249.6270258663,"x"
"528",24468.8286256847,24995.6601377923,"x"
"529",24989.1896545175,26117.4827833522,"x"
"530",24517.160060306,25194.8537933666,"x"
"531",24501.1439175565,25078.8763516036,"x"
"532",25296.9691574096,26706.6049865673,"x"
"533",24475.7976753699,25110.402550244,"x"
"534",24557.3817848207,25399.8944077269,"x"
"535",24726.0997280224,25443.023913437,"x"
"536",26053.5825345629,28138.2953123919,"x"
"537",24504.7276013948,25239.9292683819,"x"
"538",24426.3895434012,25029.678824505,"x"
"539",24420.5956733614,24805.4823561696,"x"
"540",24701.4617501955,25453.3408895211,"x"
"541",24878.3404724908,25812.962439605,"x"
"542",24735.1728152273,25713.8337543587,"x"
"543",24522.3835288633,25100.0130402888,"x"
"544",25862.9153588015,27833.1558382448,"x"
"545",25595.2591352613,27126.9697328475,"x"
"546",24527.6639092305,25178.0220098574,"x"
"547",24608.528783092,25500.6660563565,"x"
"548",26378.21444459,28287.1268493886,"x"
"549",24606.1198209371,25292.6881532263,"x"
"550",24691.7739350501,25517.4126144437,"x"
"551",24547.952716597,25388.2255624691,"x"
"552",24556.2899476175,25306.4513356543,"x"
"553",24672.1383994707,25480.2675748081,"x"
"554",24891.4062279479,25901.8189505916,"x"
"555",24524.6926632925,25055.8374608813,"x"
"556",25216.8267972737,26552.6102892913,"x"
"557",25823.4148391205,27635.8612758738,"x"
"558",24491.0104160273,25089.8157206816,"x"
"559",24968.8525818784,26027.3969833876,"x"
"560",25098.7217519444,26188.8608130456,"x"
"561",24505.0365193264,25383.2814323006,"x"
"562",24761.4378568834,25698.2343799394,"x"
"563",24520.1180034099,24995.2848485984,"x"
"564",24561.3296737823,25326.4712297536,"x"
"565",24857.1208286551,25697.794165519,"x"
"566",24642.7575099403,25387.8953395102,"x"
"567",24839.9829072731,25588.7185357017,"x"
"568",25044.7792320769,25994.8153792652,"x"
"569",24725.3549530675,25477.3918756644,"x"
"570",24536.3044354173,25237.2375919091,"x"
"571",24866.8153572596,25969.1585923693,"x"
"572",24586.5477123598,25169.9069159198,"x"
"573",25064.7643039169,26327.9603237475,"x"
"574",25055.2453640305,26073.5491293477,"x"
"575",24334.043510542,24785.4310962483,"x"
"576",25441.0214423234,26923.8452714617,"x"
"577",24478.8574729854,25109.4356187586,"x"
"578",25065.3980086004,26290.6318799352,"x"
"579",24999.99303811,26005.2273428903,"x"
"580",24417.1342991567,24957.3175602792,"x"
"581",24972.7060438283,25833.910712792,"x"
"582",25102.4977279586,26277.431537117,"x"
"583",24941.1922329141,25937.5021532075,"x"
"584",24352.5955590865,24887.8096919799,"x"
"585",25266.1477284164,26783.0370922946,"x"
"586",24742.3361086559,25351.0355089944,"x"
"587",26245.0167613297,28515.5834248193,"x"
"588",24577.8445680809,25375.5781588566,"x"
"589",25051.0712401672,26228.4298509486,"x"
"590",24735.2537918957,25674.7872590027,"x"
"591",24672.9327039025,25403.0390804011,"x"
"592",24464.517207598,24989.2283883026,"x"
"593",24702.3374857978,25432.6689898611,"x"
"594",25130.5159383977,26166.8755861149,"x"
"595",24522.1068266677,24966.3714253659,"x"
"596",25244.8981828189,26611.7060646776,"x"
"597",24716.4911561508,25484.4058107483,"x"
"598",24734.0701103973,25640.1702054779,"x"
"599",24767.889170084,25565.3540960902,"x"
"600",25093.6706550813,26080.3941815794,"x"
"601",24563.419702453,25278.1046640072,"x"
"602",24855.1344456837,25816.3986131169,"x"
"603",25653.9241797881,27412.829474552,"x"
"604",24697.2399963644,25410.730741546,"x"
"605",24977.9865092751,25970.5979732747,"x"
"606",24704.6124556703,25542.4155065445,"x"
"607",24694.9445614731,25376.4579250062,"x"
"608",24556.8063433105,24970.4164096888,"x"
"609",24762.0070949806,25460.8496845617,"x"
"610",24754.5571880002,25611.5370062598,"x"
"611",24290.6328889099,24976.8703098473,"x"
"612",25330.0275211926,26840.0380474457,"x"
"613",24287.0404046603,24954.4751174275,"x"
"614",25247.3855884757,26756.8183570487,"x"
"615",25464.2045416426,26924.8990998511,"x"
"616",24632.1105602334,25568.9394653415,"x"
"617",25863.561347663,28105.0756757982,"x"
"618",24504.9540539059,25205.5643305725,"x"
"619",24898.8786380546,25896.8001560085,"x"
"620",25462.7103231173,27052.3136444925,"x"
"621",25198.4800035638,26626.8512975631,"x"
"622",24585.4843994784,25258.0245975959,"x"
"623",24906.8664855942,26032.6395013213,"x"
"624",25516.6525745362,27139.9844266985,"x"
"625",25469.6561021982,26861.2364785976,"x"
"626",24449.9886633468,24951.3765590759,"x"
"627",24362.5345790297,24878.6081305077,"x"
"628",24387.3444394958,24779.6379239526,"x"
"629",25297.9009157792,26706.0863329299,"x"
"630",25188.5537266145,26428.9869037907,"x"
"631",24982.4423355351,26145.1446783261,"x"
"632",24642.6583732803,25574.3454618308,"x"
"633",24588.605411531,25356.4681717906,"x"
"634",24707.6286587679,25325.3098492118,"x"
"635",24824.8910573469,25853.962717189,"x"
"636",24943.8852680013,25517.472934722,"x"
"637",24768.9905921065,25763.2905805713,"x"
"638",24744.3337198237,25816.064582746,"x"
"639",25159.5027866133,26596.8798567792,"x"
"640",25130.2031697609,26186.7600469666,"x"
"641",24744.7601475834,25792.7062460391,"x"
"642",24675.4835591139,25284.4973122513,"x"
"643",25019.5619278667,26149.2489820442,"x"
"644",25265.9103308366,26717.6158471193,"x"
"645",24530.0437353383,25161.4327397207,"x"
"646",25227.9698947127,26426.4007135235,"x"
"647",25033.8828070236,26001.1252650361,"x"
"648",24745.5252072336,25555.7788391032,"x"
"649",24506.8715331916,25083.8032539623,"x"
"650",24726.6543068873,25389.8408988504,"x"
"651",24722.0044830511,25248.0761780336,"x"
"652",24808.2956266121,25549.8904517549,"x"
"653",25267.0951333629,26637.4750577397,"x"
"654",24726.1823157345,25690.2248025768,"x"
"655",24768.4029955426,25659.7572897074,"x"
"656",24590.7605234744,25239.3419145985,"x"
"657",24701.7387753698,25499.2088933057,"x"
"658",24323.1768040191,24858.707516769,"x"
"659",24968.5572126117,25893.3507724427,"x"
"660",24741.2454480082,25703.3288517838,"x"
"661",24475.940564239,25062.7304724164,"x"
"662",24521.7454872433,25202.4014775201,"x"
"663",25134.6503084425,26435.4109417883,"x"
"664",24716.011616542,25712.5329303583,"x"
"665",24414.689463778,24803.5330846339,"x"
"666",24662.4729213021,25451.8846071191,"x"
"667",24238.1384106328,24698.863662063,"x"
"668",25476.5887451905,26947.5918926666,"x"
"669",24620.3546888147,25302.8123035291,"x"
"670",24588.4844841124,25234.0469544721,"x"
"671",25016.1789136647,26187.8594545657,"x"
"672",24917.5539477936,25894.3631351325,"x"
"673",24609.8496258553,25270.1997560757,"x"
"674",24520.4868483864,25231.9528153434,"x"
"675",24606.6360274991,25124.2124869429,"x"
"676",24827.1292163864,25764.2299183418,"x"
"677",24634.186176748,25275.6313623606,"x"
"678",24559.5322022394,25234.2679647374,"x"
"679",24498.9731108065,25143.7807655267,"x"
"680",24461.4114558186,25091.9902534908,"x"
"681",24659.6280961839,25532.8717219237,"x"
"682",25141.2239424068,26236.674648205,"x"
"683",24490.4565029594,25349.5487756537,"x"
"684",24429.3819590511,25030.720999796,"x"
"685",24946.2407068176,26074.13624029,"x"
"686",25424.4816053151,27203.9337530875,"x"
"687",25092.7625445031,26284.6706251361,"x"
"688",24530.4833864873,25114.9726063649,"x"
"689",24601.8423910773,25311.5972257534,"x"
"690",24966.8699069937,25952.3782951533,"x"
"691",24230.8089723988,24728.1454746258,"x"
"692",25893.1896581081,27659.4916658983,"x"
"693",24285.6717049858,24791.7509363606,"x"
"694",24438.8583735057,24958.2805083459,"x"
"695",24544.9922912468,25329.0446899402,"x"
"696",24818.7627582241,25681.2592289408,"x"
"697",24371.8250163904,24839.9077144377,"x"
"698",24566.284044085,25179.4981400419,"x"
"699",25051.2985958467,26258.747962844,"x"
"700",24959.0920995052,26159.9034448068,"x"
"701",24954.4176622561,25890.7503682268,"x"
"702",24527.7035569983,25099.7397049502,"x"
"703",25189.1663051549,26472.7946365555,"x"
"704",24351.3867945335,24833.7860286921,"x"
"705",25368.1027557377,26855.988986343,"x"
"706",25004.7251040908,25873.2270606241,"x"
"707",24500.7437547239,25150.2258963904,"x"
"708",24481.0285110861,25281.0946530105,"x"
"709",24473.0531063092,25056.1851771458,"x"
"710",24644.0430298286,25219.1139808488,"x"
"711",24717.3021876876,25504.5284311263,"x"
"712",24543.0424954925,25185.2721109753,"x"
"713",24773.8086581662,25625.1780226162,"x"
"714",24622.1355970207,25418.6528689176,"x"
"715",24371.6788390124,25052.4749092901,"x"
"716",24811.4971236537,25764.079453373,"x"
"717",24774.2938187889,25619.3151615475,"x"
"718",24920.981842438,25934.0681865562,"x"
"719",25000.199019132,26120.5300477884,"x"
"720",24772.7496351966,25516.4191759358,"x"
"721",25202.8866235675,26605.2176020594,"x"
"722",24858.421282098,25734.1359198081,"x"
"723",24691.6213247202,25488.9334254031,"x"
"724",25774.7523842345,27214.9175626275,"x"
"725",25583.5347515302,27316.0768145082,"x"
"726",25153.9969512815,26371.4792204188,"x"
"727",24966.8101685923,26080.6251541858,"x"
"728",25098.5996536372,26118.7286847919,"x"
"729",25341.4062893842,26835.3032673096,"x"
"730",24763.6095356188,25559.242571417,"x"
"731",24479.8261974373,25004.806577722,"x"
"732",25296.1728452876,26541.4230415118,"x"
"733",25070.510031749,26186.3358756329,"x"
"734",24627.2928523259,25426.3145783064,"x"
"735",24357.3439040054,24732.0900490911,"x"
"736",25124.4907730742,26447.2248476065,"x"
"737",24192.3192900004,24568.9833149346,"x"
"738",25138.2766967036,26190.1972104927,"x"
"739",24504.6414755844,24965.8724954743,"x"
"740",24310.7063276105,24644.7445120154,"x"
"741",24878.6343786629,25844.9696280043,"x"
"742",24759.0823798661,25632.8289900037,"x"
"743",24339.9236125449,24847.224735586,"x"
"744",25166.5630549044,26414.5619283727,"x"
"745",24752.9092728396,25527.6011703413,"x"
"746",24869.435752529,25879.6489879738,"x"
"747",25638.9786793292,27347.407368725,"x"
"748",24362.8440269527,24817.8187133691,"x"
"749",25303.5326781052,26833.2539097639,"x"
"750",24733.8552921143,25409.3258890971,"x"
"751",24924.6306758576,26137.8793509673,"x"
"752",24704.3190109142,25636.5136745405,"x"
"753",24614.7741505739,25195.7112561815,"x"
"754",25275.2495923492,26656.8848812265,"x"
"755",24634.009226517,25646.1004934256,"x"
"756",24356.1025783917,24879.0287393942,"x"
"757",24790.9310118599,25601.2150670962,"x"
"758",24779.5822742099,25707.7942912304,"x"
"759",24711.2307360678,25481.0782094743,"x"
"760",24239.5354659877,24706.1386038954,"x"
"761",24950.3258948168,25822.1738558524,"x"
"762",24931.2236243462,26039.5957676848,"x"
"763",24926.1205659527,25838.0455375915,"x"
"764",24998.1940211796,26110.9921147557,"x"
"765",24621.1541270082,25423.6657002066,"x"
"766",24440.3876273775,25016.9255678961,"x"
"767",24731.3922825269,25496.5896291855,"x"
"768",24356.0121832329,24782.060383465,"x"
"769",24929.2762067583,25837.4415547935,"x"
"770",24440.6266539727,24911.5501469744,"x"
"771",28921.7282903788,35822.6975279411,"x"
"772",24777.8299900735,25707.4485260818,"x"
"773",24350.083028714,24832.3817859104,"x"
"774",24695.1543185352,25521.633759829,"x"
"775",24496.7086836689,24849.9504340604,"x"
"776",24833.4574655316,25531.5958405188,"x"
"777",24774.1286506634,25499.4226368018,"x"
"778",25625.7979087663,27400.8455727787,"x"
"779",24641.5402537099,25422.2656259487,"x"
"780",24682.1219332487,25357.6742791888,"x"
"781",25198.4118331937,26459.1746600918,"x"
"782",24926.4734531529,25843.9581512325,"x"
"783",24527.4557320356,25213.8604236915,"x"
"784",24144.8585052488,24437.181617761,"x"
"785",24785.7230367618,25534.6070609717,"x"
"786",27376.9534374851,30591.4111985637,"x"
"787",24781.2082042296,25654.0291949032,"x"
"788",24497.5902793074,25070.5863118794,"x"
"789",25187.0519259026,26626.3664897317,"x"
"790",24330.736673045,24813.1634704226,"x"
"791",24620.080274149,25422.8963169297,"x"
"792",25102.8224180771,26179.690870766,"x"
"793",24426.9318362119,24896.1501246381,"x"
"794",24896.8388423877,25953.4695655095,"x"
"795",25309.1040866787,26713.5381453827,"x"
"796",24997.5997010614,26010.2659491967,"x"
"797",24744.3747814709,25637.590279088,"x"
"798",24635.9692105192,25295.4399654229,"x"
"799",24581.6084698231,25484.7155422462,"x"
"800",25328.7970238984,26731.6395214858,"x"
"801",24714.6650510465,25320.677230953,"x"
"802",24876.1660398685,25843.9076116009,"x"
"803",24729.5417369274,25517.2325184956,"x"
"804",24466.2722605839,25154.41177015,"x"
"805",25297.7972954128,26795.2338002118,"x"
"806",24439.1307324697,25028.7200082485,"x"
"807",24545.1068825495,25339.5847340068,"x"
"808",24608.3267108743,25322.5540456595,"x"
"809",26493.1101571055,28798.2261769153,"x"
"810",24986.619649489,26089.4897373863,"x"
"811",24443.1288029597,25144.9458135111,"x"
"812",25047.8975496077,26148.0749632131,"x"
"813",24562.3609045716,25206.4354478622,"x"
"814",24669.638912981,25574.7780386794,"x"
"815",24684.1551625745,25439.9140546125,"x"
"816",24296.5231287273,24871.6094205511,"x"
"817",26451.2147186243,29017.9527053302,"x"
"818",24573.8280930321,25208.5247032838,"x"
"819",24720.4267481597,25517.2191429326,"x"
"820",24446.3810534552,24938.960978055,"x"
"821",24641.6314560159,25526.1388274351,"x"
"822",24438.4262584528,25150.0676401747,"x"
"823",24728.0975274904,25611.2596816755,"x"
"824",25025.4200271155,25778.6945976966,"x"
"825",24947.2103369898,25905.8182328328,"x"
"826",24667.6014241759,25464.7037582321,"x"
"827",24794.6319727389,25828.6205645379,"x"
"828",25115.9536008366,26372.758484172,"x"
"829",25812.7093330794,27723.4606492876,"x"
"830",24794.6711232454,25831.9920867882,"x"
"831",24705.1516227976,25441.9139583327,"x"
"832",24592.5413429571,25128.390304337,"x"
"833",24477.8789027396,25001.5308991858,"x"
"834",25061.1278563241,26290.6381943341,"x"
"835",25452.0614558023,27056.8765209643,"x"
"836",24631.6923836063,25415.728583899,"x"
"837",24927.0820647229,25958.4365149517,"x"
"838",24748.5851724361,25504.7254027302,"x"
"839",24514.8747139389,24993.6713068983,"x"
"840",25154.142007159,26429.7173163571,"x"
"841",24753.6344138125,25472.0053264373,"x"
"842",24598.927877429,25255.8581072915,"x"
"843",25212.5477155274,26307.8658363439,"x"
"844",24831.8188057178,25588.1917872262,"x"
"845",25328.121983175,26875.207718869,"x"
"846",24786.3423409254,25770.9002429906,"x"
"847",24840.6651757452,25838.7233972424,"x"
"848",24517.3119131209,25297.1097115173,"x"
"849",24627.5168906245,25298.447696935,"x"
"850",25587.2903416788,27153.8140801788,"x"
"851",24757.829448628,25677.6945654097,"x"
"852",24754.376871273,25194.3932223172,"x"
"853",25504.9526268716,26724.221630049,"x"
"854",24444.1024829117,25083.8069902961,"x"
"855",24560.9183449076,25338.2466910886,"x"
"856",25230.8380584148,26503.6501249882,"x"
"857",24338.7820124919,24858.1560027524,"x"
"858",25434.2120799941,27114.558666654,"x"
"859",24825.2703884541,25670.6387916173,"x"
"860",25024.6148992862,26308.2066663733,"x"
"861",24587.8540627963,25161.8896120953,"x"
"862",24692.8387505187,25639.1327649707,"x"
"863",25158.4971783198,26517.8401825588,"x"
"864",24317.1387486472,24918.9428323145,"x"
"865",25630.9622170111,27227.0420311834,"x"
"866",25115.9240701591,26287.0246633685,"x"
"867",24289.8834292537,24542.9554288704,"x"
"868",24437.6644201495,24983.7523987368,"x"
"869",24523.5548188092,25206.6523166874,"x"
"870",24691.3782110125,25496.0097636449,"x"
"871",24900.6194456537,26094.2596905285,"x"
"872",25347.5973068737,26398.2043503082,"x"
"873",24801.1153442174,25611.8885814253,"x"
"874",24528.3126832883,25262.5905770014,"x"
"875",24572.1836294068,25173.3106044251,"x"
"876",24591.3359700569,25215.3181208247,"x"
"877",25575.4524735746,27339.9646535432,"x"
"878",24814.8080149589,25716.359551765,"x"
"879",25360.160920467,26901.1019474534,"x"
"880",24627.412760082,25431.4551949746,"x"
"881",25030.3777424163,26112.8910680725,"x"
"882",25224.0038738407,26501.1761940359,"x"
"883",24518.5094438194,25147.5038004503,"x"
"884",24717.1800579653,25442.5563183315,"x"
"885",24960.4578485673,25987.6257217895,"x"
"886",24763.5097486449,25676.4831091963,"x"
"887",25153.786118274,26471.6982369972,"x"
"888",25301.9701709546,26646.6674781143,"x"
"889",24233.7650823806,24727.4986391665,"x"
"890",24910.4311129733,25928.5644796835,"x"
"891",24516.4437863011,25364.688333349,"x"
"892",24671.0664035954,25493.1947930225,"x"
"893",24674.7326713985,25520.7273237564,"x"
"894",25320.8488139572,26489.1265302475,"x"
"895",24415.1463166543,25113.9005067395,"x"
"896",24883.4222410144,26063.9166192544,"x"
"897",24716.270809294,25294.8181966344,"x"
"898",24540.1101406312,25420.1933016274,"x"
"899",25062.7049545965,26154.5687977456,"x"
"900",24567.1516668442,25394.323630625,"x"
"901",25422.9856643959,26845.2741420712,"x"
"902",24490.1913498536,24906.3423054188,"x"
"903",24816.4796677789,25657.3470776905,"x"
"904",24536.0202264595,25252.1389056499,"x"
"905",25105.2407881477,26217.0171315618,"x"
"906",25409.5143325244,26869.2014507165,"x"
"907",25410.129291856,26915.8756870024,"x"
"908",24910.657205885,25984.8650923577,"x"
"909",24645.3088699269,25317.2233881527,"x"
"910",24391.7471455947,24930.2573771041,"x"
"911",24493.6461198788,24721.5602105654,"x"
"912",25269.1795565058,26603.8532664431,"x"
"913",24344.2135436911,24736.4222145766,"x"
"914",24664.8148288676,25461.3391735378,"x"
"915",24566.9002791469,25407.0805638181,"x"
"916",25395.0130570566,26816.5589011469,"x"
"917",24570.6900008943,25091.6546088338,"x"
"918",24686.1866672801,25650.7858978188,"x"
"919",24770.4114179279,25756.4637443527,"x"
"920",24468.4250718175,25064.5058910426,"x"
"921",24832.3374164467,25775.5754268416,"x"
"922",24378.3722104027,24710.0233100844,"x"
"923",24900.7855354198,25822.2400479388,"x"
"924",25003.1470501491,26001.4407767956,"x"
"925",24951.0132500865,26068.8437756258,"x"
"926",25061.1731314974,26062.8553643756,"x"
"927",24783.8128451442,25685.3785769242,"x"
"928",24757.4915364514,25606.1466139303,"x"
"929",25125.8222511145,26500.2939616012,"x"
"930",24918.0097942022,25940.2198398913,"x"
"931",24784.6368737002,25671.2442668145,"x"
"932",24631.2214577183,25442.3038845534,"x"
"933",24576.8779391644,25344.7589355384,"x"
"934",24872.8095823481,25852.6811469046,"x"
"935",24583.7859091244,25253.5137915054,"x"
"936",24650.4401398476,25576.6226581645,"x"
"937",24350.8666096798,24962.7540126605,"x"
"938",24549.0738830894,25349.3122616873,"x"
"939",25062.2820960888,26295.1823510649,"x"
"940",24829.1516543496,25701.5486902648,"x"
"941",24615.2278745839,25397.7720515531,"x"
"942",24838.9196487783,25767.8896938038,"x"
"943",24831.3258699967,25513.8726829047,"x"
"944",24940.7241966845,25954.0166689802,"x"
"945",24674.6816075428,25199.4138721522,"x"
"946",24531.486186563,25229.2244488815,"x"
"947",24865.5683653914,25532.8492491153,"x"
"948",25367.1040071791,26886.0693749666,"x"
"949",24905.7089960751,25959.1970653836,"x"
"950",25190.1526535015,26507.9904641075,"x"
"951",24490.862334029,25118.90259546,"x"
"952",24454.6694422285,24919.245479559,"x"
"953",25592.7355106456,26935.7598741066,"x"
"954",24524.3631128335,25239.6618207707,"x"
"955",24741.0048274263,25600.6620129373,"x"
"956",24443.7269554354,25176.5207518839,"x"
"957",25384.395939656,26934.5220823948,"x"
"958",24368.8513309727,25025.8971917028,"x"
"959",24508.3261584568,25048.9301178188,"x"
"960",24620.3570843207,25478.2906901734,"x"
"961",24281.8251753469,24791.2448914367,"x"
"962",24651.3449126188,25267.4836675496,"x"
"963",24619.8187830286,25328.7167452314,"x"
"964",24656.4275344831,25435.3864344012,"x"
"965",24744.6390835901,25727.0562004128,"x"
"966",24513.5197742173,25089.9632070754,"x"
"967",25077.4066285802,26256.7295972083,"x"
"968",24663.3695493951,25496.4004513546,"x"
"969",24321.4760953521,24615.8159590476,"x"
"970",24448.3590607434,25067.3542529282,"x"
"971",24685.5318819907,25466.7070274614,"x"
"972",24622.9087050444,25307.8391670072,"x"
"973",24851.1792379504,25874.2258469134,"x"
"974",24242.3657395795,24556.0338949996,"x"
"975",24724.9462696627,25638.192479299,"x"
"976",24511.9256477102,25210.6241406546,"x"
"977",24602.6190113341,25152.4865035198,"x"
"978",25366.8005677171,26933.4739691691,"x"
"979",24297.3823445128,24637.3823405004,"x"
"980",24731.2846088549,25691.1872269703,"x"
"981",25561.7083834422,27139.6582509947,"x"
"982",24884.3627797695,25991.5546485959,"x"
"983",24508.861889009,25059.512476515,"x"
"984",24695.7399141596,25645.9451544897,"x"
"985",25123.1020332577,26421.8395837692,"x"
"986",25066.4103566571,26270.7240916822,"x"
"987",24525.7916729262,25193.5744012653,"x"
"988",24592.5842979763,25120.365627531,"x"
"989",24740.7382591173,25562.7328484508,"x"
"990",24854.0856463663,25832.254891541,"x"
"991",24373.7274934247,24959.582489198,"x"
"992",24535.2019780298,25187.5462270509,"x"
"993",25474.0137348369,26946.5774017809,"x"
"994",24490.157575618,25063.3407708834,"x"
"995",24928.917135012,25950.7381860801,"x"
"996",24530.2194444304,25125.8433687571,"x"
"997",25541.216743345,27012.7890905149,"x"
"998",24296.578333883,24808.8476626855,"x"
"999",24378.4890447908,24903.5066254626,"x"
"1000",24562.3401973058,25208.6063842441,"x"
"1001",25757.2176962777,27520.3686478611,"x"
"1002",24520.2995887755,25161.3728468482,"x"
"1003",25513.6399815882,26778.4874048044,"x"
"1004",25087.9996915828,26289.5443600567,"x"
"1005",24847.82032163,25736.1948407453,"x"
"1006",25080.5593166966,26206.0240118032,"x"
"1007",24808.0472112819,25758.1931069996,"x"
"1008",24273.600510931,24607.3592822973,"x"
"1009",24305.2219542116,24793.8801186433,"x"
"1010",24630.6943464798,25381.5913935972,"x"
"1011",24602.4155131955,25182.0353456451,"x"
"1012",24521.4700576735,25173.8476595683,"x"
"1013",24478.7424235472,25226.5273667356,"x"
"1014",24601.5257602065,25557.3430613149,"x"
"1015",24883.8215549127,25881.1093096977,"x"
"1016",24613.1630879589,25240.4972994332,"x"
"1017",24482.6755673752,25023.6679614071,"x"
"1018",24698.2031571528,25422.468033186,"x"
"1019",24771.6165300552,25725.2687225793,"x"
"1020",24426.7459447065,25004.1406409993,"x"
"1021",25017.6159004931,26099.5159314875,"x"
"1022",24590.1005735246,25262.2911199936,"x"
"1023",25963.9555602249,27998.0735792904,"x"
"1024",24356.4915208514,24718.0838019781,"x"
"1025",24375.2038259954,24788.4472171174,"x"
"1026",24542.4571704846,25124.2130667864,"x"
"1027",25223.2199893348,26510.6112787859,"x"
"1028",24967.8910295777,25909.501758867,"x"
"1029",25333.10782546,26942.2441785501,"x"
"1030",24507.057624129,25268.2447169826,"x"
"1031",24701.1384974273,25391.3651981757,"x"
"1032",25004.2651990215,25994.7369450336,"x"
"1033",24844.5465588887,25911.4930241623,"x"
"1034",25001.1169196719,26128.2952248445,"x"
"1035",24499.2072018826,25112.1980274931,"x"
"1036",24982.7866885954,25906.4850232463,"x"
"1037",25090.2825381466,26209.2456983109,"x"
"1038",25136.1899605009,26337.8573391603,"x"
"1039",24822.3801279135,25730.4891315579,"x"
"1040",25163.7381028356,26553.5797483638,"x"
"1041",24924.3760504654,25864.9536906962,"x"
"1042",25250.9607954383,26609.937386476,"x"
"1043",24737.7181557162,25524.7134493639,"x"
"1044",25157.9840336246,26296.4158391799,"x"
"1045",25120.1718553137,26279.979983211,"x"
"1046",24802.4789149347,25886.7157043856,"x"
"1047",24951.326679534,26033.2749047036,"x"
"1048",24833.3986195207,25918.7293292405,"x"
"1049",24416.2595455262,25109.2449443009,"x"
"1050",24501.703138445,25200.9711800509,"x"
"1051",24978.8394327187,26018.2147996949,"x"
"1052",24430.8323906868,24967.0159943502,"x"
"1053",24911.1786127358,26092.8762256816,"x"
"1054",25334.2013775265,26746.507382739,"x"
"1055",24666.7089107388,25490.2249163108,"x"
"1056",25603.7706120502,27194.9233312078,"x"
"1057",25264.529680992,26801.0554870368,"x"
"1058",24879.5226273875,25828.2420793555,"x"
"1059",25025.7610266751,25738.5370084725,"x"
"1060",24250.3753797902,24556.311023554,"x"
"1061",24536.8391951718,25023.0502216626,"x"
"1062",25993.7019324291,28113.8230733544,"x"
"1063",24868.8168316341,25888.9363305082,"x"
"1064",24504.4466332752,25065.136016293,"x"
"1065",24572.2046233261,25442.8965603805,"x"
"1066",25057.3736579168,26220.474016284,"x"
"1067",24858.8901634861,25824.8835240266,"x"
"1068",24596.4056196223,25470.2221260123,"x"
"1069",24485.6176881684,24942.2816906763,"x"
"1070",24693.4207925222,25635.500457603,"x"
"1071",25286.1290963112,26680.2361992877,"x"
"1072",24565.1846204525,24972.085263042,"x"
"1073",25444.2959947888,27025.3823712482,"x"
"1074",24704.3761357212,25620.7483251231,"x"
"1075",24470.9790338639,25060.6442635865,"x"
"1076",24446.0899055062,25037.8973814082,"x"
"1077",24599.5999293738,25197.2561393135,"x"
"1078",24777.2969657776,25607.0355640533,"x"
"1079",24721.2150661835,25482.2209124044,"x"
"1080",24894.9358077891,25894.4433184881,"x"
"1081",24447.8248877967,24720.7681949834,"x"
"1082",24792.1671615769,25726.6579840991,"x"
"1083",24644.0556133029,25135.4778487519,"x"
"1084",24513.1660101386,25280.016069748,"x"
"1085",24627.4690686987,25403.1633618922,"x"
"1086",25755.4923440555,27297.3371381508,"x"
"1087",24743.5053865705,25633.5659051519,"x"
"1088",24381.0001132483,24972.7588552862,"x"
"1089",24812.6193099399,25719.1522860724,"x"
"1090",25307.2057913092,26818.1944438565,"x"
"1091",24898.0546815833,25864.5543709176,"x"
"1092",24583.5463450487,25417.5595692026,"x"
"1093",24261.905839393,24916.9862461005,"x"
"1094",24570.3101372037,25228.4056936501,"x"
"1095",24528.3827367534,25180.9979579965,"x"
"1096",24903.0854758847,25753.915455215,"x"
"1097",24989.9751986573,26117.1386257473,"x"
"1098",24439.3017609925,24866.2494735937,"x"
"1099",24875.8859887967,25864.7899667974,"x"
"1100",25353.1363983086,26839.5431021122,"x"
"1101",24673.6794684791,25470.6208985153,"x"
"1102",24465.7537681449,25077.7545829436,"x"
"1103",25010.665136194,25973.5915504049,"x"
"1104",24995.034859193,26156.7726561854,"x"
"1105",25181.7212832762,26371.5227279202,"x"
"1106",24614.6424408512,25252.6048284537,"x"
"1107",24462.5452393908,25200.1282847814,"x"
"1108",24522.9626827988,25166.2836001643,"x"
"1109",24859.7542314361,25850.7784843345,"x"
"1110",24441.6871411762,24990.2099262978,"x"
"1111",24650.0524171326,25363.0724761963,"x"
"1112",25250.3905876993,26703.3019991429,"x"
"1113",24706.4351316341,25451.5992107308,"x"
"1114",25330.2199174419,26805.9918249227,"x"
"1115",24737.4953570951,25565.7888474055,"x"
"1116",24588.5410822974,25429.8969578394,"x"
"1117",24738.1130206326,25459.151202832,"x"
"1118",24657.621199185,25129.4247584157,"x"
"1119",24924.5976769644,25811.8888332449,"x"
"1120",24597.7696351498,25450.2943089942,"x"
"1121",24711.6613450103,25348.9770107175,"x"
"1122",24432.8748433224,24982.7559689492,"x"
"1123",25150.7619067125,26452.9077053984,"x"
"1124",24772.404172726,25652.395458317,"x"
"1125",24704.3611785607,25566.2818391079,"x"
"1126",24604.4766707405,25304.7284713668,"x"
"1127",24895.8620703672,25929.8417535197,"x"
"1128",24497.3070291964,24851.0892137529,"x"
"1129",25357.0964998222,26767.620830053,"x"
"1130",24651.8731522901,25218.1103054317,"x"
"1131",24759.7882454737,25617.0402672921,"x"
"1132",24353.35824751,24760.957567441,"x"
"1133",24499.4707843495,24927.1502972058,"x"
"1134",25091.8700914485,26228.7794131147,"x"
"1135",24502.1479770846,24924.715080933,"x"
"1136",24620.8526785435,25324.9074185115,"x"
"1137",24937.6399087977,25885.026375884,"x"
"1138",25324.3195429102,26875.1843805138,"x"
"1139",25169.0346455008,26475.7823910978,"x"
"1140",24573.8882617868,25270.7587363904,"x"
"1141",24902.5237561574,26002.4121806751,"x"
"1142",24453.4369995035,25023.2096968965,"x"
"1143",25495.9652021754,27030.0399368877,"x"
"1144",25609.4594718302,27305.8250228066,"x"
"1145",24340.9594710718,24719.8083682706,"x"
"1146",25049.9965331483,26202.0590751361,"x"
"1147",24695.0995575029,25395.7234987435,"x"
"1148",24755.5423079913,25782.9122442022,"x"
"1149",24391.9408242782,24857.8017234312,"x"
"1150",24890.5865017486,25804.8665653282,"x"
"1151",24960.9631155805,26030.9007334329,"x"
"1152",25361.5426976085,26725.2772909802,"x"
"1153",24811.6174313246,25522.7104618382,"x"
"1154",24789.3325070327,25653.5410122603,"x"
"1155",24619.3664460112,25174.7931290534,"x"
"1156",24527.9873957196,24913.3386202515,"x"
"1157",25096.9458535824,26131.4957729966,"x"
"1158",24598.8279201993,25244.0545083589,"x"
"1159",24539.815609767,25310.3226530774,"x"
"1160",24767.9142409439,25625.7200015518,"x"
"1161",25040.0621731697,26196.8075617662,"x"
"1162",24767.6828537935,25566.0524237232,"x"
"1163",24621.335797672,25395.5321414025,"x"
"1164",25101.6897689352,26274.0670497848,"x"
"1165",24398.5685665121,24852.5918655452,"x"
"1166",24599.9917716247,25195.4084487772,"x"
"1167",24636.8986075829,25591.4581140313,"x"
"1168",24670.2921322479,25408.3385598086,"x"
"1169",25099.6565582842,26410.0273081804,"x"
"1170",24775.601982929,25821.9382970968,"x"
"1171",24941.2167246969,26028.804768265,"x"
"1172",24806.2969039054,25736.5173967727,"x"
"1173",24345.2462554622,24656.3152824473,"x"
"1174",24375.3200782318,24919.6659286846,"x"
"1175",24316.5686434634,24675.3805013891,"x"
"1176",24620.3763527282,25150.8364067456,"x"
"1177",25345.5112373791,26769.1980722565,"x"
"1178",24944.8844686255,25976.2442926688,"x"
"1179",24838.6522146413,25780.9477269877,"x"
"1180",24554.3528712334,25253.2192907069,"x"
"1181",24677.1926598398,25458.7246785098,"x"
"1182",24250.0185943366,24707.2415093685,"x"
"1183",24715.0351683805,25428.1356547664,"x"
"1184",24845.8062514341,25774.0092291976,"x"
"1185",25170.7319311737,26365.5893746404,"x"
"1186",24824.206772576,25683.6591498658,"x"
"1187",24382.9100781563,25096.0045303063,"x"
"1188",25749.5491600954,27632.274310148,"x"
"1189",24848.5148931607,25971.776768736,"x"
"1190",24898.3357845048,25826.9858193824,"x"
"1191",24509.2767227883,25009.4765101137,"x"
"1192",25514.8372748092,27054.2135291909,"x"
"1193",24794.6878092441,25713.9658217239,"x"
"1194",24874.3508417344,25877.6227568872,"x"
"1195",25259.3430248252,26661.9692165078,"x"
"1196",24373.1162208204,24947.7577259298,"x"
"1197",24681.1386450201,25370.6024564059,"x"
"1198",24682.6985362322,25449.5052317323,"x"
"1199",24549.7377208733,25261.4358614005,"x"
"1200",24484.0186830889,24955.3101515021,"x"
"1201",24491.0972503051,25028.4010327799,"x"
"1202",24743.7726053271,25508.2054391379,"x"
"1203",24473.6605472066,24938.8081802002,"x"
"1204",25428.3690735992,26749.0949240745,"x"
"1205",25159.6444310435,26414.8686589305,"x"
"1206",24785.1514226629,25748.8137060237,"x"
"1207",24459.8340531104,25119.8123039484,"x"
"1208",24834.6227652035,25784.2909083161,"x"
"1209",24392.8674852365,24975.496238978,"x"
"1210",24477.5240590665,25092.0440449658,"x"
"1211",24971.9283135167,25961.7045032071,"x"
"1212",24789.7249959878,25761.094648649,"x"
"1213",24492.6584864324,24986.2221843024,"x"
"1214",24738.0462850693,25596.3949292947,"x"
"1215",26702.7196292315,29310.9954230286,"x"
"1216",24422.3425753572,25097.9262336853,"x"
"1217",24620.2802477655,25430.4093863869,"x"
"1218",24627.9369969635,25554.3153746965,"x"
"1219",24809.3751231621,25633.4639431206,"x"
"1220",25135.7540670193,26289.0657672569,"x"
"1221",28097.7177400768,32128.578191592,"x"
"1222",24425.8457306908,25275.4714690352,"x"
"1223",25348.1250923441,26592.6233947244,"x"
"1224",25500.4991176993,27045.6391023712,"x"
"1225",24660.9597332287,25274.6360618343,"x"
"1226",24365.3276948011,24874.4736653166,"x"
"1227",24503.6222291413,25386.4811625895,"x"
"1228",24581.8676385533,25279.2406163045,"x"
"1229",24423.760488053,24799.6189390546,"x"
"1230",24600.5109381292,25247.8504613027,"x"
"1231",26113.7194538234,28116.2762720652,"x"
"1232",24688.1006503454,25561.2623591675,"x"
"1233",25286.5759643523,26638.9108823989,"x"
"1234",24537.3108472017,25136.058843203,"x"
"1235",24697.3546719922,25523.329775562,"x"
"1236",24888.3110351648,26131.4073147299,"x"
"1237",24402.9787591182,24982.298868455,"x"
"1238",25134.4758854058,26046.2262278254,"x"
"1239",24797.7426451526,25784.360267439,"x"
"1240",24302.792497842,24899.1035081821,"x"
"1241",24232.9828395462,24500.2561605355,"x"
"1242",24873.0279809611,25701.5165880262,"x"
"1243",24387.8433504062,24981.9375421691,"x"
"1244",24960.1257041372,25999.1173871776,"x"
"1245",24205.1376419206,24466.0625735466,"x"
"1246",24724.2600827645,25621.9349345423,"x"
"1247",24394.9601437583,24798.8373093305,"x"
"1248",24781.448690023,25750.3135874368,"x"
"1249",24648.6673511923,25596.948540221,"x"
"1250",24412.1815397253,25063.485752862,"x"
"1251",24508.5687183013,24955.3002458464,"x"
"1252",24729.5742375228,25306.7180060152,"x"
"1253",24551.8046667801,25063.3139338728,"x"
"1254",24409.0572079637,25031.5740365616,"x"
"1255",25603.3708015905,27507.1796921652,"x"
"1256",24589.8563447181,25201.7482069435,"x"
"1257",24364.4789369484,24989.9789094254,"x"
"1258",24778.5104771527,25676.0069497769,"x"
"1259",25129.8938212063,26311.7174455002,"x"
"1260",24669.4071570113,25560.9746062719,"x"
"1261",24303.2823105896,24551.2202129129,"x"
"1262",25341.8649962775,26761.9391287107,"x"
"1263",24907.24168893,25631.6574538299,"x"
"1264",24535.0706985915,25049.6299012835,"x"
"1265",24963.7986744274,26051.9685709282,"x"
"1266",25309.6943726702,26722.7854722417,"x"
"1267",24290.4636010009,24883.0161790032,"x"
"1268",24661.5697130297,25321.4660823084,"x"
"1269",25610.6839461411,27171.5828491068,"x"
"1270",24598.5486614183,25380.8598686059,"x"
"1271",24562.5903691906,25069.3867979083,"x"
"1272",25116.5727805042,26274.4064702939,"x"
"1273",24969.9496853678,25617.1001640078,"x"
"1274",24900.3281855254,25993.8518744996,"x"
"1275",24339.5485825531,24725.1311186979,"x"
"1276",24736.6987914488,25610.0235399682,"x"
"1277",24410.3373721653,24943.6014366095,"x"
"1278",24811.4206493373,25818.2164272801,"x"
"1279",24871.1875171199,25800.573984617,"x"
"1280",24782.0790597502,25680.7540378263,"x"
"1281",25426.4288786791,27143.3724977995,"x"
"1282",24343.3329033182,24706.3894614785,"x"
"1283",24588.7713295632,25300.0987181653,"x"
"1284",24501.8137832807,24900.3495494771,"x"
"1285",24314.9062726233,24792.1004915981,"x"
"1286",24315.266601857,24522.734346077,"x"
"1287",25038.2087936371,26103.7437902881,"x"
"1288",25005.5188831783,26170.6331717206,"x"
"1289",24415.3527409077,25033.7091876517,"x"
"1290",24247.4641850895,24743.9527759815,"x"
"1291",24542.2751271666,25154.0654711196,"x"
"1292",24448.5513348547,24994.4851961122,"x"
"1293",24919.2345358944,25885.9854467341,"x"
"1294",24532.5320287184,25071.4121852178,"x"
"1295",24840.0263754985,26105.44647821,"x"
"1296",24549.4322940388,25013.4289996308,"x"
"1297",24923.8018760681,26014.3771056133,"x"
"1298",24299.1625830106,25057.463479702,"x"
"1299",24855.5244628161,25875.6445832565,"x"
"1300",24503.9447875933,25248.4662526748,"x"
"1301",24261.7745115034,24536.3235993137,"x"
"1302",25050.7253829076,26038.2178479951,"x"
"1303",25238.8300867361,26741.770739919,"x"
"1304",25119.6945523626,26303.604116607,"x"
"1305",25654.2716658033,27166.4882709856,"x"
"1306",24662.1359288327,25405.3108405805,"x"
"1307",25936.690086264,27911.8447949725,"x"
"1308",24656.5578896912,25266.7977470309,"x"
"1309",24509.4107812706,25269.7684189809,"x"
"1310",24810.1669800946,25635.2515500704,"x"
"1311",24508.8848535624,24977.1211235974,"x"
"1312",24597.5562953701,25353.5882913613,"x"
"1313",24696.9035102628,25496.3088833375,"x"
"1314",24791.214103319,25804.1387611895,"x"
"1315",25064.826590047,26164.4175583256,"x"
"1316",24666.8440322796,25170.402835193,"x"
"1317",25051.7935652265,26131.1908011419,"x"
"1318",24918.2874374819,25617.9563239116,"x"
"1319",24434.3966073746,25125.7529814685,"x"
"1320",24876.1222971367,25715.0631323408,"x"
"1321",24527.0552179746,25349.4769575032,"x"
"1322",24383.3282323941,24920.37450973,"x"
"1323",25295.6552769057,26693.7966983664,"x"
"1324",24468.6443357409,25042.3161493181,"x"
"1325",28258.070018978,33039.4582464106,"x"
"1326",24826.8369593246,25660.3670793489,"x"
"1327",25205.2444098506,26564.5792829418,"x"
"1328",24628.9409619756,25373.1619640557,"x"
"1329",25097.504313019,26260.8982002048,"x"
"1330",25537.9159328921,26997.9506083448,"x"
"1331",24469.651083357,25072.5421208097,"x"
"1332",24466.9001899225,25051.6310610348,"x"
"1333",24853.1998780774,25926.095851879,"x"
"1334",25114.9024712909,26111.0613634302,"x"
"1335",25075.9659072959,26320.4852387289,"x"
"1336",24499.7586025759,25126.7304962967,"x"
"1337",24408.9416102253,24955.8847404087,"x"
"1338",24787.2395750246,25514.9490259154,"x"
"1339",24921.4433026184,25913.3392824505,"x"
"1340",24675.8668978699,25222.1326419493,"x"
"1341",24880.7360897434,25897.6686938135,"x"
"1342",25102.1255861547,26503.7198364369,"x"
"1343",25182.4264226257,26546.7294079525,"x"
"1344",24590.6056184672,25450.4085347286,"x"
"1345",24646.0075970302,25324.4850365134,"x"
"1346",25493.0843150801,27195.4750689102,"x"
"1347",24463.0143607045,24762.5232763056,"x"
"1348",25336.6275462225,26755.3115088603,"x"
"1349",24863.9154152586,25758.9897025702,"x"
"1350",25501.1907530822,26961.4049224172,"x"
"1351",24542.3012384234,25287.3527504588,"x"
"1352",25151.4820656014,26478.3534230646,"x"
"1353",24618.5562232284,25286.4392066315,"x"
"1354",24683.7970839773,25465.7487741109,"x"
"1355",24977.8656497538,25888.3958558168,"x"
"1356",25643.4554428747,27527.4701956789,"x"
"1357",24603.2301966525,25370.1268612023,"x"
"1358",25101.5942059526,26236.5592503558,"x"
"1359",24518.0366672996,25090.1888609044,"x"
"1360",24852.0881156741,26005.9249295745,"x"
"1361",24820.8729615523,25639.272779476,"x"
"1362",24612.7780002343,25426.2839969128,"x"
"1363",24803.3908182919,25720.1529037475,"x"
"1364",25565.6003174522,27259.9549774268,"x"
"1365",25248.3453388871,26462.4600121805,"x"
"1366",25242.5151725053,26303.5089445938,"x"
"1367",24536.5921898334,25097.7018452482,"x"
"1368",24701.6463186783,25619.49994987,"x"
"1369",24939.5080203937,25842.7313167106,"x"
"1370",26262.5501720504,28437.6363195224,"x"
"1371",24834.5502605448,25678.5959138871,"x"
"1372",24967.3597440371,26102.9668030207,"x"
"1373",24928.6622825292,25801.5103011646,"x"
"1374",24514.4585046301,25051.9042326559,"x"
"1375",24420.6312115431,24981.2182193873,"x"
"1376",25172.0179914182,26495.4617843276,"x"
"1377",24716.1178936508,25499.306631531,"x"
"1378",25147.0450835836,26348.6339462737,"x"
"1379",25215.2504933462,26613.6211507559,"x"
"1380",25256.2370727381,26584.1211561527,"x"
"1381",24921.8102604916,25979.2435398727,"x"
"1382",24998.6261246834,26227.1830523384,"x"
"1383",24275.6317874209,24651.1855292234,"x"
"1384",24810.5031227444,25597.0379280105,"x"
"1385",24436.2290540848,24772.2485449707,"x"
"1386",24825.9905519195,25749.3879657608,"x"
"1387",24989.2835000171,26056.6892472562,"x"
"1388",24945.2766984505,25724.806039148,"x"
"1389",24564.5837315174,25160.0134731956,"x"
"1390",24667.7098183655,25354.8580338413,"x"
"1391",25104.6824532172,26337.7189652873,"x"
"1392",24585.391045297,25150.8742558228,"x"
"1393",24822.5890161526,25817.8266589843,"x"
"1394",25363.5186133433,26776.7672176436,"x"
"1395",25057.2818294101,26173.1058863728,"x"
"1396",25157.3761823913,26437.4625126366,"x"
"1397",24624.752765348,25280.7073710243,"x"
"1398",25393.2086798906,26887.869159502,"x"
"1399",24458.6792190745,24984.878863609,"x"
"1400",25657.3813779506,27347.0835570428,"x"
"1401",24566.6258118745,25303.8026771893,"x"
"1402",24811.1496538063,25638.7475772584,"x"
"1403",24982.7483440193,26043.4533122578,"x"
"1404",24847.0450423404,25625.8325447805,"x"
"1405",24552.6707284666,25217.882177083,"x"
"1406",25032.8971121185,26196.5563940285,"x"
"1407",24713.7740183574,25622.3453312912,"x"
"1408",25964.7995393366,28112.3668588087,"x"
"1409",24880.7234437206,25780.8650890325,"x"
"1410",24700.6501884735,25395.3071458252,"x"
"1411",25586.5870328072,27391.8102447434,"x"
"1412",25111.4396844281,26425.0393996747,"x"
"1413",24783.4086749403,25804.588434029,"x"
"1414",24758.4686803092,25352.1048447373,"x"
"1415",24867.841795031,25848.6774816167,"x"
"1416",24460.5757361169,25133.968013724,"x"
"1417",25151.1806695428,26593.4406306493,"x"
"1418",24462.5764717008,25156.1887291963,"x"
"1419",25150.1154870854,26422.7831492324,"x"
"1420",25261.8108294944,26558.7822500421,"x"
"1421",24436.0792593898,25151.7773011882,"x"
"1422",25290.3208174647,26921.7132541159,"x"
"1423",24963.9189669995,26156.3973500976,"x"
"1424",25256.0186795917,26249.6856650997,"x"
"1425",24877.2577676585,25929.7424003092,"x"
"1426",24655.1150574637,25332.6783920575,"x"
"1427",24476.9732966919,25019.5743364689,"x"
"1428",24592.3293242914,25291.8035097291,"x"
"1429",24793.0052638305,25672.3492172626,"x"
"1430",24807.5963497001,25707.6633081872,"x"
"1431",24609.4182105846,25145.2005103507,"x"
"1432",24382.7879971295,24918.9436697672,"x"
"1433",24549.754003419,25300.0640947298,"x"
"1434",24584.1560279537,25455.5771069244,"x"
"1435",24906.0606283266,25910.2831488857,"x"
"1436",25227.7004122872,26629.2128217095,"x"
"1437",24776.7617032162,25537.164821535,"x"
"1438",24409.4593075725,25025.407790534,"x"
"1439",24761.6620257056,25601.1349520676,"x"
"1440",25180.094795467,26375.1835711622,"x"
"1441",24435.882466588,24939.7083497922,"x"
"1442",24813.0225119606,25667.5417448639,"x"
"1443",24636.5010186037,25191.0961788339,"x"
"1444",25288.2924653293,26759.2519500278,"x"
"1445",24573.6545705111,25218.3143182034,"x"
"1446",24728.3715263863,25482.379162347,"x"
"1447",24772.7406307819,25444.9080638593,"x"
"1448",24478.143126875,25048.0453970908,"x"
"1449",24322.8065888041,24916.3019198358,"x"
"1450",24653.611520001,25511.4676056765,"x"
"1451",24432.9122875613,24870.9011372997,"x"
"1452",25618.6684895801,27234.3146009747,"x"
"1453",24924.0267552919,26057.7941549348,"x"
"1454",24531.473302469,25098.9854189478,"x"
"1455",24413.9930054012,25018.5593382321,"x"
"1456",25503.9847057887,27140.2038317225,"x"
"1457",24827.8894692707,25689.8243282027,"x"
"1458",25060.0404053815,26189.7605288299,"x"
"1459",26465.3797559511,28893.1201253893,"x"
"1460",24662.1113756974,25536.4277741734,"x"
"1461",24395.4736789657,24906.4424763732,"x"
"1462",24874.8342836794,25934.7118466687,"x"
"1463",24547.2546178327,25150.488371347,"x"
"1464",24421.7689558678,25013.5918663722,"x"
"1465",24324.8659467994,25002.5918214287,"x"
"1466",24800.0907592381,25767.9794689474,"x"
"1467",24870.923778765,25968.9675738453,"x"
"1468",24670.5416848169,25392.2953575023,"x"
"1469",24869.7100254831,25394.7398527776,"x"
"1470",24686.5093354128,25510.8100553757,"x"
"1471",24886.4078072029,25910.3708676863,"x"
"1472",24357.9153157767,24894.1563973641,"x"
"1473",24379.8026127309,24997.7336936672,"x"
"1474",24360.791908344,24843.7266671207,"x"
"1475",24725.3574626641,25586.4471568262,"x"
"1476",24748.9209218842,25708.4180988171,"x"
"1477",24465.7609187876,24990.4711940359,"x"
"1478",24538.5918232449,25232.0823136541,"x"
"1479",24561.6940647398,25147.7225994201,"x"
"1480",25103.8214243724,26370.4322859903,"x"
"1481",24692.1939794968,25351.4665061243,"x"
"1482",24450.2409910005,24972.1960852116,"x"
"1483",25502.968921288,27120.4816085578,"x"
"1484",24832.5648680995,25591.5666622053,"x"
"1485",24466.2597093043,24981.3610503207,"x"
"1486",24885.3991646048,25985.9503779976,"x"
"1487",24994.1753874122,25969.8864476392,"x"
"1488",24507.764364112,25016.2568528094,"x"
"1489",24340.177596024,24861.305595977,"x"
"1490",24838.5648633829,25856.1327985961,"x"
"1491",24647.6980892176,25294.2378516571,"x"
"1492",24853.1724083453,25796.1380377828,"x"
"1493",25046.9294671549,26325.8742931824,"x"
"1494",24909.712213916,25861.3066016149,"x"
"1495",25149.2039682948,26315.7526902184,"x"
"1496",24460.5323136029,25248.6002221793,"x"
"1497",24510.9121576763,24992.8428888297,"x"
"1498",25386.6388875732,26764.5983583645,"x"
"1499",24932.9094584054,25866.4864197632,"x"
"1500",24901.1618595511,25970.2771623682,"x"
"1501",24528.9985471237,25164.1744877623,"x"
"1502",24775.8158416686,25654.4022730142,"x"
"1503",25172.8993110214,26404.1343990555,"x"
"1504",24483.646157647,25169.4761642903,"x"
"1505",24961.7625383123,26061.5004544081,"x"
"1506",24895.7368158507,25852.2753091261,"x"
"1507",24235.0112691691,24604.6971124781,"x"
"1508",25334.8022722705,26718.729495716,"x"
"1509",24406.5554707271,24849.9501174463,"x"
"1510",24776.510531653,25602.4111553599,"x"
"1511",24916.8884992447,25941.4847737575,"x"
"1512",24929.2179437893,25903.9970674609,"x"
"1513",24388.8011745979,25034.9979934276,"x"
"1514",25675.7009062945,27401.6727894609,"x"
"1515",24931.8837816874,25938.799706906,"x"
"1516",24351.2275351671,24920.5416846471,"x"
"1517",25426.3872018935,26941.6583894073,"x"
"1518",24957.3214581739,25867.4685277393,"x"
"1519",25052.4708946803,26207.4469537641,"x"
"1520",25597.3484492923,27087.074980474,"x"
"1521",24600.9120722153,25387.3819422626,"x"
"1522",24559.3758066144,25202.4833392961,"x"
"1523",25299.3111192344,26608.2780543763,"x"
"1524",24914.1160347089,26024.6595739816,"x"
"1525",24560.9348106829,24924.1840149553,"x"
"1526",24921.9602801714,25877.0866304644,"x"
"1527",24764.3360769395,25702.7629244481,"x"
"1528",24613.3170157452,25437.6305694348,"x"
"1529",24693.1677897871,25385.6613795071,"x"
"1530",24982.609815915,25997.0790685565,"x"
"1531",25544.4071833042,27248.813938466,"x"
"1532",24754.7858156036,25449.6301594841,"x"
"1533",25058.8672045505,26341.5537850893,"x"
"1534",25124.1050538747,26357.0854035393,"x"
"1535",24441.0809068871,24935.2814640494,"x"
"1536",24770.3316824221,25634.6011665189,"x"
"1537",27842.4907946227,31507.6824078025,"x"
"1538",24555.4664447617,25273.3074308022,"x"
"1539",24479.1401498373,25061.2039153953,"x"
"1540",24406.2766480973,25182.9226457328,"x"
"1541",27294.6037278233,30633.0910661641,"x"
"1542",24555.18929123,25349.303184827,"x"
"1543",24294.6590764527,24850.2183974666,"x"
"1544",24657.8035014961,25460.0845149664,"x"
"1545",24268.6880141585,24684.9865444308,"x"
"1546",24452.3009798085,24902.4304598755,"x"
"1547",24761.7022107556,25732.2911772289,"x"
"1548",24942.5422228953,25944.5100008182,"x"
"1549",24524.5850527343,25211.5166968518,"x"
"1550",25113.9700025011,26080.7302336349,"x"
"1551",24323.8419162988,24648.8482959116,"x"
"1552",25265.6870076249,26623.3828921469,"x"
"1553",25137.4044672943,26361.5323366271,"x"
"1554",24635.3393286758,25502.0533781611,"x"
"1555",25152.147980318,26387.5236967436,"x"
"1556",24850.8844725788,25586.9958115308,"x"
"1557",24714.9896997499,25589.6933025404,"x"
"1558",24496.5709323999,25087.7009076942,"x"
"1559",24692.449254171,25456.4029884491,"x"
"1560",24587.0133594252,25423.2424430656,"x"
"1561",24789.1197787145,25443.5507653243,"x"
"1562",24543.8013745625,25399.2331358831,"x"
"1563",24491.038315174,24939.8363379612,"x"
"1564",24617.6908650057,25455.432647844,"x"
"1565",24469.7229890672,24976.4119422898,"x"
"1566",24942.2722960986,26072.3788029252,"x"
"1567",24552.2238969597,25349.8392789176,"x"
"1568",24882.8436332063,26050.3539797056,"x"
"1569",25807.6612816847,27652.0527417926,"x"
"1570",24524.9286988905,25066.2920952826,"x"
"1571",24446.0885662145,25140.6588274004,"x"
"1572",24496.1536910329,25247.8091397985,"x"
"1573",24799.2793739836,25610.8730700674,"x"
"1574",25551.7243690301,27255.0867603682,"x"
"1575",24341.7129973257,24733.4486009492,"x"
"1576",24543.4077839818,25228.5485647331,"x"
"1577",24522.3690811062,24861.6581024304,"x"
"1578",24660.869621437,25353.7184886658,"x"
"1579",24321.900499304,24839.8851449994,"x"
"1580",24645.9379646823,25683.0078392286,"x"
"1581",24723.6379626646,25559.5144534511,"x"
"1582",25050.3494028636,26090.5648354353,"x"
"1583",25141.0881609097,25884.5247219128,"x"
"1584",24572.4483764198,25067.3203348747,"x"
"1585",24759.7104827813,25718.0639461631,"x"
"1586",25016.9444655774,26275.4958852066,"x"
"1587",25218.261626144,26600.4421171217,"x"
"1588",24702.7416726018,25638.771063962,"x"
"1589",24989.2137634904,25978.9086861146,"x"
"1590",24503.2065856641,25121.0549807389,"x"
"1591",24154.0716187807,24438.460686364,"x"
"1592",25121.551740058,26398.5839880975,"x"
"1593",24951.4871429651,26118.6445634498,"x"
"1594",24516.8443658957,25104.0543067876,"x"
"1595",24303.4631387472,24775.7733917607,"x"
"1596",24515.9266421508,25027.5951158404,"x"
"1597",25742.6030992757,27550.7951555826,"x"
"1598",24516.7667268448,25141.4732100731,"x"
"1599",24863.1569679022,25940.601744456,"x"
"1600",25452.3579241699,26962.0513123028,"x"
"1601",24441.8845468059,24872.2522855422,"x"
"1602",25453.9937839604,26938.8262331816,"x"
"1603",24784.3379240128,25699.0239817137,"x"
"1604",25899.4095881716,27831.6718737498,"x"
"1605",24449.2270549972,25143.3560989554,"x"
"1606",24791.5137394603,25777.5025919723,"x"
"1607",25304.2948765509,26415.396021458,"x"
"1608",25267.4295160363,26710.5481560009,"x"
"1609",24443.557091842,24882.0502290021,"x"
"1610",25581.3869923773,27304.4705639781,"x"
"1611",24611.1083349152,25434.9261327588,"x"
"1612",25602.2703171809,27282.7845527983,"x"
"1613",24836.0701911156,25805.6841805503,"x"
"1614",25010.5753119904,26153.0361413868,"x"
"1615",24613.394272683,25462.4719606633,"x"
"1616",24915.1187511048,25689.195776963,"x"
"1617",24526.5299707401,24968.4891783928,"x"
"1618",24796.4245484015,25723.6171798181,"x"
"1619",25204.2253787165,26580.6167531054,"x"
"1620",24486.9994517763,25227.4856769015,"x"
"1621",24738.1146696375,25520.1775799899,"x"
"1622",25183.2155551491,26472.562330251,"x"
"1623",25242.2953818741,26100.0984166575,"x"
"1624",24714.784716416,25607.5660076101,"x"
"1625",24560.1048329386,25302.7014630628,"x"
"1626",24359.132521253,24867.0283668109,"x"
"1627",25170.7083102195,26434.4660920927,"x"
"1628",24603.9656571053,25437.081804615,"x"
"1629",24291.4668836296,24715.1831096069,"x"
"1630",25174.4756319947,26608.4639652879,"x"
"1631",24526.7940181917,25095.3461870153,"x"
"1632",24817.6041989299,25669.1216785317,"x"
"1633",24528.2954729492,25139.161624474,"x"
"1634",24306.9491263204,24599.4765249583,"x"
"1635",24430.9629719243,25059.1057089043,"x"
"1636",27041.2394795781,30199.1408016964,"x"
"1637",24605.7107438454,25398.6995125288,"x"
"1638",26317.5863834499,28596.0350875544,"x"
"1639",24488.6010805638,25076.641057621,"x"
"1640",24834.3724613228,25624.2039758683,"x"
"1641",24941.1835900263,25819.7102656801,"x"
"1642",25078.6088564257,26305.3609833343,"x"
"1643",24381.6005492338,24773.098947112,"x"
"1644",24511.4764482778,25311.4901467829,"x"
"1645",24541.8576216268,25042.124317883,"x"
"1646",24523.9396567351,25224.4418731276,"x"
"1647",24361.1059017681,24707.0705665027,"x"
"1648",24728.6698437808,25496.9028669227,"x"
"1649",25207.1356227426,26348.8359660236,"x"
"1650",24447.299531399,25023.3527431284,"x"
"1651",24450.0870982872,25118.3595872918,"x"
"1652",24532.132999661,25120.5506018388,"x"
"1653",24957.3500695253,26009.065590134,"x"
"1654",24101.9309332517,24310.6100909574,"x"
"1655",24759.9750895026,25566.8361129192,"x"
"1656",24623.9089078551,25455.7365194,"x"
"1657",24651.2423697714,25481.8291718578,"x"
"1658",24463.3915438606,25072.4486403702,"x"
"1659",24671.7846007245,25273.9399716019,"x"
"1660",25395.0847826363,26816.9176882264,"x"
"1661",24765.2325602468,25623.9203142151,"x"
"1662",24814.8597951951,25811.2872058683,"x"
"1663",24460.3944804792,24959.6781672337,"x"
"1664",25365.7454079793,26993.1814677229,"x"
"1665",24566.5858770255,25145.2977831827,"x"
"1666",24868.9263753191,25872.3974446771,"x"
"1667",25158.2472720805,26440.2852779705,"x"
"1668",24766.482203368,25771.799500438,"x"
"1669",25292.8466128363,26766.1334105393,"x"
"1670",24397.4117426037,25066.5622584336,"x"
"1671",24449.8798072834,24860.5934821891,"x"
"1672",25091.3113874589,26126.9949654103,"x"
"1673",24503.4647465311,25171.917950081,"x"
"1674",24746.14166679,25713.625234841,"x"
"1675",24890.3997098743,25878.8073003805,"x"
"1676",25095.1392786327,26429.7569934823,"x"
"1677",24610.9889957629,25372.6410480936,"x"
"1678",25562.8347302528,27075.3113874464,"x"
"1679",24869.7867574703,25990.4139018312,"x"
"1680",24570.0123562874,25288.5553361859,"x"
"1681",24745.510276345,25579.7078789094,"x"
"1682",24765.7130078782,25568.831074414,"x"
"1683",25361.6725610089,26695.9848886813,"x"
"1684",24827.4903036841,25810.8870472937,"x"
"1685",24139.1917691403,24446.6592229379,"x"
"1686",24624.2519527719,25314.5207965563,"x"
"1687",24428.1304745732,25140.1549282609,"x"
"1688",24523.387705269,25205.7419996592,"x"
"1689",25245.0840914329,26399.0560828619,"x"
"1690",25127.3250241007,26315.5916177443,"x"
"1691",25153.4009253782,26462.6921456283,"x"
"1692",24789.7317510291,25687.5816684868,"x"
"1693",24438.5939105845,25008.1631722699,"x"
"1694",24574.6701284962,25400.979825169,"x"
"1695",25051.7926251072,26288.3883517284,"x"
"1696",25101.5167083579,26039.9641596497,"x"
"1697",24571.3634185286,25455.3168712959,"x"
"1698",25603.0247018441,27251.7612145235,"x"
"1699",24595.0408646356,25179.9228749629,"x"
"1700",24813.5040203663,25474.9922881,"x"
"1701",24911.0411474225,25937.3810310663,"x"
"1702",24526.4879462846,25379.2251586581,"x"
"1703",24538.3705626471,25196.5538412655,"x"
"1704",24664.5695051906,25506.2688405496,"x"
"1705",24396.9116204391,24787.5987097454,"x"
"1706",24534.3623713689,25184.694525091,"x"
"1707",25230.3661809467,26668.0822256064,"x"
"1708",25015.4137862116,26185.2251085535,"x"
"1709",24631.1730134746,25297.1238927583,"x"
"1710",24512.961686112,24951.5480204905,"x"
"1711",24626.2718201767,25455.1516140335,"x"
"1712",24696.8888872702,25498.8075319462,"x"
"1713",24627.230635063,25345.9264396196,"x"
"1714",24801.3304324119,25674.5957585115,"x"
"1715",24434.2014053761,24899.2807555051,"x"
"1716",25293.1016940498,26576.7076295401,"x"
"1717",24923.3641981813,25987.2543649254,"x"
"1718",24883.310830162,25778.8350625365,"x"
"1719",24960.8021224837,26150.93625687,"x"
"1720",24863.3133867856,25884.700089783,"x"
"1721",24935.4827983823,26219.9252621804,"x"
"1722",25540.8374705779,27113.0228617892,"x"
"1723",24935.3300120636,26180.6031304324,"x"
"1724",24679.8847969473,25470.7520876062,"x"
"1725",24759.4172894951,25641.9009907551,"x"
"1726",24889.666702809,25716.0421066964,"x"
"1727",24718.1247773492,25564.7115793457,"x"
"1728",24737.6222448156,25588.3415844555,"x"
"1729",25053.3886328864,26210.842116619,"x"
"1730",25012.9057633885,26130.9296729041,"x"
"1731",24743.7032533218,25559.962021757,"x"
"1732",24572.1923075861,25223.8327047811,"x"
"1733",24978.3583627532,26056.7083423044,"x"
"1734",25311.3085180048,26808.4597641683,"x"
"1735",24686.2064266778,25366.2028750173,"x"
"1736",24696.3136360752,25630.8474578404,"x"
"1737",25077.3832604258,26365.1125972239,"x"
"1738",24808.7459607343,25953.8671868614,"x"
"1739",24629.5396327719,25461.1343079534,"x"
"1740",24635.1372872369,25589.977668491,"x"
"1741",24911.0195153787,25926.2861139816,"x"
"1742",24596.260850856,25178.6376036243,"x"
"1743",24406.6802985608,24921.0115057032,"x"
"1744",24525.6887838486,25321.6889024511,"x"
"1745",24701.3480535175,25490.5654355498,"x"
"1746",25518.958537726,27208.8200066323,"x"
"1747",25284.7623551936,26649.3263934775,"x"
"1748",27510.3469917152,31649.035925848,"x"
"1749",24467.2213581459,24914.4193887861,"x"
"1750",24898.6461286275,25937.4555195045,"x"
"1751",24603.3828398273,25360.4774138912,"x"
"1752",24551.0451606089,25105.834934004,"x"
"1753",24292.1342163378,24763.2706994557,"x"
"1754",24558.0954883373,24872.5620128813,"x"
"1755",24762.7644628819,25566.2087223075,"x"
"1756",25664.3900284191,27141.5657512556,"x"
"1757",24910.3120814501,25813.5348527435,"x"
"1758",24877.8187607325,25909.08002888,"x"
"1759",25002.5635476253,26047.9225328421,"x"
"1760",24329.5580814115,24905.2252727962,"x"
"1761",24648.9833691838,25206.5631150932,"x"
"1762",25811.9061257297,27840.5463189614,"x"
"1763",24500.1021017449,25165.7177675804,"x"
"1764",25089.1799648844,26231.9910414359,"x"
"1765",24587.5536229347,25229.3619663667,"x"
"1766",24522.2909929357,25260.5725843444,"x"
"1767",24995.0095564824,26106.405091723,"x"
"1768",27449.3426183695,30560.9826136811,"x"
"1769",24559.0974269657,25087.3419919191,"x"
"1770",24981.5639862829,26162.724411285,"x"
"1771",24685.8175598092,25452.9461712183,"x"
"1772",24532.5638755379,25241.9318839096,"x"
"1773",24888.6757922066,25872.7563407332,"x"
"1774",24728.8574718667,25560.9624854417,"x"
"1775",24639.3068001047,25263.7108230342,"x"
"1776",25159.8832006329,26447.2444415827,"x"
"1777",24647.2022390412,25199.9566286145,"x"
"1778",24770.5710684924,25519.8837861071,"x"
"1779",24868.4736418755,25815.4337476346,"x"
"1780",24433.1805393768,24994.5464571626,"x"
"1781",24833.1177703098,26083.6237704978,"x"
"1782",25606.5713384683,27240.7778238717,"x"
"1783",24399.3740068545,25077.614096867,"x"
"1784",25991.236350521,27866.8682021245,"x"
"1785",24645.1997190278,25357.1592473694,"x"
"1786",24723.0220287614,25518.1331254594,"x"
"1787",24601.0229707863,25334.3654844335,"x"
"1788",24417.2178717693,25080.5727506612,"x"
"1789",24718.8974128634,25628.97667255,"x"
"1790",25578.3184456336,27138.6628627729,"x"
"1791",24145.7981961145,24569.8776214028,"x"
"1792",24453.9978389902,25169.2154162639,"x"
"1793",24479.5023889634,24847.9015705115,"x"
"1794",24653.1407241101,25519.159383278,"x"
"1795",24508.8021280662,25043.6732535701,"x"
"1796",25068.4187539615,26237.9584863061,"x"
"1797",24841.9098040753,25991.6180956305,"x"
"1798",24690.9451391324,25468.9717985847,"x"
"1799",25176.0349367099,26393.2481307604,"x"
"1800",24747.299030748,25718.905601304,"x"
"1801",24675.3119912859,25583.587673414,"x"
"1802",24530.347635236,25218.1555447536,"x"
"1803",25010.9118958328,26087.435741329,"x"
"1804",24605.5664423167,25404.5321002291,"x"
"1805",24796.6052392931,25885.17492039,"x"
"1806",24707.1253092844,25464.1126807222,"x"
"1807",24757.5356250858,25667.1670497178,"x"
"1808",24344.5538745228,24817.2193724921,"x"
"1809",24609.8831047818,25192.567116815,"x"
"1810",24866.9859597371,25962.5001075905,"x"
"1811",24719.7220841298,25528.8874147123,"x"
"1812",24777.6270784599,25694.9037887986,"x"
"1813",24698.7585143998,25554.2308508253,"x"
"1814",25464.9738514922,27102.6812485374,"x"
"1815",24618.0373008266,25234.6304872706,"x"
"1816",24433.9705043899,24741.9031616499,"x"
"1817",24660.6986540717,25349.3926571441,"x"
"1818",24452.8681776168,25059.2684070303,"x"
"1819",24592.410768333,25237.998196593,"x"
"1820",24272.2246544029,24822.7955984315,"x"
"1821",24694.6228628334,25326.5133592076,"x"
"1822",24679.6866063965,25581.8649298112,"x"
"1823",25958.9990890402,28068.3240640947,"x"
"1824",25070.8009904907,26298.3951538963,"x"
"1825",24729.0913514944,25662.6713540827,"x"
"1826",24728.1802881681,25345.168131342,"x"
"1827",24448.7930402418,25066.6730278858,"x"
"1828",24984.363982687,26228.1251882673,"x"
"1829",24449.7598718641,24914.2082027022,"x"
"1830",24472.1610728439,25168.4608707049,"x"
"1831",24579.2668260844,25436.7468719893,"x"
"1832",25565.5950010162,27099.3206389463,"x"
"1833",24515.476632854,25204.5828576991,"x"
"1834",25311.9827614544,26525.2911872794,"x"
"1835",25302.4460821399,26515.4073331159,"x"
"1836",24676.7008629678,25329.0402028332,"x"
"1837",24362.7575281101,24719.926671811,"x"
"1838",24379.8656040136,25050.5898141133,"x"
"1839",24996.8239463291,26071.9925772249,"x"
"1840",24661.7807028735,25460.6960679305,"x"
"1841",24951.7323062223,25997.9464338177,"x"
"1842",24617.9998192167,25405.320746066,"x"
"1843",24695.8671626841,25504.1943329063,"x"
"1844",24761.5217347763,25617.7705270271,"x"
"1845",24977.2699665477,25870.3044902796,"x"
"1846",24617.3098289601,25513.932834898,"x"
"1847",24979.1058955054,25963.9107198323,"x"
"1848",24450.3236939908,25004.5774987667,"x"
"1849",24587.2612329863,25223.6206216959,"x"
"1850",24884.0134929173,25715.4208344368,"x"
"1851",24259.1588163444,24632.5745799961,"x"
"1852",27549.8052488554,31499.5581763327,"x"
"1853",26532.9926704148,29130.2564084627,"x"
"1854",24612.5711669527,25371.3677832724,"x"
"1855",24469.9141653762,24953.4916857649,"x"
"1856",24492.1625145973,25083.3766400091,"x"
"1857",24394.5766689375,24965.9212397588,"x"
"1858",24570.6374517036,25163.7359390717,"x"
"1859",24426.2978839204,24951.6819900007,"x"
"1860",24629.565772369,25392.9652700156,"x"
"1861",24462.5024731989,24820.7772744931,"x"
"1862",24623.3331721621,25531.1568771713,"x"
"1863",25107.3140810254,26313.0469724309,"x"
"1864",25454.5626407144,26908.4075865659,"x"
"1865",24444.1337733961,24991.7302997708,"x"
"1866",24660.4793602039,25483.8953694478,"x"
"1867",24313.3523798954,24781.0944114193,"x"
"1868",24626.5299273083,25380.1547570429,"x"
"1869",24610.7379203246,25311.3205666446,"x"
"1870",24674.9501335004,25523.9334185353,"x"
"1871",24527.7215028227,25203.8516769073,"x"
"1872",24422.2909095098,25147.3892528532,"x"
"1873",24880.7363452899,25814.3060363334,"x"
"1874",24303.5566777323,24802.1404886526,"x"
"1875",24562.6818803382,25021.511688857,"x"
"1876",24552.1876784955,25086.1338722409,"x"
"1877",24381.1609991786,24834.7112834703,"x"
"1878",24479.5813909967,24985.3802037301,"x"
"1879",25737.9764402779,27610.7004791436,"x"
"1880",24848.1360481281,25825.7303653914,"x"
"1881",25136.7875964453,26183.8765790339,"x"
"1882",25122.3603254173,26145.3737127178,"x"
"1883",24930.3548772053,25905.6217489262,"x"
"1884",24546.7699324404,25400.9498138047,"x"
"1885",26865.3541629813,30189.8657740169,"x"
"1886",25761.7568107722,27628.8079049782,"x"
"1887",25443.385206842,26974.5051411615,"x"
"1888",24716.1732839327,25542.5004378442,"x"
"1889",25229.4506877412,26467.3248927929,"x"
"1890",24618.4304772018,25169.0109358661,"x"
"1891",24950.29398803,25759.6615655635,"x"
"1892",24304.8952150751,24753.3936858205,"x"
"1893",24785.9804930942,25675.8977575841,"x"
"1894",24682.9055802249,25269.6962422777,"x"
"1895",25375.4807824657,26767.8327163704,"x"
"1896",24595.6551671404,25440.3594229389,"x"
"1897",25122.4131611596,26372.1789915436,"x"
"1898",25238.5388207662,26611.3426068819,"x"
"1899",24552.7980827889,25159.9744521775,"x"
"1900",24715.2424300685,25570.2809537272,"x"
"1901",25464.0579465527,27036.3950798804,"x"
"1902",24448.3794192596,25075.8956300865,"x"
"1903",24376.685329575,24846.6005611057,"x"
"1904",25146.6951346447,26076.3757555668,"x"
"1905",25157.6650029967,26472.6968086223,"x"
"1906",24213.467759449,24540.7935611811,"x"
"1907",25371.2276769285,26849.1592084371,"x"
"1908",26469.6044167016,29389.56926582,"x"
"1909",24982.619237186,25999.5107242265,"x"
"1910",24686.2674981582,25354.0112875341,"x"
"1911",24815.0005324107,25723.9799883502,"x"
"1912",24544.8758921796,25233.1466329879,"x"
"1913",24472.3554282022,25090.9244929294,"x"
"1914",24875.6829079487,25942.7674512919,"x"
"1915",24895.0996251302,25969.6988940953,"x"
"1916",24882.296259881,25786.6593342821,"x"
"1917",24799.0872522079,25635.8880368423,"x"
"1918",24732.2087492161,25583.5934298812,"x"
"1919",24635.6792264296,25351.5196799047,"x"
"1920",24717.8933131352,25577.6874706619,"x"
"1921",24880.3889116261,25908.9051332696,"x"
"1922",24311.7156422099,24865.9269405177,"x"
"1923",24700.913406052,25538.207201998,"x"
"1924",24530.7741597726,25213.6637276857,"x"
"1925",24858.042389645,25684.8930888994,"x"
"1926",24717.9782995304,25660.9921427366,"x"
"1927",24445.9794430316,24968.1284520088,"x"
"1928",24688.9357381162,25415.2760445671,"x"
"1929",24516.2815317065,25176.5798925939,"x"
"1930",24742.1586891387,25665.4497983539,"x"
"1931",24789.3148958125,25651.6586103365,"x"
"1932",24463.8430252769,25105.5440810723,"x"
"1933",25284.6062704749,26629.1843909428,"x"
"1934",24602.0308363716,25334.3743209853,"x"
"1935",24962.9841989376,26226.330276138,"x"
"1936",25337.0748902808,26728.2654295317,"x"
"1937",24602.2262726321,25220.4647958683,"x"
"1938",24757.2545178442,25779.2727854382,"x"
"1939",24700.4907792364,25562.8816361909,"x"
"1940",24936.3409556657,25919.9626773031,"x"
"1941",24500.2912152817,25236.5936344772,"x"
"1942",24601.1093715227,25438.7330640807,"x"
"1943",24560.8688520256,25197.3848375278,"x"
"1944",25067.6118362369,26234.2747018774,"x"
"1945",24364.9634092188,24792.6932183298,"x"
"1946",24521.3650615401,25056.5174288637,"x"
"1947",25433.3189252421,27069.5271577814,"x"
"1948",24645.419892904,25060.7115819746,"x"
"1949",24623.1055419848,25299.1222268115,"x"
"1950",24804.7452384875,25829.0427219379,"x"
"1951",24779.2346772797,25521.9734313643,"x"
"1952",24707.1762464064,25510.4279321232,"x"
"1953",24999.1618759528,26162.2119349126,"x"
"1954",24427.4657919364,24890.9431946918,"x"
"1955",24834.610838145,25718.454333955,"x"
"1956",24808.4580017689,25945.4616628215,"x"
"1957",24712.6878021012,25568.598515093,"x"
"1958",25435.4635890287,26967.3951932779,"x"
"1959",24487.2988702752,25226.2930754154,"x"
"1960",25352.8532958256,26764.0345963879,"x"
"1961",24807.9088659391,25561.9963898005,"x"
"1962",24314.0904501206,24772.5859426352,"x"
"1963",25351.8646860772,26613.4551603754,"x"
"1964",24596.2004662459,25235.2840742727,"x"
"1965",24406.3292599515,24710.819899356,"x"
"1966",24881.8316740677,25861.3906341716,"x"
"1967",25296.2895924137,26418.8546430582,"x"
"1968",24562.5955031565,25366.5432246865,"x"
"1969",24671.3804854261,25533.5332453804,"x"
"1970",24635.6959860335,25425.7763556178,"x"
"1971",24355.4681393625,25074.2528052966,"x"
"1972",24562.8483227677,25163.6558589478,"x"
"1973",24615.4706952653,25362.6860340953,"x"
"1974",24641.0956353099,25435.7813188687,"x"
"1975",24851.076542774,25852.8043582989,"x"
"1976",24746.0876011045,25510.7566991597,"x"
"1977",25174.1032116098,26406.0316263698,"x"
"1978",24680.7493764281,25372.9344942306,"x"
"1979",25057.2540585277,26150.4832568731,"x"
"1980",25158.076882603,26086.0367108567,"x"
"1981",24835.3386473894,25870.8077447622,"x"
"1982",25057.1138050478,26222.3111224102,"x"
"1983",24617.184920605,25278.061134465,"x"
"1984",25274.620219053,26670.6605396878,"x"
"1985",24577.746598162,25140.3932008551,"x"
"1986",24253.3491250734,24781.2969485297,"x"
"1987",24639.2611298437,25407.0066691735,"x"
"1988",25283.2663100545,26770.1934763753,"x"
"1989",24511.5914058868,25044.4183994085,"x"
"1990",24479.2873514281,25090.5594599301,"x"
"1991",24618.3591378981,25521.5573794371,"x"
"1992",24662.594097149,25490.2500249517,"x"
"1993",24873.0810657378,26039.9491721683,"x"
"1994",25310.5802061812,26706.0391955496,"x"
"1995",25025.1701328244,26192.4320176139,"x"
"1996",24356.687024528,24911.3730147865,"x"
"1997",24582.3529624382,25442.5598977978,"x"
"1998",25126.3852808087,26444.6748948758,"x"
"1999",24827.8538406421,25861.7459025736,"x"
"2000",24340.550534404,24859.6369845856,"x"
"2001",24284.2156160357,24907.5129092765,"x"
"2002",24912.8371917634,25841.3731293597,"x"
"2003",24891.259007523,25999.034107856,"x"
"2004",25373.3952052163,26688.3051477783,"x"
"2005",24676.225497126,25530.4697864818,"x"
"2006",24888.8258867435,26061.8500820942,"x"
"2007",24726.4046329062,25504.0403613253,"x"
"2008",24701.0153420941,25211.144562276,"x"
"2009",24698.7168151558,25383.3204485347,"x"
"2010",24491.370974522,24916.6087888961,"x"
"2011",24722.8052207607,25625.6398307169,"x"
"2012",24411.632210828,25133.4435107299,"x"
"2013",24564.0589644274,25341.1580065116,"x"
"2014",24639.775165285,25412.5336241373,"x"
"2015",24733.0565586538,25617.8764520926,"x"
"2016",24784.3504905821,25792.8961774008,"x"
"2017",24367.1625776631,24955.3339296771,"x"
"2018",24200.8819249471,24490.230998269,"x"
"2019",24793.8332690213,25617.6041593556,"x"
"2020",24645.9283936532,25297.7772183744,"x"
"2021",24443.9790745833,24859.3365672695,"x"
"2022",24982.8816114839,26234.9660106583,"x"
"2023",24366.6124008422,24835.7628638197,"x"
"2024",25036.9608812588,26257.2449270213,"x"
"2025",24902.783302808,25974.803684051,"x"
"2026",24871.9451979433,25790.2513089284,"x"
"2027",24154.9824485876,24424.5216274388,"x"
"2028",24863.0581865633,25623.0424487423,"x"
"2029",24325.3821412733,24848.9781978563,"x"
"2030",24730.6690700571,25504.5013167161,"x"
"2031",24853.170667396,25893.7993436607,"x"
"2032",24669.8103971942,25479.9076352043,"x"
"2033",25206.8220148297,26486.6482293872,"x"
"2034",25034.8551492195,26029.0740658875,"x"
"2035",24474.7940188391,24844.7696254245,"x"
"2036",24408.6692061604,24637.4840935747,"x"
"2037",25226.956727764,26569.4625881151,"x"
"2038",26248.6216186536,28647.1489211721,"x"
"2039",24452.0046442162,24938.2285150823,"x"
"2040",24627.5594616941,25280.234887957,"x"
"2041",24517.8345001632,24976.9313348021,"x"
"2042",25708.1748461458,27477.257894989,"x"
"2043",24862.5757159466,25801.7780440464,"x"
"2044",24874.0978412809,25996.2779754408,"x"
"2045",24480.034891393,24921.6941299428,"x"
"2046",24266.4821931878,24771.0853932159,"x"
"2047",24776.0405505921,25668.972103773,"x"
"2048",24410.2070553213,24897.2479828398,"x"
"2049",25048.9736309163,25826.3870320451,"x"
"2050",25176.9689408783,26209.2445464165,"x"
"2051",25768.6154748692,27763.8220781312,"x"
"2052",24265.3019585389,24955.0507367869,"x"
"2053",24216.371621644,24832.4022590133,"x"
"2054",24478.1073671576,25124.2356671295,"x"
"2055",24464.1502689577,25218.6070529142,"x"
"2056",24543.269304596,25211.0550955113,"x"
"2057",24571.6556273881,25369.835514321,"x"
"2058",25257.0081072236,26602.8666820221,"x"
"2059",25375.2007604157,27014.4134663126,"x"
"2060",24436.0894729394,25150.7263479971,"x"
"2061",24415.7921755674,24984.3588237569,"x"
"2062",25010.087737297,26233.8228926847,"x"
"2063",24752.2340717987,25446.6439168112,"x"
"2064",24940.9480016594,25971.8931167872,"x"
"2065",24986.2000811012,25993.4827870933,"x"
"2066",25143.7445052547,26090.4928379009,"x"
"2067",24456.2115003372,25019.0024342077,"x"
"2068",25128.0053790566,26347.3305877812,"x"
"2069",24800.6721781703,25741.6318835022,"x"
"2070",24352.8975218935,24960.5034377284,"x"
"2071",25089.7518549038,26343.5939669162,"x"
"2072",25511.1653468158,27005.887475023,"x"
"2073",25265.9278761731,26553.8964544237,"x"
"2074",24903.5030621816,25794.2098167888,"x"
"2075",24852.6686640678,25693.5524648296,"x"
"2076",24574.3299978461,25148.982744588,"x"
"2077",24879.8344905669,25576.9351513798,"x"
"2078",24479.5565668475,25003.9161083714,"x"
"2079",24671.7202825491,25429.2506247973,"x"
"2080",24909.5749268714,25921.6968178503,"x"
"2081",24500.9293459621,25135.858865881,"x"
"2082",25212.3954305685,26501.2504673784,"x"
"2083",25041.5124919704,26238.2411185522,"x"
"2084",24819.916754183,25684.1132406329,"x"
"2085",25162.2736186423,26375.152566474,"x"
"2086",25120.960212711,26376.727430624,"x"
"2087",24347.3949329245,25021.6166635605,"x"
"2088",24703.9662750923,25666.2591156113,"x"
"2089",24397.7367111309,25039.6412618263,"x"
"2090",24813.3450051178,25735.9864403355,"x"
"2091",24369.4281975188,25034.7780905064,"x"
"2092",24627.7474229352,25421.7202480738,"x"
"2093",24484.4966268278,25226.096616236,"x"
"2094",24585.5007215018,25270.6668254781,"x"
"2095",24835.8050491806,25568.4131979394,"x"
"2096",24363.342952843,24758.1075662087,"x"
"2097",24517.5188083612,25165.8070961037,"x"
"2098",24542.0998317459,25048.2020423013,"x"
"2099",25740.7269800689,27527.512985035,"x"
"2100",25289.6520415074,26588.4478948756,"x"
"2101",24591.0098765887,25398.0893342514,"x"
"2102",24312.4191244854,24690.85405222,"x"
"2103",24919.1309895372,26031.4009232366,"x"
"2104",24441.5963651127,24958.8519744579,"x"
"2105",24633.4431012384,25179.8203619736,"x"
"2106",25084.0614150546,26355.1904483153,"x"
"2107",25635.8705723204,27151.3635837799,"x"
"2108",25084.9121409429,26304.6661602076,"x"
"2109",25130.8459361987,26298.1482558756,"x"
"2110",25344.7819457113,26766.2797151353,"x"
"2111",24286.7698918488,24739.0276480008,"x"
"2112",24667.6633449324,25649.9737386787,"x"
"2113",24615.1483289618,25066.2586015147,"x"
"2114",24631.5417497366,25291.7242161318,"x"
"2115",25434.3149168407,27087.7930251064,"x"
"2116",24371.7955129139,24940.5298035367,"x"
"2117",24755.2144518296,25603.1714528077,"x"
"2118",24403.9322276703,25200.140518228,"x"
"2119",25847.8573413611,27791.0700028361,"x"
"2120",24728.2393825179,25496.7836986745,"x"
"2121",24718.2804358307,25663.955559214,"x"
"2122",25019.9715762121,26225.5707134049,"x"
"2123",24456.7601350891,25184.2205444435,"x"
"2124",24978.719392329,26211.2895876925,"x"
"2125",24403.1282372186,24727.7704139075,"x"
"2126",24311.5060498039,24976.6230762918,"x"
"2127",24943.488170417,26017.2394960249,"x"
"2128",25673.8451784802,27484.1356081225,"x"
"2129",24900.2309726163,26035.325675792,"x"
"2130",24580.4045122507,25328.9509836466,"x"
"2131",25013.582328748,26119.0811480288,"x"
"2132",24981.5113009856,26106.973359659,"x"
"2133",24660.2575775746,25362.8023182702,"x"
"2134",24778.6782626484,25562.3948291258,"x"
"2135",25008.920526719,26188.7572899751,"x"
"2136",24618.6000495264,25409.5744059937,"x"
"2137",24960.5313900052,25935.7619666908,"x"
"2138",24252.5073703106,24641.9908603224,"x"
"2139",24818.5462767423,25567.9046815938,"x"
"2140",25860.3034221068,27695.4730189565,"x"
"2141",25087.1055198868,26032.3410975397,"x"
"2142",24752.3958789607,25507.0312378327,"x"
"2143",24223.106590895,24555.873487403,"x"
"2144",25390.391372699,26767.9743168253,"x"
"2145",25595.0531092573,27281.7351118928,"x"
"2146",24612.9189874441,25125.1251184996,"x"
"2147",24700.0463962246,25374.1760352016,"x"
"2148",24440.0848694013,24920.1178080221,"x"
"2149",24553.0681903459,25252.8140545563,"x"
"2150",24705.8873439762,25459.0032109638,"x"
"2151",24873.9249598254,25757.4453585333,"x"
"2152",24807.2676541571,25939.7012917699,"x"
"2153",24394.2681451174,25049.5723472226,"x"
"2154",24370.2456627807,24816.4064556559,"x"
"2155",24761.2213487672,25627.9299884416,"x"
"2156",24935.717868236,25999.0443910741,"x"
"2157",24942.0706653754,25882.0846092537,"x"
"2158",24837.3730675826,25860.2260672267,"x"
"2159",24609.6031964742,25335.0286856787,"x"
"2160",24689.1151659545,25283.123639471,"x"
"2161",25416.1684873643,26716.0590293108,"x"
"2162",24842.7122929827,25829.1899428372,"x"
"2163",24426.507382061,24885.8698678118,"x"
"2164",24278.9959113402,24792.5427902024,"x"
"2165",25427.7318728085,26904.5804889883,"x"
"2166",24336.5670568622,24549.4224524732,"x"
"2167",24880.1106933859,25871.5995152578,"x"
"2168",24745.6001529826,25681.9589460434,"x"
"2169",24420.9677455946,25010.5856184389,"x"
"2170",24397.5726819076,24819.1052033463,"x"
"2171",24642.6204100847,25181.3658897934,"x"
"2172",24865.9149677643,25873.7072246284,"x"
"2173",24614.527063195,25355.4232944254,"x"
"2174",24584.2060220413,25183.986937222,"x"
"2175",24706.5295439606,25253.5976244098,"x"
"2176",25256.4631500587,26619.1106612988,"x"
"2177",24870.4085556734,25725.4995758873,"x"
"2178",25088.8880247007,26226.2864805006,"x"
"2179",24345.8626055286,24860.095722971,"x"
"2180",24497.8239298435,24963.0397270253,"x"
"2181",24412.347778201,24953.4649912298,"x"
"2182",24715.3649749388,25617.0539954827,"x"
"2183",24565.0265553339,25294.1333395466,"x"
"2184",24900.2967852503,25858.2070790729,"x"
"2185",25652.9191084657,27588.2071359957,"x"
"2186",24522.4186874958,24778.8493462062,"x"
"2187",24477.6001983849,24936.6784813549,"x"
"2188",24999.63249477,26138.0442426419,"x"
"2189",24872.5172666765,25935.2602359144,"x"
"2190",24486.0418450737,25186.1294752703,"x"
"2191",24789.9676072391,25745.2708768406,"x"
"2192",24730.58241484,25652.0286113931,"x"
"2193",24908.5844348395,25945.2063466652,"x"
"2194",25462.9100822569,27026.1605148007,"x"
"2195",24453.9876044421,25180.1008550359,"x"
"2196",24456.0238784018,24937.445673303,"x"
"2197",25288.777123955,26647.4954369974,"x"
"2198",24665.2688267562,25660.8521115299,"x"
"2199",24385.167088933,24878.0499522903,"x"
"2200",24755.241372964,25605.321338864,"x"
"2201",24576.4727847745,25554.3850703613,"x"
"2202",24634.5931278126,25384.5072768095,"x"
"2203",24574.4827958059,25203.1176713251,"x"
"2204",24493.6720494803,25244.5051142336,"x"
"2205",24984.3425894209,26060.6354316608,"x"
"2206",24572.3072860851,25270.8578636627,"x"
"2207",24615.019077323,25294.1851707468,"x"
"2208",24713.6912365805,25601.0969190329,"x"
"2209",24584.2165585914,25352.462589957,"x"
"2210",24827.1673457589,25646.4458172554,"x"
"2211",25324.0133301021,26607.1934491104,"x"
"2212",24665.7257840817,25530.8098453536,"x"
"2213",25346.1309152189,26765.6218254877,"x"
"2214",24435.1470598143,25052.6835512758,"x"
"2215",25171.7665789267,26423.590359395,"x"
"2216",24613.2454300178,25588.883338083,"x"
"2217",25334.2276368194,26577.1252088109,"x"
"2218",24758.0296764823,25577.65793499,"x"
"2219",24496.8735280309,25182.4156479075,"x"
"2220",24985.8059166734,26213.6488149048,"x"
"2221",24800.8786990826,25607.6207858061,"x"
"2222",24678.5055285575,25465.414176644,"x"
"2223",25325.4394700458,26875.9412383622,"x"
"2224",24482.5709345666,25044.4082248122,"x"
"2225",24922.7353863889,25927.5679448032,"x"
"2226",24539.6226863404,24964.082507915,"x"
"2227",24491.4847476784,24805.2778714939,"x"
"2228",25251.3140280725,26639.8554941346,"x"
"2229",25111.2291211082,26362.3719354611,"x"
"2230",25570.2731539896,27155.8797483753,"x"
"2231",24524.8186007592,25161.1387197603,"x"
"2232",24640.9023845495,25580.9457538412,"x"
"2233",24669.5050570259,25449.1207184444,"x"
"2234",25798.1529071398,27677.894094052,"x"
"2235",25213.1648389462,26075.8193032531,"x"
"2236",24759.8430895324,25444.0205444751,"x"
"2237",25240.0922987228,26547.7787558469,"x"
"2238",24834.2003197356,25800.8274634061,"x"
"2239",24627.9028960125,25532.6582837881,"x"
"2240",24869.4180543619,25743.6753954539,"x"
"2241",24769.2012148513,25630.5158688719,"x"
"2242",24594.869043392,25342.4260042284,"x"
"2243",24261.934676889,24939.3971979016,"x"
"2244",24937.8032934202,26059.0024266831,"x"
"2245",24911.296270552,25676.0559736157,"x"
"2246",24329.8064320673,24729.5138549457,"x"
"2247",24579.1266302774,25195.7027589144,"x"
"2248",24528.5964186618,24966.6699788188,"x"
"2249",24398.4875737415,24742.330266703,"x"
"2250",24487.5948652599,24937.4121246422,"x"
"2251",24661.450297864,25229.3349125962,"x"
"2252",26537.8866598892,29049.6557663833,"x"
"2253",24565.0741503361,25083.1291551549,"x"
"2254",26597.5565831326,29202.9053921706,"x"
"2255",24781.0517423613,25781.455713373,"x"
"2256",24621.2865348095,25420.4305670455,"x"
"2257",24774.8152578448,25580.5384126059,"x"
"2258",24754.8634387187,25594.8246162002,"x"
"2259",24672.1451554434,25315.546883177,"x"
"2260",25155.0260746802,26643.1047776857,"x"
"2261",24928.7124701194,25964.2667190459,"x"
"2262",25241.9387179695,26443.6043529437,"x"
"2263",24398.1759502342,24854.3647782637,"x"
"2264",26015.7791746152,28435.7969066526,"x"
"2265",26673.8628449698,29293.8333042872,"x"
"2266",25444.2922122396,26784.2158348744,"x"
"2267",24674.4444546633,25590.7136588062,"x"
"2268",24696.1471028763,25549.710895266,"x"
"2269",25239.1824511807,26562.1989988268,"x"
"2270",25009.5018861131,26249.280958302,"x"
"2271",24657.4340533274,25429.1472742504,"x"
"2272",24306.0978716055,24693.5199177124,"x"
"2273",25095.9827996151,26221.9469128784,"x"
"2274",24389.3894684369,25021.3252572678,"x"
"2275",24354.876822589,24833.4528809014,"x"
"2276",24652.9548299602,25380.9023851636,"x"
"2277",24397.2118398236,24893.6913803818,"x"
"2278",24624.9590793494,25424.0555244539,"x"
"2279",24286.9828571989,24695.1287440202,"x"
"2280",24734.8625659385,25601.0599251918,"x"
"2281",24642.7604209397,25421.8227352419,"x"
"2282",24526.5596647054,25216.24068057,"x"
"2283",25088.1557857048,26133.9701221782,"x"
"2284",25186.6910500356,26446.7735056023,"x"
"2285",24527.4977561479,25061.6111986422,"x"
"2286",24539.1760492086,25216.2769143027,"x"
"2287",24596.3302248427,25449.9973480504,"x"
"2288",24483.1525989767,25037.4603780943,"x"
"2289",24640.9696492476,25283.4137926091,"x"
"2290",24702.3831162958,25363.3678879834,"x"
"2291",25458.9299698657,27074.1009221205,"x"
"2292",24736.5684776131,25668.3092401721,"x"
"2293",24453.3440355337,25010.4883148492,"x"
"2294",25160.5801379627,26276.9049425468,"x"
"2295",24217.7322818908,24716.6837547797,"x"
"2296",24547.662276875,24930.3398998262,"x"
"2297",24844.5077430454,25887.7532193354,"x"
"2298",24591.6804166016,25188.0132442843,"x"
"2299",24856.6041795747,25959.6432903123,"x"
"2300",24774.9600350567,25423.2700758308,"x"
"2301",24911.3937573424,26030.9523080889,"x"
"2302",24487.3808302469,25165.8425483845,"x"
"2303",25380.1897178692,26978.558780754,"x"
"2304",24469.8686070896,24761.818320881,"x"
"2305",25175.7470120329,26402.7777848136,"x"
"2306",24805.9308286028,25760.6608343754,"x"
"2307",25250.9842454265,26507.5993212852,"x"
"2308",24452.8077938461,25199.1295680505,"x"
"2309",24607.1244719141,25461.249386537,"x"
"2310",25015.2629474001,26233.720747719,"x"
"2311",34336.6178211089,50098.9121692487,"x"
"2312",24950.9506183333,26076.9226246845,"x"
"2313",24642.2733471176,25362.8789534546,"x"
"2314",25658.0146295065,27458.6556596901,"x"
"2315",24416.0424695409,24878.465986961,"x"
"2316",24806.9906913903,25708.9471569199,"x"
"2317",25116.2849668357,26401.443713441,"x"
"2318",24480.9385986553,24827.1320027424,"x"
"2319",24394.0907523146,25030.4504518148,"x"
"2320",24915.5747207871,25621.3376192748,"x"
"2321",24537.5041737204,25132.9742280349,"x"
"2322",24373.5979146093,24699.8606435313,"x"
"2323",24424.4818941065,24928.1549620749,"x"
"2324",24508.4673124982,25145.4786224688,"x"
"2325",24642.4410807951,25554.6479045115,"x"
"2326",25691.2440538835,27566.5951494394,"x"
"2327",28252.8820123685,32765.5658832562,"x"
"2328",24552.2680263442,25064.0329055926,"x"
"2329",24629.1908818102,25229.4965671966,"x"
"2330",24894.5873664504,25905.6891582722,"x"
"2331",24561.1135577539,25329.1000127293,"x"
"2332",24722.7524501492,25452.2696120143,"x"
"2333",24373.6594863275,24880.2956148303,"x"
"2334",25384.693441896,26999.8348173211,"x"
"2335",25195.5507061351,26385.5129287288,"x"
"2336",24735.0677818585,25553.2700223485,"x"
"2337",24602.246656081,25227.3065208199,"x"
"2338",24550.6924222391,25123.4960113078,"x"
"2339",24479.6185683006,25164.0778541094,"x"
"2340",24699.6191928053,25060.9064143041,"x"
"2341",24303.5602016278,24789.6637639324,"x"
"2342",24864.3761859227,25758.207104138,"x"
"2343",24712.7665364472,25386.1393305454,"x"
"2344",24678.0623394493,25306.7838950665,"x"
"2345",25013.1857511641,26315.3124750639,"x"
"2346",24921.7733655333,26128.1827333636,"x"
"2347",24372.8153891419,25040.3756653456,"x"
"2348",24629.3889311791,25474.1346963669,"x"
"2349",24386.6804097734,24659.1392224852,"x"
"2350",24488.6924261927,25063.7373996374,"x"
"2351",24524.9301365696,25068.4870527116,"x"
"2352",24482.3518857404,25157.5495189389,"x"
"2353",25157.4961232201,26527.0520736459,"x"
"2354",24638.1027911951,25457.1907353712,"x"
"2355",24700.2016434997,25543.8300026319,"x"
"2356",25445.9122702701,26944.8101676518,"x"
"2357",25356.23361321,26625.7256138663,"x"
"2358",24860.5408758677,25780.5214302348,"x"
"2359",24605.1684446383,25425.9874776063,"x"
"2360",24498.0470053799,25111.1771333268,"x"
"2361",24579.2291319574,25369.1642924308,"x"
"2362",25682.9636284815,27515.5662922185,"x"
"2363",24773.6573413081,25611.3700288891,"x"
"2364",24417.2574790526,24912.1125407379,"x"
"2365",24438.2261677974,24894.058782753,"x"
"2366",25125.0773526843,26282.9470266902,"x"
"2367",24248.6458380996,24594.1988640631,"x"
"2368",25068.5428780221,26178.4061358567,"x"
"2369",24830.4800077336,25575.0061149983,"x"
"2370",25057.539693825,26249.0700765916,"x"
"2371",24330.6128719722,24718.7660068969,"x"
"2372",24912.4417930157,25941.5013660101,"x"
"2373",24376.7290939035,24893.8429630512,"x"
"2374",25045.0052946725,26161.783409477,"x"
"2375",25178.9848092883,26392.1946689705,"x"
"2376",24746.0368362883,25610.2084397052,"x"
"2377",24511.197252526,25092.1371205153,"x"
"2378",25487.2288472664,27274.5306652899,"x"
"2379",24959.0951117404,26045.4008754354,"x"
"2380",25706.7816621405,27153.6718412036,"x"
"2381",24735.1144517888,25615.3025348622,"x"
"2382",24898.2500095056,25848.2170371598,"x"
"2383",25562.0802150059,27034.4258829203,"x"
"2384",24505.2775841077,25233.5267365211,"x"
"2385",24745.6779703429,25638.1976747403,"x"
"2386",25130.4530816506,26358.3007024482,"x"
"2387",25072.6565625245,26221.8523423446,"x"
"2388",24830.5372438291,25658.759061512,"x"
"2389",27125.7571915483,30234.7922066535,"x"
"2390",24435.2053690662,25023.18699962,"x"
"2391",25121.067759724,26385.2640392008,"x"
"2392",24722.1074154749,25621.6581637365,"x"
"2393",24994.1705437275,25997.420061997,"x"
"2394",25182.2324299709,26571.4963909313,"x"
"2395",24574.1281026917,25062.7866056729,"x"
"2396",24627.8086858703,25557.7547975235,"x"
"2397",24830.4971075744,25681.7804698497,"x"
"2398",25488.7426158319,27162.8722352317,"x"
"2399",24449.7213507239,25084.1550405353,"x"
"2400",24885.8960323952,25805.8442587362,"x"
"2401",24223.8971379579,24553.5148656998,"x"
"2402",24654.6588068954,25254.1852999087,"x"
"2403",24804.3127880247,25677.3884148897,"x"
"2404",24862.9447061971,25865.8619842122,"x"
"2405",24941.1369019501,26038.1083321861,"x"
"2406",25500.9649837624,27054.7238284018,"x"
"2407",24439.6390309518,24979.9730267892,"x"
"2408",24622.8915248005,25380.866408395,"x"
"2409",24557.0370580487,25308.2062312087,"x"
"2410",25626.9716534471,27289.0169252026,"x"
"2411",24733.8768248913,25626.4167096555,"x"
"2412",24792.0864862888,25847.5331452199,"x"
"2413",25082.14208889,26036.7375463273,"x"
"2414",25113.3107718567,26443.848834693,"x"
"2415",24723.5645298724,25407.4061237193,"x"
"2416",24589.3577224366,25279.2908237234,"x"
"2417",24739.2104031065,25598.4115517312,"x"
"2418",24989.2612098439,26185.213457684,"x"
"2419",25672.7248004064,27259.972754791,"x"
"2420",25760.6245931615,27671.2352545337,"x"
"2421",24816.5273835283,25872.0343068982,"x"
"2422",24454.0861251207,25127.0538285592,"x"
"2423",24768.6898773535,25683.1033449529,"x"
"2424",24385.8617348815,24894.6163245704,"x"
"2425",25280.7348537458,26771.6178577986,"x"
"2426",24760.0461596242,25610.8997910304,"x"
"2427",24439.1100266507,24954.2208378428,"x"
"2428",24685.3493266201,25559.5647022573,"x"
"2429",24839.1385652263,25785.3954424708,"x"
"2430",24914.5216633932,26130.446432547,"x"
"2431",24479.207597507,24932.5352726095,"x"
"2432",25922.5640391567,27895.392118312,"x"
"2433",25292.6801394556,26824.8904673888,"x"
"2434",24425.0486627025,24969.4757599328,"x"
"2435",24939.5360479507,26185.5900228591,"x"
"2436",24578.7142129818,25313.7627790918,"x"
"2437",24796.9104385616,25724.1328696117,"x"
"2438",24755.2337988446,25545.6541562633,"x"
"2439",24820.3094741128,25895.2598363385,"x"
"2440",24425.8507538036,25020.1244843939,"x"
"2441",26205.6814793602,28159.7467142704,"x"
"2442",25087.1842252509,26303.1418094922,"x"
"2443",28249.1689272188,32765.6806915377,"x"
"2444",24529.65409479,25357.7759711338,"x"
"2445",25326.8685494031,26752.3632485098,"x"
"2446",24521.5639876394,25313.7499269356,"x"
"2447",25233.8543755202,26597.0465281969,"x"
"2448",24611.2621603883,25322.5336214584,"x"
"2449",24685.5623249636,25279.6875877308,"x"
"2450",24553.2474096338,25444.3087219737,"x"
"2451",24946.2295763807,25976.8368040305,"x"
"2452",24981.4007287426,26060.3045684402,"x"
"2453",24661.4274808595,25564.7600405994,"x"
"2454",24398.4109239909,24875.9165661114,"x"
"2455",24506.2002198825,25304.8919549344,"x"
"2456",24746.9636671965,25674.7617102234,"x"
"2457",25472.6462681819,27114.9349198741,"x"
"2458",24971.8963638373,26037.7782540082,"x"
"2459",24786.5590181986,25503.7539905003,"x"
"2460",25062.2064769467,26146.9779829375,"x"
"2461",25419.4808514604,26918.2026538227,"x"
"2462",24906.6648067115,25923.5037563067,"x"
"2463",24470.5214062547,25136.0156395634,"x"
"2464",25015.4564534255,26095.4583240288,"x"
"2465",25591.307093525,27186.5667016133,"x"
"2466",24824.7030696818,25808.3638993496,"x"
"2467",24422.7657178679,25082.2832037883,"x"
"2468",24530.5829296148,24896.1637774924,"x"
"2469",24625.2003764608,25367.0223773863,"x"
"2470",24674.6012189508,25617.262857023,"x"
"2471",25119.9886962679,26266.5641255241,"x"
"2472",24521.8012375462,25130.2601448083,"x"
"2473",24656.6028115418,25375.6487891247,"x"
"2474",25620.336509424,27191.8968499183,"x"
"2475",24749.0388273219,25683.4601949538,"x"
"2476",24692.2983141055,25398.517707593,"x"
"2477",24804.143764564,25769.3613924149,"x"
"2478",25378.2401995074,26875.0370444442,"x"
"2479",27934.403477961,32140.8021709285,"x"
"2480",25509.9445465404,27007.0930051695,"x"
"2481",24684.3799834279,25290.4399133358,"x"
"2482",24830.150783994,25649.0011025417,"x"
"2483",24243.8127265192,24710.036131422,"x"
"2484",24400.3742079986,25077.3008259626,"x"
"2485",24815.403397306,25913.8500786699,"x"
"2486",24514.3361315293,24953.2407349,"x"
"2487",24488.1489425622,25129.6057286898,"x"
"2488",24958.8842912261,25983.3275628034,"x"
"2489",24233.5421756622,24583.8783388878,"x"
"2490",24548.5138148513,25135.5194481927,"x"
"2491",25014.8050094793,26063.0195271354,"x"
"2492",24841.4187148158,25870.7745709034,"x"
"2493",25122.0097043699,26403.0352042414,"x"
"2494",24547.7613262656,25363.36707795,"x"
"2495",24368.4390752536,24716.6437733839,"x"
"2496",25093.5986193935,26249.3034151969,"x"
"2497",24556.4259464085,25232.0181163371,"x"
"2498",24804.5409946088,25541.7790011813,"x"
"2499",24813.8867767629,25784.4526589892,"x"
"2500",25339.0434216384,26830.9500192697,"x"
"2501",24363.5817051669,24697.9029596823,"x"
"2502",24715.3938450152,25401.2524122361,"x"
"2503",24544.6152569533,25229.0385821672,"x"
"2504",24631.3047859055,25394.1095405381,"x"
"2505",25716.1127922396,27674.0976915271,"x"
"2506",24610.5840202484,25435.0199696265,"x"
"2507",24276.6536023776,24795.5081956454,"x"
"2508",24603.5629174712,25130.4598112969,"x"
"2509",25584.1638172312,27297.1437665331,"x"
"2510",31517.2586683528,43245.8101857416,"x"
"2511",24598.1311546753,25270.1222300795,"x"
"2512",24982.1710553841,26044.1008773124,"x"
"2513",24717.2086336831,25175.1653225304,"x"
"2514",24700.1980156547,25474.734720744,"x"
"2515",24427.9521460698,25067.4670507625,"x"
"2516",24962.225233453,25938.5580398031,"x"
"2517",25012.7803749226,26115.5802021688,"x"
"2518",24516.0702000888,25073.1006572359,"x"
"2519",24648.4225693181,25401.6210498768,"x"
"2520",24570.8513350336,24827.0840654903,"x"
"2521",24821.8468402745,25866.3256582189,"x"
"2522",24397.8336537611,24928.623867904,"x"
"2523",25161.5449624756,26589.6824303794,"x"
"2524",24382.9002372321,24889.04804104,"x"
"2525",24334.2374715505,24904.8668183699,"x"
"2526",24688.2885128601,25646.2531076565,"x"
"2527",25288.1802235025,26675.3297754421,"x"
"2528",24938.6309038084,26011.399065836,"x"
"2529",24829.4191466374,25494.9996897739,"x"
"2530",24389.5033534594,24867.0088511249,"x"
"2531",24509.9882225422,25005.6834934087,"x"
"2532",24698.8625839804,25491.7964171231,"x"
"2533",24965.2174299659,26120.0766731954,"x"
"2534",25447.0382225991,27104.2497054908,"x"
"2535",24825.9880814365,25749.9413252013,"x"
"2536",24746.3570316954,25694.3499208134,"x"
"2537",24511.8663830888,25007.7860615544,"x"
"2538",24451.1455259314,25180.1413998548,"x"
"2539",24775.4536356832,25768.3781771161,"x"
"2540",24783.9149204509,25511.8289287802,"x"
"2541",24548.0106683958,25534.7854737868,"x"
"2542",24295.5082828421,24833.2230185504,"x"
"2543",26190.1524962952,28385.6312797238,"x"
"2544",24907.6555100635,26030.4763964029,"x"
"2545",24774.6996157178,25765.472400154,"x"
"2546",24479.5758576239,25085.1331460942,"x"
"2547",24510.8297326704,24917.5081703949,"x"
"2548",24693.5354433043,25345.7141523758,"x"
"2549",24709.2000703601,25475.3475621422,"x"
"2550",24692.3161189755,25441.0767501217,"x"
"2551",24598.5406730507,25245.9264755963,"x"
"2552",25575.4060661957,27387.150032778,"x"
"2553",24330.3840420727,24833.1082247925,"x"
"2554",24794.7481500631,25703.0159952465,"x"
"2555",26059.2876236162,27681.6554599876,"x"
"2556",24315.0374035419,24854.4284588315,"x"
"2557",24366.7663949811,24829.661860692,"x"
"2558",25123.2690760647,26398.4770956873,"x"
"2559",24660.2163773889,25300.9878356851,"x"
"2560",24696.448453606,25427.430842415,"x"
"2561",25130.675956076,26441.8854283947,"x"
"2562",25262.1609858741,26675.9734671552,"x"
"2563",24563.0082673176,25336.863400397,"x"
"2564",24305.9283478389,24790.2778847997,"x"
"2565",24492.688607299,24871.7782709205,"x"
"2566",24417.98766942,24949.7180678173,"x"
"2567",24595.8196856773,25455.5228184536,"x"
"2568",24600.8588099692,25394.2269956661,"x"
"2569",24653.0821418271,25438.841224882,"x"
"2570",25112.0258405106,26407.6800633594,"x"
"2571",24777.7542983123,25641.3817046187,"x"
"2572",25246.6147353144,26590.709479451,"x"
"2573",24495.7559163726,25247.3027022822,"x"
"2574",24761.7462934468,25465.5521325562,"x"
"2575",24995.3391431399,26121.0423951812,"x"
"2576",24573.0252027422,25346.4053711605,"x"
"2577",25034.5002542879,26230.8690097924,"x"
"2578",24518.4780633413,25240.1063157233,"x"
"2579",24521.9846079045,25103.7391934936,"x"
"2580",24373.9804701655,24879.8455244554,"x"
"2581",24624.8478645607,25297.4207557997,"x"
"2582",25354.01694754,26913.3012217868,"x"
"2583",25436.5294506754,27064.2674669923,"x"
"2584",24625.8079765312,25008.2436527067,"x"
"2585",25144.5196797066,26339.2726425766,"x"
"2586",25012.8132093832,26106.0707749983,"x"
"2587",24884.3330621558,26067.0103003516,"x"
"2588",24919.0149650289,25950.8719349777,"x"
"2589",24742.0929128428,25508.7577597577,"x"
"2590",24744.50783056,25653.109976475,"x"
"2591",24649.1060480786,25589.469056626,"x"
"2592",24445.5827812254,25025.2593290358,"x"
"2593",24712.8476892802,25629.4925293372,"x"
"2594",24450.493876587,24875.813607384,"x"
"2595",24514.1105620465,24993.3296878868,"x"
"2596",25442.017618293,26939.4099177451,"x"
"2597",24631.0041062112,25367.3865998894,"x"
"2598",24742.3830912393,25496.3110968653,"x"
"2599",25147.2644187322,26375.5274682395,"x"
"2600",24895.0079270841,25873.325663163,"x"
"2601",25071.0172887518,26429.2291688836,"x"
"2602",24553.7689921494,25306.9215267984,"x"
"2603",24490.4477377649,25231.0983307565,"x"
"2604",24529.4652713863,25073.9012920475,"x"
"2605",24429.1511101711,25123.0214147049,"x"
"2606",25371.3637268786,26817.9615137216,"x"
"2607",24950.477136663,26054.9787320108,"x"
"2608",26853.0276445482,29595.2723928167,"x"
"2609",24544.3135413632,25210.3738616749,"x"
"2610",24585.1503402784,25047.1609526054,"x"
"2611",25078.7146084826,26243.3722118393,"x"
"2612",24245.453396604,24632.9569483738,"x"
"2613",25182.2952926333,26612.0363115075,"x"
"2614",24991.3374034325,25780.4623154218,"x"
"2615",24593.8279382536,25375.7468297426,"x"
"2616",25501.8792393278,27170.4315705629,"x"
"2617",24310.3308513133,24677.491219888,"x"
"2618",25306.2490902107,26809.1441840696,"x"
"2619",24666.0294599813,25554.6680857469,"x"
"2620",24824.3673084998,25793.9398985923,"x"
"2621",24246.2973121456,24539.6803465892,"x"
"2622",24256.3740259007,24936.2415579059,"x"
"2623",24874.7970541318,25931.0957202612,"x"
"2624",25022.2634590786,26143.3636567709,"x"
"2625",24654.1456538769,25383.2220524232,"x"
"2626",24639.8060444697,25469.1956897426,"x"
"2627",24504.8984889792,25097.6867686886,"x"
"2628",24402.5532996018,25073.8746996179,"x"
"2629",24908.476433301,25812.4949671354,"x"
"2630",24708.4992175144,25494.759989614,"x"
"2631",25279.3083085409,26660.9521564047,"x"
"2632",25524.2295391149,27112.6642193758,"x"
"2633",24300.981941759,24969.1761655819,"x"
"2634",24682.3383080011,25367.0889780694,"x"
"2635",24601.6481353162,25371.1689787895,"x"
"2636",24556.828986294,24948.2646501572,"x"
"2637",24692.7539250637,25634.9820863612,"x"
"2638",25168.0454359124,26543.2217536593,"x"
"2639",25227.20193486,26492.1814920795,"x"
"2640",24534.0840664466,25346.1273859218,"x"
"2641",24977.4813930991,26055.7749657046,"x"
"2642",24312.7954599384,24584.9084086682,"x"
"2643",24850.2762766711,25873.0089422835,"x"
"2644",24984.4394791149,26140.9734033476,"x"
"2645",25333.2190849546,26924.4630360411,"x"
"2646",24561.4758431782,25312.6342207314,"x"
"2647",25066.1110524611,26331.926578841,"x"
"2648",24399.9383557846,24982.9718884571,"x"
"2649",24346.3503736113,24735.3100226793,"x"
"2650",24605.0745605434,25237.3574184546,"x"
"2651",24548.3505612661,25299.9638013129,"x"
"2652",25391.2464062796,26823.4125488126,"x"
"2653",25095.9585993248,26382.8032962912,"x"
"2654",26255.3237877691,28645.5925848586,"x"
"2655",24603.6849618214,25264.5728626326,"x"
"2656",24589.6333255346,25464.3383992079,"x"
"2657",24590.6009519902,25155.5124932387,"x"
"2658",24957.6072474638,26128.897755262,"x"
"2659",25017.5509023645,26193.2513933983,"x"
"2660",24379.0725696762,25010.5750964086,"x"
"2661",24925.8726308561,25827.9280151926,"x"
"2662",24497.2331161538,25118.1901583314,"x"
"2663",24307.1836871442,24847.9165837408,"x"
"2664",24288.3697260077,24842.5747486201,"x"
"2665",25032.045533541,26001.9367448586,"x"
"2666",25082.9859290667,26224.5107439437,"x"
"2667",25437.0974410636,27065.5617192071,"x"
"2668",24867.5690306874,25650.2116155915,"x"
"2669",24608.7126749487,25194.8518936001,"x"
"2670",25339.8791096987,26832.1063303859,"x"
"2671",24552.946712042,25246.4341188259,"x"
"2672",25195.5528011118,26441.4855791224,"x"
"2673",24767.6864155311,25585.3808893182,"x"
"2674",24480.5965938047,25095.2989676235,"x"
"2675",24476.9125597626,25084.3625154466,"x"
"2676",25120.0051197188,26564.9986904309,"x"
"2677",24589.1051251869,25261.0394436579,"x"
"2678",24626.0459385621,25387.8847642,"x"
"2679",25052.4999671874,26300.895581444,"x"
"2680",24507.0648664027,25083.3578848892,"x"
"2681",24154.1590512341,24508.2841050329,"x"
"2682",24916.9367952541,25875.5991822385,"x"
"2683",24723.3331742928,25413.7582250541,"x"
"2684",24912.049645821,25956.8868284776,"x"
"2685",24806.1164408304,25778.8864499561,"x"
"2686",24838.6894912986,25850.9157537982,"x"
"2687",25972.4438269185,28156.4858916212,"x"
"2688",24735.6125900935,25450.9264286826,"x"
"2689",24796.8958227052,25602.400036094,"x"
"2690",24576.0954785913,25113.6277696023,"x"
"2691",25135.0485860017,26286.6823960636,"x"
"2692",24156.251771039,24660.5128153911,"x"
"2693",24657.0156521678,25198.0542227074,"x"
"2694",24589.663546758,25246.9435775943,"x"
"2695",24822.7924345295,25672.4166436242,"x"
"2696",24975.1956378408,25930.4654707205,"x"
"2697",24497.3519266612,25074.9858080048,"x"
"2698",25370.5918798673,26955.0687448722,"x"
"2699",25138.4078175312,26377.2185103775,"x"
"2700",25044.6896258342,26203.8905620675,"x"
"2701",25018.1436065029,26211.2994322893,"x"
"2702",24985.4364431133,26158.9752037285,"x"
"2703",24401.9784395586,25009.25782197,"x"
"2704",24287.4656714122,24783.8606190762,"x"
"2705",25016.4825238983,26161.0758775787,"x"
"2706",24526.67380553,25213.6558574955,"x"
"2707",24708.5715721793,25527.5687507596,"x"
"2708",25065.9740178125,26112.1678960859,"x"
"2709",24757.8293423312,25411.4483512874,"x"
"2710",24444.5816669241,25083.7861926483,"x"
"2711",24495.7544042478,25151.8446679912,"x"
"2712",24671.4623046169,25400.9969891286,"x"
"2713",25000.5971345286,26158.2109582856,"x"
"2714",24809.4079740748,25753.8646552902,"x"
"2715",25278.1891627967,26773.4775829323,"x"
"2716",25233.4849007457,26315.0090145776,"x"
"2717",24416.9485289771,24914.6236542669,"x"
"2718",24592.4658576997,25321.5410750935,"x"
"2719",25124.8710094851,26198.2452070116,"x"
"2720",24572.2568811539,25234.0164677734,"x"
"2721",24762.8949966172,25649.7313450407,"x"
"2722",24474.8226891534,25000.4694607507,"x"
"2723",25497.351751355,27162.9724513352,"x"
"2724",25082.7140148059,26346.8454349958,"x"
"2725",25041.117119225,26205.8247192114,"x"
"2726",24632.7723705874,25317.8748883418,"x"
"2727",24515.7176610794,25167.8704196844,"x"
"2728",24721.2140338376,25574.771548702,"x"
"2729",24897.3145938321,25778.9432224337,"x"
"2730",24919.5381443851,25835.225109849,"x"
"2731",24621.3655957877,25467.7616934148,"x"
"2732",24919.8786945347,25959.4375467566,"x"
"2733",25218.4029573201,26595.1256985548,"x"
"2734",24607.3053134666,25266.0869616387,"x"
"2735",24798.2913311378,25784.7530596736,"x"
"2736",24614.9942039062,25467.4308073497,"x"
"2737",25059.9677760233,26192.2442489278,"x"
"2738",24845.3567241657,25845.5069977079,"x"
"2739",24491.0836746953,25141.2525122869,"x"
"2740",24731.3042746683,25515.3727017571,"x"
"2741",24558.9002557995,25352.748988751,"x"
"2742",25207.1240353156,26576.6080450659,"x"
"2743",27320.3858342457,30549.1619488494,"x"
"2744",24972.7075880358,25967.1219254981,"x"
"2745",24898.0619069526,25644.672031902,"x"
"2746",24508.1019583063,25111.0131526276,"x"
"2747",24832.4550768527,25888.9949150855,"x"
"2748",24605.4108532435,25309.9057181174,"x"
"2749",24465.9132418419,25075.6341926266,"x"
"2750",24432.3773314317,24949.5760610241,"x"
"2751",24832.0972658067,25674.0114547,"x"
"2752",24677.5791170549,25272.6186543805,"x"
"2753",25124.2041710198,26386.8684402423,"x"
"2754",24425.9014525307,24800.1525842699,"x"
"2755",24614.6123919769,25431.40279682,"x"
"2756",24199.4148013768,24552.8598496807,"x"
"2757",24550.4890675608,25038.4873183266,"x"
"2758",24642.1696810689,25462.5865090151,"x"
"2759",24919.0579818194,25982.9092364038,"x"
"2760",24937.6755457825,26006.0918024668,"x"
"2761",25257.6527850435,26441.6832330177,"x"
"2762",24852.5201357246,25846.4229986219,"x"
"2763",25962.0492391654,27991.1187384606,"x"
"2764",25056.0878569596,26237.3193734235,"x"
"2765",24706.6822346501,25669.1776541486,"x"
"2766",24761.7175295553,25699.6953487036,"x"
"2767",24483.120965057,24930.8364772637,"x"
"2768",25243.2505548087,26790.6551174582,"x"
"2769",24813.3474605648,25630.445050165,"x"
"2770",24944.4976020206,25871.2001558326,"x"
"2771",24440.9514906733,25153.7863679688,"x"
"2772",24710.1143644004,25338.212514071,"x"
"2773",25524.503553094,27033.607905875,"x"
"2774",24543.1762881971,25413.1174343575,"x"
"2775",24435.7721853618,24867.8625122864,"x"
"2776",24627.1734466374,25480.2130830213,"x"
"2777",24474.8932788367,24989.4057250357,"x"
"2778",25033.9225638086,26153.3808278625,"x"
"2779",24952.3693093755,26037.3609174637,"x"
"2780",24754.4448027808,25440.9301452448,"x"
"2781",24898.8501384401,25769.6300963078,"x"
"2782",25102.8634153265,26282.8458196807,"x"
"2783",24644.6883988126,25508.8806361599,"x"
"2784",24311.6172591835,24735.7332345583,"x"
"2785",24511.9476703587,25194.8724459781,"x"
"2786",24697.0563231715,25459.2875287301,"x"
"2787",24873.1079264187,25757.6166850216,"x"
"2788",24832.7402537174,25714.6291778115,"x"
"2789",25247.4269036567,26535.4192590334,"x"
"2790",25092.168578528,26261.650730054,"x"
"2791",24735.8494450792,25516.0639604168,"x"
"2792",24945.8705875836,26027.1335088954,"x"
"2793",25287.2986555833,26647.0070432864,"x"
"2794",24536.0388865368,25268.0228069947,"x"
"2795",24734.3944049764,25565.5092337454,"x"
"2796",24581.7528312119,25339.9768373453,"x"
"2797",25269.3985430383,26740.300988345,"x"
"2798",24602.0656855033,25332.2611070035,"x"
"2799",24565.3521150802,24931.5168640094,"x"
"2800",25117.3423545112,26017.9819108712,"x"
"2801",25053.8057327228,26185.3301966494,"x"
"2802",24686.207012538,25505.2476414233,"x"
"2803",24960.7513525983,25913.5327429486,"x"
"2804",24610.8002344012,25252.2858475969,"x"
"2805",24645.169801879,25298.9645125663,"x"
"2806",24600.083740278,25120.7584958989,"x"
"2807",25307.9784812489,26833.0583060675,"x"
"2808",25391.3384576527,26897.0333527026,"x"
"2809",24664.314075821,25432.2246806693,"x"
"2810",24673.6425288076,25728.6473822393,"x"
"2811",24993.5472129784,26092.7344617201,"x"
"2812",24572.5284914612,25140.0428561118,"x"
"2813",25115.992007847,26212.6487642134,"x"
"2814",25007.6340666357,26223.3348526674,"x"
"2815",25148.2601790939,26455.0712905622,"x"
"2816",24970.7682705465,25806.3730418262,"x"
"2817",24325.6147353717,24725.2903090898,"x"
"2818",25183.5493642452,26279.4403806041,"x"
"2819",24993.9037627064,25989.802996085,"x"
"2820",25027.2203023046,26255.1478138935,"x"
"2821",24319.2840918952,24807.9131440134,"x"
"2822",24268.4594707145,24674.9062339892,"x"
"2823",25493.8547856652,27030.4988292284,"x"
"2824",24794.3127108012,25563.1285147788,"x"
"2825",24516.0485931376,25172.2795923924,"x"
"2826",24714.8184361252,25296.8474961248,"x"
"2827",24644.0928890412,25547.5701720497,"x"
"2828",25019.5537625272,26049.199575954,"x"
"2829",25176.6672825936,26434.8352329394,"x"
"2830",25027.1615806105,26248.9713081852,"x"
"2831",25116.7106183446,26250.7630236226,"x"
"2832",24780.2978640177,25773.423984855,"x"
"2833",25040.1646406872,26180.4837579676,"x"
"2834",24836.3527600186,25650.6600206343,"x"
"2835",24859.2902728768,25778.4924786537,"x"
"2836",24464.6181782506,25100.0534161415,"x"
"2837",25194.9804138857,26451.2388365001,"x"
"2838",24950.8999834963,25810.0455212057,"x"
"2839",25006.8553101037,26020.7666014788,"x"
"2840",24966.1810587946,25947.1239098862,"x"
"2841",24730.3689724397,25683.073219722,"x"
"2842",25062.7752267038,26092.4175693068,"x"
"2843",24527.1896193114,25201.0192655192,"x"
"2844",24563.1100708189,25314.5765343243,"x"
"2845",24635.3621334559,25269.0079596744,"x"
"2846",24938.0987196244,25789.2185349788,"x"
"2847",24523.3004808775,25035.2040548339,"x"
"2848",24289.1571925032,24743.5743335603,"x"
"2849",24799.6206034971,25740.6152756004,"x"
"2850",24999.8254558588,26032.5285836874,"x"
"2851",24536.4116817058,25165.9645888168,"x"
"2852",24553.504587813,25426.1456545505,"x"
"2853",24893.4367565308,26059.2053742443,"x"
"2854",25324.6890138961,26821.4483312955,"x"
"2855",24315.9913922564,24967.9766052959,"x"
"2856",25080.0788411032,26176.9552998817,"x"
"2857",24931.7549276986,25876.1330285939,"x"
"2858",24913.8296694439,26006.4604401471,"x"
"2859",24483.818380375,24929.6223801284,"x"
"2860",24692.5902600784,25608.7649102272,"x"
"2861",24804.8467925722,25704.0832384292,"x"
"2862",24412.0898774849,25061.2852754053,"x"
"2863",24146.8982344449,24509.4771200238,"x"
"2864",24462.8001343297,24909.9948794209,"x"
"2865",25293.9256218173,26701.7700420413,"x"
"2866",25014.0256333872,25972.0125137188,"x"
"2867",24612.6816792525,25345.5773609236,"x"
"2868",25295.1294389287,26591.960511863,"x"
"2869",24944.5390085309,26190.754757226,"x"
"2870",25100.0570176759,26380.7209962785,"x"
"2871",24488.1636342627,24982.044512109,"x"
"2872",25181.3151787642,26373.3216607012,"x"
"2873",25043.6015032499,26213.5599319244,"x"
"2874",24734.9462901458,25536.713852916,"x"
"2875",24804.6895244494,25571.784819559,"x"
"2876",24616.5901559118,25234.8332213155,"x"
"2877",24924.9216364192,25991.8387089023,"x"
"2878",24278.3203666407,24677.3133582002,"x"
"2879",24562.8336238751,25063.9572506212,"x"
"2880",24503.4533745035,25214.6740676678,"x"
"2881",24674.8367882225,25308.105420108,"x"
"2882",24590.1848246124,25264.7847259188,"x"
"2883",24274.6788684315,24601.2069737923,"x"
"2884",25037.4470643828,26253.3990058335,"x"
"2885",24472.1730509638,25038.3285505739,"x"
"2886",25016.1923114079,26071.9515933686,"x"
"2887",24420.4291921305,24947.7085542107,"x"
"2888",24407.6370263785,24884.0931003046,"x"
"2889",24540.9027338261,25214.0824870297,"x"
"2890",24969.3658386007,26048.1495021987,"x"
"2891",24895.3629896557,25913.8590811038,"x"
"2892",24661.0767392976,25244.3030930947,"x"
"2893",24496.3939400241,24919.3413855528,"x"
"2894",24620.6313897054,25445.260085388,"x"
"2895",24510.249059177,25206.6245852804,"x"
"2896",24439.855010984,24990.3354615372,"x"
"2897",24397.240668235,24818.4039756686,"x"
"2898",24493.9206902412,25049.2434114214,"x"
"2899",24667.1815994278,25658.1941786464,"x"
"2900",24687.7793395654,25413.5135608383,"x"
"2901",24603.5455184927,25334.6885293977,"x"
"2902",25424.0407269334,26977.5074521138,"x"
"2903",24401.5877827435,24804.5647850752,"x"
"2904",24260.851067542,24730.3137763903,"x"
"2905",24336.6629957858,25138.5451255071,"x"
"2906",24411.3971537541,25017.3467464022,"x"
"2907",25156.4510235771,26397.8425002378,"x"
"2908",24926.5062985211,25948.4141821512,"x"
"2909",24961.0466566706,25989.5748231622,"x"
"2910",24427.5962337147,24969.0514892205,"x"
"2911",24769.4372952664,25696.723307975,"x"
"2912",24854.2152198803,25806.8211964511,"x"
"2913",24595.5252573311,25291.2008852584,"x"
"2914",24901.6160360991,25901.7855298605,"x"
"2915",24749.0857961396,25602.2538768247,"x"
"2916",24677.606945264,25473.6321399123,"x"
"2917",25111.1247757671,26206.1582934419,"x"
"2918",24084.6542979082,24272.470660914,"x"
"2919",24299.2414556902,24803.5331537709,"x"
"2920",24386.5028500478,24874.2737701666,"x"
"2921",24581.3682838559,25417.0080392023,"x"
"2922",24419.3463289101,24959.7325183154,"x"
"2923",25363.5813711127,26853.8604513086,"x"
"2924",24985.347685425,26183.4284782147,"x"
"2925",24516.4073714994,25056.9095524738,"x"
"2926",26091.8428824822,28161.454847668,"x"
"2927",24580.3821609998,25100.1372715004,"x"
"2928",24541.8572857149,25212.7195965654,"x"
"2929",24234.6466385437,24758.6382084877,"x"
"2930",24873.0569901464,25704.1502442165,"x"
"2931",24247.762957413,24697.3770121466,"x"
"2932",24764.131421072,25576.9334372435,"x"
"2933",24960.946230534,25791.6318026298,"x"
"2934",24954.1078408133,25997.6623998368,"x"
"2935",24376.4760842323,24873.8201243706,"x"
"2936",24328.9889798192,24758.8635446604,"x"
"2937",24503.3511529347,25059.839393962,"x"
"2938",24700.7935318672,25525.8357044568,"x"
"2939",24632.3770686246,25130.0577497927,"x"
"2940",24964.9981396734,26002.0346119439,"x"
"2941",24095.6669769134,24442.9823207363,"x"
"2942",24576.7992276477,25227.2188916815,"x"
"2943",24134.2699788035,24476.3375678973,"x"
"2944",24672.2775697761,25511.0215838044,"x"
"2945",24593.4317310512,25287.0691809779,"x"
"2946",24717.0024557387,25507.9880749437,"x"
"2947",24512.534833127,25134.2590817571,"x"
"2948",24988.6712124967,26122.8502108984,"x"
"2949",24781.6255018146,25384.9559955767,"x"
"2950",24761.322404427,25757.2153539078,"x"
"2951",24465.4901637925,25132.4547576377,"x"
"2952",24503.5684326067,25066.7948726501,"x"
"2953",24795.6901315706,25684.6007629589,"x"
"2954",24804.4076711867,25607.4401845911,"x"
"2955",25012.0099990399,26084.370355082,"x"
"2956",25025.5588810316,26083.1547224517,"x"
"2957",24319.8510980384,24882.0454828773,"x"
"2958",24402.886836364,24977.378014952,"x"
"2959",24704.8455930379,25548.687832339,"x"
"2960",25169.0130085321,26305.3326121344,"x"
"2961",24970.7853962988,26196.0355246382,"x"
"2962",24588.0097136353,25321.5579361128,"x"
"2963",25839.3080932657,27847.0180469675,"x"
"2964",24553.8696553199,25172.0616853757,"x"
"2965",24884.8065692414,25779.5636126937,"x"
"2966",25057.2775235719,26385.0610075968,"x"
"2967",25606.2072956683,27204.6631195241,"x"
"2968",24739.9641543142,25581.9045945239,"x"
"2969",24784.9640495148,25727.1549104852,"x"
"2970",24443.9737812129,24777.5008178282,"x"
"2971",24628.520500498,25296.425109952,"x"
"2972",25972.083449705,28014.9703705225,"x"
"2973",24492.2798802196,25064.2039070249,"x"
"2974",24306.2418740438,24913.6560841553,"x"
"2975",24655.2960448423,25383.6044944721,"x"
"2976",24890.5554481202,25964.7190085391,"x"
"2977",24858.6073763134,25733.7010430692,"x"
"2978",25394.034367565,26766.7047076568,"x"
"2979",24567.5452801213,25147.5818917263,"x"
"2980",25909.982651338,27938.7524067016,"x"
"2981",24581.1955944746,25375.6353054862,"x"
"2982",24862.0337866911,25638.2490925506,"x"
"2983",24852.8849017986,25922.7444309383,"x"
"2984",24806.0636324962,25826.5962409577,"x"
"2985",25029.7876643737,26025.5503403025,"x"
"2986",25473.6746226793,27056.6720237569,"x"
"2987",24970.3845877261,26138.4237274336,"x"
"2988",24340.5611118736,24803.3756538228,"x"
"2989",24825.5605809702,25882.4019019335,"x"
"2990",25659.2145963513,27275.3489195402,"x"
"2991",24473.2012065528,24893.6870177554,"x"
"2992",24715.0246654913,25370.3064077148,"x"
"2993",25289.7350466045,26647.4610814839,"x"
"2994",24688.3770786917,25343.7886594107,"x"
"2995",24777.6082058688,25580.7364787664,"x"
"2996",24672.8862752702,24960.091221464,"x"
"2997",24412.3912922175,24859.3856325034,"x"
"2998",24480.4784367217,25021.5532793934,"x"
"2999",24222.5558984831,24749.8391096101,"x"
"3000",24584.8908952174,25400.1933298024,"x"
"3001",24658.5135236307,25464.9892081849,"x"
"3002",24814.0823997737,25830.3793482069,"x"
"3003",24607.8702181047,25239.4821094765,"x"
"3004",24859.7179873898,25817.0459955486,"x"
"3005",24478.6507730847,24888.9987000869,"x"
"3006",25503.836264409,26994.0847171063,"x"
"3007",24560.3422644799,25070.3766648535,"x"
"3008",24384.0959500957,24995.3755176303,"x"
"3009",24630.2613905611,25341.9088094028,"x"
"3010",25134.1351809245,26207.9805043422,"x"
"3011",24856.1477169644,25775.7630501541,"x"
"3012",25364.6411767692,26708.6733948691,"x"
"3013",24661.7515371974,25303.2783806868,"x"
"3014",24748.3851743666,25525.3797432909,"x"
"3015",25544.3289704346,27041.8873511785,"x"
"3016",24484.0522277491,24909.6480847326,"x"
"3017",24815.6858153487,25720.2310442073,"x"
"3018",24431.8400083656,24975.8226729315,"x"
"3019",24963.3001608505,26041.4803023693,"x"
"3020",24444.2629944018,24684.1740320016,"x"
"3021",24759.8041835646,25607.8091424249,"x"
"3022",24543.7142125429,25266.1585006423,"x"
"3023",24416.9627759192,25178.0849675876,"x"
"3024",24884.2138344059,25839.62755036,"x"
"3025",24382.7614220067,24853.3571925797,"x"
"3026",24568.7889694395,25168.4280362225,"x"
"3027",25340.2836731397,26853.2083668637,"x"
"3028",24913.6649363568,25918.7971088821,"x"
"3029",24840.1124966288,25843.3762169703,"x"
"3030",25047.5374752744,26290.8841449815,"x"
"3031",24775.2685995468,25479.6111063946,"x"
"3032",24819.2777077127,25975.0715105298,"x"
"3033",25613.8211876398,27151.4540538049,"x"
"3034",24500.6280149167,25172.9954160623,"x"
"3035",24600.2710639668,25186.3302898594,"x"
"3036",24691.675259887,25272.9074142198,"x"
"3037",24796.3861602367,25815.5857772001,"x"
"3038",25372.5111728545,26895.990400654,"x"
"3039",24736.6945849085,25501.6199506766,"x"
"3040",24652.2944327061,25382.6526230194,"x"
"3041",24648.7662154397,25444.7348641312,"x"
"3042",25263.5239588075,26553.9375360185,"x"
"3043",24568.1903320432,25176.4399478574,"x"
"3044",24573.2287379106,25378.9302749332,"x"
"3045",24321.377305109,24720.1512292553,"x"
"3046",25635.2516389583,27424.2168716907,"x"
"3047",24757.2143543864,25672.1446510541,"x"
"3048",24518.9423338425,25176.4623850784,"x"
"3049",24380.4307135807,25139.8116851867,"x"
"3050",25572.4684923218,27174.0858186461,"x"
"3051",25053.398169724,26314.9184602102,"x"
"3052",24455.4982910234,25167.2648674609,"x"
"3053",24738.4921426008,25719.4393947824,"x"
"3054",24337.870514984,24756.3736660817,"x"
"3055",25093.2901276882,26217.523446812,"x"
"3056",24422.9546031046,25142.8987081453,"x"
"3057",24521.7143705273,25128.7093349226,"x"
"3058",24432.9149014048,25009.2718944785,"x"
"3059",25754.2752749297,27574.5528664224,"x"
"3060",24883.8937330906,25896.8209859726,"x"
"3061",24917.0761095709,25969.380172858,"x"
"3062",25310.7726810384,26743.8544558351,"x"
"3063",24987.9290984507,25916.2643340716,"x"
"3064",25192.3873376837,26378.1266998236,"x"
"3065",24520.0874713698,25119.4489926297,"x"
"3066",24409.1202120958,24808.1431345857,"x"
"3067",24918.6321908354,26035.554642228,"x"
"3068",25080.1458758903,26293.643239364,"x"
"3069",24785.3274114183,25500.2163009563,"x"
"3070",24897.1410875105,26038.845110028,"x"
"3071",24641.0118421231,25249.1709112593,"x"
"3072",24962.3359382184,26089.2309786248,"x"
"3073",24473.579825752,25200.722927542,"x"
"3074",25545.2213875777,26789.0041382393,"x"
"3075",24617.6607622101,25305.637291276,"x"
"3076",24405.9269109525,24903.4748587272,"x"
"3077",24821.4294156875,25718.6533839379,"x"
"3078",24363.0821777897,24954.9333065256,"x"
"3079",24918.5261457915,25878.785195963,"x"
"3080",25251.7805616203,26718.8580531636,"x"
"3081",24702.9615302518,25515.4009629867,"x"
"3082",24324.5350785392,24912.2171838509,"x"
"3083",25047.4681890355,26224.4016927863,"x"
"3084",24632.2454011182,25483.0395590718,"x"
"3085",25298.0385331181,26715.3124598839,"x"
"3086",24879.3814994024,25802.2554280853,"x"
"3087",24656.4596325955,25465.1363490756,"x"
"3088",24686.2561358579,25350.6612363279,"x"
"3089",25522.4037431345,27219.7079777957,"x"
"3090",24670.2833297062,25618.8314830387,"x"
"3091",24867.1574549272,25857.6682027118,"x"
"3092",24656.436425446,25467.896523519,"x"
"3093",24689.8456889476,25433.2769801818,"x"
"3094",24578.7117244263,25209.5729759651,"x"
"3095",24747.5079619377,25555.8787091827,"x"
"3096",24666.3274020439,25355.7159634972,"x"
"3097",25009.5044507702,26285.3937767583,"x"
"3098",24672.8117225288,25365.6862034668,"x"
"3099",24636.2693330628,25253.7059712729,"x"
"3100",24702.090143837,25521.9098044094,"x"
"3101",24927.4286612543,25928.1792211019,"x"
"3102",24976.3851750674,26120.8091767331,"x"
"3103",24693.6136786907,25469.5172651857,"x"
"3104",24274.9334436964,24773.8646508791,"x"
"3105",24567.3601569685,25131.9212955207,"x"
"3106",25711.7174721866,27498.705008468,"x"
"3107",24497.3276901313,25075.1652793142,"x"
"3108",24642.7094049736,25275.6744624366,"x"
"3109",24760.0409177612,25527.6631624577,"x"
"3110",24273.2841049461,24720.1575849053,"x"
"3111",24825.9418644073,25774.2738774911,"x"
"3112",24557.8885001673,25409.2499348467,"x"
"3113",24240.4851430205,24675.1835568959,"x"
"3114",24639.1536305267,25297.5411944565,"x"
"3115",24609.9794493917,25320.8069936581,"x"
"3116",24793.4268783411,25622.6886780828,"x"
"3117",24849.600682353,25727.0401644479,"x"
"3118",24917.0610967051,25756.6510044246,"x"
"3119",24638.7510551814,25312.858714859,"x"
"3120",24737.2889991485,25541.692750807,"x"
"3121",26008.2621850449,27990.464610431,"x"
"3122",25379.6611422478,26752.6629760343,"x"
"3123",25100.2841444355,26185.7790802324,"x"
"3124",24305.825525414,24751.9482210775,"x"
"3125",24687.172345797,25313.4086469782,"x"
"3126",24664.8706906674,25427.6028228888,"x"
"3127",25352.9495497479,26872.696623792,"x"
"3128",24705.6178013638,25352.3510001368,"x"
"3129",26484.4678158531,28990.52336632,"x"
"3130",24296.5014832396,24696.1829112729,"x"
"3131",24693.7344254524,25289.6076273885,"x"
"3132",24337.1113155093,24934.6540323072,"x"
"3133",25253.4358294712,26682.2438195726,"x"
"3134",24842.7644986311,25867.5916491847,"x"
"3135",25270.5088339372,26661.5361263972,"x"
"3136",24606.4503893908,25489.5246002032,"x"
"3137",25344.1531070802,26806.440377521,"x"
"3138",24740.2512597106,25493.6911176738,"x"
"3139",24837.5643729864,25852.3847235019,"x"
"3140",25192.4694189459,26383.719612928,"x"
"3141",25244.1518254208,26455.4501339275,"x"
"3142",24725.9462340764,25647.5541152757,"x"
"3143",24774.0973429759,25715.933625078,"x"
"3144",24630.515454891,25331.6917238078,"x"
"3145",25021.7803590251,26198.3444200074,"x"
"3146",24677.4878737119,25584.5577908041,"x"
"3147",25131.7893054813,26395.7575802607,"x"
"3148",24598.4530193339,25218.9104429957,"x"
"3149",25327.4277165179,26929.9462762996,"x"
"3150",24898.2368315679,25899.3812554388,"x"
"3151",24612.7764789282,25327.6080046601,"x"
"3152",27409.4217598806,31097.210756393,"x"
"3153",24797.0791361161,25802.7864236822,"x"
"3154",24698.283139745,25487.3371164039,"x"
"3155",24566.9844800087,24879.1196520167,"x"
"3156",24713.7941809209,25536.7205804564,"x"
"3157",25006.2490050919,26041.1281085249,"x"
"3158",24676.946877454,25700.6926862262,"x"
"3159",24911.6486319025,25769.5738000636,"x"
"3160",24647.185407066,25343.9787002252,"x"
"3161",24246.5415368844,24498.516894802,"x"
"3162",24729.115491772,25459.3474261521,"x"
"3163",25112.4865979589,26387.1237624091,"x"
"3164",24929.7648268751,25929.5322603654,"x"
"3165",25474.2788100108,27151.5233141406,"x"
"3166",24770.2334432347,25438.8686308913,"x"
"3167",24407.0875577542,24995.8279949883,"x"
"3168",24796.1487059043,25725.63243957,"x"
"3169",24824.6818299822,25918.6418467891,"x"
"3170",24559.3554602771,25307.6409421747,"x"
"3171",24819.46868497,25423.5888079876,"x"
"3172",24525.827743494,25031.6521055286,"x"
"3173",25176.7318822323,26463.8362460027,"x"
"3174",24604.6807947648,25188.3606423694,"x"
"3175",24712.2233966095,25580.2168771171,"x"
"3176",24770.8135054688,25823.3318336214,"x"
"3177",25441.1143262021,26936.7222258463,"x"
"3178",25112.3743616214,26229.9653800424,"x"
"3179",24636.4942170242,25281.7688686557,"x"
"3180",24789.8543022947,25570.5179594253,"x"
"3181",24558.9463664814,25124.4913772725,"x"
"3182",24393.6285906059,24892.6830324883,"x"
"3183",25393.4896552759,26686.3950064064,"x"
"3184",25082.588110122,26161.1324157883,"x"
"3185",24444.9078003298,25046.6944304684,"x"
"3186",25009.2055908447,26069.74787513,"x"
"3187",24440.9484047631,24708.7022322652,"x"
"3188",24497.0286603462,24883.2834215674,"x"
"3189",24699.6393118858,25343.6945738437,"x"
"3190",24703.9194252606,25606.4212407647,"x"
"3191",24179.3601622623,24494.1700981931,"x"
"3192",24467.1241944869,25187.8251991927,"x"
"3193",25221.7426295669,26110.7959837174,"x"
"3194",24718.6486414968,25547.6519545327,"x"
"3195",24860.9615965707,25980.0526233342,"x"
"3196",25067.157660011,26243.5717955541,"x"
"3197",24672.1633867423,25707.0200887751,"x"
"3198",24755.5771274042,25567.7994380065,"x"
"3199",25003.8989940738,26083.6936554555,"x"
"3200",24381.9479114911,24689.053463988,"x"
"3201",24464.7333163558,24920.9188435597,"x"
"3202",24530.0039051364,25240.9805070468,"x"
"3203",24569.0062110367,25173.6349244541,"x"
"3204",24842.3146922568,25890.8157795243,"x"
"3205",24772.638426931,25871.7483176723,"x"
"3206",25024.175550119,26095.5131469102,"x"
"3207",24267.6868193153,24751.6856659391,"x"
"3208",24709.3210413383,25604.7346280692,"x"
"3209",24530.8494146189,24967.5743251706,"x"
"3210",24549.906765942,25211.9224925327,"x"
"3211",24654.2818270832,25651.5099491224,"x"
"3212",24656.4637361269,25511.4790861645,"x"
"3213",24553.5932936127,25214.9151094574,"x"
"3214",24424.8134787428,24906.2345075764,"x"
"3215",24770.5124994168,25703.1201269048,"x"
"3216",25337.6045951495,26793.0542600082,"x"
"3217",25750.0604472222,27261.3364324261,"x"
"3218",25057.4139009127,26246.415937379,"x"
"3219",24391.9834667751,24826.9817121833,"x"
"3220",24970.0746071019,26112.5144119588,"x"
"3221",24833.8119023554,25710.711494192,"x"
"3222",24549.6381355573,25417.1305431232,"x"
"3223",24871.4847716824,25749.9397350451,"x"
"3224",24983.2356045476,26117.3468788997,"x"
"3225",25482.3523333901,27037.5956597181,"x"
"3226",24924.7338339361,26019.889544833,"x"
"3227",24266.8457752382,24595.1772162212,"x"
"3228",25514.2448551622,26934.9271362358,"x"
"3229",24296.4271164183,24709.7803105201,"x"
"3230",24775.5589894052,25579.0639974886,"x"
"3231",26029.6001366292,27906.3187427866,"x"
"3232",25450.4535695515,27048.2479592128,"x"
"3233",24557.6400580328,25267.6153112225,"x"
"3234",24450.8053174594,25072.5208742582,"x"
"3235",24922.1331735248,25821.9669582649,"x"
"3236",24441.5265008217,25145.1232726504,"x"
"3237",24579.9994642775,25091.802697634,"x"
"3238",24679.0265030736,25533.7680606854,"x"
"3239",25563.795220409,27212.361681391,"x"
"3240",24571.2204795827,25388.6007239699,"x"
"3241",24588.6979317927,25398.587216085,"x"
"3242",25099.7412700007,26182.7294442541,"x"
"3243",25032.130180975,26120.6969454434,"x"
"3244",24762.4416715956,25609.4165068544,"x"
"3245",24431.2122044408,25000.9934095197,"x"
"3246",24494.628454423,25274.9232916378,"x"
"3247",24390.8697929229,24980.1884513133,"x"
"3248",24789.279807285,25645.0870967902,"x"
"3249",24539.4511768716,25244.903111158,"x"
"3250",25494.3966889756,26973.060055833,"x"
"3251",24560.2113056965,25249.6869606725,"x"
"3252",24919.8513690091,25807.0568854082,"x"
"3253",24851.503770677,25730.3586628864,"x"
"3254",24592.486287407,25232.1913819057,"x"
"3255",24727.0146375853,25627.5281283461,"x"
"3256",24486.9588992177,25112.923821462,"x"
"3257",26476.7194863952,28632.6267524664,"x"
"3258",24353.9174259353,24921.5842462018,"x"
"3259",24483.5988391864,25144.9725392404,"x"
"3260",24753.411844648,25557.4018537091,"x"
"3261",25156.4929854553,26324.4236051143,"x"
"3262",24842.2492176217,25854.9982553597,"x"
"3263",24581.4380134952,25381.420377939,"x"
"3264",24434.6679506114,25204.9390230881,"x"
"3265",24442.0586377262,24968.7689316376,"x"
"3266",25454.0022804245,27100.1135034739,"x"
"3267",24403.8445199954,24826.188400038,"x"
"3268",24647.9133171575,25427.2765482938,"x"
"3269",24583.8260865944,25105.2178603634,"x"
"3270",25050.5595194632,26182.6340784158,"x"
"3271",24741.9049120929,25719.4465177704,"x"
"3272",25061.3581958859,26167.0475454706,"x"
"3273",24658.6884162338,25229.1593595841,"x"
"3274",25826.389251969,27718.5817892814,"x"
"3275",24854.2654644651,25838.0340706572,"x"
"3276",24710.7349223046,25496.6015302451,"x"
"3277",25159.2346680364,26460.4519029695,"x"
"3278",24764.73560169,25590.0984146139,"x"
"3279",25164.1981672082,26668.5456679363,"x"
"3280",24975.2797895186,26109.5706718101,"x"
"3281",24521.9193853024,25153.6459311489,"x"
"3282",25142.4115467247,26314.8761208597,"x"
"3283",25009.6021178193,26260.7090312582,"x"
"3284",24700.2684388889,25638.3793926094,"x"
"3285",24592.279503651,24990.9259573839,"x"
"3286",25252.1644915787,26719.1612205207,"x"
"3287",24501.8925077811,25132.9943352323,"x"
"3288",25633.4745353716,27371.4077271618,"x"
"3289",25509.6755089078,27143.8757371898,"x"
"3290",25000.8108531758,25859.8174924392,"x"
"3291",24667.4071049378,25252.8736028011,"x"
"3292",24908.5881594796,25989.847795452,"x"
"3293",25124.4448677187,26319.2984354913,"x"
"3294",24572.1081078658,25286.4537301968,"x"
"3295",24583.1872057358,25312.6230945734,"x"
"3296",24749.7244551618,25750.6303103364,"x"
"3297",24622.7221381741,25452.9963746478,"x"
"3298",24396.1700450583,24799.990661207,"x"
"3299",24445.706644029,24857.8669567736,"x"
"3300",24899.5005338636,25918.8815513804,"x"
"3301",24703.8405802584,25505.0445991989,"x"
"3302",25271.6475622712,26797.6163968676,"x"
"3303",24516.6901299436,25282.2251823414,"x"
"3304",24879.8487646945,25758.1431353434,"x"
"3305",24254.8518415461,24709.4718537788,"x"
"3306",25404.1744377664,26863.1212837474,"x"
"3307",24444.5764217839,24871.4086000684,"x"
"3308",25141.049246558,26399.7799505982,"x"
"3309",24924.809212206,26123.6353049925,"x"
"3310",24466.6737509353,24919.9264284684,"x"
"3311",24711.2627039792,25516.9001418483,"x"
"3312",24369.9407301784,24849.0961397825,"x"
"3313",24754.6745739263,25672.1643381171,"x"
"3314",24882.7286964367,25788.3723965386,"x"
"3315",24639.8227571061,25241.9878477507,"x"
"3316",24379.5051817008,25017.5479747946,"x"
"3317",28539.0252708325,33128.9354419102,"x"
"3318",24756.1823921018,25499.0455913378,"x"
"3319",24636.4050552827,25320.2671649342,"x"
"3320",24509.5378328298,24960.0250493862,"x"
"3321",25217.9275359322,26593.8337119552,"x"
"3322",24391.358029399,24768.2818990896,"x"
"3323",24549.5032782332,25347.23046116,"x"
"3324",24602.5150236439,25171.4585319085,"x"
"3325",24839.5937111384,25876.4914925847,"x"
"3326",25106.9899990485,26169.6994682388,"x"
"3327",24597.1831907794,25423.1700209032,"x"
"3328",25392.7641420132,26902.6884658968,"x"
"3329",25075.5251256276,26294.4872026738,"x"
"3330",25872.9029310343,27899.5904147153,"x"
"3331",27323.8547039055,30788.2396360038,"x"
"3332",24775.331432145,25516.4129178609,"x"
"3333",24575.1178845632,25295.8949179886,"x"
"3334",24638.6237698371,25350.2465962176,"x"
"3335",25201.532183874,26352.5134790907,"x"
"3336",24533.4840139365,25255.6023127176,"x"
"3337",24317.2351282694,24902.1795511269,"x"
"3338",24435.4681174105,24951.7271692904,"x"
"3339",24850.2263404139,25698.9732581683,"x"
"3340",24131.6950973789,24422.1889500788,"x"
"3341",24613.3173185678,25361.5723675747,"x"
"3342",24616.0666792607,25095.8636269946,"x"
"3343",24676.8294722391,25479.594788768,"x"
"3344",24647.4263089906,25288.7707860367,"x"
"3345",24451.8069164026,25038.2945907407,"x"
"3346",24696.5074850157,25525.6394422838,"x"
"3347",24673.8575932664,25508.8012539695,"x"
"3348",25207.6793129944,26650.4810088917,"x"
"3349",24690.2560194301,25343.6196179161,"x"
"3350",24863.7891240148,25582.1509141115,"x"
"3351",24374.5222360248,24936.8512303423,"x"
"3352",24517.9904665025,25199.5831964465,"x"
"3353",24375.8051758661,24784.5202248601,"x"
"3354",25761.5318174278,27704.2507197451,"x"
"3355",24691.934406094,25209.175493673,"x"
"3356",24775.4049579372,25680.9105847086,"x"
"3357",24893.6939417322,25877.1158640704,"x"
"3358",24935.2208960562,25938.8601394727,"x"
"3359",24519.5959252892,25251.4024689254,"x"
"3360",24591.8929489427,25470.3312483489,"x"
"3361",24805.947591622,25827.9669830028,"x"
"3362",24646.2420192714,25405.4317774507,"x"
"3363",24553.8021687319,24965.815260692,"x"
"3364",24737.1837507191,25518.5846290563,"x"
"3365",24668.2519688119,25611.7864549691,"x"
"3366",24659.4534960306,25187.5951859185,"x"
"3367",24657.6158081848,25465.710995877,"x"
"3368",24670.9314588847,25616.9012571722,"x"
"3369",24792.4603327144,25666.408009888,"x"
"3370",24710.7132675027,25418.6250314066,"x"
"3371",25209.3629128496,26517.1824256507,"x"
"3372",24783.328115405,25552.2530035357,"x"
"3373",24573.3990132365,25243.160507062,"x"
"3374",24403.1610285165,24983.7098413932,"x"
"3375",24681.2538585747,25288.6611267823,"x"
"3376",24726.7461043721,25462.6052692269,"x"
"3377",25867.0503924833,27384.2915178573,"x"
"3378",24486.6306366581,25042.8082195316,"x"
"3379",24410.8258521947,25218.3785984655,"x"
"3380",25577.9140165264,27316.2636180524,"x"
"3381",24668.5262802895,25523.6539498407,"x"
"3382",24619.3086756917,25361.2314283572,"x"
"3383",25466.0473510605,27145.1900401595,"x"
"3384",24559.5120033389,25243.7003835003,"x"
"3385",24800.070257576,25806.1003089955,"x"
"3386",24337.4492280378,24797.7078097455,"x"
"3387",25047.1777122844,26105.6725501013,"x"
"3388",24568.1588686487,25205.8497141738,"x"
"3389",24512.8531144206,25141.0615182481,"x"
"3390",24564.1192529586,25073.0051932849,"x"
"3391",24424.2726650461,24887.014682152,"x"
"3392",24329.4257060741,24886.3547243344,"x"
"3393",24430.3672393937,24964.7763758507,"x"
"3394",24678.7322213336,25235.2656079365,"x"
"3395",24330.3895194266,24705.9248039519,"x"
"3396",24402.3201245315,24974.5668036074,"x"
"3397",25388.2259475009,26940.603582591,"x"
"3398",25140.3714820563,26476.7071051312,"x"
"3399",25040.6906277338,26183.1214499862,"x"
"3400",24728.5976606913,25593.887037858,"x"
"3401",24243.3515976138,24413.5806398753,"x"
"3402",25234.3150913587,26492.6615921239,"x"
"3403",25364.4648039752,26840.1084432784,"x"
"3404",25322.4334399976,26767.772552954,"x"
"3405",24584.9180107898,25131.4823829658,"x"
"3406",25272.3108305928,26513.9505620617,"x"
"3407",24614.1596960193,25498.2530726644,"x"
"3408",24949.4434960051,26200.7192811384,"x"
"3409",24470.7510634708,25131.497483542,"x"
"3410",24590.822204042,25386.3447354567,"x"
"3411",24670.2801016852,25395.6112043148,"x"
"3412",24839.8561907187,25990.4723923056,"x"
"3413",25003.484274891,26253.1237956115,"x"
"3414",25576.6721631584,27138.4238238378,"x"
"3415",25116.5486253834,26451.9245363066,"x"
"3416",24539.4648713099,25370.1211290536,"x"
"3417",25432.0782805271,26856.8950993931,"x"
"3418",24221.4912011202,24547.545453044,"x"
"3419",24826.2100186184,25904.5426950396,"x"
"3420",25286.6401052897,26601.3566724674,"x"
"3421",24517.1999764155,25259.5367924556,"x"
"3422",24960.273712178,26125.9847455791,"x"
"3423",24893.3708013099,25902.2115416666,"x"
"3424",24848.4071519373,25685.2358803971,"x"
"3425",24565.2025534873,25221.680324962,"x"
"3426",24678.1182552793,25369.5749036018,"x"
"3427",29220.5010133628,35512.9772452014,"x"
"3428",24365.2527834809,24849.9381574611,"x"
"3429",25491.6764314827,27046.0443246066,"x"
"3430",24697.7805523269,25505.0570228286,"x"
"3431",24546.819938394,25138.6397629929,"x"
"3432",24847.4328379265,25695.5708704853,"x"
"3433",25126.9981231344,26020.0585767632,"x"
"3434",24990.9378597606,26207.5692999168,"x"
"3435",24698.4488728538,25466.7229846136,"x"
"3436",25252.2986157119,26598.7057649603,"x"
"3437",24869.5388462935,25948.528613282,"x"
"3438",24687.2755421657,25533.0081758727,"x"
"3439",24464.5549462236,25073.5025131027,"x"
"3440",24729.0684553103,25576.7853494924,"x"
"3441",25300.7639298427,26410.070881129,"x"
"3442",24501.3166470056,25358.362901876,"x"
"3443",24856.854289677,25791.4682603884,"x"
"3444",24320.7685626554,24760.1888655451,"x"
"3445",24458.3363221453,24816.9949129044,"x"
"3446",24792.6688613555,25436.769527285,"x"
"3447",25597.9792553116,27191.0269932336,"x"
"3448",26001.5792279037,28289.5678267134,"x"
"3449",24558.3660730134,25187.1773913744,"x"
"3450",24454.7377429249,24975.519315521,"x"
"3451",24641.0472309779,25247.8165321128,"x"
"3452",24572.3461205369,25341.4453248448,"x"
"3453",24611.7128787962,25196.6447909067,"x"
"3454",24829.0048610829,25927.1006992941,"x"
"3455",24509.8468417968,25021.876476227,"x"
"3456",24773.9450022988,25762.5565594987,"x"
"3457",25039.1358087914,26166.6259539014,"x"
"3458",24648.8381646308,25296.9341632251,"x"
"3459",25266.1296236354,26511.1468532806,"x"
"3460",24386.3577530239,24855.4352883777,"x"
"3461",24837.6472448279,25909.5639276724,"x"
"3462",24981.6055956214,26131.7247617871,"x"
"3463",24873.7591670186,25580.5091195003,"x"
"3464",24674.5152910676,25485.6461009689,"x"
"3465",24647.9725554579,25490.6563458445,"x"
"3466",25146.6093670873,25997.0390762573,"x"
"3467",24413.6357443338,25141.1118728516,"x"
"3468",24697.3160624906,25511.2623826948,"x"
"3469",24810.0515213633,25716.0466596619,"x"
"3470",24855.8510100209,25687.8915657579,"x"
"3471",25094.5404084367,26186.4504277006,"x"
"3472",24383.6601915564,24910.2538614636,"x"
"3473",24298.7528322896,24685.867208632,"x"
"3474",24536.0646548706,24990.9900645096,"x"
"3475",25387.3414480701,26826.9875189787,"x"
"3476",24968.0698123198,26062.6943940128,"x"
"3477",24791.4348035385,25704.7328742891,"x"
"3478",24738.9505077256,25627.3304922624,"x"
"3479",24984.967579025,26155.6266636073,"x"
"3480",24547.4654704399,25169.8735647634,"x"
"3481",24465.641777379,24935.6491491164,"x"
"3482",24708.2550558627,25488.568658958,"x"
"3483",24769.7049910794,25827.7956542998,"x"
"3484",24896.2675612805,25949.6525693194,"x"
"3485",24896.8720639346,25849.575152512,"x"
"3486",24407.5000338922,24991.3769091461,"x"
"3487",24360.2753845243,24933.3286407575,"x"
"3488",24586.169269221,25219.5294985883,"x"
"3489",24841.6672915223,25887.4223485887,"x"
"3490",24506.3696780509,24867.1947106979,"x"
"3491",25596.0483552558,26760.5533101223,"x"
"3492",24568.6343432981,25414.4485000612,"x"
"3493",24533.5157847631,24884.2094363289,"x"
"3494",24878.6714170353,25926.0466061643,"x"
"3495",25247.0620716932,26574.7241706805,"x"
"3496",24670.1344269615,25455.5186109887,"x"
"3497",25263.3537158579,26691.3462171312,"x"
"3498",24946.8347196091,25759.8200897774,"x"
"3499",25185.6110939377,26516.333690231,"x"
"3500",24883.3613025801,25923.4059397457,"x"
"3501",24473.6121682949,25107.80734925,"x"
"3502",24608.9243643812,25171.5978276883,"x"
"3503",24484.1239717849,24975.1408477314,"x"
"3504",24491.4643125989,24875.144951104,"x"
"3505",24498.042684012,25117.3762500277,"x"
"3506",24482.0307456038,24812.3158472883,"x"
"3507",25401.3199212871,26883.2805901661,"x"
"3508",25924.854181628,27900.1575567169,"x"
"3509",24690.8553677962,25604.1362487797,"x"
"3510",24964.5623101369,26090.7018607034,"x"
"3511",25205.1253301546,26605.6794509183,"x"
"3512",24387.588071144,24833.3871956874,"x"
"3513",25267.2465121999,26800.4035142037,"x"
"3514",24744.65528035,25581.0175119957,"x"
"3515",24668.4288381052,25267.190498239,"x"
"3516",24925.7623766302,25833.241830816,"x"
"3517",24791.9382686963,25628.9238996387,"x"
"3518",25290.5553547183,26678.8158815496,"x"
"3519",24738.3040686029,25490.6545158267,"x"
"3520",25015.5056356868,26031.1550727004,"x"
"3521",25136.7946335686,26292.477387477,"x"
"3522",24330.4916077308,24715.9211282501,"x"
"3523",24953.7407538228,26147.838983126,"x"
"3524",25626.7765785307,27389.5055082948,"x"
"3525",24760.3279590059,25533.2811673111,"x"
"3526",24450.6692650354,24772.2320318251,"x"
"3527",25458.6174529482,27141.1505829503,"x"
"3528",24442.060083029,24967.0346408014,"x"
"3529",24401.1966565939,24812.6482837336,"x"
"3530",24742.746275391,25692.8223952185,"x"
"3531",24717.620437929,25519.8472837004,"x"
"3532",24572.7653622933,24968.8626967229,"x"
"3533",24672.0394653201,25262.6165820654,"x"
"3534",24684.8901854162,25363.7921489062,"x"
"3535",24922.3590303579,25910.6085666599,"x"
"3536",24564.5503633011,25089.1179605215,"x"
"3537",24972.1180145964,26066.4240269935,"x"
"3538",25093.6477183594,26414.7897054633,"x"
"3539",24405.3610759927,25086.4097105659,"x"
"3540",24472.8796559635,25077.380745335,"x"
"3541",24554.9575724481,25224.1581109804,"x"
"3542",26403.456887154,28891.7186850173,"x"
"3543",25167.6687004966,26448.9252247568,"x"
"3544",25551.917261586,27325.2600517231,"x"
"3545",24683.3277683125,25609.0402760555,"x"
"3546",24515.5270588973,25075.9618951351,"x"
"3547",24747.1782536157,25551.8851677619,"x"
"3548",24418.8478264722,24876.714088326,"x"
"3549",25104.2009221262,26160.2141975038,"x"
"3550",24664.2791421025,25467.857571748,"x"
"3551",24463.8329048023,24943.6912736463,"x"
"3552",25217.0914781846,26302.4733940881,"x"
"3553",24589.3912680761,25449.8556838101,"x"
"3554",25031.8493570455,26148.913385952,"x"
"3555",24387.4795198152,24887.4745774367,"x"
"3556",24406.6714189839,24834.4968139265,"x"
"3557",24347.0129015012,24724.9389467035,"x"
"3558",24500.908428979,25142.188585336,"x"
"3559",25035.4375761299,26315.3599048498,"x"
"3560",24639.26124324,25300.6611155891,"x"
"3561",24705.7888447853,25505.1767020818,"x"
"3562",25176.8083028014,26600.4059624158,"x"
"3563",24797.0164659467,25646.1646064925,"x"
"3564",25204.9787657399,26442.4363742956,"x"
"3565",24472.1139644199,25079.0841575735,"x"
"3566",24616.782988503,25450.9335513045,"x"
"3567",24662.5638067142,25422.809141701,"x"
"3568",25448.626606316,27073.6231264316,"x"
"3569",24786.9067898008,25696.5456480225,"x"
"3570",24440.7130841371,25043.6140103045,"x"
"3571",24872.6809302639,25881.1623256396,"x"
"3572",24412.9918685683,25089.4980887818,"x"
"3573",25808.0363477506,27498.7511423067,"x"
"3574",24947.9850235908,25901.2896365702,"x"
"3575",25088.5453699637,26189.7412861996,"x"
"3576",24999.2899720094,26339.1407410524,"x"
"3577",25090.8518724248,26320.0306521569,"x"
"3578",26279.6299587787,28841.2500829525,"x"
"3579",24704.4882988227,25635.1462836497,"x"
"3580",24377.141844943,24860.7952747352,"x"
"3581",25158.2708707182,26464.4274837713,"x"
"3582",24673.7120379988,25433.8569608875,"x"
"3583",24902.6598927989,25941.06732779,"x"
"3584",25105.3103764704,26255.9355763643,"x"
"3585",24372.3090994653,24973.1692837227,"x"
"3586",25208.129919381,26352.1977673102,"x"
"3587",24666.9239862353,25724.353887028,"x"
"3588",24536.2573024586,25281.780538177,"x"
"3589",24670.7088150129,25381.3038723196,"x"
"3590",25444.86578633,26895.6269142937,"x"
"3591",24435.4872770549,25121.7159468326,"x"
"3592",24499.0642444843,25228.2964580114,"x"
"3593",24797.2946367415,25763.5956986965,"x"
"3594",24501.0842042019,25109.0992106667,"x"
"3595",24444.2848892437,25026.569944367,"x"
"3596",24497.7275844381,25253.4270906488,"x"
"3597",24580.1883714,25281.1661132352,"x"
"3598",24756.5487136744,25510.6223118185,"x"
"3599",26182.8474155763,28479.8735108855,"x"
"3600",24686.7668023196,25535.6451531296,"x"
"3601",25050.4543249442,26218.4135900687,"x"
"3602",24717.0612594517,25436.0222067752,"x"
"3603",24376.9512419664,25054.7654343787,"x"
"3604",24441.1308231701,24991.0405970715,"x"
"3605",24795.1797503111,25728.5991298152,"x"
"3606",24491.7843014971,25111.6964169956,"x"
"3607",24354.7195599538,25093.3406283331,"x"
"3608",24723.3790664255,25335.4648657664,"x"
"3609",24575.2560799374,25348.3883587595,"x"
"3610",24436.5722622288,24861.0141069551,"x"
"3611",24472.6637053367,25207.4260251987,"x"
"3612",24620.5576514874,25300.4778018607,"x"
"3613",24660.1067398483,25204.4876303561,"x"
"3614",24224.8517391579,24638.8271253545,"x"
"3615",24519.2112541534,25149.4856168698,"x"
"3616",24696.9165402515,25370.7077229457,"x"
"3617",24585.0230642681,25187.2043643404,"x"
"3618",24523.6903822034,25186.3556397535,"x"
"3619",25077.3725955172,26179.9771203838,"x"
"3620",25102.4320184771,26345.4627064032,"x"
"3621",25610.936855464,27134.5800773267,"x"
"3622",24431.2847028401,24854.561157055,"x"
"3623",24612.8970100699,25413.8648685006,"x"
"3624",24507.3883933185,25025.1961450657,"x"
"3625",24884.9459901428,25730.9615553256,"x"
"3626",25070.9644289709,26343.5160709103,"x"
"3627",25085.8375198562,26260.3906849064,"x"
"3628",25332.0444870553,26762.3099477923,"x"
"3629",24686.3881639819,25320.6174703953,"x"
"3630",24823.6544187311,25978.6389930044,"x"
"3631",24455.222458076,25079.4660584201,"x"
"3632",24711.206392393,25530.9011751217,"x"
"3633",25240.3797764896,26322.3201281117,"x"
"3634",24983.0048575154,26012.7565368763,"x"
"3635",24926.6955099389,25872.3048220404,"x"
"3636",24787.048149796,25782.5731642829,"x"
"3637",24750.2896631636,25329.1294790482,"x"
"3638",24530.0917199787,25026.2492393782,"x"
"3639",24552.2183407455,25007.3608873876,"x"
"3640",24861.7984766768,25897.3535495337,"x"
"3641",24237.9260553416,24708.5681093208,"x"
"3642",24335.4436652312,24858.5256234789,"x"
"3643",25209.4900068955,26715.1315196244,"x"
"3644",25252.6451946518,26519.5641739948,"x"
"3645",24569.5629778026,25276.6845466637,"x"
"3646",25070.1381250628,26111.3354132467,"x"
"3647",25023.239213083,26139.7020055219,"x"
"3648",25645.6953927553,27387.4984016821,"x"
"3649",24964.1034200144,25831.790832333,"x"
"3650",25254.933433912,26604.8954196931,"x"
"3651",24196.3364330535,24639.0748216177,"x"
"3652",24760.0503560075,25588.9215227088,"x"
"3653",24701.0538755508,25478.5497674792,"x"
"3654",24307.6943021249,24776.6497456529,"x"
"3655",24543.5770575357,25274.8976531154,"x"
"3656",24701.1744573668,25621.8807447013,"x"
"3657",24604.2546406599,25247.0673562585,"x"
"3658",24918.5148620063,25960.4569870099,"x"
"3659",24676.2487463274,25334.1619166324,"x"
"3660",24601.5507193703,25306.4108508288,"x"
"3661",28046.0145463118,33004.9673072102,"x"
"3662",24708.01837148,25688.2485113075,"x"
"3663",24849.0153753078,25887.4000705906,"x"
"3664",25579.8949393468,27295.5563757284,"x"
"3665",24629.3763985136,25351.1916704026,"x"
"3666",24578.7905151245,25518.8897378713,"x"
"3667",24355.6172668066,24898.7550880354,"x"
"3668",24451.2438203039,24787.4656890805,"x"
"3669",24725.0807901099,25336.4057518011,"x"
"3670",25187.0256619869,26165.4400051762,"x"
"3671",24578.1912824314,25389.8029222717,"x"
"3672",24990.3170140326,26103.1592849703,"x"
"3673",26381.3981909249,29034.5502748797,"x"
"3674",24617.201981964,25250.0873422642,"x"
"3675",24521.963660687,25077.5928157562,"x"
"3676",24465.2766903617,25106.9535765271,"x"
"3677",24786.0704057885,25715.3995900507,"x"
"3678",25217.7120165361,26507.0625716247,"x"
"3679",25598.0914965417,27340.5225290664,"x"
"3680",24968.148917636,26015.813986728,"x"
"3681",24445.5465876176,24957.0220523127,"x"
"3682",24620.7237416318,25447.854186176,"x"
"3683",24844.8821714554,25805.0656901992,"x"
"3684",24430.0848943545,24860.2722723918,"x"
"3685",24357.2347684957,24817.4434158438,"x"
"3686",24838.3422786128,25835.7912136146,"x"
"3687",25054.637488343,25995.1587305825,"x"
"3688",24632.7674758031,25221.9782169449,"x"
"3689",24762.2196861427,25531.6747158441,"x"
"3690",24706.4361367861,25578.0440799075,"x"
"3691",24969.9581721801,26084.1421145315,"x"
"3692",24590.2142362873,25174.7469150716,"x"
"3693",24525.806515065,25041.1455775684,"x"
"3694",24492.9285447958,25081.3791269157,"x"
"3695",24500.2921192115,24942.5089363223,"x"
"3696",24844.1450497651,25817.214721032,"x"
"3697",24451.0610036134,24873.6775911963,"x"
"3698",24615.2221146886,25422.5070143141,"x"
"3699",24753.6509852346,25395.7478663419,"x"
"3700",24721.7371718514,25440.6906285501,"x"
"3701",24657.2282382116,25475.7635515151,"x"
"3702",24454.3299656314,25052.9285951305,"x"
"3703",24641.6167138591,25197.4666224566,"x"
"3704",24686.5941598703,25343.8866526468,"x"
"3705",24410.5880364954,25052.0081028956,"x"
"3706",24403.1605617533,24883.5540936939,"x"
"3707",24654.8619048908,25273.6855587282,"x"
"3708",24448.7753129688,25119.6075216328,"x"
"3709",25607.3033593697,27309.0176280677,"x"
"3710",24707.8686993451,25653.34903672,"x"
"3711",24843.7677832293,25858.8757816035,"x"
"3712",25493.748088615,26678.4585020276,"x"
"3713",24644.6809727372,25429.8797144341,"x"
"3714",24821.9400414472,25885.6814528345,"x"
"3715",24606.5074349845,25406.5811102226,"x"
"3716",27147.3113247942,30216.9828942387,"x"
"3717",25116.7765315508,26269.2767704925,"x"
"3718",24996.0773944759,26216.8384544875,"x"
"3719",25391.8314561668,26802.6592672293,"x"
"3720",24713.3397333238,25437.7008635563,"x"
"3721",24541.0296068311,25024.0865907467,"x"
"3722",24492.4789858252,25124.2344304291,"x"
"3723",24646.5703119889,25482.7500664703,"x"
"3724",24345.6798396001,25026.0011219499,"x"
"3725",24718.4718907666,25688.2600491817,"x"
"3726",24585.0708542952,25331.7793046309,"x"
"3727",24620.2228412309,25445.6336607322,"x"
"3728",24507.3047950447,25216.2852333447,"x"
"3729",24540.9730799404,25082.7506441178,"x"
"3730",24571.9352788831,25069.8408570622,"x"
"3731",24791.4226176708,25757.1662422773,"x"
"3732",24650.0863525117,25244.7513472473,"x"
"3733",24963.0138248331,25839.4130148967,"x"
"3734",24835.5892627138,25772.0592117946,"x"
"3735",24882.0863121122,25863.8470588021,"x"
"3736",24592.0931978407,25253.6743167803,"x"
"3737",24430.6637734379,24942.3769504139,"x"
"3738",24568.1290397843,25308.140905457,"x"
"3739",24269.3427254685,24745.3151418851,"x"
"3740",24674.2787084993,25587.9870837082,"x"
"3741",25316.7288472934,26774.3797781974,"x"
"3742",24419.8629534932,24828.204485863,"x"
"3743",25204.9648128811,26575.1186799562,"x"
"3744",24689.8595403698,25162.6518841762,"x"
"3745",27264.402203787,30557.7187298363,"x"
"3746",25007.3211800338,25902.1880625367,"x"
"3747",24888.8304139935,25932.643436946,"x"
"3748",24858.7482934384,25767.6616508685,"x"
"3749",24667.8248033637,25261.7678894538,"x"
"3750",24358.3721947056,24763.9565837634,"x"
"3751",24509.6237253127,24989.4756450193,"x"
"3752",24365.1650598652,24849.9111394357,"x"
"3753",24638.919963832,25425.1550421806,"x"
"3754",24787.5411476057,25753.9852109861,"x"
"3755",24549.1637095003,25102.5923240401,"x"
"3756",25737.263466549,27481.5279216661,"x"
"3757",24538.523702045,25329.2815454391,"x"
"3758",24659.1032915116,25344.9398795252,"x"
"3759",24458.971782693,25157.1273154121,"x"
"3760",24846.3316997079,25784.6947229057,"x"
"3761",24546.5483899379,25278.516296618,"x"
"3762",25276.4443982972,26702.0135340678,"x"
"3763",24440.768014297,25028.3952256149,"x"
"3764",24973.5250763353,26041.7943532729,"x"
"3765",24461.3897987709,25151.9600016652,"x"
"3766",24607.1471909948,25367.0122915777,"x"
"3767",24932.5406483255,25987.9424008516,"x"
"3768",24645.9289551066,25403.7200549691,"x"
"3769",24515.1606105989,25052.5354155587,"x"
"3770",24608.5437824293,25374.0620832303,"x"
"3771",24704.2886206589,25452.375590176,"x"
"3772",24559.919417453,25275.4587110432,"x"
"3773",24717.5205732162,25518.8237441506,"x"
"3774",24349.5599527162,24985.1949419414,"x"
"3775",25024.9628705804,26068.6354380049,"x"
"3776",24628.3523391399,25320.8481396101,"x"
"3777",24785.0329058526,25751.3070697132,"x"
"3778",24758.2996813234,25559.0436906068,"x"
"3779",24643.6583420284,25532.5403220506,"x"
"3780",25728.6363086085,27619.1397893789,"x"
"3781",24324.1155214013,24769.9530037937,"x"
"3782",24967.1638040596,26027.5677971774,"x"
"3783",24870.3809528947,25666.0857294708,"x"
"3784",25222.1685860063,26484.5404368373,"x"
"3785",24591.1385637776,25337.3845913963,"x"
"3786",24658.8100835099,25359.9137087477,"x"
"3787",24841.9053351513,25857.05383239,"x"
"3788",24431.5374396477,25059.1265529131,"x"
"3789",24627.9145503561,25609.8216362212,"x"
"3790",24449.3061096064,25101.3893646254,"x"
"3791",24644.9273423921,25294.6567670824,"x"
"3792",24573.1766092127,25360.789805697,"x"
"3793",24641.3776887593,25270.6627110732,"x"
"3794",24717.8034134496,25486.6414829195,"x"
"3795",24572.7214716614,25232.7630987638,"x"
"3796",24733.0652965476,25570.3184456466,"x"
"3797",24781.011020797,25583.2264994442,"x"
"3798",25169.3996251211,26531.6983721803,"x"
"3799",24614.5599563955,25485.3468762747,"x"
"3800",24842.2199677949,25770.3801920047,"x"
"3801",25283.3314711508,26689.4431749646,"x"
"3802",24671.0612495547,25287.3034515694,"x"
"3803",26186.7129992863,28400.5614244122,"x"
"3804",24593.801825815,25363.5920774703,"x"
"3805",24485.8417745972,24965.6449100576,"x"
"3806",24680.7345191281,25425.1827252779,"x"
"3807",24526.9090839353,25117.7946582533,"x"
"3808",24544.8538509847,25270.7966834857,"x"
"3809",24818.959753728,25814.4125771268,"x"
"3810",24385.2628329599,24797.5786954871,"x"
"3811",24714.7885300901,25541.4695632326,"x"
"3812",24650.9315412803,25289.1476885752,"x"
"3813",24617.6354493168,25243.0582531267,"x"
"3814",24462.6771750173,24896.4359046105,"x"
"3815",24561.7705245535,25051.9241864794,"x"
"3816",25370.722369408,27065.1558146191,"x"
"3817",25125.1538030059,26373.3374082819,"x"
"3818",24416.2456134467,24938.6848388821,"x"
"3819",24659.486291219,25491.0508214044,"x"
"3820",24921.5991610984,26038.1305740046,"x"
"3821",25281.6796865179,26659.7723431755,"x"
"3822",24804.778401292,25520.5588160683,"x"
"3823",24486.9328729647,25258.1010375417,"x"
"3824",24436.0382316306,24917.7286417959,"x"
"3825",24221.0033963648,24609.1889422616,"x"
"3826",25637.5202874371,27422.9617658643,"x"
"3827",24663.9940485921,25325.5188743338,"x"
"3828",25060.3417555618,26195.4826343332,"x"
"3829",25330.1013820278,26444.4850803155,"x"
"3830",24750.5743680932,25331.2697304156,"x"
"3831",24342.9606697534,24740.8387453053,"x"
"3832",24715.4954437502,25409.7465316391,"x"
"3833",24621.6974868175,25401.3826815504,"x"
"3834",24520.2143430713,25074.844951754,"x"
"3835",24952.9526130396,26047.4120236035,"x"
"3836",24974.339969821,26239.8671300204,"x"
"3837",25598.432260942,27267.956307143,"x"
"3838",24581.5237086113,25196.9021356788,"x"
"3839",24783.327747339,25752.4384534819,"x"
"3840",25117.4614340419,26263.9552631587,"x"
"3841",25024.5978274182,26137.4379684308,"x"
"3842",24784.399908357,25649.8150261151,"x"
"3843",24455.2910231555,24733.4015521265,"x"
"3844",24488.8395024129,25221.2081565266,"x"
"3845",24703.1431840633,25421.2105281841,"x"
"3846",25269.7042925137,26702.1529265023,"x"
"3847",25388.0168042259,26826.3487577435,"x"
"3848",24513.4860565339,24961.6720289881,"x"
"3849",24448.9837240553,24941.1735437918,"x"
"3850",24393.8976740053,25087.3719101495,"x"
"3851",24365.7453958955,24830.7864433591,"x"
"3852",25222.9231941928,26379.0966498427,"x"
"3853",24993.5451348365,26058.9960157947,"x"
"3854",24994.8987002717,26114.259692623,"x"
"3855",25188.4466847395,26530.7003353288,"x"
"3856",24733.5002486884,25428.7150483373,"x"
"3857",25269.8632831905,26759.3377361948,"x"
"3858",24769.7518680231,25388.9888946659,"x"
"3859",25395.3790256764,26829.5533515973,"x"
"3860",24239.7500014488,24469.6344070357,"x"
"3861",25162.8161460708,26383.750239113,"x"
"3862",24579.7120730383,25039.3689107481,"x"
"3863",24721.6948076949,25617.2719247713,"x"
"3864",25128.7663418357,26402.4154042843,"x"
"3865",24587.5457135735,25390.6314833473,"x"
"3866",24645.0375216422,25504.2132367792,"x"
"3867",24493.5790785352,25171.2452515927,"x"
"3868",24339.9041809381,24754.5887098581,"x"
"3869",24668.4131110997,25518.5277690727,"x"
"3870",24744.8236836417,25679.7656698321,"x"
"3871",25031.0764664191,26431.1140140602,"x"
"3872",24516.5097900635,25237.5674232791,"x"
"3873",24653.7478151591,25237.0829154929,"x"
"3874",25307.8370900826,26627.9102606311,"x"
"3875",24634.0115582865,25189.6787441427,"x"
"3876",24794.665967973,25789.1219177947,"x"
"3877",24585.2658191526,25485.4476352243,"x"
"3878",24535.5582107219,25123.1203577543,"x"
"3879",24798.3862218703,25778.1794399931,"x"
"3880",24610.4525468095,25130.3925991373,"x"
"3881",25237.1490243956,26788.5879214186,"x"
"3882",24498.577021745,25060.0186656487,"x"
"3883",24721.8271967067,25636.7287980832,"x"
"3884",25151.3445607136,26358.7897842667,"x"
"3885",24623.8421893645,25518.8960354953,"x"
"3886",24332.0533944265,24863.0134320681,"x"
"3887",25000.689706763,26039.869398729,"x"
"3888",24640.9538752072,25363.1758562352,"x"
"3889",24835.2029566351,25721.1877208074,"x"
"3890",24757.1104531468,25475.2809387155,"x"
"3891",24770.9711089909,25621.7813100983,"x"
"3892",24762.7580214149,25596.207739368,"x"
"3893",24690.257298431,25584.6972037479,"x"
"3894",25564.6509993385,27208.861623654,"x"
"3895",24839.4086526569,25692.7655933569,"x"
"3896",24614.3081440608,25213.1810775255,"x"
"3897",24691.0666818542,25602.5518541544,"x"
"3898",24771.4103001939,25666.872898811,"x"
"3899",24637.5690643443,25456.6465947193,"x"
"3900",24933.4331882194,26026.1969759269,"x"
"3901",24456.8038060766,25036.6514246143,"x"
"3902",24414.8365552757,25071.7519112551,"x"
"3903",24606.129916195,25289.0270648618,"x"
"3904",24868.9075888875,25881.7302883106,"x"
"3905",24855.9207493059,25759.8286325407,"x"
"3906",25137.7400955349,26337.0339193408,"x"
"3907",24547.8701523552,25101.1400386716,"x"
"3908",24590.5914234964,25112.395328488,"x"
"3909",24925.6548525544,25885.3141185762,"x"
"3910",24706.471473262,25339.6883282552,"x"
"3911",24478.5928763058,25058.6863480652,"x"
"3912",25012.3711992908,26035.9443013854,"x"
"3913",24361.584177475,24958.9521204084,"x"
"3914",24601.085881353,25385.9206425988,"x"
"3915",24647.9937673936,25408.1466801659,"x"
"3916",24315.1381884602,24608.5413684656,"x"
"3917",24700.8662213674,25357.1494891009,"x"
"3918",24694.4334813501,25640.424053764,"x"
"3919",25061.0046157662,26232.0103897533,"x"
"3920",24713.7895940584,25493.7237340558,"x"
"3921",24711.6598382344,25637.4247968875,"x"
"3922",24546.2143247608,25203.0560189392,"x"
"3923",24577.1282936961,25167.0842526474,"x"
"3924",24513.6449181467,25072.5462202825,"x"
"3925",24470.7515570259,25121.2229168071,"x"
"3926",24718.6382138676,25331.342106479,"x"
"3927",24353.7123142621,24976.4505211879,"x"
"3928",25174.0006025958,26373.154670345,"x"
"3929",24960.580086821,26055.5774705448,"x"
"3930",24874.3765973433,25956.1046549403,"x"
"3931",24441.3010890965,25082.641521787,"x"
"3932",24599.6810080134,25418.0499421832,"x"
"3933",24570.1282418547,25307.2553471904,"x"
"3934",25340.3361555603,26847.4877286185,"x"
"3935",24446.0261725083,25096.2147993853,"x"
"3936",25220.6490544086,26488.7139595521,"x"
"3937",24939.4495652103,26052.8210734749,"x"
"3938",25007.4590940022,26276.0899729262,"x"
"3939",24631.3732237496,25576.3285772173,"x"
"3940",24746.9059833469,25550.4616706403,"x"
"3941",25228.0808282731,26564.5719536368,"x"
"3942",24774.2448542479,25582.5375108169,"x"
"3943",24360.4677209029,24883.5342086488,"x"
"3944",24453.7254888706,25071.4613358349,"x"
"3945",24706.8522726257,25401.628440472,"x"
"3946",24417.7596717579,24878.5174345977,"x"
"3947",24618.8237837902,25522.9084795495,"x"
"3948",25127.7257044535,26291.1797960339,"x"
"3949",24786.2704217114,25685.5822220616,"x"
"3950",25030.3192363106,26060.5259517614,"x"
"3951",24383.3750761349,25051.4336207484,"x"
"3952",25190.6129982672,26500.2512830443,"x"
"3953",24656.0763273812,25422.1479444178,"x"
"3954",25421.3773612961,26984.9509280516,"x"
"3955",24950.154799731,25996.0242329782,"x"
"3956",24471.4544059648,24923.3017604898,"x"
"3957",24792.045340364,25895.5707646547,"x"
"3958",24608.9161803846,25245.698805698,"x"
"3959",24645.3863502007,25178.0061984034,"x"
"3960",24613.8260140665,25452.2659255919,"x"
"3961",24651.3253579909,25141.537916102,"x"
"3962",24519.1388453358,25206.7720125078,"x"
"3963",25075.8485925696,26284.695561791,"x"
"3964",24541.9718225055,25162.6128660855,"x"
"3965",25450.8820780615,26978.1693280094,"x"
"3966",24510.9139173877,25207.4262370248,"x"
"3967",24782.6387210475,25658.0124072428,"x"
"3968",24415.8187973884,24728.8998244093,"x"
"3969",24361.1666453727,24862.2892015927,"x"
"3970",24590.3522663537,25244.9967313115,"x"
"3971",25285.6514066799,26667.1442088372,"x"
"3972",24762.3476035198,25483.7482801714,"x"
"3973",24814.5437935202,25637.0339238073,"x"
"3974",24557.1126425856,25086.6082301538,"x"
"3975",24658.9518906546,25503.1441763141,"x"
"3976",25058.4781879674,26187.8002813402,"x"
"3977",24706.6592052209,25658.4404098866,"x"
"3978",24289.1423347593,24653.6437661015,"x"
"3979",24715.2118662353,25476.7240267247,"x"
"3980",25805.4202909824,27483.3916094186,"x"
"3981",24651.2238345186,25458.0780741771,"x"
"3982",25018.8563458267,26325.9883223923,"x"
"3983",24537.7782619757,25313.7650737283,"x"
"3984",24425.7954178561,24987.4955523164,"x"
"3985",24634.6909382308,25330.8859526118,"x"
"3986",24974.0559652392,26111.9107679227,"x"
"3987",24662.5689428,25534.772345219,"x"
"3988",24548.1812791407,25260.6473122746,"x"
"3989",24476.1675415889,24954.1949570104,"x"
"3990",25439.098814408,26814.0657215152,"x"
"3991",24990.2506456229,25888.1061353115,"x"
"3992",25967.3305691614,28209.2806715885,"x"
"3993",24674.1016973946,25565.4833569048,"x"
"3994",24268.8719428121,24710.0499405256,"x"
"3995",24294.7178312693,24802.7828442564,"x"
"3996",24542.3536963671,25252.8236284218,"x"
"3997",24981.3547675786,25772.5731576744,"x"
"3998",24859.828426919,25936.03554816,"x"
"3999",24739.8924191996,25482.9359513648,"x"
"4000",24336.0154794623,24788.8148340567,"x"
"4001",24770.0149948389,25554.1926078822,"x"
"4002",24512.1233057625,24955.1402829294,"x"
"4003",24764.7225158357,25548.5412397126,"x"
"4004",24558.7551790944,25133.0395283515,"x"
"4005",24486.3605221201,25106.7947056826,"x"
"4006",24703.2251528686,25619.5192862746,"x"
"4007",24548.4509279724,25256.9607171636,"x"
"4008",24626.4046325963,25314.468006498,"x"
"4009",24550.7782238297,25105.7601644255,"x"
"4010",24307.7712124913,24867.3499184381,"x"
"4011",24686.863022466,25340.1007047528,"x"
"4012",26030.3053570169,28354.070088137,"x"
"4013",24659.9740974973,25296.5615121239,"x"
"4014",24671.82339218,25470.3065584153,"x"
"4015",24722.307252056,25579.3682656445,"x"
"4016",25407.1657905097,26675.563423205,"x"
"4017",24952.703164929,25978.1800342335,"x"
"4018",24737.3113350538,25684.4049194075,"x"
"4019",24442.3556679322,25148.4199800716,"x"
"4020",24708.372516959,25444.550454761,"x"
"4021",25153.9834329489,26536.045750003,"x"
"4022",24785.9637978441,25601.7917163211,"x"
"4023",25364.0666430925,26848.1116780245,"x"
"4024",25476.8960277412,27110.427230645,"x"
"4025",24717.8398930311,25617.3433141409,"x"
"4026",24832.7348176913,25783.2207706411,"x"
"4027",24531.4150880171,25140.0321531763,"x"
"4028",24615.6463117103,25123.547017824,"x"
"4029",24766.9979576029,25713.3478091869,"x"
"4030",25446.6181560208,26878.8674976286,"x"
"4031",24718.1301361621,25599.8782358983,"x"
"4032",24948.1012543436,25858.8921213801,"x"
"4033",25232.0528172716,26442.2996027936,"x"
"4034",25198.57971309,26478.4328411261,"x"
"4035",24453.3058963977,25022.056644471,"x"
"4036",24451.894257517,25048.9028939471,"x"
"4037",24894.623407388,25696.6454030603,"x"
"4038",25019.9413448445,26048.698120203,"x"
"4039",25618.3359790674,27321.4164133996,"x"
"4040",25441.7515754264,26834.9565447782,"x"
"4041",25106.6469003324,26244.6172358454,"x"
"4042",25476.2613242807,26976.1736940403,"x"
"4043",24935.8723275374,26021.1878410979,"x"
"4044",24912.9335011529,25884.8545919156,"x"
"4045",25076.6111672768,26383.3019454401,"x"
"4046",24728.8055254561,25451.8110313872,"x"
"4047",25615.0321336933,27036.0494893083,"x"
"4048",25130.0730232705,26391.9042225639,"x"
"4049",24807.4837917766,25505.8474968533,"x"
"4050",25582.8082092085,27249.4151941479,"x"
"4051",25113.823387477,26356.7266274169,"x"
"4052",24912.2306270888,25847.6704228258,"x"
"4053",24957.7197852978,26082.005024679,"x"
"4054",25582.857904065,27333.1345824703,"x"
"4055",24347.8925380644,24969.9952104262,"x"
"4056",24436.372503122,25150.966448445,"x"
"4057",25122.7123571045,26372.0558907217,"x"
"4058",25026.5404012689,26214.8829230798,"x"
"4059",24345.4897259598,24851.6475903174,"x"
"4060",24438.475252076,24980.0126368676,"x"
"4061",25251.3109237579,26617.9928622822,"x"
"4062",25415.8559824866,26948.2659474311,"x"
"4063",24670.8733823509,25234.2178284487,"x"
"4064",25369.7436718652,26777.269000422,"x"
"4065",24754.5789158306,25787.5585781506,"x"
"4066",24522.0948812145,25103.6656000343,"x"
"4067",24136.5063200115,24527.8186509602,"x"
"4068",24387.6448150503,24772.8592321774,"x"
"4069",24665.5722705488,25403.9827687726,"x"
"4070",24694.0384573233,25567.7462086135,"x"
"4071",24851.2159438302,25804.1635782732,"x"
"4072",24527.1229596939,25253.1515535807,"x"
"4073",24614.830852395,25292.242630765,"x"
"4074",24702.3464447933,25716.6040029332,"x"
"4075",24865.4951158631,25917.3626081141,"x"
"4076",24859.3216612325,26013.2698439392,"x"
"4077",24968.4769858501,25698.0375184715,"x"
"4078",24727.0762720592,25580.6775463251,"x"
"4079",24624.324595437,25116.4827712697,"x"
"4080",25150.797226064,26417.8385582198,"x"
"4081",25014.1848685193,26242.2324886159,"x"
"4082",24577.7385141822,25325.3461929427,"x"
"4083",24704.6537930404,25500.1842841533,"x"
"4084",24855.4552333764,25418.6342434402,"x"
"4085",24430.3374666976,25170.6276861481,"x"
"4086",25465.6109256524,27025.3834963296,"x"
"4087",24622.3058055621,25092.2664029746,"x"
"4088",24851.4770088253,25568.2893928438,"x"
"4089",24704.0788343985,25344.5301570803,"x"
"4090",24441.5322921026,25001.4408147749,"x"
"4091",26109.6951673874,28162.097552416,"x"
"4092",24755.4677529356,25641.1788296391,"x"
"4093",24517.4825386875,25149.4333306409,"x"
"4094",24398.232222154,24890.2936720212,"x"
"4095",25305.6384742313,26772.7509141897,"x"
"4096",24681.2741588991,25397.3578500292,"x"
"4097",24934.640893945,26100.2600662663,"x"
"4098",24774.0722309207,25750.7890274296,"x"
"4099",24499.2690729625,25056.0220308616,"x"
"4100",24461.8443471901,24829.1301836731,"x"
"4101",24685.9182515999,25558.6252546231,"x"
"4102",24667.0616324318,25628.0888617508,"x"
"4103",24942.0152387356,25992.7217408615,"x"
"4104",25736.9670317796,27692.603984385,"x"
"4105",25029.4122081671,26320.4503898371,"x"
"4106",24725.8402648314,25623.9105234097,"x"
"4107",24787.8888962921,25580.3836312433,"x"
"4108",24665.7946165474,25512.5853118856,"x"
"4109",24956.385504834,25935.2074868505,"x"
"4110",24523.838115997,24989.4318364536,"x"
"4111",24847.3391162438,25931.7493193799,"x"
"4112",24829.7968879238,25724.3289465942,"x"
"4113",25089.0662285517,26314.592248344,"x"
"4114",24806.935938417,25708.4448091105,"x"
"4115",24835.8069635528,26006.8737569446,"x"
"4116",24899.5654419663,25985.2505077106,"x"
"4117",24437.9552966092,24975.1137797984,"x"
"4118",24690.4466799117,25554.3299763661,"x"
"4119",24985.4445670064,25930.5446372381,"x"
"4120",24026.667600211,24430.8224666059,"x"
"4121",24752.4135298421,25381.5782375867,"x"
"4122",24629.5642740808,25426.1396200096,"x"
"4123",24372.1954507355,24949.6319177012,"x"
"4124",24481.2670674001,24915.6027667618,"x"
"4125",25133.4783145851,26166.0192701556,"x"
"4126",24545.5751725162,25177.8012401778,"x"
"4127",24981.8747575369,26162.8844529124,"x"
"4128",24758.1511928182,25805.0743229351,"x"
"4129",25180.049934442,26578.7270702086,"x"
"4130",28190.9439702485,32800.3681550158,"x"
"4131",24707.8931820345,25467.9710517812,"x"
"4132",24661.8058458378,25239.8327775512,"x"
"4133",24458.0912518668,25147.377155216,"x"
"4134",25030.6049955197,26216.876046691,"x"
"4135",24593.591266984,25290.6549301425,"x"
"4136",26332.8039431877,28292.8352881732,"x"
"4137",24583.3693893102,25130.5478903441,"x"
"4138",24815.4868872926,25728.6844154638,"x"
"4139",24825.7725143616,25835.1118723951,"x"
"4140",24260.2787927839,24651.2328975855,"x"
"4141",24976.8386848127,25819.6827920877,"x"
"4142",24604.4580412009,25278.2059842471,"x"
"4143",24890.3261315961,25813.1975759996,"x"
"4144",24621.1600629663,25383.5945835939,"x"
"4145",24647.922287321,25398.5985406757,"x"
"4146",25123.8074762488,26452.9687579992,"x"
"4147",24635.8012177221,25350.099962032,"x"
"4148",24594.1675381607,25237.8803579486,"x"
"4149",25251.346268794,26548.1746746054,"x"
"4150",24441.6477813727,25027.6014179606,"x"
"4151",25165.236395104,26418.345392331,"x"
"4152",24647.4919720526,25434.4585574336,"x"
"4153",24783.2143538318,25621.1453443355,"x"
"4154",24808.0237767119,25706.5955461124,"x"
"4155",24503.7196274886,25187.7814420096,"x"
"4156",24334.8717539922,24872.0649103328,"x"
"4157",24461.6316538155,24839.3136689526,"x"
"4158",24592.506495183,25304.5473509517,"x"
"4159",24958.5959696269,26108.8379197626,"x"
"4160",24243.4124798556,24785.1290044943,"x"
"4161",24371.8698824943,24868.7732786733,"x"
"4162",25528.260674643,27020.9977642188,"x"
"4163",24774.1331068947,25768.7532741207,"x"
"4164",25186.1756729161,26407.0527669143,"x"
"4165",24921.5728991025,25890.6752263798,"x"
"4166",24534.7217586142,25102.2620823515,"x"
"4167",24713.2994396904,25506.5495937241,"x"
"4168",25504.3395157573,27027.2572973201,"x"
"4169",24891.9910728741,26038.5552924186,"x"
"4170",24704.426265401,25442.5026734479,"x"
"4171",25185.5034387098,26565.7062978007,"x"
"4172",24987.9671310447,25838.2248538429,"x"
"4173",24504.3601460416,24903.3146810303,"x"
"4174",24574.5033199987,25251.4116656276,"x"
"4175",24728.6126217686,25599.2901832134,"x"
"4176",24741.540637913,25554.6493471631,"x"
"4177",24642.2951203749,25383.5212177438,"x"
"4178",24591.9296125306,25186.9283082258,"x"
"4179",24780.629681698,25712.8188416628,"x"
"4180",24363.5280871044,24910.336390893,"x"
"4181",25218.5403457327,26465.6826815743,"x"
"4182",24897.0003997062,25436.3771148683,"x"
"4183",24368.5119792519,24632.7476838502,"x"
"4184",24801.1960084712,25711.8690867545,"x"
"4185",24733.8117541784,25630.0392545339,"x"
"4186",24551.6720210292,25220.8453788088,"x"
"4187",24400.2093594029,24800.6655262877,"x"
"4188",24299.4286544365,24674.257477905,"x"
"4189",24721.8957639527,25574.3703279831,"x"
"4190",24322.4930132957,24628.5821509732,"x"
"4191",24808.7653207026,25737.4712799912,"x"
"4192",24489.9444158671,25042.1311960822,"x"
"4193",24761.5866345845,25398.0732726419,"x"
"4194",25077.6550863159,26326.4202064744,"x"
"4195",24826.6057774145,25755.9065678706,"x"
"4196",24614.2726579012,25281.9020887905,"x"
"4197",24520.9368764869,25178.0808354773,"x"
"4198",24785.8937959243,25757.654625727,"x"
"4199",24565.7357675171,25431.3060751292,"x"
"4200",24591.0419293063,25383.615918084,"x"
"4201",24415.9207407616,24897.5509435509,"x"
"4202",24557.2548969102,24961.4763875621,"x"
"4203",24522.6532922731,25334.1149260489,"x"
"4204",24727.3326824308,25335.7204838831,"x"
"4205",24943.3476244007,26015.4443444078,"x"
"4206",24511.8686683173,25221.3314670847,"x"
"4207",24557.8808049298,25124.0874992651,"x"
"4208",24802.3936609549,25663.6786040239,"x"
"4209",24593.4266576623,25348.4120401513,"x"
"4210",24779.3738205035,25732.18337514,"x"
"4211",24502.8260783139,25251.1196904575,"x"
"4212",24702.0550065441,25532.9059959954,"x"
"4213",25147.8634812814,26354.3633863057,"x"
"4214",24725.9033295558,25470.6520701593,"x"
"4215",25197.6551677996,26492.205546481,"x"
"4216",25419.253555628,26885.29700798,"x"
"4217",25026.4458867235,26093.2694182561,"x"
"4218",24958.0525457754,26110.5347050303,"x"
"4219",24399.6868510336,24888.6182022679,"x"
"4220",24682.2199232883,25417.1180640386,"x"
"4221",24476.2308794268,25094.4363293471,"x"
"4222",24402.6827623917,24867.383823697,"x"
"4223",24384.0722022908,25025.4801977195,"x"
"4224",25978.7677002094,27642.9714619108,"x"
"4225",25909.22529468,27963.3054308254,"x"
"4226",25030.29931427,26119.566259338,"x"
"4227",24437.258894371,24981.5658703293,"x"
"4228",24243.0857155003,24597.8850788597,"x"
"4229",24613.8826347617,25136.6029431797,"x"
"4230",24614.768804199,25256.9981586005,"x"
"4231",24466.2651260823,25110.7931621784,"x"
"4232",24638.3090508877,25344.0455669787,"x"
"4233",24995.2450641366,26046.420872286,"x"
"4234",24397.9443286058,25110.12184358,"x"
"4235",25029.6194082036,26235.3711703243,"x"
"4236",24712.2924950755,25250.0970084453,"x"
"4237",24706.3232462787,25244.8898038719,"x"
"4238",24523.1843291006,25223.6602320187,"x"
"4239",24339.1295619324,24748.0981262568,"x"
"4240",24577.6860764099,25100.7012874181,"x"
"4241",24552.4460431657,25329.6134426666,"x"
"4242",24803.778831137,25449.0984568161,"x"
"4243",24866.8465401612,25710.3509385216,"x"
"4244",24548.3920433169,25367.9406222342,"x"
"4245",24680.467302798,25612.5908010537,"x"
"4246",24631.3052109793,25345.557518325,"x"
"4247",24660.5903984449,25015.0442340963,"x"
"4248",25582.9243087001,27356.2312373553,"x"
"4249",24677.2811224681,25647.7179196424,"x"
"4250",25005.6989773271,26088.0764023113,"x"
"4251",24887.417523335,25816.8677551022,"x"
"4252",24279.0598490846,24799.6985653375,"x"
"4253",24915.6045866921,25958.1928351895,"x"
"4254",24631.6960137849,25183.6034677763,"x"
"4255",24532.8623314281,24952.5769837231,"x"
"4256",24937.9899358806,25751.1070429953,"x"
"4257",24599.7670998819,25230.0418930527,"x"
"4258",24895.5592652061,25693.8334176886,"x"
"4259",24755.8861694007,25628.3646818586,"x"
"4260",24755.534898497,25659.4654966256,"x"
"4261",24466.9135361623,24920.610324359,"x"
"4262",24660.1433137774,25467.4048543339,"x"
"4263",24781.3184580851,25384.090013557,"x"
"4264",24916.547190563,26034.349984684,"x"
"4265",24601.7254765772,25218.2845054981,"x"
"4266",24464.4131433637,25011.5598286805,"x"
"4267",25009.0264806949,25986.2208104739,"x"
"4268",24581.2754595227,25196.1859912596,"x"
"4269",25316.1960716241,26710.2211720959,"x"
"4270",25045.5143152123,26193.7744468823,"x"
"4271",24618.3316049654,25191.3767884122,"x"
"4272",24446.8096354626,25169.7266587823,"x"
"4273",24614.512317973,25316.4950119468,"x"
"4274",24518.2315130017,25318.0203240268,"x"
"4275",24670.5074580208,25496.0850800047,"x"
"4276",24693.7589386254,25415.7879772638,"x"
"4277",24397.4784109639,24955.1026474413,"x"
"4278",24482.2541368836,25204.4680452863,"x"
"4279",24752.9436948809,25710.1180985446,"x"
"4280",24456.4782416567,25179.9239808027,"x"
"4281",24830.7272814177,25943.7023403611,"x"
"4282",24623.7441611171,25375.6857651812,"x"
"4283",25274.0797567078,26402.3844062566,"x"
"4284",24792.4461137385,25812.761652864,"x"
"4285",24839.483799672,25903.3023246939,"x"
"4286",25045.1278119958,26151.0190446657,"x"
"4287",25182.9031456749,26662.6108261225,"x"
"4288",24648.3321077899,25389.9305943663,"x"
"4289",24923.6957232869,25878.8900654334,"x"
"4290",24578.2551394606,25244.2072806049,"x"
"4291",24626.6004478666,25301.7646502929,"x"
"4292",24404.3807123771,24901.5080968811,"x"
"4293",24185.1526407187,24547.6775507335,"x"
"4294",24448.9907196382,24943.1745667878,"x"
"4295",24834.6798813734,25926.7787843736,"x"
"4296",24863.2279886076,25784.374830359,"x"
"4297",25174.7270317296,26516.9184378492,"x"
"4298",24315.6261511127,24939.6186836373,"x"
"4299",25070.3168517987,26143.209399704,"x"
"4300",24664.3623585845,25488.8049499729,"x"
"4301",25019.368718252,26216.7016705254,"x"
"4302",24218.6262343986,24620.1075969895,"x"
"4303",25085.9044865294,26402.1882654255,"x"
"4304",24622.23972438,25361.5546972549,"x"
"4305",24306.627070773,24788.3935527014,"x"
"4306",24744.2573216538,25528.3755896452,"x"
"4307",25070.1491548841,26133.9462844095,"x"
"4308",24785.7542525639,25628.327273651,"x"
"4309",24908.8331660393,25747.032829439,"x"
"4310",24340.1383786772,24909.4647400986,"x"
"4311",24746.7702968448,25354.9837606444,"x"
"4312",25841.6744081938,27887.9244376595,"x"
"4313",24330.7578431732,24833.1695490855,"x"
"4314",24693.167090406,25667.5645130029,"x"
"4315",24688.9088169873,25483.6503314209,"x"
"4316",25008.1783787104,26026.3250784133,"x"
"4317",24558.7178582936,25289.4252009204,"x"
"4318",24638.0942423389,25111.1271733229,"x"
"4319",25068.125717614,26237.2327358145,"x"
"4320",24749.4040093298,25482.5132122505,"x"
"4321",25528.6324682911,26943.6301628632,"x"
"4322",24949.0168747434,25758.461128383,"x"
"4323",25154.0946046422,26312.1716057641,"x"
"4324",25060.4191280797,26156.5052125012,"x"
"4325",24551.0040307391,25218.5219531156,"x"
"4326",24976.9596546536,25791.7187958553,"x"
"4327",25160.0594907885,26582.581354547,"x"
"4328",24583.6008711775,25302.2247841326,"x"
"4329",24304.4960928381,24990.6784471732,"x"
"4330",24547.4494028921,25157.023183369,"x"
"4331",25590.3902718962,27421.7311659871,"x"
"4332",24368.0939276458,24678.4702463463,"x"
"4333",24906.1871676522,25942.0604606803,"x"
"4334",24899.0629245114,26036.720607786,"x"
"4335",24935.1399904512,25995.7700257122,"x"
"4336",24557.5021358317,25133.4791090678,"x"
"4337",25135.8950878553,26451.9682290714,"x"
"4338",24603.4173574186,25158.7376191363,"x"
"4339",24542.5270806981,25096.4382576628,"x"
"4340",24431.1637014252,25045.1864561715,"x"
"4341",24581.7677833143,24972.3431367529,"x"
"4342",24629.5875139547,25598.4622100216,"x"
"4343",24782.3723401286,25693.228724231,"x"
"4344",24400.1874575135,25122.8209423261,"x"
"4345",24594.1763855573,25068.7911188044,"x"
"4346",24750.8807637347,25651.8108498157,"x"
"4347",24767.2712568798,25517.4347739716,"x"
"4348",24553.5485476277,25268.5336641338,"x"
"4349",25399.3332702176,26863.9964706954,"x"
"4350",24810.5697697633,25686.5085286325,"x"
"4351",24393.703247408,24810.4012631083,"x"
"4352",24438.4791319148,25030.2437341078,"x"
"4353",24304.2031731156,24721.1029183182,"x"
"4354",24599.3714415262,25348.8272419438,"x"
"4355",24586.7647222648,25176.9460045263,"x"
"4356",24919.9189213131,25935.5931495457,"x"
"4357",24711.2425977141,25507.9109964377,"x"
"4358",24863.7610073939,25866.7500975484,"x"
"4359",25069.7349943063,26229.1296467817,"x"
"4360",24707.3699479112,25333.5727205706,"x"
"4361",24694.741773375,25386.5008299225,"x"
"4362",24454.1743769751,25119.8846241022,"x"
"4363",24957.2224869188,26082.6189702692,"x"
"4364",24570.1851639822,25328.8796785283,"x"
"4365",24391.1906044619,24947.2491518803,"x"
"4366",25935.0876176637,28062.9048723341,"x"
"4367",24546.7601892889,25193.0694982285,"x"
"4368",24479.8043004918,25220.1210398355,"x"
"4369",24593.5223591405,25423.2586581001,"x"
"4370",24782.07493509,25698.2122922238,"x"
"4371",24666.0032362671,25500.2388570374,"x"
"4372",24503.0764851935,25121.3631302601,"x"
"4373",24309.1967713023,24757.0984489335,"x"
"4374",24445.1730123906,25051.085909679,"x"
"4375",24548.2406467045,25168.7997869781,"x"
"4376",24821.0718472215,25542.8983235509,"x"
"4377",25648.5885258272,27301.2887117312,"x"
"4378",25043.5837743116,26255.0872850634,"x"
"4379",24605.5792750287,25413.7697983777,"x"
"4380",24623.620069617,25197.9734747379,"x"
"4381",24763.9012580135,25552.1840598168,"x"
"4382",24258.4549157467,24675.8032466372,"x"
"4383",24799.1372924808,25778.4158186337,"x"
"4384",24379.0716031359,24858.3414703689,"x"
"4385",24377.1858163898,24755.3240026788,"x"
"4386",24488.0086762422,25039.7575050127,"x"
"4387",24847.3552260902,25825.8706462228,"x"
"4388",24706.922319085,25495.4376270969,"x"
"4389",24708.4698590444,25534.1184922032,"x"
"4390",24499.313417671,25044.6209477276,"x"
"4391",24643.4196595765,25513.8505564483,"x"
"4392",24749.3760862691,25508.5081437253,"x"
"4393",24769.5746369686,25496.6386942774,"x"
"4394",24667.2741582627,25296.1675745829,"x"
"4395",25544.4071263234,27170.959547422,"x"
"4396",24562.0440255849,24926.7003281859,"x"
"4397",25854.4706711966,27754.8204807021,"x"
"4398",24976.4664387187,25757.5100457826,"x"
"4399",24710.5320523074,25590.0401182718,"x"
"4400",24873.1370479163,25806.3835777734,"x"
"4401",24517.2695879958,25267.6691735246,"x"
"4402",24975.642189802,26028.3379339417,"x"
"4403",25282.3139324412,26767.4720231198,"x"
"4404",24665.889425966,25225.4826617747,"x"
"4405",25702.4589495544,27491.410136456,"x"
"4406",24550.1106226555,25154.3804667225,"x"
"4407",24782.092809845,25682.6086653557,"x"
"4408",24656.4772296949,25098.9626270879,"x"
"4409",25990.5396499431,27975.9886966169,"x"
"4410",24258.6224267076,24608.6713328345,"x"
"4411",25047.8125689781,26211.8814141128,"x"
"4412",25348.7802306039,27028.417695048,"x"
"4413",24756.4123481085,25874.4800017143,"x"
"4414",24770.8805382204,25822.2503980802,"x"
"4415",24401.8779832359,24886.7436092509,"x"
"4416",26217.1191034999,28262.4708317103,"x"
"4417",24745.26776851,25555.2086622281,"x"
"4418",24405.5737171588,25081.8061080275,"x"
"4419",24921.1561171202,25951.1213192863,"x"
"4420",24368.540266721,24752.4145461673,"x"
"4421",24212.1157982315,24422.5014309315,"x"
"4422",25146.6054199209,26348.5630503774,"x"
"4423",24680.5146674911,25547.8059250883,"x"
"4424",24607.283366506,25422.1229101748,"x"
"4425",24623.6088702115,25480.4812281793,"x"
"4426",25293.2711739114,26804.9953088058,"x"
"4427",24840.6462173944,25865.4786339325,"x"
"4428",24848.0420029661,25750.9488266545,"x"
"4429",24548.1197296348,25033.3298506317,"x"
"4430",24513.3008018387,25334.1867956183,"x"
"4431",25105.9203203402,26386.3435485253,"x"
"4432",24608.5413472741,25388.8857165913,"x"
"4433",25362.675112367,26787.1039112026,"x"
"4434",24357.7001342143,24675.9928869128,"x"
"4435",24574.082681103,25373.8633662004,"x"
"4436",24599.0643961682,25469.6266347641,"x"
"4437",24779.2158201032,25497.366935153,"x"
"4438",24825.4796299265,25859.7005667963,"x"
"4439",24997.8041985482,26433.8176432394,"x"
"4440",24596.85687818,25385.7639872805,"x"
"4441",24776.9779037533,25789.1074819027,"x"
"4442",24945.0741155598,25967.4265608031,"x"
"4443",24789.5518138819,25667.0515980892,"x"
"4444",24545.7281003117,25222.1454823911,"x"
"4445",24709.094712326,25279.6008270258,"x"
"4446",24415.1129282653,24761.1483659899,"x"
"4447",24589.6694244292,25416.5434379854,"x"
"4448",24372.4429136875,24838.2949061628,"x"
"4449",24633.9307269281,25558.5966876123,"x"
"4450",24828.3523683846,25663.9973662301,"x"
"4451",24586.2465656104,25132.588508175,"x"
"4452",25166.7071224537,26546.704593318,"x"
"4453",25210.5334724767,26580.0785094052,"x"
"4454",24576.4392794951,25284.2093333181,"x"
"4455",24635.5267122277,25223.7681027798,"x"
"4456",24543.0326366407,25276.4239613613,"x"
"4457",24727.3319979584,25487.0328440394,"x"
"4458",24320.9640960025,24932.6826998346,"x"
"4459",25021.8935470861,25986.4180585189,"x"
"4460",24609.3293583746,25379.491642097,"x"
"4461",24918.5963904974,25804.722107826,"x"
"4462",24684.5566285314,25551.3999174569,"x"
"4463",24551.337464562,25356.1209232777,"x"
"4464",24888.5910426984,25547.9819490337,"x"
"4465",24600.7095492959,25034.7577024431,"x"
"4466",25271.3417473852,26513.0652791972,"x"
"4467",24803.757261164,25438.7559752174,"x"
"4468",24525.3713903975,25210.9537333921,"x"
"4469",24776.804285646,25586.7300746611,"x"
"4470",24339.8846732778,24872.4307038336,"x"
"4471",24721.2773011864,25462.5948695283,"x"
"4472",25318.8375876108,26766.7573029428,"x"
"4473",24950.7020068791,26098.4036772314,"x"
"4474",24974.0997327695,26070.6729370565,"x"
"4475",24612.6120183293,25441.3259754676,"x"
"4476",24465.3798831438,25029.2806495375,"x"
"4477",25505.7048416626,27195.5751840695,"x"
"4478",24868.4121954693,25820.0349797416,"x"
"4479",24445.2644197022,24987.7108341993,"x"
"4480",24588.637120931,25274.7564928882,"x"
"4481",24647.3400464796,25519.7862099681,"x"
"4482",24775.2244103296,25516.4685780669,"x"
"4483",24865.3486632384,25882.9481733359,"x"
"4484",24967.0918422316,26098.1933535244,"x"
"4485",25332.3328244537,26647.643213677,"x"
"4486",24993.674697775,25936.0663842759,"x"
"4487",24472.5866345423,25010.7841034309,"x"
"4488",25125.38714841,26280.3450383201,"x"
"4489",24688.8936889328,25548.1050172268,"x"
"4490",25096.0258925831,26162.758286254,"x"
"4491",24443.7090540568,24980.602591583,"x"
"4492",25121.9686021713,26112.8111167594,"x"
"4493",24600.6271652579,25342.7163662195,"x"
"4494",25785.3576200397,27250.4237133421,"x"
"4495",24622.1964208757,25402.5479095201,"x"
"4496",24457.8156392006,24925.2586515363,"x"
"4497",25153.8394249847,26458.6211427725,"x"
"4498",26069.7507839854,28108.7158740934,"x"
"4499",24588.8454724555,25455.732553463,"x"
"4500",25427.1759046397,26962.0046057823,"x"
"4501",25035.712862062,26158.7153665327,"x"
"4502",24536.3256975398,25162.3052166924,"x"
"4503",24787.1783463456,25655.1496119697,"x"
"4504",24810.737588688,25742.209710861,"x"
"4505",24736.6950820261,25670.9522591359,"x"
"4506",24783.9358825354,25726.9553962588,"x"
"4507",25165.8055367993,26474.6029304052,"x"
"4508",24458.9511800841,24909.8720072067,"x"
"4509",25124.0011069727,26298.2849109594,"x"
"4510",24669.6516163189,25307.3821816717,"x"
"4511",25791.3219019862,28038.4804264031,"x"
"4512",24644.752516762,25354.659880885,"x"
"4513",24393.8622843972,25045.449024832,"x"
"4514",24621.5090337699,25373.7026807068,"x"
"4515",24965.6421954419,26228.0039847482,"x"
"4516",24740.9822921251,25469.4886839605,"x"
"4517",24260.714721005,24651.099129843,"x"
"4518",24625.2827119888,25342.9052426346,"x"
"4519",24517.8846553732,24935.6040174985,"x"
"4520",24981.178898327,26067.2865422901,"x"
"4521",24777.5393690015,25411.0890833262,"x"
"4522",24442.7851239361,25075.5699730415,"x"
"4523",24328.7498250931,24771.5588314905,"x"
"4524",25158.9530857052,26548.089134375,"x"
"4525",24764.6163169653,25606.67941164,"x"
"4526",24961.7803450632,26081.2121421516,"x"
"4527",24685.6821505826,25551.268429834,"x"
"4528",25099.9137816363,26345.8575193718,"x"
"4529",25191.7275365681,26357.8607604156,"x"
"4530",24630.2184522551,25360.0763201346,"x"
"4531",24630.8052691703,25293.74694014,"x"
"4532",24660.7065600766,25450.8333805189,"x"
"4533",25114.7156161021,26333.2124986067,"x"
"4534",24140.2031118404,24636.7069882242,"x"
"4535",25354.3676291202,26670.2496186553,"x"
"4536",24513.9235318956,25282.9829107659,"x"
"4537",24939.1823873274,25990.0552912012,"x"
"4538",24996.4087636303,26195.2536050074,"x"
"4539",25105.4203822353,26284.88027968,"x"
"4540",24386.2574681991,24967.394840974,"x"
"4541",24617.1575912302,25533.7211246103,"x"
"4542",24995.6948646304,25979.3417046719,"x"
"4543",25079.1899224861,26299.3169456615,"x"
"4544",24896.9651282453,25954.3699429155,"x"
"4545",24961.1667380747,25961.495391721,"x"
"4546",24741.8599237017,25418.3572386568,"x"
"4547",24586.0394835937,25200.0229981824,"x"
"4548",24623.2667756664,25446.068426827,"x"
"4549",24664.2282872867,25336.5634473364,"x"
"4550",24655.7447984836,25315.636648196,"x"
"4551",24268.6619916873,24577.5104801416,"x"
"4552",24969.1690071028,25952.0492343117,"x"
"4553",24335.511667221,24867.5629741818,"x"
"4554",24537.9904952948,25306.6774472171,"x"
"4555",25466.7184024362,27105.5064937208,"x"
"4556",24647.7613571503,25333.8610481866,"x"
"4557",24541.7287173203,25278.6580358372,"x"
"4558",24764.6952139788,25693.944983539,"x"
"4559",24967.4624842904,26240.5760309915,"x"
"4560",24585.5149180945,25165.7170066114,"x"
"4561",24799.0173985536,25819.7417173617,"x"
"4562",25180.9354160318,26384.6361540654,"x"
"4563",24255.6054735068,24654.6528510824,"x"
"4564",25589.6983752216,27305.4225669274,"x"
"4565",25086.9848399651,26439.387226031,"x"
"4566",24692.1846868916,25578.4780782854,"x"
"4567",24195.8886283769,24580.4405914248,"x"
"4568",25302.2932720155,26683.2761533327,"x"
"4569",24488.9566767189,24775.7910916434,"x"
"4570",24726.657705699,25602.5274189021,"x"
"4571",24641.503291972,25720.99333317,"x"
"4572",25001.6810982463,26168.5396077824,"x"
"4573",25304.6875706479,26475.0467255619,"x"
"4574",24237.6863665483,24803.6995644799,"x"
"4575",24543.4287949166,25040.6695289412,"x"
"4576",25078.0855433369,26327.8306666385,"x"
"4577",24441.6449851206,24903.9339446953,"x"
"4578",25522.692528534,27181.651479494,"x"
"4579",24949.827533378,25984.5210165677,"x"
"4580",25265.9267245666,26596.6272571171,"x"
"4581",24722.502910606,25540.3898766224,"x"
"4582",24864.4397236625,25745.4901433079,"x"
"4583",24837.2534292846,25899.0926096261,"x"
"4584",25381.3231200492,26785.4681959946,"x"
"4585",25487.230057589,26885.8796580617,"x"
"4586",25100.6349431372,26550.4939984455,"x"
"4587",25191.6538277071,26510.8717558367,"x"
"4588",25171.402195573,26568.9490764904,"x"
"4589",24522.477991328,25319.3548323281,"x"
"4590",25502.2086885907,27257.7069243756,"x"
"4591",24678.228719622,25489.2085674964,"x"
"4592",24553.6823422743,25239.4186180658,"x"
"4593",24767.6019597409,25724.8372156646,"x"
"4594",24525.2527869132,25142.4040087468,"x"
"4595",24707.6946130499,25602.1897534622,"x"
"4596",25180.786332333,26614.1836536182,"x"
"4597",25395.5187686906,26827.6746301487,"x"
"4598",24838.2735720671,25828.7912249732,"x"
"4599",24718.6660656732,25275.3644962355,"x"
"4600",25064.9060180732,26277.3581446801,"x"
"4601",24565.0230022637,25318.4118401678,"x"
"4602",26013.6172730471,28253.9986112978,"x"
"4603",24381.6754909118,24756.3942841484,"x"
"4604",24305.6415369501,24803.4651684726,"x"
"4605",24434.4480049015,24966.0042525747,"x"
"4606",24624.2386953412,25411.9898835494,"x"
"4607",24237.5860935954,24766.861785078,"x"
"4608",25120.1971806967,26347.8034035761,"x"
"4609",24521.8626383478,25002.7968048067,"x"
"4610",25222.328093993,26462.6223800711,"x"
"4611",24559.6737200901,25309.5428175373,"x"
"4612",24400.118460319,25050.4203930062,"x"
"4613",24392.0493836605,24882.8591499368,"x"
"4614",24426.3392819437,25010.3533012853,"x"
"4615",24553.1941952412,25049.7142716296,"x"
"4616",24412.6139527058,24908.178283763,"x"
"4617",24582.8533439042,25349.8825110824,"x"
"4618",24448.0396535462,24996.6477203656,"x"
"4619",24425.8734430919,25044.4266191682,"x"
"4620",24744.4351411944,25645.6373490676,"x"
"4621",24816.0914048708,25762.1502719849,"x"
"4622",24624.5312507952,25347.7084579364,"x"
"4623",24765.2043217891,25616.1423755118,"x"
"4624",24582.8496672804,25215.0535045584,"x"
"4625",25337.3948552252,26780.8435290976,"x"
"4626",24788.7534876023,25556.0025342498,"x"
"4627",24605.7567680304,25337.7168240419,"x"
"4628",25143.8484164001,26367.4369415563,"x"
"4629",25170.2898827836,26511.6170864394,"x"
"4630",24786.1613376252,25574.2484922939,"x"
"4631",24660.7190840596,25535.4279583947,"x"
"4632",24315.1044669977,24739.7872680393,"x"
"4633",24583.8051923405,25357.6025684183,"x"
"4634",24416.8939487384,25015.5797884798,"x"
"4635",24628.6669480808,25466.2880757883,"x"
"4636",26843.4656247063,29393.5225335811,"x"
"4637",24233.6291654015,24582.9159932446,"x"
"4638",25067.0763904066,26238.4292471776,"x"
"4639",24703.3485094164,25684.0443329018,"x"
"4640",24650.6033829963,25323.6559532973,"x"
"4641",25818.8209371488,27615.3621806164,"x"
"4642",24836.0697396046,25691.6085720366,"x"
"4643",24971.9285587143,26122.7289883961,"x"
"4644",25341.3774235685,26859.000674978,"x"
"4645",24615.9572939903,25315.6595217104,"x"
"4646",24785.1682086325,25798.9523576603,"x"
"4647",24922.6003023829,25911.6913209573,"x"
"4648",24919.7054500564,25731.2016484776,"x"
"4649",24447.0542491193,25050.1358531279,"x"
"4650",24638.4246352056,25488.9332271913,"x"
"4651",24516.0023266168,25175.0954711358,"x"
"4652",24545.648657889,25124.2989367799,"x"
"4653",24715.7465762388,25536.5944137483,"x"
"4654",24672.279357357,25640.7895606723,"x"
"4655",24530.9052131507,25119.0341244234,"x"
"4656",24881.4387787448,25749.3236387045,"x"
"4657",26186.492584439,28308.02701403,"x"
"4658",24550.1399677626,25090.3071583336,"x"
"4659",24597.4165129286,25029.2861263786,"x"
"4660",24980.3967917004,26132.9915148797,"x"
"4661",25340.5642400486,26668.6136438661,"x"
"4662",24531.8774089441,25282.3013989032,"x"
"4663",24892.1392825447,25809.6818704993,"x"
"4664",24615.6015156283,25340.7462668454,"x"
"4665",24410.6380690116,25105.0680659048,"x"
"4666",25492.6531083343,27185.8148223588,"x"
"4667",25103.5622840732,26300.7289598567,"x"
"4668",25525.8882849073,27276.6408407668,"x"
"4669",24602.0211174512,25389.2855694128,"x"
"4670",24443.8519625617,24946.5707247278,"x"
"4671",25345.5133509081,26577.9756878725,"x"
"4672",25371.1047860373,26611.4687951671,"x"
"4673",25965.9316617608,27958.110879631,"x"
"4674",24397.0279494969,24999.6548090323,"x"
"4675",24999.5249810788,25866.2420447125,"x"
"4676",24861.7230520605,25845.6359245397,"x"
"4677",24839.3064550833,25545.7040681572,"x"
"4678",25288.9359723814,26487.5006957985,"x"
"4679",24637.7862559162,25380.7219255119,"x"
"4680",24732.057035353,25399.9019254301,"x"
"4681",24578.8202276233,25149.2229074339,"x"
"4682",25012.1652863379,26115.3548308833,"x"
"4683",24845.8923108642,25666.5628746742,"x"
"4684",24482.7069329551,25128.1498339846,"x"
"4685",25095.8210770972,26335.3474412236,"x"
"4686",24909.4180104591,25910.5582195651,"x"
"4687",25569.3218878276,27071.6386310105,"x"
"4688",24950.1204621256,26010.6025189511,"x"
"4689",25004.8241622496,26015.8470849978,"x"
"4690",24443.9235674528,24875.0755226843,"x"
"4691",24577.6496606648,25049.2743874912,"x"
"4692",24449.4999228327,25107.074802107,"x"
"4693",24716.9747526941,25589.6014498776,"x"
"4694",25079.2050460128,26291.8830578112,"x"
"4695",24826.7905937412,25876.5323588347,"x"
"4696",24791.8902174536,25446.26718943,"x"
"4697",24868.8551824668,26001.0342953053,"x"
"4698",25382.295847556,26719.9580236066,"x"
"4699",24700.7747638164,25332.7295171873,"x"
"4700",24936.1431443883,26081.9979268734,"x"
"4701",24894.7029716701,25899.6829831271,"x"
"4702",24696.8438882682,25254.5171883697,"x"
"4703",24643.7855114662,25186.183918914,"x"
"4704",25016.5219335427,26173.0714126999,"x"
"4705",24359.8770000247,24922.5307862415,"x"
"4706",25304.1287303522,26708.9466456123,"x"
"4707",24622.7883550099,25415.4523746517,"x"
"4708",25070.1113949876,26279.8680979148,"x"
"4709",25853.9872050012,27521.6560311711,"x"
"4710",24734.4462181815,25647.4132811415,"x"
"4711",25077.7317364109,26286.5184001408,"x"
"4712",24857.643271914,25799.0220841505,"x"
"4713",24349.7440697034,24903.0170039658,"x"
"4714",24499.3132086099,25017.516505991,"x"
"4715",24467.9778786111,24892.7146015819,"x"
"4716",24891.8716777024,25790.4146809168,"x"
"4717",24927.256001983,26006.2756956421,"x"
"4718",24457.5966719857,24975.6964466864,"x"
"4719",25085.7162240981,25929.8531714949,"x"
"4720",25030.6623898058,26198.5017392748,"x"
"4721",24724.4334022437,25451.3443323168,"x"
"4722",24466.2571465728,25117.6356755377,"x"
"4723",25080.7585240053,26305.3885852858,"x"
"4724",24644.182995626,25371.0982515062,"x"
"4725",24205.9718935407,24724.5303377412,"x"
"4726",24473.561807316,24948.536736492,"x"
"4727",24353.2800688293,24780.9182738116,"x"
"4728",24546.9841740546,25177.3525744871,"x"
"4729",24503.5942996095,25029.4591907629,"x"
"4730",24759.2779537086,25732.1103425042,"x"
"4731",24697.9346195491,25429.2653177008,"x"
"4732",24608.3295975358,25446.4081843548,"x"
"4733",24589.8255841731,25372.012174162,"x"
"4734",24795.4860293084,25704.7231888141,"x"
"4735",24619.6211469716,25346.255041577,"x"
"4736",25258.4617670859,26411.7840455976,"x"
"4737",24992.6972285762,25987.5648425014,"x"
"4738",25086.8712183941,26108.7779038712,"x"
"4739",25887.9929641082,27794.9898696891,"x"
"4740",24505.3165399551,24966.5841453974,"x"
"4741",25097.4629534486,26189.2003874922,"x"
"4742",25248.4606147516,26555.1314188256,"x"
"4743",24889.7654448828,25906.360353193,"x"
"4744",25454.9979990551,26958.7440702273,"x"
"4745",24720.0099150747,25270.6042929597,"x"
"4746",24810.1745632452,25818.4245669149,"x"
"4747",24732.2949184311,25418.9804859637,"x"
"4748",24648.6119054194,25295.097753187,"x"
"4749",25223.2758861149,26514.1274448453,"x"
"4750",24705.2842935863,25329.0245189402,"x"
"4751",24503.2340562892,25078.192526887,"x"
"4752",25234.8902182431,26404.9874057992,"x"
"4753",25355.6491061191,26766.7699844943,"x"
"4754",24540.436491245,25031.6105348809,"x"
"4755",24575.666519199,25373.7712467123,"x"
"4756",25745.1384539199,27132.9818356922,"x"
"4757",24985.3718334254,26063.6696374981,"x"
"4758",24497.8159567904,25204.2845265633,"x"
"4759",24798.6471822533,25783.601923434,"x"
"4760",25816.3134444587,27966.4021114701,"x"
"4761",25104.4514949814,26408.4828206184,"x"
"4762",24406.0114154533,24834.3539437844,"x"
"4763",24896.0113200013,26058.274554688,"x"
"4764",24633.0307397149,25368.7487721779,"x"
"4765",24450.5125765234,25120.6868601782,"x"
"4766",24573.9170764587,25220.1464710014,"x"
"4767",24541.9329930858,25056.0968627585,"x"
"4768",24545.7730929406,25195.333047946,"x"
"4769",24714.704257635,25559.9512764004,"x"
"4770",24589.8010762586,25315.5147310975,"x"
"4771",24700.5380931045,25274.7022664244,"x"
"4772",24588.3878102105,25273.4370002945,"x"
"4773",24474.9402905993,25227.1226140469,"x"
"4774",25343.5580541213,26562.1340843307,"x"
"4775",25356.2419474934,26806.5530862987,"x"
"4776",25260.2229294556,26339.4527534841,"x"
"4777",24533.673715112,25117.845925651,"x"
"4778",24504.1767033312,25236.8567362927,"x"
"4779",24633.5057193789,25443.3364965606,"x"
"4780",24861.5120787139,25816.3806731623,"x"
"4781",24937.1150938022,26017.7726715814,"x"
"4782",24420.0977502637,25000.8174374394,"x"
"4783",24608.1243438113,25430.4211029113,"x"
"4784",24466.6132865269,25128.7840640808,"x"
"4785",24362.937075463,24803.3008717591,"x"
"4786",25176.542247034,26499.7255287113,"x"
"4787",24387.7524045174,24885.007528787,"x"
"4788",25474.1003957498,27091.0734704785,"x"
"4789",24468.6125749287,25114.4179338365,"x"
"4790",24421.3214704532,24801.3862617223,"x"
"4791",24553.1367787868,25444.8972198046,"x"
"4792",24437.8729574946,25042.2279146446,"x"
"4793",24815.5810349094,25606.4687278002,"x"
"4794",25012.2443704836,26123.3226612741,"x"
"4795",24739.7609436671,25661.2261158976,"x"
"4796",24480.2163633201,24982.191352597,"x"
"4797",24745.8892620042,25440.8522216169,"x"
"4798",25215.2448611061,26550.3813170513,"x"
"4799",25022.7165211547,26075.3929547159,"x"
"4800",25215.0925551922,26419.1991114984,"x"
"4801",25561.9444623834,27305.0583830212,"x"
"4802",25513.0783247286,27067.3860650139,"x"
"4803",25097.0222152946,26192.1812364096,"x"
"4804",25146.4054616332,26218.6376776454,"x"
"4805",25134.9095879844,26379.5605256117,"x"
"4806",24980.4730614037,25743.7598098647,"x"
"4807",24888.9466398054,25926.8079631071,"x"
"4808",24686.6962986567,25325.7912014874,"x"
"4809",24399.0909519994,24909.4634583703,"x"
"4810",24708.7809312581,25445.6067105208,"x"
"4811",24503.2601512035,25022.9694246741,"x"
"4812",24841.5852603245,25737.5541253162,"x"
"4813",24680.4575146818,25440.3090780212,"x"
"4814",25477.1590582512,27084.9527521976,"x"
"4815",24356.5932047555,24889.1630345416,"x"
"4816",25323.7456255721,26883.5436797306,"x"
"4817",25227.8176650896,26552.0157659837,"x"
"4818",25167.2776658986,26353.2541673845,"x"
"4819",25057.1139320466,26325.2879705275,"x"
"4820",24623.1994810405,25381.0424371144,"x"
"4821",26088.9146260374,28004.0181974853,"x"
"4822",24383.3060716038,24890.7430567778,"x"
"4823",25124.6182130763,26349.1247404628,"x"
"4824",24480.4046126364,25197.3869107135,"x"
"4825",25191.0593694385,26440.149386182,"x"
"4826",24824.8458734439,25760.2472285612,"x"
"4827",24609.1903189531,25401.7865202768,"x"
"4828",24844.1654357883,25477.6844038505,"x"
"4829",25709.5523003541,27420.2605795292,"x"
"4830",24482.6605812935,25119.2350908569,"x"
"4831",24374.2385455278,24889.5880448551,"x"
"4832",24608.2957450867,25469.5931254844,"x"
"4833",26132.4916015933,28156.7514969756,"x"
"4834",24744.6872857116,25640.3563030292,"x"
"4835",24508.4830441015,25163.8114627461,"x"
"4836",25286.2594818413,26783.680206779,"x"
"4837",24459.3259855618,25129.4940757811,"x"
"4838",25042.8834942068,26195.6085361514,"x"
"4839",24452.2488353553,24856.9450292126,"x"
"4840",24474.9715156636,24987.7351391704,"x"
"4841",24407.6203030161,25026.9277268978,"x"
"4842",25366.821601155,26804.5246836441,"x"
"4843",25068.9880856079,26103.5744170504,"x"
"4844",24580.3355841831,25354.0674623058,"x"
"4845",25283.8213019714,26820.3475952256,"x"
"4846",24483.9375809227,24753.7413110158,"x"
"4847",24775.7586038146,25636.3797506268,"x"
"4848",24790.5608287714,25533.3087310003,"x"
"4849",24862.420154986,25854.9221439018,"x"
"4850",24540.6827191453,24929.4746947491,"x"
"4851",24784.3307638433,25700.318013387,"x"
"4852",24596.4286624801,25319.6910703859,"x"
"4853",24813.233518732,25725.9599412564,"x"
"4854",24725.6944529892,25668.1757811425,"x"
"4855",24565.3520844307,25234.8399119276,"x"
"4856",24846.9227367169,25704.7252699293,"x"
"4857",24665.2198493963,25469.6092361722,"x"
"4858",24669.2848296905,25267.5395086071,"x"
"4859",24420.8467764766,24907.6559797281,"x"
"4860",24851.238173977,25837.5570974354,"x"
"4861",24930.8035172817,26008.5285917254,"x"
"4862",24600.4674634836,25222.417676324,"x"
"4863",25127.1954132198,26246.1765198856,"x"
"4864",24491.6423760312,24975.3905109375,"x"
"4865",24589.6789722323,25232.588476447,"x"
"4866",24809.4194012498,25662.7239111996,"x"
"4867",24662.871709123,25169.4788692751,"x"
"4868",24519.1639078768,25230.158826698,"x"
"4869",24877.7942215536,26097.4933250976,"x"
"4870",24321.1907094389,24731.6156358007,"x"
"4871",25391.6857735812,26787.4775994769,"x"
"4872",24505.2068593592,25336.5170423674,"x"
"4873",24509.9034765343,25290.7755292001,"x"
"4874",24803.8219898252,25828.1768485782,"x"
"4875",24516.8034206686,25037.8354686851,"x"
"4876",25381.0837114234,26776.6965871474,"x"
"4877",25301.7316829412,26597.4222152884,"x"
"4878",24621.3504301943,25294.299978537,"x"
"4879",24659.6920851535,25497.6921909815,"x"
"4880",24513.2608677193,25224.0846188915,"x"
"4881",24981.6009010595,26141.494481382,"x"
"4882",24587.4815568043,25240.2711243285,"x"
"4883",25287.0611021408,26723.3788455068,"x"
"4884",25055.6665122229,26044.2263655282,"x"
"4885",25254.9314317345,26626.9402661342,"x"
"4886",25095.255837647,26108.3109476588,"x"
"4887",24581.7464706159,25307.5490965103,"x"
"4888",25196.598275407,26472.5398081934,"x"
"4889",25240.1705051243,26615.0601593362,"x"
"4890",24729.9381673191,25612.6948863547,"x"
"4891",24604.7829019626,25223.9089823286,"x"
"4892",24384.3653875571,24833.1910702029,"x"
"4893",25158.3498083215,26436.2681978006,"x"
"4894",24531.0313295014,25399.2034909539,"x"
"4895",24800.6599201133,25810.7736586712,"x"
"4896",24982.6576248358,25976.593482958,"x"
"4897",24713.0048534004,25686.2794032778,"x"
"4898",24612.910082364,25414.4913347681,"x"
"4899",24428.9060248519,24967.5315710673,"x"
"4900",24418.4802643931,24789.5769511468,"x"
"4901",24566.0894610194,25392.4120080736,"x"
"4902",24261.7683224496,24707.6182286325,"x"
"4903",24759.5690516777,25754.5860936566,"x"
"4904",24676.4062507684,25377.3535310141,"x"
"4905",24476.471451078,25063.9653729753,"x"
"4906",24704.8678483571,25584.0322268199,"x"
"4907",24922.1386953611,25735.4628004776,"x"
"4908",24588.5715567131,25262.1290643611,"x"
"4909",24687.4231392034,25440.2812130889,"x"
"4910",25068.4179093608,26338.4206488557,"x"
"4911",24907.4503862795,25949.3351080448,"x"
"4912",24351.9461309462,24581.2852469982,"x"
"4913",24421.6676940986,24994.7488704203,"x"
"4914",24354.7345729503,24811.6131387271,"x"
"4915",24707.4573611014,25501.1283398001,"x"
"4916",25192.3046775261,26286.3224432972,"x"
"4917",24466.9350719298,24986.7926500276,"x"
"4918",24787.0667068454,25548.5894121633,"x"
"4919",24515.7969913771,25085.0993080924,"x"
"4920",24692.386887715,25491.9410236352,"x"
"4921",24362.537508726,24750.0473818404,"x"
"4922",24970.442897326,25704.2857189491,"x"
"4923",24907.0615487299,26011.5073123293,"x"
"4924",24890.0786657533,25858.6390304588,"x"
"4925",24445.5017490078,24871.8740391598,"x"
"4926",24479.3938049117,25051.797382659,"x"
"4927",25644.8895977621,27237.5673751308,"x"
"4928",25215.2536688441,26598.0324829871,"x"
"4929",24604.3883895254,25552.360580273,"x"
"4930",24951.3229957262,26009.993195298,"x"
"4931",24626.7856764355,25330.4046252667,"x"
"4932",24401.0804586401,24938.1892502673,"x"
"4933",24874.5105131287,26042.5397403499,"x"
"4934",24633.4061096292,25413.9600545776,"x"
"4935",25550.4823994597,27226.602828445,"x"
"4936",24871.0926919908,25924.4219008737,"x"
"4937",24629.7449868341,25305.1910710442,"x"
"4938",24427.5270919308,24736.4310999153,"x"
"4939",24938.1607126674,25823.2044530399,"x"
"4940",24680.4028851966,25382.120012728,"x"
"4941",24602.1250420876,25161.6627433676,"x"
"4942",24332.2602266327,25002.9334911439,"x"
"4943",25004.4058331807,26012.6850066432,"x"
"4944",24859.726417673,25786.4130992362,"x"
"4945",24422.6080721322,24927.822536638,"x"
"4946",24632.6327186245,25365.2248505084,"x"
"4947",24425.8556841441,24957.1438337904,"x"
"4948",25324.7164492875,26738.1473434771,"x"
"4949",24800.5604691666,25703.8411394068,"x"
"4950",24538.3945481849,24908.9405687056,"x"
"4951",25617.7422693245,26794.2343610794,"x"
"4952",24702.8809397956,25242.83607956,"x"
"4953",24593.5871534549,25312.6383506415,"x"
"4954",24726.9174481065,25448.0895887109,"x"
"4955",24894.7878576902,25862.2018928633,"x"
"4956",24412.8423573151,24993.2599455564,"x"
"4957",24668.7381430838,25376.2165762753,"x"
"4958",24963.5315304817,26154.8957837485,"x"
"4959",24480.3262430225,25140.818160208,"x"
"4960",24681.3937206701,25444.0612405767,"x"
"4961",24916.9221335842,25991.3710174147,"x"
"4962",25193.0635524645,26452.562338703,"x"
"4963",25122.5228044143,26226.7414314732,"x"
"4964",25116.0389641259,26329.7390053898,"x"
"4965",24667.2915939304,25526.8500260383,"x"
"4966",24840.4309963569,25821.742296815,"x"
"4967",25874.1902790593,28030.7918338958,"x"
"4968",25356.0514269469,26783.7645844729,"x"
"4969",24320.312388636,24796.4911842553,"x"
"4970",24696.9594144172,25471.8105560636,"x"
"4971",24463.1217808573,25117.0720780248,"x"
"4972",24581.2534965101,25333.7067632061,"x"
"4973",26003.6537302633,27737.0378332956,"x"
"4974",24978.3794468919,26167.7831088411,"x"
"4975",25148.4555079279,26338.2527145218,"x"
"4976",27889.2134947265,32053.0613787764,"x"
"4977",24806.7744848211,25558.8021522195,"x"
"4978",24627.7855914434,25433.0865831795,"x"
"4979",25045.6019459777,26184.5172212591,"x"
"4980",25076.143998521,26448.8151387278,"x"
"4981",24806.2703181887,25865.4810320846,"x"
"4982",25538.4775458443,26764.1870868715,"x"
"4983",24659.2342654034,25349.4309980295,"x"
"4984",24820.2850719189,25744.1976504819,"x"
"4985",24806.0286353684,25582.4548442846,"x"
"4986",24386.7652197962,24920.1970770615,"x"
"4987",24786.589678678,25581.7505102156,"x"
"4988",24500.2032497728,24947.3761128379,"x"
"4989",24559.444263656,25343.2921140589,"x"
"4990",24438.0213000093,24855.5568561527,"x"
"4991",25771.0270920582,27257.2175075441,"x"
"4992",24764.9032731159,25617.7043773751,"x"
"4993",24975.6051319603,25977.4862403793,"x"
"4994",24706.7317267247,25342.3948486681,"x"
"4995",25338.7173851767,26766.588708508,"x"
"4996",24586.6912229014,25326.9495584518,"x"
"4997",24729.4706996262,25691.770064957,"x"
"4998",27973.0795285363,32376.0905459607,"x"
"4999",24401.2228970872,25064.0655649777,"x"
"5000",24386.2141514777,24684.8243417125,"x"
"5001",24819.3631638797,25795.3543948411,"x"
"5002",24318.7997608621,24938.7187863039,"x"
"5003",27345.4540243372,30835.5419841336,"x"
"5004",24643.2088089798,25369.7615511052,"x"
"5005",24465.4695095554,25032.4881519244,"x"
"5006",24431.6405218422,24956.1890579901,"x"
"5007",24764.2799298587,25619.3613314561,"x"
"5008",27908.2947087599,31745.8041079075,"x"
"5009",24393.4070256475,24739.3372469135,"x"
"5010",24460.9251097248,25086.38610179,"x"
"5011",24548.9087909499,25275.7443475259,"x"
"5012",25081.7447227847,26282.0625460934,"x"
"5013",24563.1003580549,25214.8684574627,"x"
"5014",24600.8791867853,25294.5620229421,"x"
"5015",25045.0049631823,26170.0607249807,"x"
"5016",24527.2240389334,25371.1114073089,"x"
"5017",25010.5600251203,26134.1434526914,"x"
"5018",24529.0674950626,25195.5206731063,"x"
"5019",24507.5087369933,25075.3668702554,"x"
"5020",25751.283379156,27623.5803289315,"x"
"5021",25168.9259098485,26594.1906406399,"x"
"5022",25712.1233876039,27447.0513219091,"x"
"5023",24661.1672248579,25422.2050468148,"x"
"5024",24252.3819660184,24685.0534546624,"x"
"5025",24915.5288789747,25978.2042247248,"x"
"5026",24373.415607355,25001.6338761821,"x"
"5027",24572.6307786973,25283.4674329826,"x"
"5028",25055.790862044,26391.7495104574,"x"
"5029",24738.2115044458,25550.3907223801,"x"
"5030",24854.7251785165,25911.6125373935,"x"
"5031",24702.6088996194,25300.0273385669,"x"
"5032",24987.4930126539,25920.0032477213,"x"
"5033",24581.6191363282,25186.899049392,"x"
"5034",24639.1223994286,25528.6686346055,"x"
"5035",24885.5776292525,25786.3429335628,"x"
"5036",24879.6501251975,25898.9620504769,"x"
"5037",24838.5955400128,25607.7320164538,"x"
"5038",25283.2990770407,26705.7653838642,"x"
"5039",25056.6962702438,26090.3659260622,"x"
"5040",28414.7860429194,32836.4236780597,"x"
"5041",24847.8161489302,25813.7539958469,"x"
"5042",25271.0771009706,26576.0978855089,"x"
"5043",24439.862194615,25006.8618930878,"x"
"5044",24444.4583333472,24915.3593882989,"x"
"5045",24216.8254907636,24606.3550029466,"x"
"5046",25238.5533929881,26655.9336720757,"x"
"5047",25518.552762868,27107.3158077036,"x"
"5048",24390.3848830863,24738.9919531831,"x"
"5049",24784.4235289614,25586.6114872399,"x"
"5050",24396.4243462109,24776.3431631746,"x"
"5051",25013.024520664,25914.6150385641,"x"
"5052",24787.0313939003,25720.1057235506,"x"
"5053",24825.7724265912,25854.1687334143,"x"
"5054",24527.8847925141,24998.8209354552,"x"
"5055",24638.2441132779,25406.2709125341,"x"
"5056",24579.3707059915,25254.4824519707,"x"
"5057",25476.7950040875,26784.6944379146,"x"
"5058",25030.9580995956,26159.4839739429,"x"
"5059",24837.5193276182,25964.7080484835,"x"
"5060",24723.1300504221,25498.9827098912,"x"
"5061",24720.3989862191,25531.4937300943,"x"
"5062",24983.7254740081,26085.4254330578,"x"
"5063",25821.9063635305,27606.0803376221,"x"
"5064",24766.4155578883,25685.5820819036,"x"
"5065",25192.4493060235,26616.5989845828,"x"
"5066",24996.6544505673,26299.8528496134,"x"
"5067",24786.0778872782,25647.752895455,"x"
"5068",25924.5373125957,27950.0641381032,"x"
"5069",25145.2410224426,26442.6829768437,"x"
"5070",24449.1906184968,24998.568667075,"x"
"5071",24669.305997777,25423.3245085855,"x"
"5072",24554.8706535899,25372.746831929,"x"
"5073",24560.3678245841,25223.7371450068,"x"
"5074",24423.3531808973,24961.0907190498,"x"
"5075",24629.3186070476,25471.2642729098,"x"
"5076",24619.7093978057,25328.1449103427,"x"
"5077",24596.4486601429,25222.6716566687,"x"
"5078",25451.4261809431,26987.7754923057,"x"
"5079",24679.5081551429,25542.7825400774,"x"
"5080",24585.1013662951,25141.3040010302,"x"
"5081",24745.8258374844,25594.0640456205,"x"
"5082",25322.3426531172,26429.9952677257,"x"
"5083",24581.2887833405,25003.8579579976,"x"
"5084",25048.0694788731,26302.2503774911,"x"
"5085",25139.1604578551,26277.9666014881,"x"
"5086",25043.1278890221,26155.0398342423,"x"
"5087",25526.6579388364,27084.9085702759,"x"
"5088",24880.3239037865,25998.3828957897,"x"
"5089",24979.0039435698,26032.0056422161,"x"
"5090",24698.4113631512,25259.1095194951,"x"
"5091",24807.2129515299,25527.7137428625,"x"
"5092",24992.0679666816,26197.5225739378,"x"
"5093",24476.5446332735,25147.1710713048,"x"
"5094",24739.5337733763,25568.6318505805,"x"
"5095",24643.8259647288,25232.21677732,"x"
"5096",24311.7314658218,24928.2149566662,"x"
"5097",24520.5794231919,25068.8307860325,"x"
"5098",25476.8250002166,27217.6386015981,"x"
"5099",24485.3796033129,24957.6331371126,"x"
"5100",24915.9061666296,25975.8418778177,"x"
"5101",26722.0881596447,29177.6128921277,"x"
"5102",24404.1961671948,24990.1098106298,"x"
"5103",24372.4479450962,24976.5763233205,"x"
"5104",24609.930694633,25373.9355728181,"x"
"5105",25201.6507386995,26385.7951059196,"x"
"5106",24523.5751841903,25174.105831256,"x"
"5107",24636.6632525528,25596.164395476,"x"
"5108",24815.488547205,25658.9400559426,"x"
"5109",24296.4179002647,24679.0961301804,"x"
"5110",26109.435609537,28344.9130573344,"x"
"5111",25149.7104419278,26343.869640055,"x"
"5112",24743.7371665793,25443.8578834261,"x"
"5113",24708.9290696356,25608.1687891569,"x"
"5114",24789.2004841866,25690.8089968052,"x"
"5115",24780.8170095321,25674.7381422771,"x"
"5116",24924.3146001084,26025.2389285058,"x"
"5117",25437.7752938686,26999.6988021315,"x"
"5118",24582.4117230796,25282.8103578976,"x"
"5119",24883.4640300262,26018.4457741407,"x"
"5120",24686.1533272513,25606.807120274,"x"
"5121",24941.0966902032,25983.3975324979,"x"
"5122",24742.9081061755,25725.9720228225,"x"
"5123",24837.8082657794,25861.2981085575,"x"
"5124",24552.4018228125,25318.9759220304,"x"
"5125",24742.96505158,25568.975517277,"x"
"5126",25053.8604020974,26334.3329360015,"x"
"5127",24504.589904785,25205.1352376645,"x"
"5128",24776.2309328927,25713.7406246367,"x"
"5129",24381.7157729686,25045.6569617049,"x"
"5130",24474.4776631793,25031.0779247069,"x"
"5131",25054.5431975408,26161.3018578821,"x"
"5132",24799.3938712616,25818.4668805211,"x"
"5133",24346.1958740169,24949.144616966,"x"
"5134",24350.5054761983,24742.8187353114,"x"
"5135",24851.0614241217,25857.928514352,"x"
"5136",24656.6015684121,25462.2410429509,"x"
"5137",24459.5808839468,25062.5644605641,"x"
"5138",24684.4713122363,25377.1184031875,"x"
"5139",24748.5659181341,25706.168467636,"x"
"5140",24570.5095696963,25143.8671338845,"x"
"5141",24635.4028289015,25434.1105283696,"x"
"5142",24640.1053902608,25331.7010185955,"x"
"5143",25878.2901145767,27628.9922217722,"x"
"5144",24652.8093763565,25437.3820612819,"x"
"5145",24898.0698605514,26026.7738095397,"x"
"5146",24713.7110036116,25421.7574097613,"x"
"5147",24586.9242693775,25292.9578990691,"x"
"5148",24572.2077104795,25148.9235618815,"x"
"5149",24322.3520158101,24732.7135754704,"x"
"5150",24687.0051162968,25559.7833588406,"x"
"5151",24870.9084281324,25894.6419558521,"x"
"5152",24502.0320757149,25206.1703562383,"x"
"5153",24424.1966479427,24802.8120592409,"x"
"5154",24362.9134667173,24766.4443063934,"x"
"5155",24758.4455715987,25594.2976690252,"x"
"5156",24675.9258128529,25512.8950123696,"x"
"5157",24593.1284449895,25257.491384375,"x"
"5158",24716.0311918547,25425.9846812692,"x"
"5159",25050.7315574153,26153.9237133726,"x"
"5160",24315.0736008502,24716.9984027974,"x"
"5161",24918.2964966951,25952.6287470205,"x"
"5162",25040.391127966,26254.5830346022,"x"
"5163",25011.3692814298,26135.9380651276,"x"
"5164",24612.84902508,25212.3546711405,"x"
"5165",24912.9142399351,25566.6273444481,"x"
"5166",24515.5754558854,25121.6288146799,"x"
"5167",24981.1327699682,26001.4471787075,"x"
"5168",25451.2357814362,26903.0002461621,"x"
"5169",25032.7529520116,25876.492911285,"x"
"5170",24449.9148890098,24969.0288571331,"x"
"5171",24540.90212668,25227.6664487449,"x"
"5172",25060.2480817914,26303.9507705472,"x"
"5173",24995.2658785488,26158.198228944,"x"
"5174",26242.9828518855,28367.9733545552,"x"
"5175",24958.2169954703,25925.4869924916,"x"
"5176",24379.4616312404,24870.9398149945,"x"
"5177",24716.7673482467,25430.5548842894,"x"
"5178",24556.5113283434,25268.9078883226,"x"
"5179",24697.3805275799,25509.6046325775,"x"
"5180",24888.0804822095,25858.095243696,"x"
"5181",24711.4730290581,25543.057419209,"x"
"5182",24493.3297832216,25054.6494665824,"x"
"5183",24557.9985232963,25226.8252824773,"x"
"5184",24728.1171802137,25569.2472811906,"x"
"5185",24990.4658849514,26040.7484591271,"x"
"5186",24514.5626655467,25199.1039838459,"x"
"5187",25113.2291499008,26267.4802897045,"x"
"5188",24369.0913116901,24998.3289394927,"x"
"5189",24912.2381901319,25902.1250277991,"x"
"5190",24922.4386132063,25972.7584640345,"x"
"5191",25452.4741443607,26905.9722212333,"x"
"5192",24404.7313311872,24763.9903211173,"x"
"5193",24902.6280228428,25954.0037176878,"x"
"5194",24734.1886208015,25420.2000194322,"x"
"5195",25132.8206011404,26372.6321544228,"x"
"5196",24230.0547236177,24657.3119818178,"x"
"5197",25063.2402646531,26380.6374717036,"x"
"5198",24467.2617794526,25151.1732123625,"x"
"5199",24745.8958913825,25704.3302501059,"x"
"5200",25134.8845748387,26610.0039498245,"x"
"5201",24756.4353475486,25572.6973240809,"x"
"5202",24612.7744827473,25214.865210527,"x"
"5203",24590.1113915027,25234.0816776151,"x"
"5204",24451.1819173582,25047.2031936738,"x"
"5205",24915.2825929884,25881.7732799675,"x"
"5206",24325.2853617322,24879.0652582697,"x"
"5207",24723.0204276407,25530.3641410949,"x"
"5208",25092.618175224,26046.3267575042,"x"
"5209",24516.9918271936,25156.2298468453,"x"
"5210",24523.6913286272,25180.3597768659,"x"
"5211",24766.115272323,25723.0054770479,"x"
"5212",24690.2470376625,25643.2415710614,"x"
"5213",24169.347822887,24491.4506190633,"x"
"5214",24884.9713871112,25758.968570584,"x"
"5215",25340.2972688692,26600.9601817049,"x"
"5216",24390.6771028979,24993.3578194,"x"
"5217",25071.5083475972,26182.8375974022,"x"
"5218",24870.7035432531,25787.4800854426,"x"
"5219",25010.1676725196,26220.9083157882,"x"
"5220",25056.9010104253,26246.4071698408,"x"
"5221",25187.5017791578,26481.5146788572,"x"
"5222",24633.4441271126,25500.6384737534,"x"
"5223",24336.7828521384,25046.8463528284,"x"
"5224",24798.6632731577,25735.7147146505,"x"
"5225",25200.2186951219,26213.4749136394,"x"
"5226",24681.3160242074,25482.2196180518,"x"
"5227",25037.1060054333,26155.8837924441,"x"
"5228",24977.0851246747,25992.9720334968,"x"
"5229",25862.606849163,27831.9592760271,"x"
"5230",24525.9750695369,25168.8628582202,"x"
"5231",24972.9678872279,26111.014240169,"x"
"5232",24760.1417770934,25545.8747529089,"x"
"5233",25312.7990988217,26750.0273706698,"x"
"5234",24518.9900638589,25261.7362054566,"x"
"5235",24458.9083546671,25149.3345769462,"x"
"5236",25917.27950009,27946.1506387984,"x"
"5237",24329.8354863731,24761.0678555114,"x"
"5238",24951.7072786999,26028.9474896365,"x"
"5239",24380.7932504612,24910.4415605171,"x"
"5240",24441.2231309263,25207.4106188688,"x"
"5241",24687.8295049837,25579.3030359361,"x"
"5242",24785.3495998549,25606.4176435355,"x"
"5243",25132.1508215825,26317.4710126566,"x"
"5244",24254.2963189506,24643.0383355215,"x"
"5245",24616.428474536,25390.9229491418,"x"
"5246",25242.5916685875,26442.5203678016,"x"
"5247",24700.1325359452,25365.7486206427,"x"
"5248",24376.9856891977,24921.7150829107,"x"
"5249",24955.4771217887,25654.95362994,"x"
"5250",24590.3479932712,25279.9152180422,"x"
"5251",24225.8142668324,24731.5224910642,"x"
"5252",25550.9210736094,27409.5906004403,"x"
"5253",24988.9369754163,26069.0723373092,"x"
"5254",24848.5951782914,25846.0638933209,"x"
"5255",24715.5727066249,25544.9128091349,"x"
"5256",24595.8462537216,25120.2254577157,"x"
"5257",24788.4030300297,25484.6275361269,"x"
"5258",24712.0550815618,25652.1161695178,"x"
"5259",24589.0494108154,25242.678237628,"x"
"5260",24544.5698396865,24971.2095169376,"x"
"5261",24506.0448218182,25113.748775452,"x"
"5262",24822.2119916602,25619.7376713165,"x"
"5263",24722.7443459896,25670.0401907222,"x"
"5264",24960.7421121402,25960.6389794822,"x"
"5265",24830.6244849722,25661.5235642548,"x"
"5266",24902.4805135165,26013.6954103423,"x"
"5267",24459.0385628542,24952.8628603899,"x"
"5268",24334.1666718182,24835.9668108343,"x"
"5269",24664.1816955442,25376.9350774839,"x"
"5270",24702.289639664,25531.3130454213,"x"
"5271",24780.2649578383,25758.4933629654,"x"
"5272",24891.3950666396,25844.9572379648,"x"
"5273",24569.4003517409,25295.830964236,"x"
"5274",24439.2457811827,24955.0147545601,"x"
"5275",25186.1502448719,26568.0665584914,"x"
"5276",24437.1872914029,25054.9735221055,"x"
"5277",24291.1050757674,24606.9482077416,"x"
"5278",24442.6726784254,24991.8865419977,"x"
"5279",24755.2768288197,25603.6334049496,"x"
"5280",24322.2800576897,24779.6906967957,"x"
"5281",24514.2819848066,25189.461698161,"x"
"5282",24542.7124329508,25246.7326644217,"x"
"5283",24339.5311077571,24614.098385067,"x"
"5284",24666.5180302099,25451.198696766,"x"
"5285",24341.0050053179,24919.9321217274,"x"
"5286",24927.1753787643,26095.4205032164,"x"
"5287",24611.3737732757,25355.9293966877,"x"
"5288",24848.3068044752,25886.6570598534,"x"
"5289",24588.6957489707,25117.7593443594,"x"
"5290",24692.031319777,25575.6652796339,"x"
"5291",24528.205063394,25265.0203544185,"x"
"5292",24356.6021593276,24882.9652426865,"x"
"5293",24561.0010167547,25076.147307601,"x"
"5294",24909.6680392733,25853.5723810742,"x"
"5295",24768.6751674394,25584.4291863059,"x"
"5296",24703.5130128557,25447.224239238,"x"
"5297",24487.1114153841,24799.1943927435,"x"
"5298",24721.6905556052,25513.4970095743,"x"
"5299",25576.928002216,27310.1297232486,"x"
"5300",24502.1925973622,24936.2431587775,"x"
"5301",25026.0991052597,26229.5493584408,"x"
"5302",24689.2453437575,25568.8568791568,"x"
"5303",24630.9470805309,25324.5766787327,"x"
"5304",25048.9263826726,26087.9169842726,"x"
"5305",25846.2165925646,27534.3637715709,"x"
"5306",24497.1662167302,25210.3818665848,"x"
"5307",24447.9520733491,25149.3774343064,"x"
"5308",25043.082068757,26176.9850183413,"x"
"5309",24508.0158802373,24909.0565321782,"x"
"5310",25155.4630823896,26367.4784640451,"x"
"5311",24811.6839849805,25734.1911493081,"x"
"5312",24699.9825301869,25587.9819102591,"x"
"5313",25047.9684369562,26236.57871961,"x"
"5314",25684.2288773614,27414.2096785228,"x"
"5315",24751.6917944192,25618.3648160647,"x"
"5316",24814.9270022507,25537.8791232016,"x"
"5317",24285.1503982394,24890.3599174119,"x"
"5318",24374.0639019018,24885.546305151,"x"
"5319",24671.3157482604,25589.0214668093,"x"
"5320",25365.2582384014,26770.1343497793,"x"
"5321",24600.1081448883,25144.4714186217,"x"
"5322",24449.7006572801,25098.4766751547,"x"
"5323",24977.8493657997,26052.8573995332,"x"
"5324",25000.6916443975,26118.0394085669,"x"
"5325",24817.1101941132,25630.0522733793,"x"
"5326",24709.7861111938,25432.8772311841,"x"
"5327",25133.6260498262,26292.851756646,"x"
"5328",24674.8619476779,25427.7274743264,"x"
"5329",24736.6733418139,25598.0425362415,"x"
"5330",24616.5486061755,25375.3153354564,"x"
"5331",25047.5288478276,26242.4966492679,"x"
"5332",24597.6145101844,25313.2099610923,"x"
"5333",24623.3642522816,25232.884164746,"x"
"5334",25131.672681184,26336.5691017956,"x"
"5335",24849.1213037057,25713.4774161389,"x"
"5336",24787.8891217113,25675.148768548,"x"
"5337",25157.4741881708,26168.5909210266,"x"
"5338",24703.7068175793,25243.2560708139,"x"
"5339",24531.4385945888,25335.6938862425,"x"
"5340",24696.2734753085,25476.1663758243,"x"
"5341",24269.9453790526,24688.9757744056,"x"
"5342",24949.997427166,25988.6535356523,"x"
"5343",24746.3019249146,25781.3821508829,"x"
"5344",24601.1168986523,25285.2000916638,"x"
"5345",24552.10055007,25277.2103484614,"x"
"5346",24891.5747104948,25856.1205732378,"x"
"5347",24608.8550461717,25434.2934035157,"x"
"5348",25105.1320071226,26318.9744410138,"x"
"5349",24770.8113148075,25664.7069621338,"x"
"5350",24812.2651938311,25846.137496876,"x"
"5351",24606.5589864961,25286.4117728206,"x"
"5352",25192.6743131319,26546.951710819,"x"
"5353",24514.9264353261,25077.9011562761,"x"
"5354",24878.735131057,26092.2945992234,"x"
"5355",24317.4903151545,24734.0992200067,"x"
"5356",24777.3198885483,25784.1335223454,"x"
"5357",25272.1723873665,26610.2336390457,"x"
"5358",25361.7078357959,26716.2682998699,"x"
"5359",24668.8339002639,25338.4148780817,"x"
"5360",24789.2906740066,25597.2428480323,"x"
"5361",25030.7034286904,26239.9318162809,"x"
"5362",25307.4783179867,26699.2921302078,"x"
"5363",25304.0099960171,26679.3287637134,"x"
"5364",24545.8461369959,25114.5729852571,"x"
"5365",32137.9659406141,44495.5200432198,"x"
"5366",24736.0736247383,25638.4639302188,"x"
"5367",25009.2436790638,26155.1859206196,"x"
"5368",24660.9678854419,25623.4752026101,"x"
"5369",24763.9572758332,25531.8289515986,"x"
"5370",24552.0862330222,25453.4084850535,"x"
"5371",24534.4036061788,25099.1244433715,"x"
"5372",24402.1419371156,24902.9830584181,"x"
"5373",25298.1877032344,26808.755956607,"x"
"5374",24955.7036218688,25837.7043652607,"x"
"5375",24720.202932608,25369.2927434018,"x"
"5376",24591.854356005,25225.24417394,"x"
"5377",24653.6569886089,25356.1285412983,"x"
"5378",24604.7661624673,25186.0042788971,"x"
"5379",24963.1085388622,25717.1853952641,"x"
"5380",24787.0805424548,25664.6161345616,"x"
"5381",24451.9061983499,24956.1465524867,"x"
"5382",24293.8079322171,24786.8510074101,"x"
"5383",24776.3996373149,25734.7039328596,"x"
"5384",24426.9036131033,25109.21263239,"x"
"5385",24670.2614764009,25633.8549988534,"x"
"5386",24940.386763544,25971.7446478974,"x"
"5387",25819.4550671341,27681.3490557901,"x"
"5388",25276.5561169893,26730.9316149444,"x"
"5389",24545.1488570432,25377.1958342367,"x"
"5390",24419.8235455714,25231.2535056824,"x"
"5391",24690.8652643689,25515.0090129231,"x"
"5392",24851.1856062904,25740.668920066,"x"
"5393",24573.8322811874,25025.8121405298,"x"
"5394",24732.818776408,25572.1124183703,"x"
"5395",25282.1291903369,26577.8205369784,"x"
"5396",25524.1997246918,26775.8009121534,"x"
"5397",24759.5953136187,25689.7590400391,"x"
"5398",24632.1923787337,25501.1897722309,"x"
"5399",24996.6469761292,26025.8242344142,"x"
"5400",24474.682342394,25078.6244972424,"x"
"5401",25238.5906571726,26560.3859041782,"x"
"5402",25133.3410767211,26351.715076055,"x"
"5403",24603.1151777477,24978.3754122322,"x"
"5404",24634.0406026303,25450.9170006979,"x"
"5405",24806.4543395927,25721.3196770724,"x"
"5406",24684.5540296542,25460.8466599291,"x"
"5407",24708.9348582402,25525.4481848247,"x"
"5408",24481.9409376288,25285.7430932766,"x"
"5409",24740.8992747136,25629.2819355475,"x"
"5410",24571.5699093478,25000.3924766407,"x"
"5411",25064.4708975065,26314.1043700317,"x"
"5412",24952.7021058616,25962.3740064701,"x"
"5413",24674.5194011711,25430.3949593303,"x"
"5414",24475.7934419003,25011.0905833613,"x"
"5415",24475.9409057383,25015.7663518622,"x"
"5416",25029.8250709369,26102.8796483565,"x"
"5417",24537.2834576374,25021.246964674,"x"
"5418",24420.381093284,24794.7853760697,"x"
"5419",24470.9249095895,25171.5778309212,"x"
"5420",24604.5549249783,25343.0772247884,"x"
"5421",25323.2737704927,26616.2490213405,"x"
"5422",24614.6234152904,25355.0439475375,"x"
"5423",24985.6002824531,26194.085376408,"x"
"5424",25311.5675956323,26729.8424315795,"x"
"5425",24395.8387293804,24974.8100163902,"x"
"5426",24880.7434838528,25735.8703704333,"x"
"5427",24969.8516471493,25948.3255657417,"x"
"5428",24773.6350827304,25603.3582679685,"x"
"5429",24538.956382821,25175.6796382292,"x"
"5430",24785.7482485778,25714.9954356331,"x"
"5431",24776.4649783514,25484.4648271261,"x"
"5432",24816.3134014475,25662.0210942108,"x"
"5433",24524.0997777274,25116.7763974042,"x"
"5434",25029.0086417467,25905.4004419677,"x"
"5435",24635.1915081456,25262.6909248418,"x"
"5436",24387.565983652,24838.7795495185,"x"
"5437",24295.5312778151,24703.4831582758,"x"
"5438",25188.7060363411,26473.7029973594,"x"
"5439",24731.7057954737,25336.0534324046,"x"
"5440",24873.4573642536,25776.0905781946,"x"
"5441",25045.0993049536,26272.2018968698,"x"
"5442",24459.5317383317,25128.1083330413,"x"
"5443",25172.9165517526,26523.3641019946,"x"
"5444",24859.9607869353,25942.6791149227,"x"
"5445",25095.7281315877,26400.0692310333,"x"
"5446",24779.3127008542,25715.2204149351,"x"
"5447",24738.5389050386,25607.1368935941,"x"
"5448",24787.8119149699,25832.918046842,"x"
"5449",24704.0827385916,25274.731724979,"x"
"5450",24594.4944378736,25399.0606478227,"x"
"5451",24483.550809584,25205.8709216565,"x"
"5452",25143.1355932123,26337.8156436581,"x"
"5453",24347.1197324516,24726.1442469425,"x"
"5454",24830.9569649143,25680.4265321393,"x"
"5455",24290.9032623139,24582.113951593,"x"
"5456",25421.8606665146,26806.2682714498,"x"
"5457",24218.8115235723,24558.3221917924,"x"
"5458",25260.2532608387,26619.9196959737,"x"
"5459",24579.7715060814,25309.3795293373,"x"
"5460",24525.9784609895,25239.6661756982,"x"
"5461",24338.1755969431,24905.5304945864,"x"
"5462",24864.2076106364,25864.0221456384,"x"
"5463",24592.8553643197,25212.1529757658,"x"
"5464",25330.1312109203,26719.5725842583,"x"
"5465",24544.2033032177,25113.4592670715,"x"
"5466",24728.7492708265,25534.0793069638,"x"
"5467",25504.539016057,27412.8134965537,"x"
"5468",24701.8171307652,25324.7799322208,"x"
"5469",24853.0290184314,25894.6200520334,"x"
"5470",25465.5614891787,27040.5929224763,"x"
"5471",25968.1843494258,27741.25050403,"x"
"5472",24716.0196613009,25484.701112473,"x"
"5473",24469.6666071377,25065.9816713663,"x"
"5474",24574.3218170903,25219.2891937522,"x"
"5475",25015.0226370478,26042.0612968088,"x"
"5476",25552.501881327,27149.9548236583,"x"
"5477",24698.0931006732,25290.7968151584,"x"
"5478",24639.0368903301,25378.5311213083,"x"
"5479",24719.1416322046,25633.5670664839,"x"
"5480",24611.343060249,25495.8579338039,"x"
"5481",24652.9350103714,25561.7673058747,"x"
"5482",24711.8633967944,25610.7253546104,"x"
"5483",25342.8443088052,26806.5821025089,"x"
"5484",24517.6586587897,24922.504191416,"x"
"5485",24519.7485130331,25010.7066889943,"x"
"5486",24714.3093341048,25647.8512403645,"x"
"5487",24061.3829260486,24281.7541035384,"x"
"5488",25121.5230199602,26085.3018221772,"x"
"5489",24645.733627481,25434.5932825364,"x"
"5490",24499.7466188409,24997.9103502111,"x"
"5491",24526.716530058,25216.3784857855,"x"
"5492",24920.5770412744,25997.2138998431,"x"
"5493",24728.6546780936,25428.1506892428,"x"
"5494",24278.725792397,24861.3135419908,"x"
"5495",24850.6142349767,25781.9835157157,"x"
"5496",25516.5377705227,27162.6890132323,"x"
"5497",25058.9616275817,26176.1551138856,"x"
"5498",25165.4140106257,26344.5234291351,"x"
"5499",25148.3016621544,26416.9302529954,"x"
"5500",25263.1386784683,26707.0055995332,"x"
"5501",24675.6057009646,25245.7424149604,"x"
"5502",24638.4973569816,25451.3010857156,"x"
"5503",24888.8420036202,25807.6162385948,"x"
"5504",25019.9021189129,26275.8650210772,"x"
"5505",25007.4454876029,26018.7096026478,"x"
"5506",24591.211773988,25287.0718126897,"x"
"5507",24360.5313749752,24866.3090391929,"x"
"5508",25010.4305885739,26111.7282936217,"x"
"5509",24453.7260569005,25063.377295227,"x"
"5510",24505.1065024942,25098.0226231162,"x"
"5511",24781.4260364725,25687.4368270398,"x"
"5512",24593.7918932765,25268.5796989052,"x"
"5513",25002.4479469207,26053.7230082874,"x"
"5514",25022.3534005431,25917.4367154177,"x"
"5515",24713.443456461,25419.8101617485,"x"
"5516",25875.6594132455,28064.5235953813,"x"
"5517",24481.8024601137,25187.3954341015,"x"
"5518",24901.2333826317,25791.7826793463,"x"
"5519",25327.1923304446,26501.9765544498,"x"
"5520",25056.8369740189,26320.805584891,"x"
"5521",24835.5455535343,25682.1005753247,"x"
"5522",24655.1840391042,25572.16202924,"x"
"5523",25020.3115543935,26147.8173576946,"x"
"5524",24856.1193989779,25775.5961437756,"x"
"5525",25072.5833127122,26351.5628095781,"x"
"5526",24569.3162084328,25056.8902080526,"x"
"5527",24817.3427876231,25788.0766253525,"x"
"5528",24483.6667629886,25106.6079616585,"x"
"5529",24949.654338904,26117.525548502,"x"
"5530",25187.7021399428,26617.6369216983,"x"
"5531",25145.0774857898,26171.7186905656,"x"
"5532",24555.7721946669,24919.2792821069,"x"
"5533",24380.7905783543,24905.0545062971,"x"
"5534",24959.7411461644,26118.7290029374,"x"
"5535",24491.0444789087,25156.0766357398,"x"
"5536",28206.0551657521,32635.4928176285,"x"
"5537",24788.2928702244,25836.8246496397,"x"
"5538",24543.8634183697,25414.259224825,"x"
"5539",24677.2670762066,25370.2268582135,"x"
"5540",24808.8420227024,25796.9466441805,"x"
"5541",29065.1205000201,35200.4222306243,"x"
"5542",25002.9770447468,26276.8128192401,"x"
"5543",24488.1809061175,25162.4627422398,"x"
"5544",24546.6816903462,25360.6730895092,"x"
"5545",25240.8009870751,26591.3111089725,"x"
"5546",25107.3894957486,26565.8963074494,"x"
"5547",24248.3992717306,24785.2113210301,"x"
"5548",25187.8063410636,26495.936661166,"x"
"5549",24552.8402445947,25048.4475317718,"x"
"5550",25325.3839666512,26524.8450577886,"x"
"5551",24850.8323295038,25873.1811114741,"x"
"5552",24996.9645333771,26263.5371692275,"x"
"5553",25107.7177429182,26400.737011054,"x"
"5554",24772.7756807804,25671.9084103012,"x"
"5555",24571.16253802,25264.4270755164,"x"
"5556",24483.8198792383,24814.673634666,"x"
"5557",24806.4544912821,25752.593421276,"x"
"5558",24703.1609472599,25376.0814586592,"x"
"5559",24949.9056715058,25859.7573361924,"x"
"5560",24719.9333780721,25562.7083646793,"x"
"5561",24798.1858601077,25651.3763422118,"x"
"5562",24601.4827890889,25088.4044122821,"x"
"5563",24897.7291210088,25653.9482195273,"x"
"5564",24495.4878628814,25174.6499352309,"x"
"5565",24534.1340402834,25295.2347339731,"x"
"5566",24672.0219256003,25552.8319596751,"x"
"5567",24810.0219962295,25664.6467916553,"x"
"5568",25464.9490159115,27089.6044540297,"x"
"5569",24479.2344279335,25051.2989061514,"x"
"5570",25432.6626614182,26796.9644288433,"x"
"5571",25579.436665499,26984.8771205295,"x"
"5572",24786.7389921936,25609.0939935894,"x"
"5573",25274.5173368247,26606.215784254,"x"
"5574",24687.8320770108,25403.739383135,"x"
"5575",24396.7139326721,25142.7860607546,"x"
"5576",25245.728513709,26540.4465209722,"x"
"5577",24496.6923142151,25215.7194700601,"x"
"5578",24343.5218365973,24941.9147637012,"x"
"5579",24469.2312589889,25064.4173119802,"x"
"5580",24291.858318742,24693.0123206516,"x"
"5581",24477.7643145142,25028.6475891982,"x"
"5582",25178.8146313653,26474.6822867571,"x"
"5583",24340.3590581708,24972.8976502384,"x"
"5584",24770.1620572288,25621.4307721516,"x"
"5585",24670.5415987485,25466.1562125867,"x"
"5586",24652.5991762175,25427.7444218027,"x"
"5587",24609.2998440846,25300.4422087448,"x"
"5588",24871.9288080717,25978.0853404992,"x"
"5589",25157.6017859784,26455.0951017372,"x"
"5590",24654.5869473518,25512.8240034667,"x"
"5591",24440.7624398149,25055.2581535173,"x"
"5592",27030.5728580839,30369.6461339255,"x"
"5593",25069.2154231319,26107.4320679923,"x"
"5594",24441.5211516968,25248.8309732484,"x"
"5595",24315.4967264209,24844.7961657776,"x"
"5596",24593.8241381642,25360.5727033895,"x"
"5597",24697.078519819,25485.0911053827,"x"
"5598",24818.1393332196,25578.7146352382,"x"
"5599",24888.3285798747,25613.8148497972,"x"
"5600",24611.8823206531,25394.5588318312,"x"
"5601",24298.6252294729,24703.6984635818,"x"
"5602",24592.263234098,25504.4921357401,"x"
"5603",24751.1378018529,25368.1872304579,"x"
"5604",25092.7654932304,26227.2714684851,"x"
"5605",24377.24118431,24810.5732917108,"x"
"5606",24948.0510373321,25929.6853421121,"x"
"5607",24503.7526299096,25245.7020861053,"x"
"5608",24601.9222623688,25310.8975411136,"x"
"5609",25119.5713249783,26270.9262533923,"x"
"5610",26381.8513052104,28340.0228651887,"x"
"5611",24524.6115080934,25019.414763609,"x"
"5612",24657.4646204622,25478.0047226914,"x"
"5613",25183.6536973575,26359.2861558851,"x"
"5614",25636.9594918856,27345.8747494485,"x"
"5615",25221.4819033413,26482.1249890221,"x"
"5616",24618.939973282,25344.071788024,"x"
"5617",25448.6196361597,26983.9796745757,"x"
"5618",24909.1334682592,25975.7719245636,"x"
"5619",24711.330660194,25560.4256819423,"x"
"5620",24755.428751468,25769.0350111988,"x"
"5621",25027.4524978811,26146.1708262163,"x"
"5622",24666.3453635965,25457.4696326304,"x"
"5623",25084.8980628394,26104.7683872275,"x"
"5624",24606.8083387939,25295.1792704182,"x"
"5625",24790.8089517372,25767.9310164091,"x"
"5626",24284.341375313,24902.8306853907,"x"
"5627",25269.8745576755,26647.2579331304,"x"
"5628",24908.2249111475,25994.7551248608,"x"
"5629",24893.309033004,25921.9821155718,"x"
"5630",24696.821779935,25580.6959918013,"x"
"5631",24627.2441252923,25520.8445763481,"x"
"5632",24446.5842045225,25172.859015303,"x"
"5633",25156.5529147103,26197.8857144826,"x"
"5634",25262.3739770822,26680.2256002187,"x"
"5635",24775.5134885404,25410.4290365019,"x"
"5636",24798.2227299042,25597.0371710186,"x"
"5637",25304.4043766476,26808.2464695403,"x"
"5638",24571.4562350627,25326.9458219308,"x"
"5639",24640.2853624493,25379.9699191543,"x"
"5640",25106.4421438017,26231.3209607256,"x"
"5641",25213.4136757793,26483.8013228621,"x"
"5642",25034.5195252609,26137.6855127095,"x"
"5643",24801.1409091967,25793.5245446947,"x"
"5644",24584.8017064132,25448.2752133507,"x"
"5645",24792.1428341801,25828.0301548401,"x"
"5646",25104.745922082,26242.8137259897,"x"
"5647",24254.4277208893,24776.6383210878,"x"
"5648",25823.7375556093,27684.0143824768,"x"
"5649",25267.46656258,26721.7445799034,"x"
"5650",24516.793712759,25223.4094087917,"x"
"5651",24656.1449880438,25294.9659228201,"x"
"5652",25053.2620999619,26292.7239279027,"x"
"5653",24701.9674659986,25548.0007475588,"x"
"5654",24587.0067773099,25319.1250642078,"x"
"5655",24480.074392852,25056.9614612668,"x"
"5656",24484.7838684494,25192.4865479351,"x"
"5657",25185.6990539705,26537.8707804735,"x"
"5658",24618.6928077361,25418.6556047428,"x"
"5659",24697.0748197544,25509.53954868,"x"
"5660",24733.8806835877,25712.9682814984,"x"
"5661",24698.6464037456,25322.58223457,"x"
"5662",24417.8474891021,24983.2899408451,"x"
"5663",24613.3166920313,25419.3238727489,"x"
"5664",24339.0678652216,24995.0991693052,"x"
"5665",24983.8878407746,25928.203035191,"x"
"5666",25017.3075421958,26190.3261234628,"x"
"5667",24432.2390317165,25126.8366625009,"x"
"5668",24718.551535053,25420.3854862486,"x"
"5669",25013.2462399622,26132.5752769253,"x"
"5670",24468.9754965024,24996.6652949881,"x"
"5671",24537.8260308125,25133.632519717,"x"
"5672",25313.346080962,26668.5075617651,"x"
"5673",24852.2884418677,25873.2783525114,"x"
"5674",24650.0350965636,25431.0868092954,"x"
"5675",24658.5008686324,25331.5959771068,"x"
"5676",24772.3621110208,25785.3276436788,"x"
"5677",24608.2007719717,25346.5176014095,"x"
"5678",25376.5676090581,26580.8385440192,"x"
"5679",24726.2639410689,25583.7224459537,"x"
"5680",24638.59741902,25310.3689436169,"x"
"5681",24401.5310081249,25049.5351589677,"x"
"5682",25046.9433668988,26142.9729867485,"x"
"5683",24409.9629381739,24949.9374953961,"x"
"5684",24506.4789601951,24931.4231931934,"x"
"5685",24684.328706689,25418.4055382414,"x"
"5686",25314.6907536966,26487.6543846774,"x"
"5687",24672.0388440248,25586.5326085275,"x"
"5688",24732.7409271751,25359.4595858567,"x"
"5689",25265.1627985202,26603.4560780833,"x"
"5690",24753.354935953,25738.4782185748,"x"
"5691",24632.1802240415,25154.7968977552,"x"
"5692",24778.9516173922,25415.3795861621,"x"
"5693",25078.7743331647,26184.2284461452,"x"
"5694",25325.3646616052,26742.4181696164,"x"
"5695",24805.4022654635,25689.8985142662,"x"
"5696",24815.2563175882,25750.5459848268,"x"
"5697",24923.9125763162,25985.0491826575,"x"
"5698",24865.3525610673,25886.0328299384,"x"
"5699",24819.1712004461,25589.0648568289,"x"
"5700",25273.6769959716,26735.3994729644,"x"
"5701",25407.1816978318,26840.7227321998,"x"
"5702",25373.25164635,26907.7892727853,"x"
"5703",24522.7247140254,25365.8482643149,"x"
"5704",24689.7379185879,25601.7962708636,"x"
"5705",24304.2912271164,24880.7326408493,"x"
"5706",24494.0388740109,25068.6291007632,"x"
"5707",24421.769335246,24994.0732696406,"x"
"5708",24714.5568259618,25500.5202889901,"x"
"5709",24517.9515463611,25221.9452484613,"x"
"5710",24445.7028254004,24877.6667183292,"x"
"5711",24362.9556328434,24744.7071756989,"x"
"5712",24689.2193972295,25158.9934047767,"x"
"5713",24564.8111421627,25160.8262545363,"x"
"5714",24945.7280430087,25915.0697441596,"x"
"5715",24835.7843629204,25662.1784354106,"x"
"5716",25462.4633028596,26950.0718148787,"x"
"5717",25769.3944223372,27633.9104841805,"x"
"5718",24461.8916652105,24924.6473233365,"x"
"5719",24477.9685549421,25017.2973097451,"x"
"5720",24674.9256148531,25455.503770974,"x"
"5721",24895.1787210521,25736.6571830305,"x"
"5722",24436.1924980976,24860.6821270561,"x"
"5723",24442.4242643738,24986.5133497785,"x"
"5724",24643.8924005154,25379.8465017222,"x"
"5725",24806.1266558074,25715.7376177304,"x"
"5726",24655.6680400247,25495.1471810786,"x"
"5727",24450.3182531203,24995.7673668173,"x"
"5728",24433.6346644597,25027.7032477718,"x"
"5729",24425.7826101517,25064.6452063386,"x"
"5730",25330.0921711764,26650.6711165382,"x"
"5731",24807.9041037389,25838.6735329123,"x"
"5732",24596.0281380413,25394.1855455158,"x"
"5733",24904.810733554,26022.4622618863,"x"
"5734",24718.3306627432,25484.1768253959,"x"
"5735",25215.7049571618,26546.4472361405,"x"
"5736",24565.9423917109,25248.0399510958,"x"
"5737",24254.1250606981,24844.6461219099,"x"
"5738",25356.2846955946,26793.6559675851,"x"
"5739",24727.0808446648,25757.0595525416,"x"
"5740",24857.387095,25823.5134579154,"x"
"5741",24621.9702363136,25448.2675023424,"x"
"5742",24353.0750241413,24827.8441421147,"x"
"5743",24461.3308709064,24918.598378759,"x"
"5744",24542.6853313046,25235.1091148256,"x"
"5745",24362.5794759412,24888.1979859799,"x"
"5746",24274.3839699037,24586.8365694007,"x"
"5747",24405.9855924122,25010.9298747079,"x"
"5748",24514.0352178851,25113.6323423033,"x"
"5749",25163.5298824309,26413.1487926587,"x"
"5750",25268.5896095994,26666.2975758651,"x"
"5751",25279.5838460034,26520.725277106,"x"
"5752",24707.2863177154,25475.6626941642,"x"
"5753",24625.739843597,25434.4254930826,"x"
"5754",24695.2192032935,25456.1049357848,"x"
"5755",25146.0433869038,26365.6855351435,"x"
"5756",25096.8831852702,26245.2133422115,"x"
"5757",24966.5010303103,26047.3356071355,"x"
"5758",25529.0903026651,27099.4708398836,"x"
"5759",24747.2817648973,25426.9982486543,"x"
"5760",24831.8104313093,25520.525890781,"x"
"5761",24857.2208563473,25652.5198746661,"x"
"5762",24841.1840857081,25725.3752148181,"x"
"5763",24599.8722464709,25148.1612000775,"x"
"5764",26322.3176925811,28549.8341760591,"x"
"5765",24577.9189268875,25150.3063611219,"x"
"5766",24752.4405728075,25637.7097823284,"x"
"5767",24901.1559356492,26016.5816871271,"x"
"5768",24931.9169125581,26035.3353034995,"x"
"5769",24478.1761646257,24900.854432811,"x"
"5770",24434.3022146864,25033.1621138723,"x"
"5771",24786.1403333738,25708.8011711905,"x"
"5772",24333.7015832442,24689.0762205071,"x"
"5773",24767.8804392814,25723.4658669569,"x"
"5774",24743.0925730284,25536.8757629694,"x"
"5775",24693.9507990177,25597.7071834236,"x"
"5776",24394.3897904087,24977.813407096,"x"
"5777",24852.5640115087,25814.9540296424,"x"
"5778",25383.224778555,26829.201439962,"x"
"5779",24590.2312854094,25238.2369886624,"x"
"5780",24743.2010827189,25482.7284633296,"x"
"5781",24507.4095586279,25200.8309613698,"x"
"5782",24714.9458650199,25743.400425319,"x"
"5783",24730.9848936152,25493.4872319907,"x"
"5784",24535.7804841978,25232.0786897699,"x"
"5785",24851.9430289892,25712.7812811285,"x"
"5786",24945.4669198801,26046.8357417381,"x"
"5787",25000.0199069145,26157.8916456111,"x"
"5788",24724.7777499944,25451.2916347463,"x"
"5789",24380.6906767943,24790.1772762934,"x"
"5790",24668.4002939704,25563.4967675848,"x"
"5791",24623.249405751,25141.833357139,"x"
"5792",24931.3938905346,25956.0464233182,"x"
"5793",24655.9073231122,25214.9822629079,"x"
"5794",24394.7353641947,25102.9547572289,"x"
"5795",24437.314779326,24901.8548513768,"x"
"5796",24749.3744416127,25613.1869211233,"x"
"5797",24713.4254592181,25639.7962357851,"x"
"5798",24747.2347682193,25474.404322388,"x"
"5799",24573.4804786571,25177.9062813878,"x"
"5800",25197.9059502304,26405.6001510833,"x"
"5801",24787.5116815316,25606.1568919409,"x"
"5802",24801.6904109241,25494.2437708776,"x"
"5803",25087.107439354,25980.0919699375,"x"
"5804",25223.3428013042,26605.6882736097,"x"
"5805",24548.1558822458,25122.0523124177,"x"
"5806",24549.9644341674,25209.0871957977,"x"
"5807",24794.1098386486,25728.6077413775,"x"
"5808",24927.413837146,25973.0901654332,"x"
"5809",24707.2469452329,25592.8365729112,"x"
"5810",24344.8609418633,24862.0394553507,"x"
"5811",24110.0649524189,24337.8079230469,"x"
"5812",25151.3893063158,26206.165586973,"x"
"5813",24911.6749383468,25834.1811497317,"x"
"5814",25083.6052416617,26327.0686800214,"x"
"5815",24409.6725367388,24895.9309413155,"x"
"5816",24648.7428836363,25553.8245812907,"x"
"5817",24326.8229746058,24632.2174614113,"x"
"5818",25241.9180987249,26695.3142341506,"x"
"5819",25074.490289436,26331.8650316253,"x"
"5820",24299.244684586,24844.9916848228,"x"
"5821",24617.7907401415,25253.4703003591,"x"
"5822",25310.1466783401,26697.198997753,"x"
"5823",24889.4257005522,25788.2553352573,"x"
"5824",24547.193457398,25094.2659989292,"x"
"5825",24620.6396581723,25475.8375878014,"x"
"5826",24777.9811510505,25571.4536374234,"x"
"5827",24339.893133991,24733.9495179004,"x"
"5828",24948.2227377261,25936.5674234982,"x"
"5829",24667.1978075406,25376.2012408552,"x"
"5830",24520.4662036442,25317.0534215644,"x"
"5831",24622.6202230381,25259.7634748288,"x"
"5832",24624.4425530416,25275.7175622665,"x"
"5833",25553.2695645741,26940.5662005866,"x"
"5834",25342.155901705,26784.2693794359,"x"
"5835",24380.176448239,24914.5545857885,"x"
"5836",25145.5457377228,26372.1639834715,"x"
"5837",24575.8788061036,25072.9491186527,"x"
"5838",24932.8248265438,26064.8693913419,"x"
"5839",24760.2854686381,25651.3906098116,"x"
"5840",24512.3284179548,25253.2492942663,"x"
"5841",25254.2966048795,26540.6686462868,"x"
"5842",24486.0117029145,25097.8109223034,"x"
"5843",25075.434476184,26223.3740395734,"x"
"5844",24415.0266703148,24835.0452158533,"x"
"5845",25535.6373115536,27367.7166622204,"x"
"5846",24422.1868241478,24837.8764124382,"x"
"5847",24358.2614807248,25004.8570099379,"x"
"5848",25318.864831411,26544.7475637761,"x"
"5849",24377.6838347203,24857.2549360565,"x"
"5850",24430.0586466627,24964.6918862637,"x"
"5851",24957.3284291993,25981.640775477,"x"
"5852",24573.0329447368,25231.2307061532,"x"
"5853",25273.8287365164,26674.3854452057,"x"
"5854",24218.349160557,24696.3875029399,"x"
"5855",24732.0644168009,25313.8949156136,"x"
"5856",24434.4481438979,24771.6806610977,"x"
"5857",24919.4447956439,26049.4675871432,"x"
"5858",24787.6728761814,25645.5288746547,"x"
"5859",25610.4305107671,27183.1884205858,"x"
"5860",24818.3752074997,25499.7483064254,"x"
"5861",24368.2248745978,24956.5098514565,"x"
"5862",24823.2619434408,25680.0894860307,"x"
"5863",24612.0192936815,25298.7933084181,"x"
"5864",26017.8238688826,27780.9986579221,"x"
"5865",24588.7508153168,25264.1603818018,"x"
"5866",25069.3559382715,26234.7820433364,"x"
"5867",24298.4352935103,24556.0141305922,"x"
"5868",24695.9714955823,25504.1944475181,"x"
"5869",24770.7522135716,25557.3588463051,"x"
"5870",25549.7985893735,27158.072245766,"x"
"5871",24464.4898853319,25009.896169576,"x"
"5872",24232.694638301,24782.1454318153,"x"
"5873",24559.9695136706,25448.3575855064,"x"
"5874",25050.8299040727,26135.4262699902,"x"
"5875",25072.6170689513,26214.2649707892,"x"
"5876",24442.4310205607,24712.2849503812,"x"
"5877",24309.4374094813,24717.4495784366,"x"
"5878",25387.5790365344,26851.8574688671,"x"
"5879",25034.6790271112,26120.8842073803,"x"
"5880",24375.4822762865,24777.9155200776,"x"
"5881",25743.9751928039,27581.0390443039,"x"
"5882",25209.5813180355,26512.3068612746,"x"
"5883",24428.4286748796,25030.6462293844,"x"
"5884",24778.3420542169,25459.3689607716,"x"
"5885",25176.4293443672,26456.6542564857,"x"
"5886",24545.4708986007,25138.9657440303,"x"
"5887",24696.2552334131,25474.6708419814,"x"
"5888",24974.8026008179,26174.4206617248,"x"
"5889",25281.595983629,26572.9808857847,"x"
"5890",24403.7188151556,24964.2227661,"x"
"5891",24700.5654809593,25543.7358647571,"x"
"5892",25270.9091059766,26581.4167935586,"x"
"5893",24752.5559390001,25604.0816951967,"x"
"5894",24612.8249299985,25288.7362740617,"x"
"5895",24289.8454804231,24696.1830387128,"x"
"5896",24520.9106690699,25224.7179356585,"x"
"5897",24849.4790175514,25826.5127421634,"x"
"5898",24906.6757365446,25951.7819802601,"x"
"5899",24789.681907505,25600.94512988,"x"
"5900",24866.374555227,25908.4495820986,"x"
"5901",24590.4738506109,25205.2275019301,"x"
"5902",24631.428315462,25437.0088625527,"x"
"5903",24539.4741671384,25287.218574083,"x"
"5904",24759.1591880563,25445.9137748574,"x"
"5905",24717.5503013586,25661.410187758,"x"
"5906",25536.8472849535,27267.621441575,"x"
"5907",24571.2520315324,25444.2152250834,"x"
"5908",24673.6522868195,25533.0830369098,"x"
"5909",24657.6706324627,25572.6190687201,"x"
"5910",24898.112293894,25837.886671879,"x"
"5911",24750.717853695,25597.1674387423,"x"
"5912",24700.6136998992,25477.98222412,"x"
"5913",24589.0445715616,25393.7304375399,"x"
"5914",24405.0072963398,24817.9355145741,"x"
"5915",24389.2793282618,24947.0373077585,"x"
"5916",24544.5440607,25146.1958825389,"x"
"5917",24529.3916045209,25210.7310012967,"x"
"5918",24808.1157023153,25792.200476469,"x"
"5919",24969.1172736692,26133.7062860033,"x"
"5920",24261.4077907944,24881.8663394878,"x"
"5921",24838.1821491142,25765.726791448,"x"
"5922",25270.0865122138,26707.7701487592,"x"
"5923",24568.4577107509,25084.9000857234,"x"
"5924",24591.032258242,25322.5193389695,"x"
"5925",24464.2431561545,25129.6945418525,"x"
"5926",24495.6054616585,25293.7895534466,"x"
"5927",24594.8533552393,25274.5817048528,"x"
"5928",25148.6955920029,26229.8425842817,"x"
"5929",24294.256399303,24825.9731947277,"x"
"5930",25717.3306850814,27488.0809045358,"x"
"5931",24747.5620935172,25531.5844584152,"x"
"5932",24891.0457798812,26020.8857257538,"x"
"5933",24756.4116755234,25589.5960426631,"x"
"5934",24754.8576402429,25653.5985166217,"x"
"5935",24859.4321453284,25871.5632687749,"x"
"5936",24320.3509855833,24688.6762064373,"x"
"5937",25181.4438062704,26402.1958254806,"x"
"5938",24524.3635703833,25160.4402107154,"x"
"5939",24198.8190815303,24578.9204094812,"x"
"5940",24418.3682518714,24813.3484331709,"x"
"5941",24754.2988807175,25560.7150643815,"x"
"5942",24399.1844504039,24939.9597406893,"x"
"5943",24960.3917179481,26017.177492825,"x"
"5944",25128.9671948305,26311.4658013341,"x"
"5945",24500.8289403295,25068.9225582105,"x"
"5946",24598.3943300023,25158.5141331125,"x"
"5947",24704.9218176271,25487.4511115969,"x"
"5948",24688.6421489682,25506.6571512255,"x"
"5949",24776.6103352539,25583.561558626,"x"
"5950",24701.1885124597,25427.7387535487,"x"
"5951",24621.4928499581,25332.2756910678,"x"
"5952",24590.9262056023,25337.9238026357,"x"
"5953",24902.4473973905,25749.2643592005,"x"
"5954",24196.3039838044,24599.3855756646,"x"
"5955",25239.9106329285,26524.4797243447,"x"
"5956",25026.7481796512,25985.5818915868,"x"
"5957",24514.3748255976,25128.9005355653,"x"
"5958",24504.156976486,25215.9396427806,"x"
"5959",24489.412708325,24986.859743513,"x"
"5960",24686.742086452,25471.8198019653,"x"
"5961",25169.2451830747,26392.1517179459,"x"
"5962",24466.8007292786,24945.3168309642,"x"
"5963",25474.0346505976,27052.8323296176,"x"
"5964",25185.5375053631,26462.3205025308,"x"
"5965",24492.1857319213,25482.835973832,"x"
"5966",25029.3637716628,26063.4397689416,"x"
"5967",26207.4805124534,28707.2589615968,"x"
"5968",24803.0848075549,25715.9126003821,"x"
"5969",24516.0481899515,25178.9124351537,"x"
"5970",24708.3981485479,25448.5119003003,"x"
"5971",24879.5360440633,25980.8191127814,"x"
"5972",24798.4176200983,25526.5876621161,"x"
"5973",25107.595375351,26229.5951620561,"x"
"5974",24859.8824164549,25676.4397568857,"x"
"5975",25038.3267092473,26324.4062608973,"x"
"5976",24520.2834728371,25273.4018921386,"x"
"5977",24587.6481356319,25142.4316583011,"x"
"5978",26094.4532676414,28406.9013482056,"x"
"5979",24961.7774777974,25884.1331239712,"x"
"5980",25059.3157676943,26161.1746099693,"x"
"5981",24985.2726118892,25946.3308281855,"x"
"5982",24708.5825559644,25727.5386985993,"x"
"5983",24959.4769662199,26020.6958392983,"x"
"5984",24966.8243909964,26018.8588999536,"x"
"5985",24472.5427797962,25011.7465790237,"x"
"5986",24783.7262797036,25603.6625182314,"x"
"5987",25046.6514037771,26243.928124602,"x"
"5988",24951.7285980338,26002.184237021,"x"
"5989",24784.3082010884,25765.4867576882,"x"
"5990",24749.4648579149,25658.719772417,"x"
"5991",24671.7065835128,25569.4566322715,"x"
"5992",25072.6529906616,25988.5333662144,"x"
"5993",24512.4142227404,24873.4419729911,"x"
"5994",24538.8852407913,25227.8490138465,"x"
"5995",24614.857721138,25435.7450698125,"x"
"5996",24679.3710699113,25210.272103156,"x"
"5997",24934.3756150599,26060.3875025524,"x"
"5998",24485.5990805352,25065.94917351,"x"
"5999",24686.055168849,25633.5019709704,"x"
"6000",24542.5358493129,25108.0434856671,"x"
"6001",24969.1419955602,26086.4731079669,"x"
"6002",24555.6048427216,25201.4704847142,"x"
"6003",24834.5930816446,25843.2243212769,"x"
"6004",24699.4719789671,25626.219565175,"x"
"6005",24459.7825977098,25315.1639977727,"x"
"6006",24591.6213656332,25208.5499526407,"x"
"6007",24317.5813850658,24720.5102638723,"x"
"6008",24470.1010676341,24964.4756778904,"x"
"6009",25057.952974931,26263.6160056324,"x"
"6010",24419.5089689572,24680.8950691132,"x"
"6011",24497.522956853,25187.790479057,"x"
"6012",24584.1669870501,25152.9413564984,"x"
"6013",25023.850014904,26254.237774238,"x"
"6014",24457.593724408,25031.4426821287,"x"
"6015",24822.6899193236,25474.6833654947,"x"
"6016",24948.7450565766,25910.0911935659,"x"
"6017",25189.3167342701,26351.1661927183,"x"
"6018",24944.187688444,26084.5069694875,"x"
"6019",24748.5299399839,25659.7818829342,"x"
"6020",25359.3097572028,26785.5412984092,"x"
"6021",24586.9440206,25230.5085552781,"x"
"6022",25001.7845148756,26048.6156915844,"x"
"6023",25375.706847245,27001.8308236514,"x"
"6024",24542.2644350607,25134.1758694862,"x"
"6025",24599.1706375943,25278.9481050103,"x"
"6026",24573.0844110704,25069.3101946832,"x"
"6027",24936.7028538312,26092.553706616,"x"
"6028",25853.9461572912,27735.7815755307,"x"
"6029",24750.7264699113,25720.4017182668,"x"
"6030",24561.2132737104,25195.7351441562,"x"
"6031",25210.2733979026,26706.1430268767,"x"
"6032",24753.0542367979,25596.3797943493,"x"
"6033",24739.065494613,25570.8203232244,"x"
"6034",25719.0865596204,27732.8664865159,"x"
"6035",24609.1808920419,25425.5335934345,"x"
"6036",24490.8798094046,25047.5814095411,"x"
"6037",25758.8701609976,27421.4357687432,"x"
"6038",24227.3644884598,24587.7483845441,"x"
"6039",25075.700690242,26178.9834483667,"x"
"6040",24516.4549092928,25200.7694529523,"x"
"6041",24739.6333556405,25664.752989437,"x"
"6042",24365.9648771167,24873.1937866778,"x"
"6043",24677.097073934,25462.9847181851,"x"
"6044",25244.1691155194,26649.7145500168,"x"
"6045",24723.9642109388,25708.4653278889,"x"
"6046",24262.8155580483,24730.2542054872,"x"
"6047",25038.2564734544,26261.177244295,"x"
"6048",24669.7805070966,25372.0147427059,"x"
"6049",24683.2519030001,25414.7340770741,"x"
"6050",25301.1757814401,26814.1023014618,"x"
"6051",25007.9131513148,26098.0943025834,"x"
"6052",24756.2423033826,25663.8118928514,"x"
"6053",24581.4206988829,25195.9209491575,"x"
"6054",24740.7573494124,25617.4220391592,"x"
"6055",24578.0591868156,25212.5311561479,"x"
"6056",24931.0464716726,26030.2963639628,"x"
"6057",24442.4657929966,25266.1156935494,"x"
"6058",25343.1752693804,26878.4744149275,"x"
"6059",24263.438056212,24606.3668228068,"x"
"6060",24812.9570087003,25711.3587112594,"x"
"6061",24726.2112634444,25721.1405193425,"x"
"6062",24722.931865947,25453.9928024545,"x"
"6063",24162.7068149769,24601.2628756947,"x"
"6064",25081.1838597338,26329.1083326069,"x"
"6065",24572.4826482395,25336.7816261633,"x"
"6066",25167.3728662702,26429.849862434,"x"
"6067",24636.4719965178,25578.1205145257,"x"
"6068",25716.2436700709,27492.100188104,"x"
"6069",24784.3385528592,25476.5178825151,"x"
"6070",24746.6191288925,25292.4557157813,"x"
"6071",24364.8219658717,24931.9874573034,"x"
"6072",25066.0110432631,26303.8914722341,"x"
"6073",24571.4197516098,25080.3275174839,"x"
"6074",24816.7077996168,25832.3528560117,"x"
"6075",24613.8755180062,25353.457173178,"x"
"6076",24818.5630651348,25870.7945801848,"x"
"6077",24579.4689705289,25225.2831180255,"x"
"6078",25118.342114992,26324.4565109777,"x"
"6079",24359.6789157707,24643.1237126457,"x"
"6080",25018.9378316316,26271.2453628531,"x"
"6081",24464.2354337008,25241.6878730183,"x"
"6082",24579.0053640337,25350.6780753212,"x"
"6083",25069.8106772615,25867.8690858336,"x"
"6084",25352.3829324027,26895.2606046586,"x"
"6085",24989.6052116754,26270.9979326376,"x"
"6086",24346.3004629199,24701.5799423232,"x"
"6087",24500.9483463691,24977.0508598551,"x"
"6088",25101.9606309433,26118.6113595553,"x"
"6089",25676.9019955455,27475.7701287738,"x"
"6090",24309.2621891845,24959.1364157234,"x"
"6091",26157.9827048612,28758.7579772414,"x"
"6092",24703.5043148411,25468.9795570924,"x"
"6093",24761.9169491885,25590.1277343277,"x"
"6094",24620.831264748,25276.5322501769,"x"
"6095",24815.2675800778,25678.9178842135,"x"
"6096",24432.6948710089,24855.4977822773,"x"
"6097",25634.3359077502,27006.09837436,"x"
"6098",24867.2914813946,26032.3209093475,"x"
"6099",24597.4148831136,25352.6693991955,"x"
"6100",24852.4322564608,25897.9315848495,"x"
"6101",24673.4160646262,25374.5358890659,"x"
"6102",24558.5032142466,25267.7189876844,"x"
"6103",24672.8479610355,25222.883638075,"x"
"6104",24445.2601476024,24906.3098742723,"x"
"6105",24552.9726161811,25278.2162773259,"x"
"6106",24854.4307838358,25989.0702530855,"x"
"6107",24741.9462796085,25519.4597492681,"x"
"6108",24643.7188039744,25477.4489199568,"x"
"6109",24733.8512628755,25478.0377063889,"x"
"6110",24714.5116791046,25684.8515423473,"x"
"6111",25124.7048050285,26318.6985842608,"x"
"6112",24566.8163511674,25357.1865221271,"x"
"6113",24586.0345522186,25229.6264011555,"x"
"6114",24614.7853948139,25548.4691780509,"x"
"6115",24250.0028828885,24664.3062417988,"x"
"6116",24361.637428497,24746.540868276,"x"
"6117",24847.8148860331,25904.9168264592,"x"
"6118",25910.385689285,27901.7557088537,"x"
"6119",24654.8376498327,25462.3991425865,"x"
"6120",24403.6121180843,24793.5881132215,"x"
"6121",24847.4997991699,25872.0405631038,"x"
"6122",24579.4799236318,25328.3628781158,"x"
"6123",25319.8404600412,26685.5627607144,"x"
"6124",25105.3283784411,26155.6423954621,"x"
"6125",25118.6287401385,26411.9262015414,"x"
"6126",25159.3561757027,26448.3076046806,"x"
"6127",24524.0001852362,25170.8456465637,"x"
"6128",25652.7500685879,27497.5295002987,"x"
"6129",24138.753453899,24591.990158882,"x"
"6130",24635.5485165507,25429.4836040501,"x"
"6131",24421.107797724,25137.1974738211,"x"
"6132",24516.8855639637,25211.3312028924,"x"
"6133",24908.9188055917,25777.9308117173,"x"
"6134",25016.1255181338,26209.3247780554,"x"
"6135",24836.9423247834,25759.1245532286,"x"
"6136",24906.9831343295,26038.1466114281,"x"
"6137",25378.6171938603,26956.0323827833,"x"
"6138",24197.1963861101,24508.0616872674,"x"
"6139",24719.4193535037,25488.0873388597,"x"
"6140",25048.5653835967,26112.4558388624,"x"
"6141",24964.8096366527,25984.489015865,"x"
"6142",25858.0929513706,27860.0220323289,"x"
"6143",24823.7570363651,25710.2827017563,"x"
"6144",24275.2314771145,24718.7133447612,"x"
"6145",25033.0011259647,26142.2458299374,"x"
"6146",24474.1027194857,25112.5568142887,"x"
"6147",25801.6059172465,27755.9129853189,"x"
"6148",24581.6863844945,25348.2807587172,"x"
"6149",24323.1242849836,24877.8880991027,"x"
"6150",24714.8280031061,25577.2261166355,"x"
"6151",25087.9125994298,26178.2322867019,"x"
"6152",24659.9056740624,25452.2069159247,"x"
"6153",24739.5689525896,25327.5235820205,"x"
"6154",24548.7248528789,25233.4026197482,"x"
"6155",27035.5761561644,30069.6192002299,"x"
"6156",25364.2416364279,26931.1959487875,"x"
"6157",24752.9222665888,25734.6899223675,"x"
"6158",24663.5337956116,25509.08100329,"x"
"6159",24747.4160251665,25687.649614622,"x"
"6160",24797.2510129868,25743.1505636853,"x"
"6161",24807.4491528191,25926.1242545343,"x"
"6162",24614.0180950706,25447.3249513373,"x"
"6163",24828.8582396315,25957.3708695993,"x"
"6164",25292.9468434356,26702.1366758957,"x"
"6165",24564.6696710198,25153.7800421229,"x"
"6166",25109.3849601126,26384.8382736716,"x"
"6167",24867.8377286155,25805.322324257,"x"
"6168",25548.4558396893,27219.49272723,"x"
"6169",24826.8880306848,25884.9149940212,"x"
"6170",24751.3504231188,25700.4633462355,"x"
"6171",25579.1228345427,27243.2548294958,"x"
"6172",24506.1248768433,25072.2719040356,"x"
"6173",25021.0764424028,26244.0924569098,"x"
"6174",24219.3681551173,24746.8384367779,"x"
"6175",24811.3401730691,25729.8540185275,"x"
"6176",24804.3213052826,25642.3529549685,"x"
"6177",24640.1571618063,25399.5093344019,"x"
"6178",25058.8213070015,26106.8623891267,"x"
"6179",24549.6749585445,25156.312536314,"x"
"6180",24616.2138629915,25148.4896547288,"x"
"6181",24517.3519039616,25313.9452968494,"x"
"6182",24909.9914149567,25978.0417134953,"x"
"6183",24512.1171660006,25268.3457521597,"x"
"6184",24339.402792813,24697.4365149226,"x"
"6185",24510.3161353517,25057.3875551027,"x"
"6186",24635.8831260391,25430.2166988063,"x"
"6187",25054.0764833778,26222.3718956628,"x"
"6188",24284.0747114015,24637.4987437462,"x"
"6189",26340.0275317379,28539.565009314,"x"
"6190",24618.255456952,25435.7616581668,"x"
"6191",25075.8404469977,26151.6130104414,"x"
"6192",24713.6822864113,25260.7322458052,"x"
"6193",25238.5843563753,26639.0212859639,"x"
"6194",24996.1394079666,26103.4067693454,"x"
"6195",24808.2439322758,25774.1465574256,"x"
"6196",24871.3445215293,26007.3409881481,"x"
"6197",25372.5657940245,26879.6968434338,"x"
"6198",24750.6634667347,25449.0424320795,"x"
"6199",24822.0253255586,25831.8739086303,"x"
"6200",24642.0626970259,25324.1746308143,"x"
"6201",24574.2974279024,25250.8526289739,"x"
"6202",24615.6884114693,25308.3224082322,"x"
"6203",24596.8453496102,25212.1946478843,"x"
"6204",24879.2837967312,25901.4836713251,"x"
"6205",25050.6801224069,26242.5593727461,"x"
"6206",25492.4972690911,27031.1996608215,"x"
"6207",25080.1300455808,26250.6137871769,"x"
"6208",24699.5299815194,25647.1514143573,"x"
"6209",24505.7828871962,25016.4201674913,"x"
"6210",24798.370843007,25546.9585190308,"x"
"6211",24649.5565011734,25497.0527064051,"x"
"6212",25216.1412099812,26403.2729313668,"x"
"6213",25262.1596307318,26547.9457123981,"x"
"6214",24680.6128286982,25134.1590405646,"x"
"6215",24685.8395025018,25470.2564490225,"x"
"6216",24465.8125269636,24989.1410900617,"x"
"6217",24753.7297759285,25667.372095275,"x"
"6218",24433.1636461093,24913.6221152685,"x"
"6219",24556.5149382567,25188.6101962907,"x"
"6220",24694.9716711732,25477.4928988812,"x"
"6221",24883.9301586987,26030.8024392155,"x"
"6222",24676.9089820894,25710.4072175988,"x"
"6223",24995.1725547015,26152.4829408979,"x"
"6224",25140.2088944819,26075.6795432788,"x"
"6225",24480.3666443765,25035.719416952,"x"
"6226",24888.6502933889,25876.3933853693,"x"
"6227",26335.5918676021,28700.808837034,"x"
"6228",24450.2991997945,25171.9609113029,"x"
"6229",24952.2320935063,26053.9604421603,"x"
"6230",24774.2044111195,25627.5519404911,"x"
"6231",24915.5925425828,25863.9310983728,"x"
"6232",24967.4705398339,25691.9869854551,"x"
"6233",24461.6995292001,25209.7784093483,"x"
"6234",24739.7664133053,25563.8255924134,"x"
"6235",24546.6975262775,25278.8338074014,"x"
"6236",24634.7538526826,25382.8591295001,"x"
"6237",24318.5428849078,24722.4870011304,"x"
"6238",24611.6994398902,25215.5807232906,"x"
"6239",24400.3090040166,24746.4514513782,"x"
"6240",24511.2835270806,25071.3041759621,"x"
"6241",24835.4976859081,25774.2491197638,"x"
"6242",24760.1004888409,25615.850913034,"x"
"6243",25024.2994266072,26165.1396797452,"x"
"6244",24427.5701367227,24932.9539686524,"x"
"6245",24523.5476322485,24847.9313715491,"x"
"6246",25032.6346906338,26117.0069151268,"x"
"6247",24581.9314745265,25424.1705051547,"x"
"6248",25136.7276161934,26398.7491357009,"x"
"6249",25464.1898936446,27253.4781741509,"x"
"6250",24628.9576181059,25163.5171445922,"x"
"6251",24405.6308434193,25023.3723921106,"x"
"6252",24622.1431185885,25274.3476386218,"x"
"6253",24595.6610347865,25350.773088141,"x"
"6254",24623.4892269762,25418.9976868308,"x"
"6255",27022.8933777719,30150.5356363252,"x"
"6256",24839.6522300494,25707.2533695223,"x"
"6257",25226.0281710778,26380.2438955289,"x"
"6258",25221.5348903097,26364.6057642649,"x"
"6259",24613.2655352242,25431.2796089503,"x"
"6260",24740.6574293804,25650.3451420403,"x"
"6261",25579.9872806802,27158.4492983165,"x"
"6262",29146.8534297619,34791.3094684148,"x"
"6263",24657.0470445542,25486.5201662306,"x"
"6264",24521.9349160535,25194.6070719975,"x"
"6265",24761.5976022586,25636.8556117607,"x"
"6266",26324.940571776,28451.939994259,"x"
"6267",24873.5727223801,26006.6980678772,"x"
"6268",24906.6954842643,25955.5158250024,"x"
"6269",24861.4514418684,25683.1636724101,"x"
"6270",24217.6962692704,24573.9594084877,"x"
"6271",24562.0460829892,25257.1850834914,"x"
"6272",24794.6858064854,25968.8662925574,"x"
"6273",25786.1176106724,27612.4381863853,"x"
"6274",24798.6414846179,25691.4284275308,"x"
"6275",24420.0653423809,24921.9683944935,"x"
"6276",25176.6262524425,26395.1533171724,"x"
"6277",24401.3264418563,25006.6781234707,"x"
"6278",25328.4715436862,26366.4645996363,"x"
"6279",24461.9754726956,24839.136947338,"x"
"6280",24645.3906896264,25389.9250553374,"x"
"6281",24554.2471187212,25159.3720929054,"x"
"6282",24903.030465811,25933.7254856679,"x"
"6283",24500.4819479703,25075.1038187086,"x"
"6284",24518.8659246449,25180.3007573745,"x"
"6285",24663.6602848572,25546.041236464,"x"
"6286",24874.5924485196,25880.5038140826,"x"
"6287",25379.8558642967,26849.7383351553,"x"
"6288",25809.8578738154,27498.5927913149,"x"
"6289",24621.6376202859,25438.5629220457,"x"
"6290",24526.6470251178,25172.0026929999,"x"
"6291",24685.6617478482,25354.66546263,"x"
"6292",24858.0955970578,25914.1489407387,"x"
"6293",24795.4399656533,25766.0258192575,"x"
"6294",24410.7532128016,24995.5112602451,"x"
"6295",24643.4279494695,25385.7841231274,"x"
"6296",24683.7177178576,25620.1617160038,"x"
"6297",24546.0646982842,25227.7726483742,"x"
"6298",24882.7226173068,25923.6271214199,"x"
"6299",24483.1379831067,24976.1848652082,"x"
"6300",24814.9987970027,25681.1651493189,"x"
"6301",24943.4085919224,26045.0564691347,"x"
"6302",24497.1786654782,25039.0172044338,"x"
"6303",25083.5933941186,26197.916824223,"x"
"6304",25640.9828885514,27422.8095006364,"x"
"6305",24902.9392945901,25727.4183200567,"x"
"6306",24877.3066819839,25789.0624323668,"x"
"6307",24899.2708512692,25923.3483579173,"x"
"6308",24866.6425839717,25837.4936287221,"x"
"6309",24735.8867317851,25467.6708053987,"x"
"6310",24398.129882979,24967.235305697,"x"
"6311",25037.7705378127,26392.9586179838,"x"
"6312",24606.7370558637,25438.6173692844,"x"
"6313",24873.0077530065,26025.2970887555,"x"
"6314",24346.8699050079,24734.4795521333,"x"
"6315",24691.5967016728,25314.1237746907,"x"
"6316",24448.4671374589,25186.5859987557,"x"
"6317",25798.5717798774,27546.1345737988,"x"
"6318",25195.6183610298,26474.1103162189,"x"
"6319",24856.1603802739,25579.3266195279,"x"
"6320",24676.9052024917,25493.6525072981,"x"
"6321",25334.2072635241,26673.5530252288,"x"
"6322",24540.5696958323,25109.357087571,"x"
"6323",24763.8776138739,25738.4085954309,"x"
"6324",24967.5700466009,26147.4676890936,"x"
"6325",25037.3691930941,26360.0760129489,"x"
"6326",24521.9979056604,25314.2590810556,"x"
"6327",24646.4867437433,25502.5867389838,"x"
"6328",25028.1030184943,26198.2705178175,"x"
"6329",24702.3179290179,25386.4205788003,"x"
"6330",25564.6628520178,27134.5209689419,"x"
"6331",24388.6794107098,24557.2124916107,"x"
"6332",24783.9356584343,25855.7687115287,"x"
"6333",24988.57693538,25936.0907716757,"x"
"6334",25072.6995278181,26281.6442803574,"x"
"6335",24614.635655441,25391.3991695411,"x"
"6336",24759.7324900412,25719.3240875114,"x"
"6337",24675.6971161832,25563.4437907177,"x"
"6338",24717.1839406745,25539.177087801,"x"
"6339",24792.5343694131,25658.2734081002,"x"
"6340",24826.9230182796,25790.9892228683,"x"
"6341",24456.0615428417,24998.3128019837,"x"
"6342",24796.3852890792,25703.5797536242,"x"
"6343",24768.5787156679,25707.5718571132,"x"
"6344",24545.7882780232,25168.469936543,"x"
"6345",25408.5432184313,26783.71041805,"x"
"6346",24508.8696544566,25068.4795300788,"x"
"6347",24597.2220440275,25373.2485201882,"x"
"6348",24791.5338185924,25899.3633192041,"x"
"6349",24540.1649721466,25329.3156117754,"x"
"6350",24685.6653141666,25661.8614275658,"x"
"6351",25974.0038230074,27988.9335628747,"x"
"6352",25607.7604658821,27303.3298758954,"x"
"6353",24420.4915103752,24731.899928999,"x"
"6354",24662.0654847285,25212.0236613707,"x"
"6355",24625.3503887578,25631.8006412159,"x"
"6356",24802.6760083863,25626.2490325192,"x"
"6357",24845.1649609123,25737.7987046494,"x"
"6358",24850.9753220974,25607.9565400375,"x"
"6359",24765.2513209404,25545.2180094062,"x"
"6360",25048.0305228988,26196.3811428244,"x"
"6361",24729.9245426957,25529.0832075039,"x"
"6362",24563.8749287442,25425.0293644283,"x"
"6363",24944.0511133028,26000.0904909642,"x"
"6364",24726.6358920645,25506.4410029752,"x"
"6365",24946.6071913304,26040.2902786496,"x"
"6366",25579.7868360432,27195.2458477154,"x"
"6367",24816.205947878,25460.2098029293,"x"
"6368",24873.9641485171,25760.9614436345,"x"
"6369",25193.927004281,26285.7643897197,"x"
"6370",24322.3817598775,24814.7897274435,"x"
"6371",25015.3142236097,26212.4822470861,"x"
"6372",24694.5338951087,25592.9042085717,"x"
"6373",24693.0233423807,25576.9491376359,"x"
"6374",24931.5711036968,25905.5994687019,"x"
"6375",25027.1274892938,26148.7089813868,"x"
"6376",24501.5489580325,24874.7946349149,"x"
"6377",24569.7719228301,25302.0535464879,"x"
"6378",24619.1559946087,25281.1719710394,"x"
"6379",24389.8453906831,24938.4505514165,"x"
"6380",24625.0857093649,25226.4576188209,"x"
"6381",25363.1503113263,26962.5639959942,"x"
"6382",24520.193500135,25177.1174679565,"x"
"6383",24664.088179127,25133.1407470553,"x"
"6384",24395.9898414647,24960.5707077009,"x"
"6385",24606.5877682545,25194.3809516476,"x"
"6386",24580.9602054067,25124.7077458127,"x"
"6387",24395.3210644964,24995.6486479056,"x"
"6388",27111.8419829355,29831.7716256105,"x"
"6389",24622.5506956505,25072.9096349022,"x"
"6390",24565.7199906087,25222.317416021,"x"
"6391",24759.8155514717,25619.6081773837,"x"
"6392",25519.6602637774,26920.0580254004,"x"
"6393",24522.9059583891,25076.2072820658,"x"
"6394",25026.6329082065,26108.9969116066,"x"
"6395",24895.114388785,25987.4338267382,"x"
"6396",24559.231962165,25230.1664746463,"x"
"6397",24261.0780674987,24630.4311293077,"x"
"6398",24753.8488116422,25666.2974966048,"x"
"6399",24553.4361802841,25353.0598093203,"x"
"6400",24597.4666562786,25451.2708975545,"x"
"6401",24740.4921578113,25692.8939588422,"x"
"6402",24767.1462317355,25428.700200609,"x"
"6403",24692.0948210523,25134.4291072932,"x"
"6404",24631.33274444,25380.9898825887,"x"
"6405",24586.2913504801,25467.626354844,"x"
"6406",24846.9906007972,25809.3792483066,"x"
"6407",25532.7333201517,26900.5331657407,"x"
"6408",24453.9337992033,24917.6961835331,"x"
"6409",25637.55108441,26988.5182467593,"x"
"6410",24754.5353740042,25471.1569435021,"x"
"6411",25156.2808761261,26396.9331196804,"x"
"6412",25533.9451960167,27145.337111448,"x"
"6413",24652.2318951932,25431.6027737065,"x"
"6414",25172.0526731284,26535.3317802729,"x"
"6415",24587.4560465463,25214.1614994941,"x"
"6416",24883.7030359914,25787.9245858737,"x"
"6417",24895.109271031,25934.1495874614,"x"
"6418",24359.6798853779,24678.6216316429,"x"
"6419",25496.4189775308,26968.4663604192,"x"
"6420",24351.4564755648,24790.0937638445,"x"
"6421",29827.1329419485,37533.4584596744,"x"
"6422",25212.0758718256,26501.7799430999,"x"
"6423",24468.9140008067,25060.5767607407,"x"
"6424",24422.1284935144,25011.7883602728,"x"
"6425",24463.8126636665,25172.0986090738,"x"
"6426",24489.6444585302,24900.0864720391,"x"
"6427",24576.8768271476,25278.8039885198,"x"
"6428",24832.723878533,25894.1683176856,"x"
"6429",24743.7266287158,25638.3163182169,"x"
"6430",24261.6017926728,24680.9861621712,"x"
"6431",24728.082665488,25715.0885433173,"x"
"6432",24531.3979954482,25063.0449783415,"x"
"6433",25325.9212670043,26657.0133008694,"x"
"6434",24417.7599171358,25090.3345303535,"x"
"6435",25215.0683372564,26505.8933500992,"x"
"6436",24558.945144539,25325.1244764836,"x"
"6437",24510.0287178224,24794.9152112741,"x"
"6438",25066.3072004954,26294.2582707817,"x"
"6439",24575.7975125853,25162.189446361,"x"
"6440",24708.6423693834,25551.6789448758,"x"
"6441",24836.8311740609,25839.7069736348,"x"
"6442",25971.9554951792,27771.2510102658,"x"
"6443",25267.0925641369,26610.3486852003,"x"
"6444",24910.1446112818,25708.5765345335,"x"
"6445",24444.047029893,24767.1081118277,"x"
"6446",24944.8368652522,26054.144395872,"x"
"6447",24258.1012299318,24640.0495920095,"x"
"6448",24924.1758407027,25878.7686811508,"x"
"6449",25340.411404686,26869.0326463386,"x"
"6450",24759.4119339423,25397.096764829,"x"
"6451",24760.7286054816,25850.6074812579,"x"
"6452",26054.7320464993,28380.4044811318,"x"
"6453",24593.5290545075,25327.732584211,"x"
"6454",24867.2550435686,25648.4563001382,"x"
"6455",24653.2068745635,25269.8736062273,"x"
"6456",25178.5335275599,26386.4996109876,"x"
"6457",24525.1723170877,25078.5640952053,"x"
"6458",24813.0029174136,25583.3913882638,"x"
"6459",24514.4904068536,24992.1444215947,"x"
"6460",24727.6643713895,25564.65810126,"x"
"6461",24487.7449252853,25201.8933745654,"x"
"6462",24972.5897670792,25997.2642424643,"x"
"6463",24690.4582414684,25767.1782733418,"x"
"6464",24969.1463700186,26049.7740633468,"x"
"6465",25481.2570448285,27007.2397897354,"x"
"6466",27415.4647194937,31040.2998928823,"x"
"6467",24587.1613700714,25435.5107741905,"x"
"6468",24628.5007708334,25385.7765943711,"x"
"6469",24706.5952508043,25599.5205965128,"x"
"6470",24533.9780818848,25159.1853371417,"x"
"6471",24736.7740537526,25727.3631920606,"x"
"6472",25514.41833578,27382.6463019401,"x"
"6473",24812.8976692852,25668.5051406112,"x"
"6474",24517.0464357368,25169.0754943766,"x"
"6475",24982.3586275444,26211.5532342855,"x"
"6476",25392.3508615513,26677.5507822281,"x"
"6477",24991.4040502483,26205.1471967003,"x"
"6478",24219.2894944433,24576.6397970323,"x"
"6479",24726.1323784155,25428.7558970939,"x"
"6480",25911.2607748952,27984.9728566376,"x"
"6481",24627.219168066,25421.1091052634,"x"
"6482",25147.8650441553,26237.3114239278,"x"
"6483",24757.9642714371,25416.5354611518,"x"
"6484",24348.6453194757,24674.2738672726,"x"
"6485",24395.3817867618,24885.8073897649,"x"
"6486",24609.6236328013,25382.4682930666,"x"
"6487",24503.9882037908,25172.6164998919,"x"
"6488",24600.2473227428,25437.9010323061,"x"
"6489",24366.3289040692,24701.2419210232,"x"
"6490",25489.0390681049,26981.4415060439,"x"
"6491",25458.576503669,27068.5620394183,"x"
"6492",25545.7761690094,27222.9537834137,"x"
"6493",24560.0695378685,25355.1985416755,"x"
"6494",25401.104547057,26812.9298528112,"x"
"6495",28826.0288912262,34409.8638661244,"x"
"6496",28222.2428490404,32701.7647347465,"x"
"6497",24666.6820001605,25521.8415914665,"x"
"6498",24733.048040175,25682.8443000396,"x"
"6499",24713.5910595981,25551.8326314963,"x"
"6500",24262.8763223587,24565.2743753493,"x"
"6501",24643.5510694574,25092.7560356493,"x"
"6502",24327.4951959778,24852.5942457432,"x"
"6503",24901.0055866878,25887.2238643619,"x"
"6504",25092.9907909459,26210.4132220833,"x"
"6505",24650.4287261444,25558.9657485671,"x"
"6506",25956.6156566405,27974.928225045,"x"
"6507",24971.975154161,25945.5357293918,"x"
"6508",24825.7675754981,25804.060420271,"x"
"6509",24548.4667019317,25006.7703123376,"x"
"6510",24891.6153004051,25911.8389869447,"x"
"6511",24807.2675949468,25603.3549927249,"x"
"6512",24420.8441809287,24778.6092967809,"x"
"6513",24752.6634209869,25629.81655278,"x"
"6514",24949.5093919368,26008.7152852338,"x"
"6515",24543.2579948422,25098.6051990015,"x"
"6516",25417.3968112991,26908.5746354252,"x"
"6517",24840.5374994796,25847.4041548219,"x"
"6518",24693.693644278,25499.7665284186,"x"
"6519",24693.6209487535,25832.8436032389,"x"
"6520",24717.8832440728,25361.5032873034,"x"
"6521",24672.7317046256,25383.0207106342,"x"
"6522",25057.2968529657,26211.673156687,"x"
"6523",24556.1455177076,25292.6702349531,"x"
"6524",24708.5949805922,25758.3063937209,"x"
"6525",24432.1541590932,24930.2090212907,"x"
"6526",24702.3346511104,25496.5976435481,"x"
"6527",24480.9102062419,25021.3297394323,"x"
"6528",24216.3795806784,24541.6309341019,"x"
"6529",24950.4507880797,26039.2227365118,"x"
"6530",25435.4733239021,27022.0311755399,"x"
"6531",24937.2348655169,26002.1256190897,"x"
"6532",24718.1201963115,25500.1830235553,"x"
"6533",24524.6349796,25234.8923989282,"x"
"6534",24453.3409000215,25072.2108443585,"x"
"6535",24891.3406214707,26064.406614023,"x"
"6536",24439.6236305227,25037.6438600809,"x"
"6537",24622.2147215284,25361.52210975,"x"
"6538",24806.3757347293,25562.3665816905,"x"
"6539",24702.733793972,25509.6983045428,"x"
"6540",24729.6220233658,25583.1327282786,"x"
"6541",25349.3498492852,26806.6953493551,"x"
"6542",24731.912647699,25487.6014769349,"x"
"6543",25163.0622958481,26369.0806096437,"x"
"6544",24440.0265192502,24744.5512150765,"x"
"6545",24715.2471225043,25523.8949534946,"x"
"6546",24592.6543034956,25269.8307473603,"x"
"6547",24884.1951006689,25924.2746478921,"x"
"6548",24987.0777835848,26239.2372102373,"x"
"6549",24577.5953162348,25416.1515685842,"x"
"6550",24948.8507601797,25930.0618899503,"x"
"6551",24737.7737824791,25655.5829064318,"x"
"6552",24871.4374683099,25970.6814039465,"x"
"6553",24581.6004753994,25271.0673404964,"x"
"6554",24977.7414651543,26022.4787072615,"x"
"6555",24509.4774603452,25120.3694744411,"x"
"6556",24472.8662972355,25217.042592476,"x"
"6557",24768.8768672005,25589.8533451684,"x"
"6558",24468.92912946,25158.4603527178,"x"
"6559",24418.9177425914,24903.5873231836,"x"
"6560",24261.4858624471,24707.5801929719,"x"
"6561",24621.9592216195,24995.1367362071,"x"
"6562",24461.5645810331,25100.643959908,"x"
"6563",24503.7674248399,25119.1210985844,"x"
"6564",24725.1158661301,25590.1477714039,"x"
"6565",24516.6638453266,25188.5990857226,"x"
"6566",25200.5530398722,26565.7292571176,"x"
"6567",24557.1432537551,25376.374241725,"x"
"6568",24556.3259611306,25046.392723263,"x"
"6569",25405.3914300573,26889.642648026,"x"
"6570",25373.1952106108,26728.0907079206,"x"
"6571",24487.2869636472,24892.4087484891,"x"
"6572",25889.8727794108,27853.556855465,"x"
"6573",25454.1455921654,27023.016977315,"x"
"6574",24595.7929552297,25455.1781384099,"x"
"6575",24912.112979619,26023.6124098288,"x"
"6576",24523.6024038928,25167.1242306964,"x"
"6577",24594.7540188084,25200.3173286507,"x"
"6578",24849.4174061479,25666.2367581155,"x"
"6579",24704.5631345021,25276.6694520932,"x"
"6580",24355.4088607002,25025.185744598,"x"
"6581",24666.3164368664,25333.3630665153,"x"
"6582",24340.1539368814,24991.1881035368,"x"
"6583",25005.0703899717,26167.8939641219,"x"
"6584",24550.8645914865,25357.5443325336,"x"
"6585",24344.5693856283,24832.0600592605,"x"
"6586",24567.5273380685,25268.1306111995,"x"
"6587",24680.7808160128,25492.8697916839,"x"
"6588",25257.4124006501,26700.9795304377,"x"
"6589",24529.2072267575,25303.6785054626,"x"
"6590",24754.3324108555,25545.8103339502,"x"
"6591",25260.2422893902,26656.0727399114,"x"
"6592",25168.9614779716,26361.8488302104,"x"
"6593",25070.603572642,26151.8697307681,"x"
"6594",24383.4275777845,24821.105668736,"x"
"6595",24820.097716162,25514.838705448,"x"
"6596",24812.2705131183,25684.6344418535,"x"
"6597",24665.7001209331,25539.8406270824,"x"
"6598",24615.1626620425,24915.5108800758,"x"
"6599",24479.0163682512,25073.0974810978,"x"
"6600",24646.0663238234,25293.7335280887,"x"
"6601",24745.4417534721,25482.1063105124,"x"
"6602",24649.9777283885,25362.1245801188,"x"
"6603",24690.0696177115,25485.2906393757,"x"
"6604",24657.6619845874,25442.418107536,"x"
"6605",25001.1035747885,26068.2423421956,"x"
"6606",24647.9748859633,25501.0762598739,"x"
"6607",24786.2888371945,25464.7267864209,"x"
"6608",24820.1843911741,25637.4947146805,"x"
"6609",24984.2198199024,26165.0828761507,"x"
"6610",25139.5714000051,26331.1743456185,"x"
"6611",24458.2649606458,25013.5643198805,"x"
"6612",24400.809493117,25020.9062545821,"x"
"6613",25200.198979119,26202.2998394791,"x"
"6614",24872.8845189472,25805.8792220093,"x"
"6615",24543.9852667295,24911.4530050958,"x"
"6616",26873.8491634354,29755.7303558606,"x"
"6617",25811.9182497025,27598.4255935009,"x"
"6618",25067.7366885483,26330.2494550094,"x"
"6619",24696.9654508796,25376.2230774098,"x"
"6620",24477.3870622765,25178.3137436606,"x"
"6621",24579.3312775392,25242.5899162884,"x"
"6622",24614.1168185662,25164.8374684519,"x"
"6623",24276.125506257,24539.7346972231,"x"
"6624",24702.3830307955,25415.5648330671,"x"
"6625",24531.5382442876,25329.3271289524,"x"
"6626",24232.1268696762,24657.6740843475,"x"
"6627",24530.6068090303,25243.7101231397,"x"
"6628",24550.9515166662,25110.6739630741,"x"
"6629",24343.0909826393,24639.5899158744,"x"
"6630",25147.8943148215,26374.4958421432,"x"
"6631",25077.794146498,26324.8405301429,"x"
"6632",25083.5155247598,26285.9478355279,"x"
"6633",25594.271634473,27418.0360731046,"x"
"6634",24314.3683146861,24670.8376257879,"x"
"6635",24688.8075450788,25358.8856602721,"x"
"6636",25564.9746825953,27252.4724339531,"x"
"6637",24566.604760536,25160.4916351303,"x"
"6638",25020.4669540121,26107.2298614205,"x"
"6639",24474.6302111784,25111.0821479643,"x"
"6640",27284.5945496482,30963.2666416545,"x"
"6641",25346.3530890007,26695.2151680001,"x"
"6642",24629.829790534,25339.7651068064,"x"
"6643",25006.7175209572,25723.8023128073,"x"
"6644",25136.8808784993,26267.4204740449,"x"
"6645",25158.419583545,26418.1913382142,"x"
"6646",25115.9929217593,26130.3861338257,"x"
"6647",24583.698211615,25320.6422175645,"x"
"6648",24325.5035946033,24745.8667968044,"x"
"6649",25050.5041807732,26274.2154391447,"x"
"6650",24582.3609315184,25192.1035221915,"x"
"6651",24782.4679146243,25652.7837598238,"x"
"6652",24319.5427094544,24762.0841005222,"x"
"6653",24779.1451187805,25536.8979605185,"x"
"6654",25244.0555914465,26618.7149738165,"x"
"6655",24453.4274085657,25031.8879587507,"x"
"6656",24934.0679595826,25845.6672197847,"x"
"6657",24802.2576844842,25786.542025106,"x"
"6658",24536.8396328884,25257.4805934553,"x"
"6659",24753.2470779521,25546.4087671842,"x"
"6660",24661.7498590256,25373.4074557196,"x"
"6661",24779.9039497856,25698.143317753,"x"
"6662",24463.3244169465,25158.0750130536,"x"
"6663",24635.5621524385,25276.2664262336,"x"
"6664",24743.3339946622,25495.1682274135,"x"
"6665",24663.3451152165,25447.037282087,"x"
"6666",24484.520098422,24921.2324532648,"x"
"6667",24711.9048352707,25421.6049936728,"x"
"6668",25069.9574729126,26280.1003325369,"x"
"6669",24938.4297105802,25857.9383105259,"x"
"6670",24267.7972435208,24617.275809077,"x"
"6671",24522.1916835982,25235.0550630768,"x"
"6672",24254.7955645344,24803.6036664832,"x"
"6673",24702.2503956367,25512.1276957026,"x"
"6674",24711.1783995455,25568.5135616872,"x"
"6675",24892.7728540132,25593.5957951695,"x"
"6676",25069.0047213142,26282.2988346757,"x"
"6677",24878.8336753434,26076.5969003004,"x"
"6678",24448.9701468687,24913.8335511644,"x"
"6679",25635.9016898252,27368.2064575804,"x"
"6680",24810.983477828,25757.8233967176,"x"
"6681",25220.7047934663,26530.0803554057,"x"
"6682",25788.1583556592,27725.7939345019,"x"
"6683",25610.4486436917,27108.2305639467,"x"
"6684",24958.4948901937,26012.1992514071,"x"
"6685",25266.6899086202,26358.1473205201,"x"
"6686",25156.2587422679,26344.4899139638,"x"
"6687",24517.6896827497,25281.9912534245,"x"
"6688",24684.028013406,25148.796774488,"x"
"6689",25335.4517460474,26819.2645488979,"x"
"6690",25587.4449446719,27257.9241963036,"x"
"6691",24618.271567341,25452.6706871645,"x"
"6692",24540.3894739398,25042.519529377,"x"
"6693",24532.8416749464,25001.0310005112,"x"
"6694",24415.2184237255,25049.8110015229,"x"
"6695",25275.9962807968,26698.5941658402,"x"
"6696",24279.5048048241,24764.9695820819,"x"
"6697",24888.1314885156,25958.5258938959,"x"
"6698",24719.5152205113,25305.6632994142,"x"
"6699",24750.3098515016,25446.4113669466,"x"
"6700",24541.2767237622,25386.2312572918,"x"
"6701",24535.8275304174,25217.1966768646,"x"
"6702",24807.7629401758,25747.9640064669,"x"
"6703",25070.2211839033,26392.1577214769,"x"
"6704",24482.8308019606,25075.249055555,"x"
"6705",26414.9711775671,28913.0847148705,"x"
"6706",25281.2004577261,26541.389464046,"x"
"6707",25099.7293438562,26462.5531953502,"x"
"6708",25883.6362281979,27858.7878190983,"x"
"6709",24553.3092828075,25048.7071770746,"x"
"6710",24664.7582803618,25426.9576283343,"x"
"6711",25205.5828020709,26435.325392384,"x"
"6712",24646.042592288,25394.0202996243,"x"
"6713",24719.6526241914,25604.1168434785,"x"
"6714",24459.7063152643,24933.2561223788,"x"
"6715",25554.6289109827,27115.4185202681,"x"
"6716",24596.6260358784,25146.4000096569,"x"
"6717",25412.5329585265,26949.2547806496,"x"
"6718",25148.9128493926,26383.6781578532,"x"
"6719",24986.6105977955,26046.5710409825,"x"
"6720",24913.3274242719,26050.5616823221,"x"
"6721",24718.583516775,25595.3411451449,"x"
"6722",24380.9660667526,24794.2661842038,"x"
"6723",24739.8924036874,25412.661158903,"x"
"6724",24529.3164903093,25280.2873205278,"x"
"6725",24578.0475967637,25453.9978158675,"x"
"6726",24598.312309767,25166.4032336753,"x"
"6727",24987.425097278,25831.3694565361,"x"
"6728",24224.2208855394,24521.3307542729,"x"
"6729",24496.0704976811,25026.2341591672,"x"
"6730",24528.0272483903,25088.0696483025,"x"
"6731",24427.5186929198,25124.3154981447,"x"
"6732",25352.5642806248,26871.6353210032,"x"
"6733",24476.3356723725,24990.6183782184,"x"
"6734",24540.9166933774,25083.6549843118,"x"
"6735",26671.414084995,29430.7350750595,"x"
"6736",24860.8993468482,25749.0924006888,"x"
"6737",24560.3226345658,25300.1434524642,"x"
"6738",24628.8656838147,25521.0122574813,"x"
"6739",24780.4037267867,25513.6836345386,"x"
"6740",25729.7467490617,27625.2683271466,"x"
"6741",24560.5126561978,25130.2231618041,"x"
"6742",24706.6921540134,25457.7787199341,"x"
"6743",24802.5229072378,25726.1626350983,"x"
"6744",24761.4455381096,25578.5574548157,"x"
"6745",25045.4308699756,26013.41786132,"x"
"6746",24883.1980143335,25869.1221127712,"x"
"6747",24451.8906558812,25039.7922838812,"x"
"6748",25709.6207450538,27441.9154030097,"x"
"6749",24645.5257634658,25165.3165915365,"x"
"6750",24572.8498882906,25037.9647835572,"x"
"6751",25063.6959807695,26379.4028075742,"x"
"6752",25127.1141823954,26257.5191820538,"x"
"6753",25026.6485652822,26202.0290146444,"x"
"6754",24781.3831172124,25685.107122854,"x"
"6755",24523.6429208521,25196.5969993524,"x"
"6756",24991.2973662893,26158.6404086554,"x"
"6757",24400.569701768,25124.0774472814,"x"
"6758",24683.963296027,25351.1776727775,"x"
"6759",24513.0217885743,25276.8963974609,"x"
"6760",24044.3651441528,24274.482446678,"x"
"6761",25014.7274971754,26121.5242828787,"x"
"6762",24415.7198305462,25076.7462896026,"x"
"6763",24661.0791250091,25390.3810479487,"x"
"6764",24477.6343964214,25074.9441610838,"x"
"6765",25283.5174254738,26671.1894527601,"x"
"6766",24333.9913647366,24722.8024582441,"x"
"6767",24799.3362128906,25701.3843383828,"x"
"6768",24578.3692968908,25257.0510267913,"x"
"6769",24945.4128453295,26002.6950387036,"x"
"6770",24366.1946702658,24874.6030352211,"x"
"6771",24514.4118336018,25005.3719492743,"x"
"6772",24837.7875557358,25904.86517756,"x"
"6773",24408.442597218,24716.756670592,"x"
"6774",24689.3275346081,25629.720086978,"x"
"6775",24497.8949994974,25080.3546853485,"x"
"6776",24175.3289814891,24600.8823205172,"x"
"6777",24654.9673149526,25337.3448810521,"x"
"6778",24598.268396937,25436.6984088902,"x"
"6779",24472.8942830372,24979.7824838645,"x"
"6780",24501.9515064648,25065.3412517126,"x"
"6781",24596.3593964248,25312.0368975023,"x"
"6782",24365.7119421998,24846.4343123583,"x"
"6783",24760.6476847277,25344.5594253959,"x"
"6784",24947.8361057149,26070.3338735248,"x"
"6785",24809.5706669106,25761.8010898721,"x"
"6786",25413.213402337,26907.5028685975,"x"
"6787",24830.8678044305,25555.1185262231,"x"
"6788",24700.9883155125,25342.9555088687,"x"
"6789",24618.0422328694,25382.205228792,"x"
"6790",25187.089838633,26501.9163022852,"x"
"6791",24512.5483246034,25031.6662597524,"x"
"6792",24357.5002031883,24847.7674224182,"x"
"6793",24959.4341103228,26092.419057551,"x"
"6794",24479.03737059,25206.2408797294,"x"
"6795",24525.8564490495,25101.1856062311,"x"
"6796",24465.8264256815,25142.9171255089,"x"
"6797",24834.5110684164,25711.9328157865,"x"
"6798",24354.6379740742,24900.547457546,"x"
"6799",24456.9967931026,25191.5452207322,"x"
"6800",24653.3842631679,25534.7459433021,"x"
"6801",24513.3517498687,25153.2209725373,"x"
"6802",25241.2887228655,26589.223049601,"x"
"6803",24937.8689189993,26005.1229740157,"x"
"6804",24717.7068142238,25510.9775284406,"x"
"6805",24810.9000776759,25661.2649462966,"x"
"6806",24298.4074659779,24705.5688917663,"x"
"6807",27451.2698553794,31027.0466633302,"x"
"6808",25155.5711579423,26422.6871137137,"x"
"6809",24885.4874728327,26054.1887029632,"x"
"6810",25810.4011589247,27563.0712552536,"x"
"6811",24883.8451553938,26109.1577008131,"x"
"6812",24665.832590851,25334.403483858,"x"
"6813",24441.4021520583,25106.3529145455,"x"
"6814",25012.9314893318,26066.7258921452,"x"
"6815",24548.8581936488,25238.7541793046,"x"
"6816",24586.178735159,24944.8161494996,"x"
"6817",24517.1394695386,25036.3677894035,"x"
"6818",24272.3289889731,24638.6409905777,"x"
"6819",25614.3904921908,27478.8550103355,"x"
"6820",24880.7074835352,25875.9145474621,"x"
"6821",24880.351234328,26083.8056493222,"x"
"6822",24893.6088169193,25978.8889150053,"x"
"6823",24754.9445985133,25572.8539364372,"x"
"6824",25150.3965751233,26509.23694941,"x"
"6825",24839.9278762941,25767.4120544386,"x"
"6826",25342.687726903,26823.3441523679,"x"
"6827",24489.8245361535,25231.2758225523,"x"
"6828",24683.1435734683,25467.9906614494,"x"
"6829",25624.791929957,27180.3823820927,"x"
"6830",24666.0566051906,25375.6160999143,"x"
"6831",24927.1510311847,26123.7529680794,"x"
"6832",24943.5723940925,25485.0571198052,"x"
"6833",25619.0535244728,27254.788442298,"x"
"6834",24764.4514147476,25494.2950215169,"x"
"6835",24541.1958916184,25104.1909523649,"x"
"6836",24602.1795739046,25304.164683529,"x"
"6837",24854.3168384751,25891.5047763327,"x"
"6838",24298.5202712987,24667.2995159379,"x"
"6839",24660.7660640506,25459.3569436663,"x"
"6840",24776.6914821667,25549.4754767246,"x"
"6841",24297.9477890317,24732.019235295,"x"
"6842",24941.4579427163,26033.8207460009,"x"
"6843",24852.8711511419,25637.8196102182,"x"
"6844",24664.5076680192,25436.1519451561,"x"
"6845",25074.133654576,26181.0516366084,"x"
"6846",24581.3114506398,25309.2616471173,"x"
"6847",25172.7286595504,26486.1221802128,"x"
"6848",25122.5135481805,26327.2670763063,"x"
"6849",24810.7372646242,25679.2847594047,"x"
"6850",24588.2781639123,24957.4248425803,"x"
"6851",25082.474374951,26304.4300444515,"x"
"6852",24678.8303629498,25455.4546346534,"x"
"6853",25171.3519241727,26414.5483601112,"x"
"6854",24509.8482767494,25008.3658354902,"x"
"6855",24724.2576495661,25746.8334645736,"x"
"6856",25004.6070424306,26280.9976945857,"x"
"6857",24978.1897872894,25840.8569742731,"x"
"6858",24750.5347784838,25612.3833076238,"x"
"6859",25504.4731569325,27161.3230303693,"x"
"6860",25243.2433813013,26760.1339930763,"x"
"6861",24577.7658819967,25361.8241339891,"x"
"6862",24851.9900260454,25688.8267300367,"x"
"6863",24766.0097111147,25530.2782147982,"x"
"6864",24695.6826884637,25364.2672495329,"x"
"6865",24558.0413711857,25160.0479924774,"x"
"6866",26154.3578593879,28198.6622421635,"x"
"6867",26164.5744789465,28217.4107467694,"x"
"6868",24916.1028806709,25893.8575178637,"x"
"6869",24907.0962766465,25926.3439930389,"x"
"6870",24656.1700154013,25376.8606728169,"x"
"6871",24731.6097997156,25563.0589675329,"x"
"6872",24598.2804109932,25105.0390250049,"x"
"6873",25562.7271080757,27161.3556694451,"x"
"6874",25070.2781775384,26269.0211581728,"x"
"6875",24371.9968050575,24924.1022620349,"x"
"6876",24946.6569234034,25996.7897765409,"x"
"6877",24732.310412153,25715.5707614217,"x"
"6878",24361.1267414984,24865.5386802296,"x"
"6879",25616.8035192165,27281.74628603,"x"
"6880",25155.1194184987,26447.3672634685,"x"
"6881",24658.2670371622,25419.6677460674,"x"
"6882",24963.2228755546,25975.6579009282,"x"
"6883",25308.7131629081,26801.3888551824,"x"
"6884",24681.2218706507,25624.4708595125,"x"
"6885",25482.4791414621,27084.1062466155,"x"
"6886",24469.9786934614,25053.3505048149,"x"
"6887",24301.6159014396,24516.3371821208,"x"
"6888",24678.8548998153,25531.6847953589,"x"
"6889",24682.3292910227,25574.957970909,"x"
"6890",24528.5745226065,25174.7593439039,"x"
"6891",24446.5066447178,25167.3289673123,"x"
"6892",24636.167403741,25585.3932552326,"x"
"6893",24969.8937576552,26125.457078889,"x"
"6894",24916.0753776559,25945.3591953098,"x"
"6895",24326.168412262,24865.6797688375,"x"
"6896",24817.7358764286,25664.9007988033,"x"
"6897",24614.5567491813,25425.7682598464,"x"
"6898",24646.7189159757,25546.7610705302,"x"
"6899",24742.6676831233,25552.0293520221,"x"
"6900",24749.9177808273,25518.2824720137,"x"
"6901",24433.3978524616,25092.0605770518,"x"
"6902",25739.3898408754,27586.503991542,"x"
"6903",24264.0363091335,24768.9859573146,"x"
"6904",24974.8288550782,26000.6157588436,"x"
"6905",24608.2593812374,25479.2672148283,"x"
"6906",24575.6558143097,24895.6429894831,"x"
"6907",24388.0968753176,24919.9191053634,"x"
"6908",25065.0866983798,26192.491276762,"x"
"6909",25057.4653428046,26188.8697136768,"x"
"6910",24772.3981456282,25768.7529186866,"x"
"6911",24689.2311298824,25536.3429619607,"x"
"6912",24648.5061445496,25455.7168321211,"x"
"6913",25651.2344448707,27240.6054674616,"x"
"6914",25253.0714588432,26710.4191155751,"x"
"6915",25349.4381381669,26998.0443746749,"x"
"6916",25347.4456835154,26733.8427534522,"x"
"6917",24677.6717048702,25476.6773957262,"x"
"6918",24783.4830802788,25575.1085910084,"x"
"6919",24649.0106230202,25531.7969358782,"x"
"6920",24835.7693355268,25624.8247358637,"x"
"6921",24521.4958637719,25147.3661518844,"x"
"6922",24391.1778484294,25009.1417333538,"x"
"6923",24508.5856901584,24991.7252860823,"x"
"6924",24575.0244161616,25162.3527093378,"x"
"6925",24544.9945097554,25351.5202417426,"x"
"6926",25062.0455548918,26198.2180893435,"x"
"6927",25020.2858702565,25999.53799043,"x"
"6928",24684.9407562264,25634.8902540888,"x"
"6929",24961.9366144137,26080.6843191368,"x"
"6930",24943.9329422237,25853.1572926035,"x"
"6931",25813.187749593,27874.3298585555,"x"
"6932",24745.637827718,25564.2303945345,"x"
"6933",24673.4082155309,25223.3647912249,"x"
"6934",24570.7327969756,25263.9655092295,"x"
"6935",24654.3891400165,25596.5999673342,"x"
"6936",25651.6111860028,27369.0805000488,"x"
"6937",24498.3740210274,25294.4646661181,"x"
"6938",24399.5132323314,25084.6972713257,"x"
"6939",24808.4976958904,25723.5562206866,"x"
"6940",25396.0552492711,26729.1133242815,"x"
"6941",24637.5367708314,25424.2971075871,"x"
"6942",24778.2059676935,25504.2239996457,"x"
"6943",24962.4296193654,25951.6314566797,"x"
"6944",24872.3292360189,25968.7769396595,"x"
"6945",24460.9387758227,25139.8475440408,"x"
"6946",25333.8584195465,26804.8273786371,"x"
"6947",25767.6393847784,27585.9695358843,"x"
"6948",25407.9162212379,26689.1724556655,"x"
"6949",24844.9580885457,25887.0584947003,"x"
"6950",25181.4600982339,26253.990754663,"x"
"6951",24994.3824315987,26042.1730405724,"x"
"6952",24197.1229486209,24619.3083159058,"x"
"6953",24761.6833674459,25729.9075813307,"x"
"6954",25222.4472907583,26489.6322686031,"x"
"6955",24267.2025959295,24561.4620883095,"x"
"6956",24537.7180550073,25124.4696993492,"x"
"6957",24376.7662065955,24924.1238177801,"x"
"6958",24876.813467124,25923.1076776277,"x"
"6959",24541.2504231014,25362.9850421162,"x"
"6960",24970.3165936565,26104.0274262858,"x"
"6961",24696.8029970329,25266.3412527702,"x"
"6962",24594.4052596203,25211.5969786301,"x"
"6963",24670.6428201054,25186.3979557507,"x"
"6964",25039.9971997666,26140.3691299852,"x"
"6965",24868.154839046,25712.4521643546,"x"
"6966",24602.9507340682,25322.1586289093,"x"
"6967",24607.5577490882,25470.0798603741,"x"
"6968",24509.164050487,25225.1006651781,"x"
"6969",25777.9159652471,27702.6416105357,"x"
"6970",24363.0172219373,24777.7527673707,"x"
"6971",24497.8300341547,25000.9992056179,"x"
"6972",24612.8947590393,25416.7071997489,"x"
"6973",25277.9258142999,26597.5084441483,"x"
"6974",24698.2839447416,25603.6699092672,"x"
"6975",24634.4719490696,25326.325642522,"x"
"6976",24469.2702853546,25137.3933338659,"x"
"6977",24791.8907387874,25684.359061822,"x"
"6978",25008.0964601982,26136.8489414781,"x"
"6979",24608.7199790303,25287.355090495,"x"
"6980",24981.4269357338,25698.859993245,"x"
"6981",24712.9438143042,25616.9832454273,"x"
"6982",24705.5642290292,25417.8384824994,"x"
"6983",25312.7905242589,26464.3583841732,"x"
"6984",24938.0666662177,26018.2980076028,"x"
"6985",24578.2961225463,25268.427442017,"x"
"6986",25058.773312452,26083.3684367795,"x"
"6987",24681.1068451737,25613.054432283,"x"
"6988",25119.3644805592,26201.2996001091,"x"
"6989",24806.2730975841,25673.7068597029,"x"
"6990",24423.5927312493,24754.0524289745,"x"
"6991",24748.9259760514,25730.2793691876,"x"
"6992",24757.2957601675,25519.5499723598,"x"
"6993",24369.1579121795,24674.04381239,"x"
"6994",24630.4985947242,25383.2221398411,"x"
"6995",24572.2090706756,25139.4321369217,"x"
"6996",24715.5836314991,25516.3461814557,"x"
"6997",24979.5431055255,26291.3250233683,"x"
"6998",25100.2798165677,26362.2187289606,"x"
"6999",24925.9657464327,25883.9653691325,"x"
"7000",25297.5306022627,26637.0694314123,"x"
"7001",24757.7823336835,25683.4794806865,"x"
"7002",24670.8510332667,25498.0476687532,"x"
"7003",24431.4501959276,24890.0713919916,"x"
"7004",24818.9905529089,25642.7215623101,"x"
"7005",24640.3419281486,25345.1767094296,"x"
"7006",25101.2429583043,26228.8609369932,"x"
"7007",24339.4294413044,24782.0899980784,"x"
"7008",25583.4631470754,27216.0646792126,"x"
"7009",24222.0437512653,24633.5710005934,"x"
"7010",24995.9034489354,25973.111496904,"x"
"7011",24290.1936337501,24917.504431889,"x"
"7012",24290.0245864647,24608.7590984813,"x"
"7013",25091.0716995583,26550.373003017,"x"
"7014",24778.4038595858,25640.9282597243,"x"
"7015",25368.13815121,26984.3643688831,"x"
"7016",24482.0982198826,25282.8955053043,"x"
"7017",24487.0160005348,24783.6472569389,"x"
"7018",24827.324715394,25678.1540687802,"x"
"7019",25125.6732927003,26223.6794937864,"x"
"7020",25258.254996662,26763.5234018198,"x"
"7021",24563.4653551568,25110.1542436933,"x"
"7022",24186.990869873,24413.393114426,"x"
"7023",24635.575634425,25503.3520098094,"x"
"7024",24710.1795454667,25529.2949430801,"x"
"7025",24584.3193072335,25466.4754492417,"x"
"7026",25441.2316033997,26988.6118831564,"x"
"7027",24684.0091071234,25400.2933004995,"x"
"7028",24719.1066428593,25534.320645413,"x"
"7029",24296.8262384829,24853.490816698,"x"
"7030",25359.6414199229,26629.325290925,"x"
"7031",24439.394712578,24833.4821214881,"x"
"7032",24498.0752792894,25340.5510326896,"x"
"7033",24835.2140435513,25668.307488191,"x"
"7034",24543.4482587864,25398.1019172992,"x"
"7035",24787.2407055285,25488.6190154085,"x"
"7036",24594.9882052193,25312.8872431355,"x"
"7037",24708.0823501673,25612.8915993123,"x"
"7038",24451.6991710443,24886.5478713777,"x"
"7039",24882.0767183885,25874.1641942683,"x"
"7040",24750.8866891504,25708.5235838083,"x"
"7041",25206.7179313661,26205.6013452095,"x"
"7042",24582.4629084422,25354.6187583057,"x"
"7043",24978.5493958579,26018.8207449732,"x"
"7044",25427.8847487681,26971.8438774944,"x"
"7045",24708.0103904508,25475.1812668207,"x"
"7046",24839.3760754444,25884.497012363,"x"
"7047",24891.2656055771,25838.9914812258,"x"
"7048",24500.9115266718,25043.0094006945,"x"
"7049",24400.0363822917,24970.0160235221,"x"
"7050",24647.303178837,25350.151251005,"x"
"7051",25417.846941668,26863.6339616229,"x"
"7052",24184.9993264173,24789.9594322851,"x"
"7053",24478.3775976904,25114.3747452262,"x"
"7054",24392.0997772092,25188.3537274338,"x"
"7055",25039.5881342661,26266.5351571264,"x"
"7056",25093.1755134186,26354.4853464115,"x"
"7057",25046.0061644682,26356.176204388,"x"
"7058",24710.3303075231,25481.5319136405,"x"
"7059",25994.2499845193,28322.9542569287,"x"
"7060",24567.8762870116,25347.4477209897,"x"
"7061",25529.6019443532,27228.7673326833,"x"
"7062",24976.1752518124,26018.7720235643,"x"
"7063",24785.1883005709,25734.9159241627,"x"
"7064",24647.5022775475,25234.9844479702,"x"
"7065",24707.7668097515,25570.0284286176,"x"
"7066",25168.0113690769,26432.0088343097,"x"
"7067",25602.3533364957,27479.9046864625,"x"
"7068",24956.505676615,25728.0491053517,"x"
"7069",24536.5381169748,25021.1807947623,"x"
"7070",24666.3501658889,25464.8637068554,"x"
"7071",25019.7244554098,26259.1762995941,"x"
"7072",25147.719172307,26421.7281749058,"x"
"7073",24515.810204897,25163.4125704112,"x"
"7074",24920.6235765051,25630.1048064639,"x"
"7075",25564.5673519703,27298.5380783304,"x"
"7076",24831.3224915176,25870.2326626863,"x"
"7077",24589.281123425,25218.6190879168,"x"
"7078",24685.8481240177,25348.8496995055,"x"
"7079",24733.4052968032,25704.887844163,"x"
"7080",24778.6078213616,25542.8745711884,"x"
"7081",24982.8580180195,26181.5624127783,"x"
"7082",25448.5887535248,26849.7142108875,"x"
"7083",24488.2024002462,25276.5722114588,"x"
"7084",24682.6702875549,25707.3517434159,"x"
"7085",25400.8351899515,27065.6992810206,"x"
"7086",25123.2905284027,26329.3978404964,"x"
"7087",24789.3782481657,25402.1943937945,"x"
"7088",24876.1756453643,25861.6695416771,"x"
"7089",24767.0450194011,25555.6965426707,"x"
"7090",25996.3434867366,28074.408702444,"x"
"7091",24743.0427960892,25425.8989830649,"x"
"7092",24514.8683493459,24959.4986930112,"x"
"7093",24585.5517948195,25314.6831897922,"x"
"7094",25021.2895760778,26172.4896546463,"x"
"7095",24599.1676615892,25146.7959533112,"x"
"7096",24554.2900632244,25035.8352861884,"x"
"7097",24516.6088569323,25159.4187381916,"x"
"7098",24853.432432021,25871.2866047798,"x"
"7099",24808.3999508964,25460.5079838584,"x"
"7100",25003.1128978823,26128.2676621819,"x"
"7101",24537.9247080097,25256.4661315662,"x"
"7102",24799.725288804,25784.3737593103,"x"
"7103",25464.5606335528,26502.1638286548,"x"
"7104",24394.2821021463,24768.4100478223,"x"
"7105",25801.9177793955,27376.5952084175,"x"
"7106",24865.65742778,26021.1741530097,"x"
"7107",24642.3725782631,25349.2242641159,"x"
"7108",24516.9746981823,25207.8865269307,"x"
"7109",24546.6999770731,25137.7884916503,"x"
"7110",24793.8123293847,25759.0903697784,"x"
"7111",25046.9255869195,26137.7366425904,"x"
"7112",25273.3978946918,26685.6018914616,"x"
"7113",24672.8020394106,25373.0482738521,"x"
"7114",24663.0224162196,25494.4107587948,"x"
"7115",24597.176848361,25324.6735876923,"x"
"7116",25099.7606941825,26274.4539910757,"x"
"7117",25173.8242085912,26512.8022932867,"x"
"7118",24300.7321456368,24750.4214058925,"x"
"7119",24333.0411559875,24749.7070046126,"x"
"7120",24393.0257957345,24998.2135444046,"x"
"7121",24684.7491580493,25498.2192815935,"x"
"7122",25334.3176219557,26520.7821206385,"x"
"7123",24570.5906558667,25238.2828181616,"x"
"7124",24795.3854927123,25730.6822669582,"x"
"7125",24458.7698606574,25102.4931571714,"x"
"7126",24576.7909764456,25162.5753085378,"x"
"7127",24864.8188330303,25955.0584277421,"x"
"7128",24458.6668567003,25147.199693964,"x"
"7129",24918.4495745231,25992.726932577,"x"
"7130",24834.075100907,25745.8954887742,"x"
"7131",24856.4538231917,25752.418654438,"x"
"7132",25400.817204231,26893.6947921148,"x"
"7133",25237.125275361,26611.4461109731,"x"
"7134",25184.3049192059,26433.6480183867,"x"
"7135",24625.1028363852,25367.3053556592,"x"
"7136",24319.0769712575,24669.2945942325,"x"
"7137",24453.6970861789,24911.3805060548,"x"
"7138",24783.012678233,25544.5277505328,"x"
"7139",25282.6245863228,26647.2038738672,"x"
"7140",25937.2772494277,27697.3587549135,"x"
"7141",24649.9838244502,25040.4528602574,"x"
"7142",25155.171372831,26359.7812853565,"x"
"7143",24990.2545795968,26019.4986376668,"x"
"7144",25445.7852652507,27151.7224474181,"x"
"7145",24571.1228926152,25433.4562950933,"x"
"7146",24475.9107214519,25064.3593539592,"x"
"7147",24421.4032233291,24756.8980516768,"x"
"7148",25495.0087491581,27106.4424428287,"x"
"7149",24695.5869374472,25346.6739893875,"x"
"7150",24351.7525615445,24970.2962103691,"x"
"7151",24449.658439188,25007.6751625085,"x"
"7152",24404.2885288133,25077.9122542021,"x"
"7153",24773.3600068005,25725.9120029806,"x"
"7154",29876.4236861999,37338.8454757013,"x"
"7155",24544.1192604375,25090.8122032928,"x"
"7156",24606.0856209021,25255.1568799841,"x"
"7157",24910.4624765815,25932.1466522137,"x"
"7158",24551.5312504003,25314.2282898053,"x"
"7159",25047.4792139063,26270.80434696,"x"
"7160",24495.8114269155,25003.5684364726,"x"
"7161",25002.6825941449,26055.3093225946,"x"
"7162",24453.0028397027,25224.5064503079,"x"
"7163",24630.2082465412,25495.094719345,"x"
"7164",25348.2299337728,26645.1821182164,"x"
"7165",24493.9985740563,25303.588665195,"x"
"7166",25267.4940073816,26611.699121907,"x"
"7167",24601.7452692853,25421.1716391644,"x"
"7168",24674.4537419908,25632.6856327387,"x"
"7169",25448.0550803202,27045.8323869397,"x"
"7170",24657.1770911507,25465.120745737,"x"
"7171",24435.5473430024,24995.3017488771,"x"
"7172",25047.7373476818,26235.8215658983,"x"
"7173",24746.4937315273,25657.1018711637,"x"
"7174",25255.4317426554,26656.9848410043,"x"
"7175",25181.2853211991,26237.9901434252,"x"
"7176",24411.9506540459,24871.7841185623,"x"
"7177",24528.1679661527,25241.2941849368,"x"
"7178",25001.2041836872,26070.4830911499,"x"
"7179",24537.0317013698,25336.3497885512,"x"
"7180",24532.8406391467,24796.7581252746,"x"
"7181",24543.0947944329,25293.8803122115,"x"
"7182",24706.0271026407,25495.5534739328,"x"
"7183",24565.0369931788,25121.2690514257,"x"
"7184",24368.7269236675,24624.0273115395,"x"
"7185",24764.106964387,25581.6051384401,"x"
"7186",25242.0165245785,26529.2895947644,"x"
"7187",24809.4827778168,25829.7970286996,"x"
"7188",25643.4905150772,27350.9387205716,"x"
"7189",24953.6123982674,26015.6543452276,"x"
"7190",25431.6809029694,26958.860693609,"x"
"7191",24488.7960109746,25115.5164130977,"x"
"7192",24182.6850141678,24780.6423448611,"x"
"7193",24943.4009987089,26002.9792050928,"x"
"7194",24528.9088893188,25134.6621230385,"x"
"7195",24374.4599298337,24686.2887797933,"x"
"7196",24647.3332235901,25262.5452023277,"x"
"7197",25038.6623231191,26189.5270974273,"x"
"7198",25406.9433128598,26869.1619749783,"x"
"7199",24589.7233067313,25253.7895527339,"x"
"7200",24912.117597123,26102.7187415044,"x"
"7201",24566.2243965587,25341.40682836,"x"
"7202",24866.5999020025,25767.3676846026,"x"
"7203",24677.0273236231,25561.7645891143,"x"
"7204",24413.6869004953,25021.339733376,"x"
"7205",24996.3742529396,26010.925032305,"x"
"7206",24576.791982095,25368.3400109835,"x"
"7207",24570.4992350038,25372.9890749656,"x"
"7208",24342.6604352547,24603.7474704264,"x"
"7209",24547.4371360588,25159.3245344236,"x"
"7210",25707.8425490499,27343.8434601689,"x"
"7211",24620.1810018047,25242.9079694764,"x"
"7212",25353.5852700489,26776.37520459,"x"
"7213",24676.8377651951,25284.4324602414,"x"
"7214",24258.9905570798,24702.6785750893,"x"
"7215",24444.2933870979,24770.5738576499,"x"
"7216",24708.423803155,25489.6654213489,"x"
"7217",24949.9521883516,25942.6688205521,"x"
"7218",29322.4528070658,36536.9587790868,"x"
"7219",25117.4559959472,26192.1171914806,"x"
"7220",25698.7263114998,27672.775282937,"x"
"7221",24617.4457902983,25311.2830801461,"x"
"7222",24329.4612551733,24786.9382326413,"x"
"7223",25237.0377264987,26679.417903838,"x"
"7224",27502.0671594419,31050.798528962,"x"
"7225",25002.5160217099,26143.0535460817,"x"
"7226",24435.5142947664,24971.2541373848,"x"
"7227",25193.4746193081,26420.7083202242,"x"
"7228",24696.9950615044,25634.2052826807,"x"
"7229",24617.7611577556,25400.9540160428,"x"
"7230",24617.8826996815,24831.272182258,"x"
"7231",24822.0033959485,25836.9144374926,"x"
"7232",24703.5436728537,25425.5669723235,"x"
"7233",24838.6134440817,25797.8897149818,"x"
"7234",24515.5013646495,24996.928664113,"x"
"7235",24539.9207690169,25171.3878877662,"x"
"7236",24588.3546971036,25249.0505995757,"x"
"7237",24458.6524727258,24969.4697310153,"x"
"7238",24790.6399199595,25678.0352747949,"x"
"7239",24934.3564543678,26198.2451401739,"x"
"7240",24518.6651467618,25333.7965456778,"x"
"7241",24974.6463335121,26029.0584999338,"x"
"7242",24591.7602691517,25359.6933943978,"x"
"7243",24549.5469699462,25129.0824706983,"x"
"7244",25217.6104553067,26587.6025219832,"x"
"7245",24660.8997197439,25396.8014743316,"x"
"7246",25237.0730649016,26445.65236163,"x"
"7247",24383.5806136019,24822.8878817176,"x"
"7248",24502.6951126614,25231.61528122,"x"
"7249",24914.5108974902,26133.4581277019,"x"
"7250",25177.2339937579,26527.3887384753,"x"
"7251",24473.69496462,25070.0793994642,"x"
"7252",25185.5355728183,26427.3684626842,"x"
"7253",24624.2769253462,25407.6545700829,"x"
"7254",25600.2824857993,27330.3166072392,"x"
"7255",24446.4658147065,24867.2433379705,"x"
"7256",24840.2252874299,25698.6297701224,"x"
"7257",24368.5042140709,24715.6772010947,"x"
"7258",24576.0886688719,25267.3529187071,"x"
"7259",24963.5691895784,25835.942140342,"x"
"7260",24579.8548616315,25182.2412099925,"x"
"7261",25121.8211409112,26439.7321310089,"x"
"7262",24481.888818533,25194.3012232746,"x"
"7263",24591.4250156979,25222.3456549574,"x"
"7264",25056.8882986648,26264.7792282087,"x"
"7265",24445.1313565604,25137.3617276737,"x"
"7266",24430.0709433846,25159.6926297143,"x"
"7267",24811.9074599498,25745.0168805461,"x"
"7268",26892.6348900261,30157.0225925126,"x"
"7269",24345.8744863255,24794.0972506267,"x"
"7270",24644.3232348522,25354.3189906553,"x"
"7271",24385.0441907822,25000.9173599636,"x"
"7272",24791.6899057367,25757.7063858747,"x"
"7273",24794.6435785561,25604.8777526343,"x"
"7274",25402.2506646905,27078.3438232793,"x"
"7275",24879.1191384901,26099.3653461529,"x"
"7276",24426.4390814759,25041.5834501602,"x"
"7277",24617.5295816486,25401.0080714567,"x"
"7278",25197.5463651427,26489.1841333786,"x"
"7279",25080.9526433289,26267.5145159336,"x"
"7280",24869.5799649708,25721.9135155546,"x"
"7281",24756.6223621589,25625.0201838541,"x"
"7282",26181.7646673762,28349.8649313815,"x"
"7283",24611.9933613675,25269.315658017,"x"
"7284",24471.1937437518,24898.7450259624,"x"
"7285",24383.7726421981,24906.5476256723,"x"
"7286",25014.0223065211,26218.5977931145,"x"
"7287",28026.1387741853,32323.0399766001,"x"
"7288",25119.2934388944,26346.2999822551,"x"
"7289",24525.2065994028,24916.3027993872,"x"
"7290",24433.0549984643,24990.172412294,"x"
"7291",24689.4907975045,25580.3311352423,"x"
"7292",24665.8941767043,25449.6813490511,"x"
"7293",24715.0361242039,25495.049899411,"x"
"7294",24787.4881983987,25622.8116863448,"x"
"7295",25134.3745881469,26335.884822363,"x"
"7296",24833.9174939212,25681.3301659675,"x"
"7297",25468.0632862837,26669.3662915985,"x"
"7298",24751.5754963106,25646.9308004788,"x"
"7299",24664.7777510072,25470.7060342014,"x"
"7300",24508.1234093225,24897.0176781722,"x"
"7301",28622.7035769676,34223.5468167052,"x"
"7302",24523.6357144315,25113.6862868108,"x"
"7303",24886.2219006405,26006.5997766598,"x"
"7304",24887.6217256637,25616.02786317,"x"
"7305",25458.3839738802,26956.7932367654,"x"
"7306",24672.1578899456,25769.0621263409,"x"
"7307",25470.0133387467,27036.1006839358,"x"
"7308",25536.9680268769,27231.5894298305,"x"
"7309",25228.8713047058,26277.6045390129,"x"
"7310",24667.0543915391,25412.1569157278,"x"
"7311",24366.216008107,24697.388404216,"x"
"7312",25168.364930825,26480.7623232709,"x"
"7313",25185.5798555827,26508.660322187,"x"
"7314",24631.1943688365,25368.7358274038,"x"
"7315",24950.2274983795,25967.8023671796,"x"
"7316",24967.87996939,26112.0730386032,"x"
"7317",24711.3887714939,25358.3049547913,"x"
"7318",24944.4474068056,25879.5910279212,"x"
"7319",24850.3768764006,25692.8821236877,"x"
"7320",25249.3578566295,26624.6164010752,"x"
"7321",24265.1761261206,24449.2761056693,"x"
"7322",25175.9110243976,26411.0003490318,"x"
"7323",24461.717536679,25147.2275056663,"x"
"7324",24852.2856661568,25754.1266725502,"x"
"7325",24856.0668939517,25859.9023477137,"x"
"7326",24934.5604572672,25811.2498411861,"x"
"7327",24767.6752281489,25686.8393905369,"x"
"7328",25191.1170292008,26257.1758554651,"x"
"7329",24723.1460202331,25688.8607703432,"x"
"7330",25085.2713884367,26386.1038921518,"x"
"7331",24562.9795861311,25334.2574019004,"x"
"7332",24814.7471264669,25831.737773622,"x"
"7333",24869.7363126501,25919.7877210542,"x"
"7334",24442.6242859236,24882.9449157863,"x"
"7335",25268.9770597001,26685.6635031278,"x"
"7336",25407.3862208097,26855.2321793102,"x"
"7337",24699.9560723851,25594.4777085703,"x"
"7338",24404.3435787665,25037.0926726292,"x"
"7339",24587.3390888577,25324.8491753502,"x"
"7340",24637.0808213087,24997.9827439228,"x"
"7341",24574.6709769222,24997.6933640561,"x"
"7342",24749.1303515816,25646.0633409026,"x"
"7343",25354.2951859818,26644.344507064,"x"
"7344",24750.9096047583,25911.6710095145,"x"
"7345",25549.3688886986,27267.9043014216,"x"
"7346",24483.6095149209,25179.3631775547,"x"
"7347",24726.977694831,25461.677497313,"x"
"7348",24777.9769403382,25707.1687459958,"x"
"7349",24815.4414576693,25506.9091025505,"x"
"7350",25233.417454471,26556.0948119041,"x"
"7351",24465.3915820608,24935.9452775162,"x"
"7352",25401.0723026136,26921.3587797435,"x"
"7353",24637.3652590354,25465.5713602053,"x"
"7354",24765.4542330572,25521.6916600334,"x"
"7355",24847.030631354,25962.1161463645,"x"
"7356",25011.0033040274,25970.5576129479,"x"
"7357",25531.3190196688,27040.0019463738,"x"
"7358",24578.0277947216,25445.4009281665,"x"
"7359",25050.4070753798,26145.5296705831,"x"
"7360",25538.8413307085,27184.1715091066,"x"
"7361",24801.2651022886,25648.545754272,"x"
"7362",24521.0195264314,24995.1365872441,"x"
"7363",24756.2592878905,25573.9722466188,"x"
"7364",25008.2129387717,25986.4876834489,"x"
"7365",25542.7000323046,27350.5978232426,"x"
"7366",24403.7145768876,24915.6292494281,"x"
"7367",24561.1047687822,25310.033019596,"x"
"7368",25441.3686964685,26971.0039073756,"x"
"7369",24453.0668495189,25150.0886981823,"x"
"7370",24961.8122438237,25896.4070044775,"x"
"7371",24584.4022657776,25571.2296759225,"x"
"7372",24635.3131232591,25514.7415838499,"x"
"7373",24469.8955302096,24960.2391553989,"x"
"7374",24712.0421882264,25626.8888209715,"x"
"7375",24728.8726231753,25712.967721978,"x"
"7376",24884.973119619,25961.3536361491,"x"
"7377",25196.5330131623,26726.2388188068,"x"
"7378",24545.9765856086,25245.3671929747,"x"
"7379",24788.0994650494,25565.8289463357,"x"
"7380",24348.3410716755,24924.5301642718,"x"
"7381",24934.9801637063,25870.0854661928,"x"
"7382",25500.6888400746,26869.3500139402,"x"
"7383",24710.9730314958,25452.1202519685,"x"
"7384",24763.0291573828,25644.1147661459,"x"
"7385",24674.858406072,25622.9873812966,"x"
"7386",24949.399835151,25796.9194838117,"x"
"7387",24599.5819763292,25189.6638061373,"x"
"7388",24499.8498869567,25174.7768895915,"x"
"7389",25204.4132403669,26265.0931980117,"x"
"7390",24757.8246004556,25707.6786151605,"x"
"7391",24707.243302816,25491.0112687925,"x"
"7392",24837.0717372358,25797.5825330899,"x"
"7393",24709.1407165779,25368.3402399209,"x"
"7394",24558.8085159175,25328.2033875035,"x"
"7395",24552.3851220801,25097.7586510568,"x"
"7396",24512.9156317966,24996.0700673338,"x"
"7397",24419.2086038107,25019.5277792278,"x"
"7398",25059.9981803734,26280.5430472605,"x"
"7399",25583.4083713908,27225.1417712939,"x"
"7400",24796.2146618289,25654.5998826692,"x"
"7401",24886.4407831038,25880.9741964249,"x"
"7402",24546.4939749055,24918.6079812628,"x"
"7403",24701.8761011137,25514.0681653048,"x"
"7404",25504.2757756279,27118.1316628767,"x"
"7405",25164.9563966139,26405.3018539754,"x"
"7406",25071.5806258895,26403.5381524482,"x"
"7407",24581.9208194993,25372.0703311393,"x"
"7408",26416.9517681617,28550.5114888488,"x"
"7409",25762.4855664859,27601.89827823,"x"
"7410",24856.6437387102,25655.9358808378,"x"
"7411",24739.5747378202,25510.7712257121,"x"
"7412",24995.8150896066,25721.0170554388,"x"
"7413",25132.3944270346,26351.9427230172,"x"
"7414",24990.9437781452,25773.5217913868,"x"
"7415",24578.4775759913,25219.0763279105,"x"
"7416",25179.5063660074,26393.9445771615,"x"
"7417",24714.0189238703,25288.185647441,"x"
"7418",24561.7851871371,25254.1000177538,"x"
"7419",25172.7739862269,26390.332786841,"x"
"7420",24833.3504821141,25739.85072771,"x"
"7421",24479.6777411237,24874.5765868081,"x"
"7422",24466.5594255012,25054.8010080379,"x"
"7423",25101.6183058772,26385.6410446417,"x"
"7424",25591.5217501861,27539.4637769969,"x"
"7425",24560.6093253757,25271.008082655,"x"
"7426",24587.4969731156,25165.8707615018,"x"
"7427",24611.8611472419,25290.3709568193,"x"
"7428",24845.6340013777,25782.0462021418,"x"
"7429",24344.0256686703,24747.5436872966,"x"
"7430",24632.9800292535,25434.9199485626,"x"
"7431",24640.8997810025,25439.5055897741,"x"
"7432",26162.0210837951,28738.191600113,"x"
"7433",24594.4736393692,25192.2497309303,"x"
"7434",25033.0891826719,26234.8789401894,"x"
"7435",24652.1283681914,25273.1258978243,"x"
"7436",24999.9872665568,25988.5097154825,"x"
"7437",25187.072268493,26521.1548501,"x"
"7438",24954.6496237408,26025.3819446819,"x"
"7439",24710.9728911184,25523.5082158084,"x"
"7440",24668.0092386328,25780.6925150451,"x"
"7441",25674.88261652,27071.748091931,"x"
"7442",24371.240721834,24947.0801258131,"x"
"7443",24755.3374228072,25480.6275317269,"x"
"7444",24735.869067047,25383.6866667644,"x"
"7445",24824.3486248221,25734.6521338101,"x"
"7446",24354.2713239915,24902.4224374073,"x"
"7447",25040.7175130703,26199.8431338362,"x"
"7448",25478.7950335997,26783.8376641028,"x"
"7449",25076.8273184456,26292.0463668035,"x"
"7450",25005.4467429708,26108.0173209503,"x"
"7451",24696.3860020114,25427.6364879055,"x"
"7452",24812.7544778199,25881.1786542251,"x"
"7453",25371.137248628,26757.3715707548,"x"
"7454",24691.8687322366,25378.2504698324,"x"
"7455",24715.8646651003,25592.3985015228,"x"
"7456",24613.8826002613,25154.0856406083,"x"
"7457",24903.9362097961,25987.9705913695,"x"
"7458",24602.150740693,25266.1474608109,"x"
"7459",24723.8313507402,25705.9593753258,"x"
"7460",24958.0235158535,26096.9088213742,"x"
"7461",24633.8056275916,25300.3728416449,"x"
"7462",24902.3128683042,25902.9630070148,"x"
"7463",24656.8308057671,25488.6621205089,"x"
"7464",25660.6719072826,27370.2276025878,"x"
"7465",24993.7208128029,26038.5110523287,"x"
"7466",26064.7084246792,28225.0499713323,"x"
"7467",24147.6124603094,24526.5770664764,"x"
"7468",24460.3119731568,25115.0521395612,"x"
"7469",24388.4548019127,25155.9983006513,"x"
"7470",24844.8248955651,25837.1132963003,"x"
"7471",24199.4863584615,24544.3643695031,"x"
"7472",24593.0335794057,25331.9653719478,"x"
"7473",25127.0961652566,26318.2903388003,"x"
"7474",24802.4241266546,25713.7032682909,"x"
"7475",24293.0542519602,24597.5305962493,"x"
"7476",24882.2010164865,25864.8007450472,"x"
"7477",24868.687944525,25844.1171580665,"x"
"7478",24825.2182188934,25786.7322060772,"x"
"7479",24734.6257679243,25465.1510562885,"x"
"7480",25408.2188382336,26760.7798473188,"x"
"7481",24868.8477829284,25763.5346735572,"x"
"7482",24477.4329368499,25211.7118727091,"x"
"7483",24789.6496983545,25671.5988459716,"x"
"7484",24461.8966725322,25015.1520716889,"x"
"7485",24640.5818461605,25432.5229238566,"x"
"7486",24754.1230458432,25627.6291630279,"x"
"7487",25497.6197944934,26941.7604743961,"x"
"7488",24969.5363715185,26099.8911735175,"x"
"7489",25076.0361724836,26286.0203978156,"x"
"7490",24659.7079086286,25304.9216270994,"x"
"7491",24552.0109508268,25214.0024576338,"x"
"7492",24852.0275225298,25744.0441573751,"x"
"7493",24746.0278699713,25740.0978009422,"x"
"7494",25597.9674341487,27369.6875028085,"x"
"7495",24497.5800425572,25036.6041694456,"x"
"7496",24576.4067474622,25307.2542520421,"x"
"7497",24681.1246025296,25597.2153524588,"x"
"7498",24460.8428998226,25003.4714638117,"x"
"7499",24973.0888757441,25984.6055437948,"x"
"7500",25096.6578227835,26136.0535048762,"x"
"7501",24653.2501633402,25444.8275392315,"x"
"7502",24394.94542061,24747.0203479719,"x"
"7503",24767.6601849557,25755.3635579478,"x"
"7504",24511.7088218568,25094.1950602319,"x"
"7505",25187.8239601054,26302.175244036,"x"
"7506",24636.3095539782,25457.905476062,"x"
"7507",25038.2556149609,25857.9402387943,"x"
"7508",24549.5683188493,25202.1264027765,"x"
"7509",24372.4952836853,24736.7715433766,"x"
"7510",25422.9982543848,26798.5833182289,"x"
"7511",24319.3327901867,24761.2794581865,"x"
"7512",24631.7985398791,25090.9270589638,"x"
"7513",24308.9204324013,24790.6635936192,"x"
"7514",24860.2117925173,25647.1031435566,"x"
"7515",24468.9363695271,25133.5675491857,"x"
"7516",24324.0769912136,24812.7163844969,"x"
"7517",24684.7533805379,25411.4299384511,"x"
"7518",24837.4340889132,25851.7743588615,"x"
"7519",24632.4508685547,25270.8679468142,"x"
"7520",24514.3792678961,25050.5397043421,"x"
"7521",24762.6856252476,25673.4262903846,"x"
"7522",24459.6153944222,25141.6794100792,"x"
"7523",24222.1294686068,24672.2961664802,"x"
"7524",24717.9340598855,25588.7091808572,"x"
"7525",24885.6835723459,25469.6365698883,"x"
"7526",24621.8277805552,25598.8798323833,"x"
"7527",25702.3010673441,27406.7054426645,"x"
"7528",24950.6695277655,26145.1441253566,"x"
"7529",24702.6723451472,25427.6249094664,"x"
"7530",25375.6566880568,26781.6176844631,"x"
"7531",25595.1848186482,27291.7505082344,"x"
"7532",24738.5899427239,25498.4369291054,"x"
"7533",24813.9356278954,25676.8205823436,"x"
"7534",24693.5281952846,25626.8522008886,"x"
"7535",24923.8759744144,26033.8615588141,"x"
"7536",24526.6520311493,25032.6345238109,"x"
"7537",24547.6831697965,25268.3820405269,"x"
"7538",25031.1129802252,26195.9616746429,"x"
"7539",24744.6211356739,25695.3837864076,"x"
"7540",25066.2999693039,26489.6509750068,"x"
"7541",24515.1654070891,25131.2487789145,"x"
"7542",24900.7667319997,25948.7337657916,"x"
"7543",24536.9782544043,25158.3892587904,"x"
"7544",25549.6665381134,27047.2206871035,"x"
"7545",25241.0397358902,26565.8261750744,"x"
"7546",25875.6205302655,27890.6582179548,"x"
"7547",25098.8306571739,26237.149976386,"x"
"7548",24315.6112758905,24710.2896908691,"x"
"7549",24900.3124583922,26181.2292952853,"x"
"7550",25250.6397139285,26529.5534355698,"x"
"7551",25288.8539707063,26553.8495167666,"x"
"7552",24429.1953591457,24944.4637086168,"x"
"7553",24723.0112647977,25383.6862733172,"x"
"7554",24449.7462881711,25080.2434262289,"x"
"7555",25307.9805861361,26725.1873992325,"x"
"7556",24386.8053366486,25212.8120671906,"x"
"7557",24671.5734602362,25587.0767355201,"x"
"7558",24596.1108302789,25194.8537071771,"x"
"7559",24311.3533829853,24931.4872304596,"x"
"7560",24982.8232681511,26025.548456833,"x"
"7561",24565.7256177727,25161.643798868,"x"
"7562",25209.2346940684,26614.191745263,"x"
"7563",24764.7700686387,25575.9600415705,"x"
"7564",25286.0650963252,26757.1022370841,"x"
"7565",24909.8752371173,25877.5631011477,"x"
"7566",24366.4092710266,24905.1662292522,"x"
"7567",25374.1037633171,26827.4395441345,"x"
"7568",25536.2185630494,27091.3342264902,"x"
"7569",24468.2193113243,24985.1600038062,"x"
"7570",24452.7626166548,24844.1359822872,"x"
"7571",24686.6857737497,25517.4722130616,"x"
"7572",25480.4828603474,27004.5931425626,"x"
"7573",24497.3103085565,25148.984133594,"x"
"7574",24558.2644066852,25306.738869897,"x"
"7575",25044.319219846,26232.9855405094,"x"
"7576",24388.1430847897,24910.7597736858,"x"
"7577",24502.3313123,24977.2749672652,"x"
"7578",25097.9337284523,26174.7228840744,"x"
"7579",24791.3484673556,25810.7080759795,"x"
"7580",24474.3978513124,25044.3514667172,"x"
"7581",25284.0840066728,26750.8366589882,"x"
"7582",24365.2779455462,24867.7873124038,"x"
"7583",25098.3962415136,26311.1234683172,"x"
"7584",25050.7047622882,26037.466441973,"x"
"7585",24587.8083609166,25348.2463992995,"x"
"7586",24769.557219762,25702.8765462316,"x"
"7587",25661.3042128548,27474.2124198034,"x"
"7588",24573.6445702091,25202.3289113122,"x"
"7589",24838.2195695727,25955.9700204931,"x"
"7590",24520.8009493737,25140.5055178153,"x"
"7591",25082.5034598153,26372.7431603353,"x"
"7592",24550.6893559123,25289.8129180759,"x"
"7593",24604.2185659739,25145.7362280946,"x"
"7594",25168.0077594352,26443.7709480144,"x"
"7595",24511.4865209116,25074.4110726126,"x"
"7596",25249.4971496225,26711.2147445612,"x"
"7597",25025.2538332719,26014.8090378221,"x"
"7598",26794.6091042365,29591.4455558106,"x"
"7599",24555.7986611825,25146.8691528707,"x"
"7600",24500.6007557087,25203.9903546247,"x"
"7601",24758.2526831686,25677.3999886506,"x"
"7602",24614.9032504606,25365.3076275798,"x"
"7603",24509.2472529527,25034.0665827378,"x"
"7604",25197.7366893076,26356.6017771381,"x"
"7605",24831.9918109085,25789.5816315824,"x"
"7606",24423.344014323,25115.2397346044,"x"
"7607",24565.8446618907,25200.1239607341,"x"
"7608",26470.8039029935,28823.7692863803,"x"
"7609",24639.6315498049,25391.4945082215,"x"
"7610",25531.3675582245,27059.290099404,"x"
"7611",25092.0961817932,26239.5179765863,"x"
"7612",25168.9924257231,26407.0450169998,"x"
"7613",25660.4837111056,27423.6089336505,"x"
"7614",24496.5476255904,25023.0457598411,"x"
"7615",24488.0197908166,25100.1761824959,"x"
"7616",24695.7097794575,25479.2868724438,"x"
"7617",24991.8244925738,26139.2772056931,"x"
"7618",24503.1427693581,24764.4012678072,"x"
"7619",24791.6831128389,25599.2974915576,"x"
"7620",25066.8336140994,26130.4072205721,"x"
"7621",24496.3774280742,25240.0849962558,"x"
"7622",24571.5578840767,25282.8129776264,"x"
"7623",24387.2797899377,24752.7580912253,"x"
"7624",25936.433694879,28016.4505906786,"x"
"7625",24637.2585845333,25349.6721904761,"x"
"7626",25699.9136237445,27589.3509927675,"x"
"7627",24582.9764386759,25313.731437202,"x"
"7628",25100.8899917119,26393.0348430456,"x"
"7629",24251.3936609809,24860.0771240355,"x"
"7630",24581.5422716048,24956.747883122,"x"
"7631",24664.6076339312,25370.5761493691,"x"
"7632",25023.4522050818,26050.7186994401,"x"
"7633",24327.8888466218,24669.1060621425,"x"
"7634",24549.5451821102,25178.5482790967,"x"
"7635",24769.5164853626,25623.2076725747,"x"
"7636",24726.8980032989,25654.6704119937,"x"
"7637",24676.1602066566,25430.3122287211,"x"
"7638",25447.6198439376,26795.8901243897,"x"
"7639",24446.1465897687,24877.9168128413,"x"
"7640",25172.8009281898,26302.2229068734,"x"
"7641",24791.9737101247,25662.6476131112,"x"
"7642",24823.7213481876,25764.5126932553,"x"
"7643",24571.0434366206,25135.566312765,"x"
"7644",24512.1092576917,25123.730748437,"x"
"7645",25000.8921223529,26254.992221371,"x"
"7646",24680.3477144564,25413.7101408388,"x"
"7647",24767.6682438697,25475.0322718511,"x"
"7648",24529.4483051012,25271.5694172586,"x"
"7649",24785.0631891941,25700.223941085,"x"
"7650",24634.19677936,25418.9183862176,"x"
"7651",24955.5181667731,26122.9050486661,"x"
"7652",24824.5370290584,25826.3957904806,"x"
"7653",24267.3631655875,24676.8439140945,"x"
"7654",24361.86765845,24936.2512136608,"x"
"7655",24469.5651854104,24791.8030722227,"x"
"7656",30264.9563702939,39757.0461391305,"x"
"7657",25399.7742637042,26924.6909794568,"x"
"7658",24531.7382046901,25212.3034142978,"x"
"7659",24463.8217294668,25019.1629204657,"x"
"7660",24577.0435507885,25200.9848505938,"x"
"7661",24903.8414751263,25951.1841050173,"x"
"7662",24957.3772749548,26014.7506315668,"x"
"7663",24623.065185943,25209.9491051123,"x"
"7664",24632.1219016776,25267.1025133453,"x"
"7665",25196.3069844164,26465.2165833347,"x"
"7666",24531.9277397431,25009.3462073385,"x"
"7667",26818.1671715282,29347.9106453513,"x"
"7668",24688.2265446099,25373.1974812223,"x"
"7669",24818.3337095436,25663.6386383588,"x"
"7670",24641.9748762809,25611.1335806199,"x"
"7671",24383.6552804103,24880.2389232562,"x"
"7672",25057.4163371168,26155.1424289727,"x"
"7673",24692.6096663153,25559.6360530998,"x"
"7674",24585.4037020223,24976.314104144,"x"
"7675",24728.1961625077,25725.6666265528,"x"
"7676",24517.1148891442,25338.4380836121,"x"
"7677",24526.3679949354,25179.6618189344,"x"
"7678",24569.1872689961,24931.7458968373,"x"
"7679",24975.9984580817,26029.6813849376,"x"
"7680",24596.1217944479,25087.3244209088,"x"
"7681",24888.3659947325,25729.7660396338,"x"
"7682",24115.7025353934,24506.3571323587,"x"
"7683",24557.1965504906,25188.3655855849,"x"
"7684",24584.0290911334,25265.8482798722,"x"
"7685",25071.5525162406,26126.6263014009,"x"
"7686",24299.9670267954,24823.0865922415,"x"
"7687",24609.9785544257,25368.6049379378,"x"
"7688",24538.1385058159,25161.2689033606,"x"
"7689",24478.1804098919,25163.5814895183,"x"
"7690",24938.2981276518,26121.4447401514,"x"
"7691",24499.6173151812,25049.7294530081,"x"
"7692",24528.0768833687,25359.925413563,"x"
"7693",24482.8983096372,25103.4193744594,"x"
"7694",24668.7253363762,25347.2970958932,"x"
"7695",24638.4417065901,25542.656067924,"x"
"7696",24662.6674825506,25547.2139030661,"x"
"7697",24578.6283574459,25417.2334842493,"x"
"7698",25364.2528341429,26614.4594909291,"x"
"7699",24687.7274310131,25425.5917129894,"x"
"7700",25031.5269106832,26262.8919125491,"x"
"7701",24392.8834131867,24962.1053297082,"x"
"7702",24651.7956858577,25552.9737808413,"x"
"7703",25436.5506115606,26914.7487553483,"x"
"7704",24660.7186456539,25389.9233097614,"x"
"7705",24539.6534956667,25194.6894715422,"x"
"7706",24869.0348551416,26019.9573128894,"x"
"7707",24504.3336414146,25293.6408937815,"x"
"7708",24480.1386508297,24967.9483682304,"x"
"7709",24440.6702822576,24995.0956936921,"x"
"7710",24563.9376407748,25122.0021347422,"x"
"7711",24729.6317681968,25722.4077350802,"x"
"7712",24564.548204193,25381.7573719436,"x"
"7713",24448.9367541984,25134.2183367186,"x"
"7714",24726.0954358048,25481.9946148109,"x"
"7715",24340.8288969686,24894.8306101395,"x"
"7716",25382.0395399399,26940.7604506779,"x"
"7717",24483.7050678645,25041.6972792782,"x"
"7718",25431.5285744658,27077.8915870425,"x"
"7719",24655.1480740759,25464.5195529928,"x"
"7720",24942.9646466287,25967.1545520956,"x"
"7721",24314.1681473622,24865.0292946595,"x"
"7722",25312.0535464358,26767.7633410882,"x"
"7723",25417.4765770059,26925.5036783655,"x"
"7724",24925.7953219222,25868.7875169287,"x"
"7725",24464.9929132414,25148.5283096713,"x"
"7726",24948.8521181406,26027.8745651178,"x"
"7727",24553.0093339875,25163.1554253,"x"
"7728",24663.0244211911,25430.4284251838,"x"
"7729",24358.4933168523,24713.6371129685,"x"
"7730",24318.6489818355,24805.212672292,"x"
"7731",24560.4547988414,25219.0748155017,"x"
"7732",25279.3778685703,26732.6457035247,"x"
"7733",24660.6182056503,25400.9045951724,"x"
"7734",24495.7930920392,25058.1785507057,"x"
"7735",25215.341688155,26538.6494839016,"x"
"7736",24910.9403101311,25815.894428862,"x"
"7737",24501.2315581247,24894.3348600035,"x"
"7738",25438.3893254452,26948.4144513024,"x"
"7739",24316.7758468196,24604.6232104585,"x"
"7740",24535.5013695029,25145.1964504552,"x"
"7741",24535.6576979181,25139.5881231823,"x"
"7742",24322.2695000675,24858.6441149198,"x"
"7743",24811.7780159658,25708.6790485664,"x"
"7744",24546.8370317515,25253.1133569742,"x"
"7745",24572.7517197238,25348.4549006969,"x"
"7746",25848.9252528758,27773.7486956993,"x"
"7747",24482.7575389231,25051.0317372945,"x"
"7748",24504.1375083694,24985.1667877378,"x"
"7749",24564.5027330532,25342.7318531374,"x"
"7750",24789.393091706,25605.1992820754,"x"
"7751",24938.6751219445,25954.6864486869,"x"
"7752",25438.8819674258,26701.6140169726,"x"
"7753",25306.7677149759,26816.328978612,"x"
"7754",24599.2458074644,25432.5994269136,"x"
"7755",24464.5820073067,25046.113932523,"x"
"7756",24912.179858134,26021.4627451486,"x"
"7757",25049.9614983979,26291.5281914515,"x"
"7758",25399.6242091187,26793.5453297131,"x"
"7759",24559.5572858564,25301.2425776537,"x"
"7760",24376.9788117719,24845.9526399681,"x"
"7761",24576.7328350077,25467.9210878565,"x"
"7762",25348.8709380036,26841.1922357846,"x"
"7763",26541.3702138621,29232.7109625581,"x"
"7764",24493.1763660289,24910.6022643652,"x"
"7765",24432.4592461288,25071.6040700493,"x"
"7766",25159.8786283776,26481.4154129638,"x"
"7767",24511.730439654,25264.2932130617,"x"
"7768",25194.4955215486,26381.1568266862,"x"
"7769",25030.1682207859,26198.9239883511,"x"
"7770",24926.6235771922,25961.2825878061,"x"
"7771",24552.3328851648,25294.2522224296,"x"
"7772",24402.559568683,24919.0622573862,"x"
"7773",24709.7567927739,25544.0354683126,"x"
"7774",24761.1859623607,25760.4527375239,"x"
"7775",24834.1583911838,25733.3979524271,"x"
"7776",24844.9843297633,25850.6477375891,"x"
"7777",25210.11297675,26358.1591883267,"x"
"7778",24078.4730405899,24363.8516145521,"x"
"7779",24575.4845188293,25384.0568509928,"x"
"7780",24594.3440202485,25096.0412347021,"x"
"7781",24655.8332467272,25419.4962351023,"x"
"7782",24722.3909557471,25340.5969504155,"x"
"7783",24413.6430687926,24840.9010305328,"x"
"7784",24781.3674483869,25767.1585527333,"x"
"7785",24631.7858442872,25254.214553168,"x"
"7786",24750.6059622083,25243.3907425708,"x"
"7787",24825.75762127,25652.6520474966,"x"
"7788",24704.6561994248,25237.1233139216,"x"
"7789",24544.1219630371,25295.8081562392,"x"
"7790",25100.5781070606,26223.0555106493,"x"
"7791",24489.9329698368,24930.5516574097,"x"
"7792",24374.5657276699,25004.1567684477,"x"
"7793",24518.1863102241,24885.428529923,"x"
"7794",24770.4907799065,25514.501543145,"x"
"7795",25147.8310500382,26352.1715469431,"x"
"7796",24382.1471036416,24823.2116231061,"x"
"7797",24812.5565673337,25645.5448689794,"x"
"7798",24540.3807077849,25214.1322294576,"x"
"7799",24715.4000139421,25464.5685726634,"x"
"7800",24722.5323408313,25661.5646610874,"x"
"7801",25637.8028873083,27500.8155827663,"x"
"7802",24610.0886405954,25285.1246802801,"x"
"7803",24596.5177015697,25078.1367777008,"x"
"7804",24871.6022978532,25900.5497264898,"x"
"7805",24580.2538166589,25163.4688569347,"x"
"7806",24511.0315622369,25020.4864093763,"x"
"7807",24885.0457173688,25897.4167270312,"x"
"7808",24618.354062556,25320.7331164838,"x"
"7809",24367.6729294834,24888.5221804548,"x"
"7810",25457.4335875249,27083.1028374568,"x"
"7811",24670.7697216662,25595.6179509031,"x"
"7812",24470.1351252353,25042.1125933867,"x"
"7813",24882.8293624367,25751.1512865655,"x"
"7814",24342.0446381971,24944.2450563369,"x"
"7815",24999.6822550159,26145.7816417349,"x"
"7816",27578.2370524037,31041.3886671773,"x"
"7817",24515.2177918915,25262.6125739174,"x"
"7818",24495.6656921664,25241.7349829957,"x"
"7819",24776.9696694138,25587.9199284396,"x"
"7820",24941.9860186625,26070.6235773452,"x"
"7821",24500.2343652583,25071.8389721944,"x"
"7822",24773.8832333382,25475.9434826421,"x"
"7823",24967.5132939867,25982.8646922005,"x"
"7824",25238.366807357,26593.5812803508,"x"
"7825",24816.3372508295,25623.0969609179,"x"
"7826",24551.7550223239,25082.9367788543,"x"
"7827",24788.0690587214,25667.2129086573,"x"
"7828",24675.7802868026,25531.6047543138,"x"
"7829",24355.7341437103,24806.1701376789,"x"
"7830",25057.1576761295,26083.2013363646,"x"
"7831",24464.5278050742,25030.324560759,"x"
"7832",24486.5174491665,25164.2779830714,"x"
"7833",25373.2783005801,26732.4985719403,"x"
"7834",24365.7517061469,24689.1698070226,"x"
"7835",24504.9036538989,25007.0535150719,"x"
"7836",24526.6372650118,25154.0171499697,"x"
"7837",24603.6482700279,25308.261464565,"x"
"7838",24755.6481520545,25715.1617857477,"x"
"7839",24771.8163128497,25491.7456436673,"x"
"7840",25657.8457469415,27332.2516416289,"x"
"7841",24708.3213219982,25620.2566864518,"x"
"7842",24753.7068628398,25590.6168630367,"x"
"7843",24662.120304627,25371.6228283305,"x"
"7844",24670.6795593287,25418.0066025747,"x"
"7845",25475.2102821006,27015.1573780734,"x"
"7846",24477.6812002806,25060.1233337928,"x"
"7847",25362.1781789042,26999.0560797824,"x"
"7848",24618.8223539611,25391.0473392953,"x"
"7849",25278.0261277286,26666.9868706486,"x"
"7850",24640.4162588688,25472.0681403652,"x"
"7851",25162.6995030928,26300.3743386389,"x"
"7852",25376.3663414123,26766.9158134899,"x"
"7853",25426.1257485229,26526.1042122719,"x"
"7854",24544.5793545934,25332.799948424,"x"
"7855",24755.559106457,25655.4074691037,"x"
"7856",24697.6390763361,25448.7171547551,"x"
"7857",25175.6035075367,26434.7821063178,"x"
"7858",24964.1421115219,25989.8538337963,"x"
"7859",25256.4655904725,26478.3709326161,"x"
"7860",24704.9400250592,25472.6287315903,"x"
"7861",25519.7942736912,27059.7591335798,"x"
"7862",24644.4210881454,25390.834806326,"x"
"7863",24885.9458559008,25995.7720946562,"x"
"7864",24957.7330472162,26065.2310237561,"x"
"7865",24801.4191132028,25694.0054246497,"x"
"7866",24584.9802640284,25312.9572191775,"x"
"7867",24485.1044959414,24952.9172586132,"x"
"7868",25255.2384944258,26503.6239057629,"x"
"7869",25217.9224269188,26413.9199361387,"x"
"7870",24382.2874426052,24938.194679508,"x"
"7871",24300.9984679416,24685.503686045,"x"
"7872",24347.2606146226,24909.8197304919,"x"
"7873",24619.9660427962,25280.5876467567,"x"
"7874",26129.2044416586,28265.8687212756,"x"
"7875",24898.3723583427,25843.2083593616,"x"
"7876",24879.6337897832,25956.5124887019,"x"
"7877",24677.7270935261,25390.0081901191,"x"
"7878",24700.0685074053,25279.0319717017,"x"
"7879",24344.9759220445,24805.1116197152,"x"
"7880",24601.0132140704,25395.1064211496,"x"
"7881",25079.9105016871,26284.6395252764,"x"
"7882",24694.0388750655,25581.0770921413,"x"
"7883",24654.8269368369,25363.9415833138,"x"
"7884",24515.8558557753,25217.1186381885,"x"
"7885",24393.5804519521,24827.4297611338,"x"
"7886",24460.1487087269,24888.2345036962,"x"
"7887",24638.9941770315,25418.4951575812,"x"
"7888",27121.7663518812,30204.1706784785,"x"
"7889",24761.430009286,25733.7884791165,"x"
"7890",24719.06396546,25649.7216581072,"x"
"7891",25020.4304734117,25835.5328090325,"x"
"7892",25185.1062289451,26305.3026843154,"x"
"7893",24900.8110112834,25951.2143499565,"x"
"7894",24486.8522616877,25248.6929875,"x"
"7895",24597.6232543858,25316.3642950543,"x"
"7896",25537.4832101526,27178.4636478632,"x"
"7897",24669.3916545148,25460.1583940137,"x"
"7898",24989.327455423,26187.2246041202,"x"
"7899",25245.6292076048,26693.3891219236,"x"
"7900",24729.9915394368,25449.048622182,"x"
"7901",24509.4314496285,25128.0172605707,"x"
"7902",24627.4049208953,25414.4210338634,"x"
"7903",26064.4935672543,28256.6541163952,"x"
"7904",24722.1608110859,25528.7611795542,"x"
"7905",24890.3633373705,25773.1411523142,"x"
"7906",24496.7928392274,25117.8100548169,"x"
"7907",24773.3177356096,25608.7361013441,"x"
"7908",24742.4461915489,25705.0322142242,"x"
"7909",25098.8338728472,26124.9411310703,"x"
"7910",26057.7388840712,28090.8442587735,"x"
"7911",25725.3038388482,27461.2157112013,"x"
"7912",24630.9458650623,25387.7532927133,"x"
"7913",25196.9349826217,26520.4521852313,"x"
"7914",24968.958177913,25990.1744123363,"x"
"7915",25863.2723369605,27525.5622353273,"x"
"7916",24638.5352681745,25233.5473116624,"x"
"7917",24774.6222451763,25655.8785210652,"x"
"7918",24529.75375254,25066.7648859857,"x"
"7919",24239.7564265137,24452.7071134478,"x"
"7920",24682.1197731639,25510.4113467092,"x"
"7921",24743.2482819257,25437.0898037662,"x"
"7922",24622.7538857727,25420.9339028229,"x"
"7923",24236.6917659135,24484.8247520681,"x"
"7924",24677.6243686534,25330.4017993533,"x"
"7925",24611.9111015523,25222.7345812924,"x"
"7926",24616.0534322139,25342.7413416386,"x"
"7927",25004.1399832598,26126.9131354861,"x"
"7928",24758.2659153757,25771.5839446105,"x"
"7929",24935.8987356155,25935.3000155001,"x"
"7930",24862.810948002,25666.4752090153,"x"
"7931",24834.1834606195,25632.6715074791,"x"
"7932",24524.8831950242,25114.4802398312,"x"
"7933",24886.1081844694,25927.9371202034,"x"
"7934",24907.6902740777,25814.1593328613,"x"
"7935",25614.3348953398,27214.1282402439,"x"
"7936",24308.3137738087,24814.7035824235,"x"
"7937",24563.0497285619,25261.6568713643,"x"
"7938",24515.3426815118,25143.825739851,"x"
"7939",25007.5698081799,26085.7488500993,"x"
"7940",24733.419358334,25439.6130255558,"x"
"7941",24700.9287877631,25459.864878617,"x"
"7942",24627.3472146184,25309.7322425913,"x"
"7943",24828.2355968964,25763.2236738456,"x"
"7944",24618.2650281256,25175.7903543308,"x"
"7945",24563.0218906022,25412.1085600055,"x"
"7946",24890.0763464993,25979.734506979,"x"
"7947",24470.0307181727,25072.101771036,"x"
"7948",24656.5991303765,25429.6200453114,"x"
"7949",24636.096905885,25319.1019047466,"x"
"7950",24500.0033431883,25243.1797937196,"x"
"7951",24928.3350599074,25786.9584076538,"x"
"7952",25583.745080129,27672.1170468745,"x"
"7953",24910.5112050407,25966.4411637528,"x"
"7954",24675.5699206866,25501.957877599,"x"
"7955",24645.1408628043,25335.2012945487,"x"
"7956",24350.154291292,24939.2044430838,"x"
"7957",24542.5852736373,25228.1386331289,"x"
"7958",24252.0215885928,24732.1419091086,"x"
"7959",24682.8241301404,25588.0019597828,"x"
"7960",24451.6853749381,24903.8903834806,"x"
"7961",25463.0770870301,26502.893630651,"x"
"7962",24538.8902353276,25316.3636635295,"x"
"7963",25243.9445993174,26609.7338274753,"x"
"7964",24668.6980458609,25429.0935158303,"x"
"7965",24946.7701240635,25965.940903562,"x"
"7966",24472.0721427921,24910.1783073592,"x"
"7967",24752.8227933125,25670.3574310766,"x"
"7968",25377.4614627345,26842.7572932955,"x"
"7969",24873.4142247342,25996.4967192685,"x"
"7970",24596.2852867926,25190.7320745859,"x"
"7971",24934.5308952976,25818.9709726872,"x"
"7972",24620.0171999709,25430.6838539748,"x"
"7973",25437.6600064695,27076.2959828677,"x"
"7974",24518.6410850749,25199.8587404083,"x"
"7975",25693.0693426082,27478.6243495771,"x"
"7976",24379.9262081884,24734.7677878283,"x"
"7977",25300.4546468543,26381.2231252775,"x"
"7978",24885.0239787627,25866.2646831603,"x"
"7979",24797.8886526168,25711.3827848032,"x"
"7980",24690.8561316031,25563.2637852186,"x"
"7981",25168.3533964948,26433.5285736016,"x"
"7982",25844.9166291311,27905.8217236877,"x"
"7983",24443.2434233548,25150.0895661208,"x"
"7984",24890.884239958,25716.4402997359,"x"
"7985",24919.036284967,26064.9375759694,"x"
"7986",24844.0140865348,25942.2454070328,"x"
"7987",24373.5012849762,24868.7031109776,"x"
"7988",24268.4584096981,24828.7427418664,"x"
"7989",25085.5160428178,26274.4518934244,"x"
"7990",24527.556869348,25173.1157539277,"x"
"7991",24857.9734251672,25390.4257438355,"x"
"7992",24698.8308773397,25467.8660310031,"x"
"7993",24928.6089591246,25937.3222150567,"x"
"7994",24449.8541681126,24999.2678708688,"x"
"7995",24543.3737962872,25284.4876561891,"x"
"7996",25362.4876712332,26981.0720916388,"x"
"7997",24160.6472529125,24469.5826017899,"x"
"7998",24456.2556894147,25058.9556865341,"x"
"7999",24797.5141041348,25791.9220745032,"x"
"8000",24363.0439448545,24851.6448170387,"x"
"8001",24897.8683825975,25871.1575515263,"x"
"8002",25141.7952662192,26252.7501870209,"x"
"8003",24666.0422772364,25353.6473776222,"x"
"8004",24590.2633627794,25180.2277860677,"x"
"8005",24602.0714956547,25288.2567784289,"x"
"8006",24915.295273997,25981.6489976997,"x"
"8007",24845.0081270359,25845.6032101858,"x"
"8008",24771.1055311968,25657.9617886812,"x"
"8009",24758.5754937275,25385.1945378324,"x"
"8010",24940.654112852,25799.9746725179,"x"
"8011",24508.9851381777,25183.1179254495,"x"
"8012",24490.5900369228,25076.8333791111,"x"
"8013",24820.052254211,25643.4110271505,"x"
"8014",24850.4691327989,25608.1970231895,"x"
"8015",24573.6519497326,25280.9585314787,"x"
"8016",25820.4831617581,27520.4908472767,"x"
"8017",25432.396022588,27040.1311499504,"x"
"8018",25393.415839615,26861.9556538153,"x"
"8019",24655.2003279653,25505.309987265,"x"
"8020",24714.6957953177,25658.277884746,"x"
"8021",24761.5873315862,25498.5218421178,"x"
"8022",24614.5113650415,25220.9706395074,"x"
"8023",24855.6530915072,25447.2635376367,"x"
"8024",24606.8870017463,25264.2778545016,"x"
"8025",24691.783217318,25603.2448864472,"x"
"8026",24516.2953131334,24952.3693789311,"x"
"8027",24582.2263203877,25306.1416858624,"x"
"8028",24502.654517043,25190.4429303452,"x"
"8029",24354.0115522746,24899.7201492528,"x"
"8030",25704.5703302294,27324.366572373,"x"
"8031",24878.2240223448,25889.9733304334,"x"
"8032",24860.2799518618,25873.0333388798,"x"
"8033",24918.9307109083,25919.7617649822,"x"
"8034",24711.3473900647,25358.2662413243,"x"
"8035",24189.5418697402,24600.6664435731,"x"
"8036",24309.8407461879,24763.3656524414,"x"
"8037",25464.7162114919,26989.3743835626,"x"
"8038",24319.243757021,24900.4441444174,"x"
"8039",24803.0801297766,25823.2518048123,"x"
"8040",24978.6564067174,26163.2339942139,"x"
"8041",24389.030760027,24764.4827575236,"x"
"8042",24837.0033513023,25921.3189029239,"x"
"8043",24618.3784719987,25519.0390053918,"x"
"8044",24989.9176479179,26060.0985239169,"x"
"8045",24589.7220938169,25280.1405894418,"x"
"8046",24987.4954320385,25939.4213132631,"x"
"8047",24861.2608848106,25712.6123050114,"x"
"8048",24285.1434652983,24584.5011069551,"x"
"8049",24849.1827246942,25846.3075553377,"x"
"8050",24959.936686003,25973.1944496872,"x"
"8051",24648.8651716868,25448.5121161286,"x"
"8052",27116.8829870715,30058.7027228316,"x"
"8053",24630.8667628952,25283.8944832448,"x"
"8054",24426.9220807734,24850.2565119204,"x"
"8055",24949.2793604277,25969.3727478059,"x"
"8056",24729.8999072581,25619.0165091818,"x"
"8057",25551.3554746724,27145.8480476267,"x"
"8058",25433.3621227779,27003.9463691082,"x"
"8059",25104.5849502896,26392.5146980739,"x"
"8060",24621.8170027422,25419.6788619394,"x"
"8061",24389.1830493048,25008.8641393487,"x"
"8062",24491.573368896,25144.7915903324,"x"
"8063",27031.8256329106,29891.9988360276,"x"
"8064",25102.2551596088,26274.6915711165,"x"
"8065",24683.0310572336,25507.6286419261,"x"
"8066",24574.0359785779,25284.0804050166,"x"
"8067",24396.268372027,25000.0097730251,"x"
"8068",24480.7308348354,24963.3324507064,"x"
"8069",24586.3580473111,25254.6241930148,"x"
"8070",25692.2887637993,27439.241369448,"x"
"8071",24551.9810769725,25137.9956081778,"x"
"8072",24815.6119896718,25684.769987877,"x"
"8073",24819.8639548028,25816.6055440988,"x"
"8074",24336.4900251163,24754.2956946967,"x"
"8075",24758.1998494161,25726.1352247806,"x"
"8076",25043.9783829272,26263.0219354654,"x"
"8077",25036.0473607452,26127.9472698183,"x"
"8078",25041.0588385013,26147.0742342416,"x"
"8079",25378.4486619454,26896.3409922407,"x"
"8080",24520.1913330702,25040.7005403834,"x"
"8081",25382.0045157996,26764.3086412848,"x"
"8082",24845.1466194212,25847.2534851649,"x"
"8083",25006.1492707457,26092.1915684232,"x"
"8084",24559.9822811786,25077.2760908569,"x"
"8085",24611.4117046083,25411.1930482532,"x"
"8086",24958.4874306667,26021.7918648609,"x"
"8087",24496.0049553163,24992.1388180918,"x"
"8088",25057.6602680848,26369.1751160055,"x"
"8089",25220.0731076519,26595.3978679721,"x"
"8090",24643.0993681231,25299.5344717124,"x"
"8091",24919.9255331629,26059.3865678518,"x"
"8092",25189.6296969648,26350.335196392,"x"
"8093",24971.2721746815,26013.9835791808,"x"
"8094",24360.4857167633,24910.4403815501,"x"
"8095",25662.7375998367,27502.1114851842,"x"
"8096",24958.2919913574,25891.2126737109,"x"
"8097",24292.4745446369,24785.8356487276,"x"
"8098",24576.5900481623,25354.4873335177,"x"
"8099",24622.968579565,25521.6885844539,"x"
"8100",25272.6361093954,26449.23092777,"x"
"8101",24955.2942361969,25724.684230286,"x"
"8102",24640.524013953,24959.1176729054,"x"
"8103",24366.7712040545,24815.3979477499,"x"
"8104",24535.7211021233,25241.8356076013,"x"
"8105",27877.9000274477,32520.9801668337,"x"
"8106",25112.8553704326,26288.1664993255,"x"
"8107",25059.4662472283,26038.9389200519,"x"
"8108",24535.8778868496,24930.3752388663,"x"
"8109",24568.9782520528,25362.0382044307,"x"
"8110",25398.0451924775,27068.9046959686,"x"
"8111",24552.165678295,25202.162348198,"x"
"8112",25688.1322330906,27560.6184389573,"x"
"8113",25392.4554601484,26744.1959998512,"x"
"8114",24831.7792626652,25683.8981536169,"x"
"8115",24719.7032804865,25364.7161736572,"x"
"8116",24389.8206381646,24713.9610315181,"x"
"8117",25248.1163301251,26590.7810464116,"x"
"8118",24396.5204646432,24962.3577793171,"x"
"8119",26020.7769318987,27721.2743042675,"x"
"8120",24100.3541887144,24365.3701106597,"x"
"8121",25494.9545280059,27247.1782609121,"x"
"8122",30231.2577893164,37794.7209041302,"x"
"8123",24560.384860813,25282.1280487518,"x"
"8124",24656.3149305672,25490.3300447793,"x"
"8125",25446.2607666969,26720.6992073769,"x"
"8126",24511.6819611373,25106.7673117794,"x"
"8127",24729.0744851748,25768.2958374366,"x"
"8128",24992.2238007364,26005.8029120632,"x"
"8129",24537.8273070235,25174.148857319,"x"
"8130",25024.0912664677,26134.2708098691,"x"
"8131",25310.7133186307,26749.2184484731,"x"
"8132",25002.1553403116,26204.9828035923,"x"
"8133",24661.5889035463,25025.9634255242,"x"
"8134",24379.3000871864,24677.3872118874,"x"
"8135",24445.9875010504,25122.9825237652,"x"
"8136",24747.3126503471,25566.6530054046,"x"
"8137",25324.7614419917,26772.5597949122,"x"
"8138",24812.87316681,25516.3630679573,"x"
"8139",24933.9915930564,25995.9493283916,"x"
"8140",24794.6640044968,25625.8399906398,"x"
"8141",24457.9462775581,24813.307609448,"x"
"8142",24493.004985607,24921.0677204621,"x"
"8143",24858.6922735722,25878.6080716609,"x"
"8144",24519.2324705377,25147.4122301478,"x"
"8145",24854.8154946318,25820.2238774847,"x"
"8146",25201.6074718395,26355.1332347135,"x"
"8147",25635.381281375,27298.6161114622,"x"
"8148",25161.3406191289,26227.5286665982,"x"
"8149",24818.3380380778,25707.7075199682,"x"
"8150",24866.7867029293,25591.6560584409,"x"
"8151",24252.1382622712,24591.8535007951,"x"
"8152",25162.1838560755,26458.2626787298,"x"
"8153",25492.7480364262,27059.0522043904,"x"
"8154",24740.583895949,25591.1616305959,"x"
"8155",25243.7318766276,26604.747871659,"x"
"8156",24801.4168922079,25653.9848866849,"x"
"8157",25235.4264345394,26566.511222121,"x"
"8158",24792.0766423696,25755.0152801011,"x"
"8159",24929.4608835933,25732.6888857068,"x"
"8160",24943.8717176426,25804.0180409799,"x"
"8161",24762.5066664294,25253.1309750157,"x"
"8162",24563.7415578538,25264.9228328078,"x"
"8163",24830.7187366363,25802.4708668071,"x"
"8164",25778.6526609753,27707.5099702881,"x"
"8165",25626.0716036105,27515.5254892736,"x"
"8166",24860.1174243157,25887.9049746747,"x"
"8167",24702.2640492235,25406.2566657546,"x"
"8168",25603.6918107562,27234.6666161851,"x"
"8169",24572.3271561331,25248.4556488463,"x"
"8170",24642.2387971194,25441.7165002205,"x"
"8171",24480.9308519657,24832.5743331959,"x"
"8172",25026.8704348204,26212.2473622749,"x"
"8173",24990.7957262684,26019.6644654538,"x"
"8174",25265.4329407123,26560.4839589697,"x"
"8175",24741.2540725764,25593.7341037832,"x"
"8176",24638.7915080416,25323.9533079869,"x"
"8177",24777.0050805774,25728.1920353831,"x"
"8178",24422.9694716926,25028.6263120725,"x"
"8179",24465.0939172001,25144.5845984858,"x"
"8180",24368.1810973156,24930.9805416953,"x"
"8181",24713.4655988226,25472.6613300242,"x"
"8182",24689.4501588392,25545.6415843148,"x"
"8183",25359.4679964549,26822.1760222256,"x"
"8184",24866.5162594881,25526.3936691658,"x"
"8185",24444.4079736999,25118.4756820705,"x"
"8186",24324.2789019626,24908.6007857565,"x"
"8187",25570.6640079705,27218.6753637317,"x"
"8188",24677.6629801506,25440.626804491,"x"
"8189",24417.2899793798,24884.8143205513,"x"
"8190",24325.8790574014,24877.1640467371,"x"
"8191",24330.9620501616,24645.4303109422,"x"
"8192",25420.8672421507,26788.0574039241,"x"
"8193",24728.0433199272,25489.7140479703,"x"
"8194",24965.1034086417,26105.1345006878,"x"
"8195",24656.188354682,25453.9742667623,"x"
"8196",24880.3383292215,25839.1795389839,"x"
"8197",25137.9565712322,26341.6391633678,"x"
"8198",24629.6071750142,25392.8150217111,"x"
"8199",25503.9791776055,26877.1926708572,"x"
"8200",24923.4385071377,26080.9900481725,"x"
"8201",24585.437760839,25310.5352169617,"x"
"8202",24665.5186043664,25583.1392380321,"x"
"8203",25231.9673645456,26469.1980072359,"x"
"8204",24633.6286523597,25398.3330315363,"x"
"8205",24530.3317904307,25161.1982193272,"x"
"8206",24714.3161246715,25490.8235372421,"x"
"8207",24756.1789192851,25587.2852544866,"x"
"8208",24676.5334226117,25507.4489993575,"x"
"8209",24487.0967882546,25145.9146763105,"x"
"8210",24865.314667779,25820.1800166734,"x"
"8211",24802.9094639103,25365.205508104,"x"
"8212",24703.6644815688,25531.5035050232,"x"
"8213",24907.9959071885,26096.5470356254,"x"
"8214",25151.3599066966,26287.719634138,"x"
"8215",24568.0301228545,25301.5413739354,"x"
"8216",24463.5056207016,24909.3826431545,"x"
"8217",25374.4342316426,26287.5995997517,"x"
"8218",25007.5660348691,26058.4003625976,"x"
"8219",24938.5546851356,25778.9426098445,"x"
"8220",24696.6099103009,25353.9875388834,"x"
"8221",24935.3910061403,25858.5092331332,"x"
"8222",24797.7451388479,25735.3410671517,"x"
"8223",25455.7517817627,26971.5230124991,"x"
"8224",24323.7589404828,24863.7130652762,"x"
"8225",24734.2272959846,25551.4761992871,"x"
"8226",24702.6666495012,25489.8641030108,"x"
"8227",29900.9935659782,36575.4156560399,"x"
"8228",24938.733473355,25923.2365109119,"x"
"8229",24690.6265476589,25347.0659439658,"x"
"8230",26440.1907319269,29022.2507563466,"x"
"8231",24616.5823173951,25187.3731926833,"x"
"8232",24824.3616089689,25746.2179018924,"x"
"8233",25160.9000193814,26290.3411040511,"x"
"8234",25399.6748250694,26910.0811794188,"x"
"8235",26819.2310488321,29632.8485089687,"x"
"8236",25216.96008804,26525.5712119985,"x"
"8237",24966.8864210827,26047.4746349922,"x"
"8238",24545.1320104477,25163.0819858269,"x"
"8239",24523.3934473839,24949.5073559284,"x"
"8240",25011.3377076973,26169.9399293672,"x"
"8241",24971.782976548,25977.087568306,"x"
"8242",24414.9780183427,25111.9217712274,"x"
"8243",24839.8379365648,25956.0867649709,"x"
"8244",25273.0802746966,26602.2998037532,"x"
"8245",25050.6748641589,26181.633908845,"x"
"8246",25077.0568103046,26309.4321205882,"x"
"8247",24470.9220460514,25173.0964974049,"x"
"8248",24295.3357437694,24674.497078746,"x"
"8249",24687.6027762342,25517.5050901242,"x"
"8250",24470.393987175,25277.3098502557,"x"
"8251",24681.2631791259,25394.3563870126,"x"
"8252",24673.0801936246,25431.6592798933,"x"
"8253",24694.3092323658,25662.0078478688,"x"
"8254",24585.845506436,25236.0072794027,"x"
"8255",24749.302336522,25755.3578515754,"x"
"8256",24611.5472337873,25106.4456844151,"x"
"8257",25371.4946360816,26965.356050925,"x"
"8258",24339.0103257511,24770.4525702239,"x"
"8259",24432.085335985,25018.0823986829,"x"
"8260",24511.6545063594,25102.8594476951,"x"
"8261",25033.1566693985,25962.8409297371,"x"
"8262",24635.5004470498,25320.0370265078,"x"
"8263",24670.1882625208,25236.0750978749,"x"
"8264",24233.2992421348,24660.007381643,"x"
"8265",24598.7845873923,25453.1284850691,"x"
"8266",24779.1315070022,25651.1934670202,"x"
"8267",26023.6112074147,28332.2402864889,"x"
"8268",24863.0282368253,26012.5866333276,"x"
"8269",24527.3276789077,25240.1537224595,"x"
"8270",24410.1253702472,24876.5472552144,"x"
"8271",24605.2447536583,25332.0180440969,"x"
"8272",25416.935024004,26717.4930555534,"x"
"8273",24729.1319547116,25678.3323345301,"x"
"8274",24878.8092613897,25924.6917030926,"x"
"8275",24556.9728900676,24970.1147820087,"x"
"8276",24265.6642235593,24518.7465410666,"x"
"8277",24498.0268271532,24894.3951302828,"x"
"8278",24916.550228354,25751.8282097353,"x"
"8279",24304.3546269961,24727.0405404764,"x"
"8280",24905.3674242197,25802.8197083333,"x"
"8281",24617.192342822,25213.0307524931,"x"
"8282",24505.3675043033,25114.2032965607,"x"
"8283",24574.5934029946,25242.2983821829,"x"
"8284",24796.9503357185,25725.1546158974,"x"
"8285",24347.7194423125,24842.1091860723,"x"
"8286",24754.0140602285,25730.0748406317,"x"
"8287",24838.2400923715,25970.463777666,"x"
"8288",24588.3015435005,25271.5560421215,"x"
"8289",25659.6691231867,27663.3435066863,"x"
"8290",24990.9382116067,25783.7939064085,"x"
"8291",24874.5551759418,25966.4195576423,"x"
"8292",25075.2021750904,26222.7644699712,"x"
"8293",24685.4449822775,25453.9586284211,"x"
"8294",24873.384157619,25641.0693540427,"x"
"8295",24718.5963191542,25606.4345993481,"x"
"8296",24429.0423643112,25042.7939938781,"x"
"8297",25498.7581968972,27127.187175028,"x"
"8298",24791.7701992336,25714.3822655306,"x"
"8299",25486.4919335156,27143.952101457,"x"
"8300",24930.5505669581,26150.2649805464,"x"
"8301",26802.0623255909,29632.0302686677,"x"
"8302",24722.4178603251,25198.4978012862,"x"
"8303",24269.0853141318,24689.0210021177,"x"
"8304",25601.7946757936,26985.5381157872,"x"
"8305",24597.6668149444,25371.39098758,"x"
"8306",24628.9898875095,25490.6687535022,"x"
"8307",24827.9191005277,25661.5780536493,"x"
"8308",24301.4726534731,24784.2080789377,"x"
"8309",24677.7310247765,25552.259406519,"x"
"8310",24663.8754184849,25584.2685428668,"x"
"8311",25287.4458626982,26688.6658018797,"x"
"8312",24551.7195354269,25503.9283671567,"x"
"8313",25262.2895754987,26375.1737765985,"x"
"8314",24556.0971204856,25279.5473163394,"x"
"8315",25114.8612909167,26482.213189994,"x"
"8316",24874.7811060287,25908.7979508904,"x"
"8317",24484.9672957093,24949.8599388503,"x"
"8318",24893.1458687613,25903.6159462953,"x"
"8319",24603.5231990594,25217.9529085036,"x"
"8320",25329.2553208162,27011.5761493247,"x"
"8321",24667.3135890788,25524.1929498938,"x"
"8322",26923.8930124069,29746.924252607,"x"
"8323",24642.7895910497,25272.6052201014,"x"
"8324",24945.2063539609,25715.9759417254,"x"
"8325",24634.9367390379,25432.0554057485,"x"
"8326",24580.179409512,25019.2754030837,"x"
"8327",24556.6401168931,25132.4726181506,"x"
"8328",24634.6693414679,25308.6023507278,"x"
"8329",24408.0519612506,24967.0476381836,"x"
"8330",24961.3270494366,25957.8427396443,"x"
"8331",24666.013337811,25554.1123449519,"x"
"8332",24361.0380762578,24828.9591515543,"x"
"8333",24518.7316656328,25256.7044628007,"x"
"8334",24352.0845432402,24685.5219072867,"x"
"8335",24911.7099471551,25975.2094704009,"x"
"8336",24765.4263846109,25736.0891663706,"x"
"8337",25746.4115141618,27285.6109982492,"x"
"8338",24851.4750088113,25926.0382696297,"x"
"8339",24808.2783796395,25675.8886350213,"x"
"8340",24482.078862593,25209.9783826351,"x"
"8341",24731.7154889446,25181.7720509811,"x"
"8342",24562.0953179598,25334.9234817649,"x"
"8343",24691.5700926467,25254.8170638664,"x"
"8344",25083.0043171205,26166.6998523495,"x"
"8345",24757.5541230078,25678.1322517053,"x"
"8346",25084.9424728757,26250.3722811455,"x"
"8347",24608.1480856861,25317.3207295989,"x"
"8348",24285.1430421713,24587.2963017277,"x"
"8349",24542.7688897081,25126.7476969682,"x"
"8350",24318.9539966763,24779.6474379627,"x"
"8351",25053.9291311193,26358.4611439597,"x"
"8352",24508.3780565224,25210.076930718,"x"
"8353",25159.9324424689,26347.0476222765,"x"
"8354",24654.5316829932,25498.1617720038,"x"
"8355",24594.5337365848,25200.9696114485,"x"
"8356",25039.4060806613,26117.4930591881,"x"
"8357",24335.9061345726,24712.0601128821,"x"
"8358",24297.9214564536,24861.68469438,"x"
"8359",25692.3375225355,27390.1584913636,"x"
"8360",24778.3924035204,25569.2966086027,"x"
"8361",25192.9595034211,26542.1601045734,"x"
"8362",26203.8695538003,28314.4177801126,"x"
"8363",24706.0164458215,25317.0675499321,"x"
"8364",24386.227377479,24964.0773285225,"x"
"8365",25112.3414198082,26324.4943152738,"x"
"8366",25723.7698335789,27536.4467527174,"x"
"8367",24876.7968473127,25941.9801375005,"x"
"8368",24546.7388190614,25152.2303084863,"x"
"8369",24582.4151170189,25259.732131965,"x"
"8370",24610.0008069163,25252.6115223081,"x"
"8371",24685.0998729758,25189.9932800612,"x"
"8372",24590.9112766357,25240.7468783444,"x"
"8373",24609.3426653817,25346.5654958873,"x"
"8374",24490.2673215568,24979.1410631433,"x"
"8375",25405.2348149172,26901.6642729229,"x"
"8376",24565.1596356706,25100.9116326607,"x"
"8377",24504.093948467,25070.869391687,"x"
"8378",24698.2719896048,25672.1307342171,"x"
"8379",24427.5800008816,24842.0159163204,"x"
"8380",24629.5843997536,25556.873774991,"x"
"8381",24592.2890480138,25406.8573766569,"x"
"8382",24548.6094788997,25196.9090974348,"x"
"8383",25101.6900970228,26276.6851310623,"x"
"8384",25017.0138100304,25613.9779102603,"x"
"8385",24649.835903914,25144.785065097,"x"
"8386",24729.1835531225,25539.5614264143,"x"
"8387",24785.4864269821,25513.844006922,"x"
"8388",24666.509801429,25525.3756489235,"x"
"8389",24946.938240843,26006.2052568351,"x"
"8390",24720.6224258722,25624.3742257977,"x"
"8391",24821.7633459512,25547.8827792436,"x"
"8392",24636.8686968325,25510.8844323787,"x"
"8393",24747.2166520737,25402.1114953162,"x"
"8394",25946.1586482078,27729.4640729986,"x"
"8395",24577.1634722882,25200.6375527082,"x"
"8396",24647.0790786299,25339.8531983024,"x"
"8397",25181.5198049632,26246.3080764063,"x"
"8398",25851.4412957195,27779.8767314604,"x"
"8399",24532.7332964822,25060.1215249508,"x"
"8400",24575.3120082913,25111.2747421482,"x"
"8401",25291.7147395874,26594.5632347547,"x"
"8402",24566.2387074933,25237.4820077015,"x"
"8403",25177.378355454,26336.8791950814,"x"
"8404",24448.2914472606,25075.8084376175,"x"
"8405",24831.3749103942,25733.7225082627,"x"
"8406",25699.8093271392,27672.834023046,"x"
"8407",24664.0907420036,25491.8530653359,"x"
"8408",24417.0547669472,24868.593356301,"x"
"8409",25329.2066881183,26761.3572873321,"x"
"8410",24576.0300400753,25333.8334170671,"x"
"8411",25026.7286616797,26108.4431865301,"x"
"8412",24835.6308328028,25814.4030835145,"x"
"8413",24567.0377473324,25152.8664051066,"x"
"8414",24539.7272224604,25225.7986033422,"x"
"8415",25078.2247465839,26328.1143703993,"x"
"8416",24313.0636660552,24777.5066116084,"x"
"8417",24721.7029414183,25331.9653862983,"x"
"8418",25269.0684125327,26719.7253392694,"x"
"8419",24498.1298804528,25080.9253568381,"x"
"8420",24257.8008849451,24716.2899935332,"x"
"8421",24362.4603414204,24954.9122946091,"x"
"8422",25069.0004009237,26204.0314981419,"x"
"8423",24292.6988713052,24798.3367413004,"x"
"8424",24852.6602920515,25719.7529937915,"x"
"8425",25143.2765878751,26551.2725468726,"x"
"8426",25033.0768189232,26037.341619242,"x"
"8427",24430.2113109621,24833.3559300335,"x"
"8428",24449.2724305712,25066.6268085522,"x"
"8429",24446.239096423,24845.7976529031,"x"
"8430",24840.4162385133,25848.5444340025,"x"
"8431",24726.0751607312,25497.8282735103,"x"
"8432",24678.3298779511,25439.7186936491,"x"
"8433",24915.5956367119,25898.3876812313,"x"
"8434",25316.7016003935,26613.3258749475,"x"
"8435",24334.7441293583,24886.3081119269,"x"
"8436",24754.2648686039,25804.0689747996,"x"
"8437",24500.2888352362,25150.5134952034,"x"
"8438",24385.1775310352,24817.2032831342,"x"
"8439",24679.0414983084,25487.4627153559,"x"
"8440",28232.7236272533,32970.3400397967,"x"
"8441",24835.023104792,25802.768330917,"x"
"8442",25212.7857555682,26652.5981416855,"x"
"8443",25029.6116341832,26056.8395724365,"x"
"8444",24342.9528580116,24728.606966264,"x"
"8445",25019.2904325105,26070.1674186902,"x"
"8446",25807.2109263884,27466.3895422114,"x"
"8447",24668.540512988,25374.1017032803,"x"
"8448",24491.6679051485,24995.4846634993,"x"
"8449",24545.4562311354,25163.9073359782,"x"
"8450",25325.4234518791,26895.611166045,"x"
"8451",24317.7418239931,24799.9868925759,"x"
"8452",24482.6287859713,25115.0160330213,"x"
"8453",25002.1895780536,26040.8872025599,"x"
"8454",24523.6978047177,25104.6747770919,"x"
"8455",24952.5114070366,25985.0716462822,"x"
"8456",25320.7551708553,26809.9683408981,"x"
"8457",25632.0108206562,27263.0317077791,"x"
"8458",25844.0500227384,27824.7001460639,"x"
"8459",24707.7382077547,25590.0128394838,"x"
"8460",24381.1263117824,24910.877485001,"x"
"8461",24785.0734249382,25744.4957364954,"x"
"8462",24471.152908187,25039.8557542697,"x"
"8463",24578.5098497205,25225.8243478094,"x"
"8464",24867.2777632158,25845.9092753386,"x"
"8465",24603.1272608647,25315.7449994154,"x"
"8466",24364.4859077605,24862.1909555365,"x"
"8467",25552.3257578358,27211.3713758295,"x"
"8468",25243.8561050466,26535.2126441551,"x"
"8469",25150.4820277756,26584.1545121536,"x"
"8470",24725.3422356462,25533.2700987804,"x"
"8471",24497.9221946353,25015.4170675216,"x"
"8472",24682.4483571888,25470.910789539,"x"
"8473",24603.079310006,25484.0566282003,"x"
"8474",24766.6430213956,25656.7390836488,"x"
"8475",24946.2987096485,25789.411448841,"x"
"8476",24911.740785513,25845.4217660319,"x"
"8477",24589.5758847479,25316.1302070094,"x"
"8478",24478.5574476736,24950.1252808939,"x"
"8479",24460.0962325074,25008.0134963642,"x"
"8480",24620.3218996109,25239.2119243381,"x"
"8481",24586.7991174671,25166.1543812591,"x"
"8482",25065.9952246563,26035.3502252607,"x"
"8483",24941.9315283339,26032.7516703888,"x"
"8484",25328.910725012,26646.0107264977,"x"
"8485",24696.8603706154,25441.5586792967,"x"
"8486",24399.766849699,24947.4478809347,"x"
"8487",25341.8447109872,26747.8178090481,"x"
"8488",25200.9205934032,26393.651546064,"x"
"8489",24667.9517208115,25547.2803579069,"x"
"8490",24534.2125542387,25013.6480699214,"x"
"8491",24685.5747261142,25399.5292265418,"x"
"8492",25065.2581328477,26108.765684244,"x"
"8493",24759.4272100382,25409.7469272875,"x"
"8494",24836.4256472679,25758.160710836,"x"
"8495",25393.9688571441,26869.5915788688,"x"
"8496",24442.8339953929,25119.5155029445,"x"
"8497",24752.6061432369,25613.9815745142,"x"
"8498",24768.4173026319,25629.1110284005,"x"
"8499",26932.2569291831,29852.4300390829,"x"
"8500",24602.4557465838,25330.3605782102,"x"
"8501",25149.4706863458,26115.7458296742,"x"
"8502",24346.6079275575,24676.1458173673,"x"
"8503",24423.2628463171,24765.6074939455,"x"
"8504",24698.3283466537,25288.2248349445,"x"
"8505",24717.6927224809,25309.5907277267,"x"
"8506",24728.9268598037,25526.0667498664,"x"
"8507",24699.0034939697,25706.0771091287,"x"
"8508",24441.7977481247,25128.7220588482,"x"
"8509",25772.6471611988,27703.2431756792,"x"
"8510",25774.6838525886,27712.162009932,"x"
"8511",24771.0281514997,25666.6031940503,"x"
"8512",24537.7751448068,24940.2066299909,"x"
"8513",24428.9829650415,24937.9104501616,"x"
"8514",25267.9182342417,26687.2576541989,"x"
"8515",24448.3377060348,25314.9481615857,"x"
"8516",25116.270372011,26380.6738093803,"x"
"8517",24663.5176938937,25492.1650220445,"x"
"8518",24558.6485109993,25099.3708910314,"x"
"8519",25185.2493787581,26439.7079224468,"x"
"8520",24564.228314643,25336.6690489112,"x"
"8521",25461.7178300788,26956.7085154984,"x"
"8522",24851.0309132475,25815.1713457949,"x"
"8523",24698.9101090325,25642.0475118296,"x"
"8524",25762.1087808373,27349.6157713508,"x"
"8525",24594.3146433973,25339.5551612848,"x"
"8526",24766.0519493605,25776.0524829209,"x"
"8527",24605.8204045297,25471.5093647535,"x"
"8528",24897.3387961765,25861.4635914149,"x"
"8529",24405.5699430013,24983.1920620458,"x"
"8530",25181.6258482722,26519.2892140535,"x"
"8531",24578.5036962212,25170.909257721,"x"
"8532",25285.0696643562,26749.1755124296,"x"
"8533",24856.9587640492,25768.400583471,"x"
"8534",24988.3713789354,26184.2499583392,"x"
"8535",24947.2585004586,26112.7395774727,"x"
"8536",25398.4178042194,26547.5035440114,"x"
"8537",24507.9844964548,25130.4166276625,"x"
"8538",24843.5361683287,25697.4101918128,"x"
"8539",24648.5252390342,25320.1410494412,"x"
"8540",25781.5071048605,27428.7241274909,"x"
"8541",24511.0009062102,25112.1138590334,"x"
"8542",24556.0110870622,25352.3607250517,"x"
"8543",24921.3134642605,25889.5806920806,"x"
"8544",24663.186089701,25422.4282037087,"x"
"8545",24375.3991461753,24775.9727924477,"x"
"8546",25635.6044597273,27345.2808888683,"x"
"8547",24707.9321856422,25358.4399169405,"x"
"8548",24227.994297749,24667.1179088298,"x"
"8549",24639.7426757083,25240.9288065575,"x"
"8550",24735.4052241885,25363.9741377285,"x"
"8551",24860.3470383203,25846.7682071928,"x"
"8552",25565.3559438917,27132.5266554917,"x"
"8553",24644.171606517,25135.9029820297,"x"
"8554",24493.0229821293,25172.386260454,"x"
"8555",24359.310555381,24812.5514334862,"x"
"8556",24486.2912641087,25117.9508001667,"x"
"8557",24415.207376629,24931.5220303218,"x"
"8558",24756.6109023592,25587.6833428434,"x"
"8559",24674.3259965656,25643.1617816017,"x"
"8560",24552.8248987172,25140.1247287374,"x"
"8561",24722.0109723505,25603.7883882728,"x"
"8562",24653.1052092407,25621.4032744928,"x"
"8563",24594.2385552682,25359.4733413729,"x"
"8564",24676.3497427248,25444.1615314855,"x"
"8565",24583.9078502283,25206.4668535332,"x"
"8566",25024.4385166947,26097.8999895186,"x"
"8567",24996.5142881756,26225.7668192456,"x"
"8568",25447.9606679924,26859.7213819946,"x"
"8569",24713.8539107919,25339.2887879383,"x"
"8570",24705.410631096,25501.0116542367,"x"
"8571",24770.0672516956,25637.9895540791,"x"
"8572",25052.1853118254,26203.4593507967,"x"
"8573",26099.8582068163,28600.9745561099,"x"
"8574",24725.8076463159,25659.6288178945,"x"
"8575",24841.1014796411,25802.5398281993,"x"
"8576",24509.8326254393,25204.0332879982,"x"
"8577",24465.7043363977,24998.0117579223,"x"
"8578",25042.3151838162,26146.1793080409,"x"
"8579",25036.6646029319,26112.8251838079,"x"
"8580",24747.3646029527,25540.6668624012,"x"
"8581",24435.0680553456,25113.676154817,"x"
"8582",24875.4435823332,25824.2868166216,"x"
"8583",24871.4889895729,25646.9822481676,"x"
"8584",24474.3438318496,24931.1489588863,"x"
"8585",24559.3640928446,25506.7403604766,"x"
"8586",24907.7461438436,26072.5937850741,"x"
"8587",25135.0762779316,26290.2091266781,"x"
"8588",25097.6666824856,26167.5293726979,"x"
"8589",24526.2961094324,25102.762145796,"x"
"8590",25066.8149248649,26336.7857751752,"x"
"8591",24891.7228855708,25753.5702982924,"x"
"8592",24623.3378459822,25261.4671622135,"x"
"8593",24577.9062665963,25300.6173795717,"x"
"8594",24640.4914327385,25504.0039976501,"x"
"8595",25533.7387078562,27002.1094946673,"x"
"8596",25423.4787038084,26908.3734968348,"x"
"8597",25067.784885655,26338.2964032175,"x"
"8598",24428.9147862068,24885.5642421505,"x"
"8599",24391.3750219621,24844.4652155391,"x"
"8600",24523.9473344081,25378.9965510692,"x"
"8601",24643.0292168324,25283.1447388813,"x"
"8602",25126.3496801939,26301.925851491,"x"
"8603",25270.0934740836,26393.8376155064,"x"
"8604",24575.146452296,25439.7373878786,"x"
"8605",24370.5310450692,24725.1299007587,"x"
"8606",24867.0505523557,25767.1728383658,"x"
"8607",24551.434804353,25044.7155406886,"x"
"8608",24996.9486097639,26147.3946916258,"x"
"8609",24927.6050117949,25700.0252247652,"x"
"8610",24495.6311063174,25207.680853783,"x"
"8611",24817.0409561312,25835.6166741665,"x"
"8612",24643.3880753854,25174.6940595266,"x"
"8613",25046.4417506169,26239.7046120951,"x"
"8614",24698.7987488085,25565.3571437726,"x"
"8615",24691.6281323892,25626.2492595342,"x"
"8616",25172.4301891251,26425.3908044382,"x"
"8617",24740.020344669,25607.4811374448,"x"
"8618",24438.4332141664,25043.6921283312,"x"
"8619",24725.7253969662,25511.3944891427,"x"
"8620",24794.4356664381,25572.9074864788,"x"
"8621",24590.6348800633,25169.1524192939,"x"
"8622",24656.2543691314,25419.249595751,"x"
"8623",24674.393251561,25491.2686353928,"x"
"8624",24869.6062420633,25889.1548889597,"x"
"8625",25851.3574758834,27851.7630141159,"x"
"8626",24689.1296575646,25351.5626037347,"x"
"8627",24533.3355610024,25120.6912965782,"x"
"8628",24649.3607715169,25312.6215084882,"x"
"8629",24644.9281163448,25486.4765654788,"x"
"8630",25556.3631651441,27228.1819342366,"x"
"8631",24515.6959101981,25075.5513179861,"x"
"8632",24762.1737155882,25528.3552171579,"x"
"8633",24509.3556774605,25053.8622502657,"x"
"8634",24327.2777289072,24693.5049408259,"x"
"8635",25008.7678750381,26080.3137062505,"x"
"8636",24677.5563614494,25365.1606326514,"x"
"8637",25059.8008264921,26228.9083165296,"x"
"8638",24816.552977406,25673.2489365751,"x"
"8639",25278.5869427632,26169.5413901329,"x"
"8640",24609.4420073222,25233.6781102367,"x"
"8641",25250.1527214103,26545.2062553994,"x"
"8642",25312.4327621478,26637.4919651986,"x"
"8643",24573.9901656162,25303.7977947457,"x"
"8644",24548.6120220386,25231.6738686277,"x"
"8645",24435.7005313648,25094.1177902214,"x"
"8646",25275.8000502919,26612.6555639873,"x"
"8647",24286.2682683437,24794.9431314994,"x"
"8648",24709.2032893571,25322.9157456711,"x"
"8649",26772.2342466994,29878.1413692161,"x"
"8650",24285.752774103,24750.629598605,"x"
"8651",24482.2672192943,25177.8165258083,"x"
"8652",24434.7564663421,24868.5436789718,"x"
"8653",24886.8931625053,25911.3804230294,"x"
"8654",24786.3678623976,25575.7264095596,"x"
"8655",25063.0092694785,26208.9637962858,"x"
"8656",24552.8603246429,25233.6476484146,"x"
"8657",24485.5450704239,25149.0490927378,"x"
"8658",24703.4946394157,25471.1464734569,"x"
"8659",24707.0811990258,25506.0390607089,"x"
"8660",24670.181908122,25334.9095024409,"x"
"8661",24891.8235580078,25918.900952797,"x"
"8662",24846.3568905991,25869.2543097505,"x"
"8663",24602.2704693451,25393.7333309638,"x"
"8664",24669.8017212387,25451.1520167457,"x"
"8665",24737.9080174915,25592.3984837266,"x"
"8666",25492.4582598037,26984.7768726376,"x"
"8667",24518.6237154174,25216.789517866,"x"
"8668",24847.3696951702,25835.7189962536,"x"
"8669",24862.8907272972,25966.1568735546,"x"
"8670",24788.2370280486,25769.0895125889,"x"
"8671",24933.5468726152,25977.2270602128,"x"
"8672",24508.6524634805,24880.8068014128,"x"
"8673",24955.8760775803,26109.3362551383,"x"
"8674",24404.0490869428,24871.4107553929,"x"
"8675",24746.7596902885,25548.2679800507,"x"
"8676",24698.3664919445,25621.3866691392,"x"
"8677",24668.7234734339,25564.787472447,"x"
"8678",24844.2128458476,25856.148704072,"x"
"8679",24944.6674704336,25934.6701705926,"x"
"8680",24964.0068499928,25815.3297499199,"x"
"8681",24944.6778376721,26032.1766434046,"x"
"8682",24567.7596989328,25209.7825023665,"x"
"8683",25070.1226167141,26441.9266289991,"x"
"8684",24818.4319493402,25695.0030928381,"x"
"8685",24790.8549181953,25725.7654900532,"x"
"8686",24662.9115465017,25607.4842162501,"x"
"8687",24655.8673985565,25319.2003207696,"x"
"8688",24575.1692376979,25358.1708591902,"x"
"8689",24526.0663653831,25149.2433840374,"x"
"8690",25152.270734936,26266.1381785238,"x"
"8691",24416.5895234651,24582.0154616002,"x"
"8692",24854.5354116745,25824.9626559509,"x"
"8693",24335.5056252969,24776.4142392482,"x"
"8694",24473.6637103981,25140.6866919457,"x"
"8695",24992.0038712856,26089.4256224123,"x"
"8696",24350.3485093213,24722.2538273102,"x"
"8697",24850.5359819749,25720.8756821936,"x"
"8698",24779.4892558127,25595.280761293,"x"
"8699",24544.2193964178,25359.0309227915,"x"
"8700",24468.7981095382,25029.8494855192,"x"
"8701",24813.9498039576,25915.542280723,"x"
"8702",25136.4705491935,26228.4015701021,"x"
"8703",24801.6319151843,25679.9034374737,"x"
"8704",24675.0218688814,25540.5511290828,"x"
"8705",24435.568885809,24868.880971289,"x"
"8706",25144.6351935554,26348.7753270835,"x"
"8707",24548.201826383,25377.5463582541,"x"
"8708",24693.0240678881,25480.8723933574,"x"
"8709",24986.6995545066,25960.1986195611,"x"
"8710",24372.1248669058,24859.7871237474,"x"
"8711",25479.3532927099,27246.3953651863,"x"
"8712",25179.9026631525,26275.2051889053,"x"
"8713",24586.5897739068,25159.9865825771,"x"
"8714",24443.0910005537,25028.9573947739,"x"
"8715",24729.4672068393,25494.6210991646,"x"
"8716",24380.595958914,24954.5240223282,"x"
"8717",24648.2024029548,25443.4524439019,"x"
"8718",24858.6932853507,25912.6635387236,"x"
"8719",24838.8410489603,25802.9645023638,"x"
"8720",24902.9964993587,25940.6243330035,"x"
"8721",24830.1895199472,25757.212033105,"x"
"8722",25010.7685470952,26206.0020234971,"x"
"8723",24760.0182874571,25570.595031333,"x"
"8724",24768.4174212296,25725.5263645932,"x"
"8725",24737.5159043518,25628.7451608945,"x"
"8726",24657.6638445817,25427.8662025958,"x"
"8727",24647.2994072776,25528.695400356,"x"
"8728",24946.5680310294,25748.260423747,"x"
"8729",25242.3662182519,26617.5235925641,"x"
"8730",24775.0441793195,25607.5030239188,"x"
"8731",25115.7038740949,26359.0973451483,"x"
"8732",24348.4556789345,24769.3046412684,"x"
"8733",24717.360961966,25436.8147728931,"x"
"8734",24409.4635037658,24731.8610356246,"x"
"8735",25547.1545262095,27406.2203445788,"x"
"8736",24664.2063568564,25345.1720289788,"x"
"8737",26178.4408390391,28220.3057767281,"x"
"8738",24535.197725348,25240.2357923594,"x"
"8739",24678.8338352177,25594.7022292965,"x"
"8740",24727.915196455,25672.691820314,"x"
"8741",24798.4876625325,25843.4671412345,"x"
"8742",24692.326744145,25385.4709970894,"x"
"8743",24506.0792350418,25165.5500097876,"x"
"8744",24799.2584371064,25820.9390350329,"x"
"8745",24570.3297974119,25355.4387239428,"x"
"8746",25029.4979669746,26131.9714079517,"x"
"8747",24973.6520948159,25980.3785131994,"x"
"8748",25131.6393675119,26291.8979741445,"x"
"8749",25156.6639890204,26502.5279464581,"x"
"8750",25401.2610296088,26900.1089443884,"x"
"8751",25140.6123082789,26182.230767577,"x"
"8752",27020.6604711266,29772.3508228514,"x"
"8753",24832.1407078404,25744.3305951073,"x"
"8754",24591.9172782134,25410.0061139196,"x"
"8755",25024.5880578134,26233.128741198,"x"
"8756",24673.3600228756,25409.1574136634,"x"
"8757",24988.4480059489,25828.438294989,"x"
"8758",24763.488006052,25545.2291656192,"x"
"8759",24521.5312697004,25239.9072971624,"x"
"8760",24735.3832774606,25517.1732406415,"x"
"8761",24546.1136498567,25408.6998305819,"x"
"8762",24322.1011682486,24870.6252999183,"x"
"8763",24407.5495605354,24831.2693177442,"x"
"8764",25792.78510999,27772.1216120124,"x"
"8765",24190.4566774537,24715.1742749694,"x"
"8766",25206.616067107,26748.5616641969,"x"
"8767",24902.2774937947,25949.8254833613,"x"
"8768",24780.1820504494,25640.0582882014,"x"
"8769",24788.9313079501,25579.0633507748,"x"
"8770",24572.637313096,25375.263512723,"x"
"8771",24547.4097969913,25155.0015862444,"x"
"8772",25538.8790281512,26796.9239662376,"x"
"8773",24473.2584874318,24947.7852906879,"x"
"8774",24815.8495106355,25742.9564684662,"x"
"8775",25129.3421435907,26181.26583161,"x"
"8776",24503.2779594701,25203.1977656607,"x"
"8777",25529.6121629787,27114.0123054073,"x"
"8778",24531.9669377333,24885.2876771431,"x"
"8779",25243.2134652126,26639.420272718,"x"
"8780",24574.4316593399,25092.0037351557,"x"
"8781",24781.8400233878,25654.2603722848,"x"
"8782",24462.2048081513,25138.049510947,"x"
"8783",24872.612881353,25647.9452681389,"x"
"8784",25252.5184091822,26630.2586494737,"x"
"8785",24758.0360308526,25560.5335810666,"x"
"8786",24588.6834749288,25222.4919303532,"x"
"8787",24398.8950568525,24835.033337057,"x"
"8788",25333.24979306,26864.821564642,"x"
"8789",24440.6532467029,25115.0615733557,"x"
"8790",24991.8119009748,26103.2904888341,"x"
"8791",25118.0500253448,26184.0582969023,"x"
"8792",24586.9307766732,25172.9756732975,"x"
"8793",24499.4901220337,25113.3762744469,"x"
"8794",24466.5135168908,25033.3790454578,"x"
"8795",25194.3770743255,26507.8600190892,"x"
"8796",25305.8159064088,26737.019649163,"x"
"8797",24352.4949908408,24800.0846568355,"x"
"8798",24860.9675488653,25874.5328236331,"x"
"8799",24817.6704919764,25796.9257243819,"x"
"8800",24418.8519834005,24841.1627170676,"x"
"8801",24499.4790573748,25126.9708186311,"x"
"8802",24437.3149096667,24809.5708252216,"x"
"8803",24887.1926242015,26001.6564931362,"x"
"8804",24339.2918253476,24937.1545861752,"x"
"8805",24674.8263236432,25410.4595020086,"x"
"8806",24835.0167155732,25981.2467797758,"x"
"8807",24634.8209350231,25500.8808696037,"x"
"8808",24294.6986367826,24827.5441804332,"x"
"8809",24545.3506274576,25216.4472058438,"x"
"8810",24460.3467878038,25272.0848985564,"x"
"8811",25437.7834152328,27010.7905266089,"x"
"8812",24547.1629356559,25131.1403902663,"x"
"8813",24785.8784816828,25790.5240539365,"x"
"8814",24742.3323245901,25645.2187604545,"x"
"8815",24295.6573535572,24812.3838713667,"x"
"8816",25088.5606451857,26038.6321173382,"x"
"8817",25181.065932589,26337.3102972324,"x"
"8818",24965.7565513271,25963.3903752262,"x"
"8819",24640.0097325669,25219.4575177581,"x"
"8820",24446.9976112738,24859.5101499923,"x"
"8821",26318.0946718707,28607.3912986754,"x"
"8822",24877.1721548319,25901.4313158266,"x"
"8823",24720.1376290838,25637.997422177,"x"
"8824",24435.6223357066,25055.4755048333,"x"
"8825",24665.8771729292,25508.5115331739,"x"
"8826",24361.181532628,24880.5145032145,"x"
"8827",24671.5639850097,25160.6746324106,"x"
"8828",24539.2991607288,25372.603984309,"x"
"8829",25335.1866247486,26732.2281862148,"x"
"8830",24758.6959556941,25701.0997359288,"x"
"8831",25303.7591619295,26700.2223442037,"x"
"8832",24987.3247861431,26100.8658225666,"x"
"8833",25127.4453255513,26384.3455355215,"x"
"8834",24591.1528310821,25334.0538365742,"x"
"8835",24504.7177382136,25079.6505647493,"x"
"8836",24503.629400246,24980.4365233462,"x"
"8837",24766.1270045539,25846.9408601781,"x"
"8838",24766.4074844721,25534.8150568672,"x"
"8839",24936.9424255558,25897.7720707186,"x"
"8840",25142.3229514375,26490.8032047177,"x"
"8841",24672.2454849809,25433.4391506965,"x"
"8842",24628.1588200736,25578.7829735831,"x"
"8843",25186.5557176014,26393.7059032373,"x"
"8844",24511.5434768072,25126.4472614198,"x"
"8845",24819.1362121402,25620.0381152133,"x"
"8846",24969.5343396461,25968.135795291,"x"
"8847",24731.4974843696,25650.4899212239,"x"
"8848",25336.2869819194,26978.0927008458,"x"
"8849",24688.9286465243,25263.2718588973,"x"
"8850",24757.947083515,25716.602019913,"x"
"8851",24540.8516523342,25341.4041232661,"x"
"8852",24603.1394947708,25115.6200285157,"x"
"8853",26412.9705564882,28931.6176128793,"x"
"8854",24506.768350656,25181.1758786914,"x"
"8855",25030.1968557174,26327.724638687,"x"
"8856",24307.9049977511,24845.3424956472,"x"
"8857",24569.2257184833,25350.9844214219,"x"
"8858",25409.5056981304,27072.0852335511,"x"
"8859",25304.3962823759,26813.7021922651,"x"
"8860",24831.0229087696,25658.5257073149,"x"
"8861",24712.748095808,25541.5095557533,"x"
"8862",24804.2329919884,25781.9509911063,"x"
"8863",24628.7089316394,25352.4175577529,"x"
"8864",24778.8791193177,25745.7625311126,"x"
"8865",25950.7189994369,28267.4480724802,"x"
"8866",24957.5389765804,25613.6959906904,"x"
"8867",24942.2131313639,25784.9920083012,"x"
"8868",24761.1452318645,25742.8959671167,"x"
"8869",24313.0352132103,24749.0661309033,"x"
"8870",25705.6977425987,27314.9305847302,"x"
"8871",24871.7534725334,25740.5007726706,"x"
"8872",25081.4750680237,26312.0908798955,"x"
"8873",24406.4943865784,25155.2341332932,"x"
"8874",25138.6308754355,26399.8617335344,"x"
"8875",24540.3221469179,25277.4516549505,"x"
"8876",24539.3811356427,25366.5970673357,"x"
"8877",24937.4201715397,26062.0330981789,"x"
"8878",24971.7330537735,25907.7560355452,"x"
"8879",24297.3361084477,24739.6505134989,"x"
"8880",24720.5382588981,25379.9962292721,"x"
"8881",24358.7497241313,24878.2833308557,"x"
"8882",24718.270020709,25650.8904029087,"x"
"8883",25039.1914249595,26229.133999892,"x"
"8884",24706.0295358487,25607.396298918,"x"
"8885",24456.6398998594,25145.4381599962,"x"
"8886",24566.5676595794,25299.7760614618,"x"
"8887",24746.3655552153,25701.0575608888,"x"
"8888",24516.0290573976,25114.8629290037,"x"
"8889",24683.9483653039,25596.73511516,"x"
"8890",24908.6506479523,25797.4606771398,"x"
"8891",24714.1613040317,25650.3963488906,"x"
"8892",24656.3451139583,25496.9029430526,"x"
"8893",25307.4778314388,26683.2824522008,"x"
"8894",24678.2499727497,25401.6291617387,"x"
"8895",24995.5033422398,26222.3101429504,"x"
"8896",25080.2739233503,26168.0494995182,"x"
"8897",24533.3595217853,25322.8162823193,"x"
"8898",24806.6241901118,25710.6700532995,"x"
"8899",24362.1151159178,24947.2207643564,"x"
"8900",24402.648859249,24818.0280374287,"x"
"8901",24715.4157152039,25494.2574833975,"x"
"8902",24551.8448882057,25096.0201138419,"x"
"8903",24411.3707096118,24924.6309886411,"x"
"8904",24956.4034648167,26089.7973399628,"x"
"8905",24381.8456502714,24985.9548578364,"x"
"8906",24308.4880760609,24853.0253928389,"x"
"8907",24736.7147021762,25368.9790821847,"x"
"8908",24336.3496381386,24897.4592250629,"x"
"8909",24665.1040114654,25484.3128403899,"x"
"8910",25380.2215303866,26790.2890072337,"x"
"8911",24426.3500659156,24959.9402861993,"x"
"8912",24887.2615158105,26069.9851239623,"x"
"8913",24622.7429664083,25596.6897736031,"x"
"8914",24617.0355676546,25226.825948197,"x"
"8915",24518.5128932582,25288.4947724419,"x"
"8916",25341.449725865,26824.4585822397,"x"
"8917",24988.9356098613,26178.7221107543,"x"
"8918",24561.0099521141,25506.2239617331,"x"
"8919",25090.2493348427,26253.6389016536,"x"
"8920",24617.6760981167,25475.2606521524,"x"
"8921",24514.503439622,25086.7179431308,"x"
"8922",25074.2445669309,26283.3490418962,"x"
"8923",24714.6735372756,25697.4649172295,"x"
"8924",25118.7784116611,26435.2554719892,"x"
"8925",25635.9773662112,27290.1289256775,"x"
"8926",24631.9510177644,25475.5453319496,"x"
"8927",24792.1669573355,25858.8218418506,"x"
"8928",24615.2190892277,25161.2987145508,"x"
"8929",24595.8042119857,25539.9613414195,"x"
"8930",24862.3526693316,25793.0352578605,"x"
"8931",24767.6415164634,25728.4674027454,"x"
"8932",24745.2935180918,25719.0545541537,"x"
"8933",24384.0502653664,24949.8568591443,"x"
"8934",24729.6631976708,25665.2926967798,"x"
"8935",24579.9407102812,25201.9004545631,"x"
"8936",24667.5457853711,25407.949359967,"x"
"8937",24640.612285333,25408.1084087646,"x"
"8938",24684.2299426875,25528.6792186497,"x"
"8939",24953.8729907976,26002.6232136956,"x"
"8940",24486.9043089465,25051.9728198115,"x"
"8941",24709.3604339284,25593.399733564,"x"
"8942",24583.3430964041,25251.0644706778,"x"
"8943",25173.1798369857,26394.1106467472,"x"
"8944",24413.5497502342,25065.6061252854,"x"
"8945",24559.4754927283,25216.9462434444,"x"
"8946",24531.480276383,25230.3991606109,"x"
"8947",25726.0058839954,27474.9303938526,"x"
"8948",24768.8014299582,25690.9483754583,"x"
"8949",24574.5397255508,25407.4845189,"x"
"8950",24763.0319228302,25755.834240427,"x"
"8951",24544.119347954,25005.041561333,"x"
"8952",24693.3532576875,25566.8833936453,"x"
"8953",24551.5440547802,25154.6695301001,"x"
"8954",24845.134228946,25960.9975630584,"x"
"8955",24423.9263446806,24812.9175488183,"x"
"8956",24780.1719075646,25772.7340326635,"x"
"8957",24950.4166886048,25876.0321108352,"x"
"8958",24602.6308932864,25346.4957819225,"x"
"8959",24392.0071419117,25016.837904582,"x"
"8960",25032.6960479452,26272.0920153742,"x"
"8961",24661.6192125024,25760.8474144795,"x"
"8962",24632.4696719758,25635.568177839,"x"
"8963",25090.9644163749,26263.1046465745,"x"
"8964",25322.4061878657,26305.2670591421,"x"
"8965",24529.5431808239,25311.1559821602,"x"
"8966",24436.5772294092,24944.2430032881,"x"
"8967",25037.1747065779,26072.4166459852,"x"
"8968",25541.5977345568,27177.2134758371,"x"
"8969",24488.2718048073,25070.4925726888,"x"
"8970",24637.9306620327,25461.2049187544,"x"
"8971",24818.9848604959,25787.9157288091,"x"
"8972",25596.7025082533,27149.0482325419,"x"
"8973",24465.2138543941,25006.6348077989,"x"
"8974",24435.7307008314,25153.6563880909,"x"
"8975",24333.7542331538,24882.2090059197,"x"
"8976",24623.3614460022,25375.6773422546,"x"
"8977",24781.3843167054,25722.7236335789,"x"
"8978",24427.2684528382,24923.1654885497,"x"
"8979",24904.2586024952,25745.1263185755,"x"
"8980",25027.1617138038,26029.7430743172,"x"
"8981",24698.6292897789,25676.4605799896,"x"
"8982",25409.2653593327,26902.7959819502,"x"
"8983",24500.882847112,25101.7019587884,"x"
"8984",24543.282920368,25334.3758643968,"x"
"8985",24695.0978854033,25570.2565397227,"x"
"8986",24703.1220573499,25417.6872383827,"x"
"8987",24602.8214062567,25288.5040718511,"x"
"8988",25331.3337302305,26774.9004583168,"x"
"8989",24412.7170824443,25024.6356179643,"x"
"8990",29694.9430964119,36676.5272901828,"x"
"8991",24612.2930185066,25438.9239397961,"x"
"8992",25138.6001589361,26440.0541222281,"x"
"8993",24934.4973017225,25973.4484144802,"x"
"8994",24543.8457296383,25293.7273766098,"x"
"8995",24602.9158213706,25107.3362999637,"x"
"8996",25170.4230929802,26571.1961984197,"x"
"8997",24507.0446567015,25087.3000681149,"x"
"8998",24686.3538786728,25357.8009271406,"x"
"8999",24588.6611702696,25168.2369221138,"x"
"9000",24685.2605712333,25501.2313360152,"x"
"9001",24925.7235955524,26018.6861548796,"x"
"9002",25202.3352490914,26546.266982311,"x"
"9003",24824.8782287268,25858.2458231791,"x"
"9004",25635.3887727911,27453.4656270545,"x"
"9005",24241.9333845729,24573.9365401587,"x"
"9006",24807.542618451,25841.266739977,"x"
"9007",24087.2194502476,24280.4103085462,"x"
"9008",24960.4921788861,25662.409003309,"x"
"9009",24612.0681630324,25346.6882965643,"x"
"9010",24979.0400318226,26136.428714807,"x"
"9011",24547.4701803145,25303.124232487,"x"
"9012",24611.4213673819,25339.2609793958,"x"
"9013",24671.8104437767,25546.3504556973,"x"
"9014",24426.1681107571,24912.4788109606,"x"
"9015",25227.9075875241,26481.9881656975,"x"
"9016",25713.635450835,27516.7244754297,"x"
"9017",24851.1012244852,25931.0691841952,"x"
"9018",24575.5406419548,25450.2850843092,"x"
"9019",24648.9687185732,25501.4510039501,"x"
"9020",24814.9474167002,25474.0857630606,"x"
"9021",25092.4289058703,26358.2363045085,"x"
"9022",24849.8294002115,25907.8045766257,"x"
"9023",24668.1735097715,25562.4066941006,"x"
"9024",25471.1670267562,27080.6350123556,"x"
"9025",24528.752392907,25194.3018689406,"x"
"9026",24607.5158785681,25504.5167563421,"x"
"9027",25329.182941356,26879.0792686472,"x"
"9028",24691.5214214444,25614.1790315547,"x"
"9029",24224.4674002958,24543.888980901,"x"
"9030",24925.4611006682,26072.7327256603,"x"
"9031",24373.8538780434,24699.0133935775,"x"
"9032",26791.7832684424,29627.8285261934,"x"
"9033",24528.1139243083,24902.3437697223,"x"
"9034",25155.9777258467,26459.0670623554,"x"
"9035",24704.8648085661,25400.4220971606,"x"
"9036",24392.9525444386,24903.0047269355,"x"
"9037",25370.3645431471,26862.7691967896,"x"
"9038",24952.8700961832,26080.0482503547,"x"
"9039",24545.2647562984,25005.4987657508,"x"
"9040",24691.9758252861,25497.6398468631,"x"
"9041",24717.3431074062,25539.8475966077,"x"
"9042",24322.3710431055,24823.7101860897,"x"
"9043",24557.0945385898,25235.3681843395,"x"
"9044",25079.307740373,26375.2327664932,"x"
"9045",24593.2879425878,25303.9461261575,"x"
"9046",25324.1791166054,26731.1729289845,"x"
"9047",24650.5084155427,25257.6490894176,"x"
"9048",25248.8410704524,26626.6306161309,"x"
"9049",24791.085677637,25654.3220490929,"x"
"9050",24573.526036771,25067.5563861638,"x"
"9051",24456.3482447723,25202.835370059,"x"
"9052",24378.3327739176,24983.6983611639,"x"
"9053",25919.4728731374,27998.4260532559,"x"
"9054",24525.0057542636,25215.6424480813,"x"
"9055",24339.1715709875,24832.4886345189,"x"
"9056",24892.9323043875,25922.9239872533,"x"
"9057",24865.8821408054,26033.0927552731,"x"
"9058",24644.0984892809,25461.3597935623,"x"
"9059",24937.7883041727,25955.1681499172,"x"
"9060",25140.8563401306,26060.4151363716,"x"
"9061",25160.5554213542,26315.1047073249,"x"
"9062",24821.2581291273,25654.0856411624,"x"
"9063",24943.5065841376,25816.0955924167,"x"
"9064",25822.7967239453,27993.4907103604,"x"
"9065",24717.7793569235,25594.579244528,"x"
"9066",24905.1380004926,25640.9445856119,"x"
"9067",24683.4429687589,25326.0373530773,"x"
"9068",25367.7619303684,26919.9506587856,"x"
"9069",24468.6753502525,25120.7893982083,"x"
"9070",24843.9310500494,25728.3938568959,"x"
"9071",24465.7801676016,24818.3774877117,"x"
"9072",25413.177243533,26903.1362246386,"x"
"9073",24990.0439935897,25950.2945021567,"x"
"9074",24738.1823126773,25641.5974694438,"x"
"9075",24358.6489847896,24915.9089837033,"x"
"9076",25500.5347432579,27126.7307541389,"x"
"9077",24841.3805634538,25637.6976751245,"x"
"9078",24768.7769248713,25476.3497105042,"x"
"9079",25057.962549159,26081.9879362552,"x"
"9080",24744.7272034546,25595.4863208479,"x"
"9081",24550.0025819853,25364.8070766021,"x"
"9082",24661.1591482707,25546.5301379964,"x"
"9083",25079.9736208809,26242.4097840915,"x"
"9084",24577.0928062967,25418.5752512133,"x"
"9085",25055.7810797071,26188.7159776844,"x"
"9086",24610.0703634175,25261.7968209817,"x"
"9087",25550.2083234689,27402.8473817462,"x"
"9088",24855.2822692955,25989.490012857,"x"
"9089",24332.1011818402,24575.1850924713,"x"
"9090",25086.3448111805,26244.0534700213,"x"
"9091",24487.5622747676,24957.5521947383,"x"
"9092",24657.5386491131,25414.5420149169,"x"
"9093",24718.166569964,25336.360649213,"x"
"9094",24663.8973854032,25175.0745657297,"x"
"9095",25114.4590444789,26327.2719458597,"x"
"9096",24536.2833438888,25152.5093843439,"x"
"9097",24975.2377370213,26092.2728840762,"x"
"9098",24371.1960766343,24816.40791042,"x"
"9099",24481.2030743834,25240.8596887942,"x"
"9100",24476.7625095425,25136.3549686648,"x"
"9101",24599.557526433,25343.3520415461,"x"
"9102",24520.2607421771,25096.9539527212,"x"
"9103",24806.6385105366,25514.7257382577,"x"
"9104",24433.9244705312,25379.342246111,"x"
"9105",25346.7105204548,26799.3321233665,"x"
"9106",25238.0811307003,26673.9226567154,"x"
"9107",24789.5546982689,25752.2079004259,"x"
"9108",24777.6907655126,25662.3798419506,"x"
"9109",25276.2729162295,26604.4427276857,"x"
"9110",27072.885818378,30065.7077465887,"x"
"9111",24883.284499756,25770.8295801041,"x"
"9112",25416.7280565092,26860.8577166123,"x"
"9113",24535.7236330137,24995.9043986182,"x"
"9114",24513.5612039472,25201.374376762,"x"
"9115",24301.8941528162,24501.6662814138,"x"
"9116",25577.5444730533,27246.2983154682,"x"
"9117",24427.8407066218,25018.9345898513,"x"
"9118",24975.20131564,26203.4382209243,"x"
"9119",24972.062419402,26157.8617814336,"x"
"9120",24721.5099691953,25584.0108750497,"x"
"9121",25003.1373684802,26271.1451425588,"x"
"9122",24688.0855521562,25578.2434488413,"x"
"9123",24726.8591132071,25426.6853699254,"x"
"9124",24650.2245934256,25520.4304164299,"x"
"9125",24654.9638854653,25456.0132793917,"x"
"9126",24498.8930404405,25034.7575121034,"x"
"9127",25305.3883033567,26719.317203839,"x"
"9128",24537.988591595,25237.4390274383,"x"
"9129",25678.1519036127,27120.1484063861,"x"
"9130",24751.6032265449,25691.4050001056,"x"
"9131",24554.7795254069,25342.5573162526,"x"
"9132",24436.2626874651,25151.6399553852,"x"
"9133",24474.7070527114,25104.0712677424,"x"
"9134",24179.4764891283,24540.2777370001,"x"
"9135",24480.0027922933,25135.0429352782,"x"
"9136",24788.7365881475,25832.5406577286,"x"
"9137",25032.7933116862,26041.5692654423,"x"
"9138",25614.0718282526,27219.8241240315,"x"
"9139",25213.4575049466,26321.5459411358,"x"
"9140",25108.6803503176,26146.9957126651,"x"
"9141",24429.3134548519,24956.4339262952,"x"
"9142",24630.0380155435,25211.337282472,"x"
"9143",24563.8356320931,25474.365859583,"x"
"9144",24621.7724136592,25373.3263141747,"x"
"9145",25888.0747964876,27526.1152077825,"x"
"9146",24790.8441273092,25714.2758350915,"x"
"9147",24488.2685901175,24993.3454661788,"x"
"9148",24560.2074244817,25332.1109412585,"x"
"9149",25075.7593755629,26160.9952388964,"x"
"9150",24630.9898071497,25625.7183154054,"x"
"9151",28815.7256183956,34587.6578953986,"x"
"9152",24204.9446734673,24585.7982509539,"x"
"9153",24836.8082701238,25805.3640332512,"x"
"9154",25099.7907455705,26318.8313286509,"x"
"9155",24447.4593156792,24979.2512397227,"x"
"9156",24894.2318902836,25880.2853187271,"x"
"9157",25390.2791780479,26901.4202718115,"x"
"9158",24815.0313299252,25611.3682743766,"x"
"9159",24857.2308799913,25781.8787823041,"x"
"9160",24421.2334753437,25071.3139033688,"x"
"9161",24599.5939998255,25283.6747682927,"x"
"9162",24628.3935378168,25484.8242443496,"x"
"9163",24936.3502813384,25885.4885461841,"x"
"9164",24927.8809887392,26097.8263393759,"x"
"9165",24482.8731611042,24938.0071858599,"x"
"9166",24524.8924318877,25228.4827911659,"x"
"9167",24726.5005574166,25660.9239970615,"x"
"9168",24407.5376428263,25028.1850472111,"x"
"9169",24690.4084232665,25346.8012373825,"x"
"9170",24687.5380894383,25447.9500248513,"x"
"9171",24202.6187080756,24522.9636748807,"x"
"9172",24554.2386367565,25322.9749021092,"x"
"9173",24678.3741355278,25547.4824103987,"x"
"9174",25060.1902814108,26273.3112861501,"x"
"9175",24862.3282048242,25944.7604043262,"x"
"9176",24401.7121799412,24812.8321831609,"x"
"9177",24622.9124731513,25475.3972037401,"x"
"9178",25283.5410013432,26436.6031657452,"x"
"9179",25480.6835569103,27215.4322690996,"x"
"9180",24349.8738311232,25040.2101944589,"x"
"9181",24866.8699238289,25926.1780366364,"x"
"9182",24715.9724128989,25537.4262175189,"x"
"9183",24427.4500161278,24908.3465280676,"x"
"9184",24330.7008454902,24776.8785579477,"x"
"9185",24823.1874707073,25637.5713519409,"x"
"9186",24395.1049242215,25077.4833889298,"x"
"9187",24546.7257288018,25223.3099310206,"x"
"9188",24783.5598511687,25591.9302590149,"x"
"9189",25172.6231675644,26443.6764864525,"x"
"9190",24900.0160886172,25683.7645367198,"x"
"9191",24561.1002393117,25172.9331945397,"x"
"9192",24508.8497777338,25129.3781193701,"x"
"9193",24726.1721705171,25706.3645954262,"x"
"9194",24511.1922813494,25242.2038046596,"x"
"9195",24799.3746282995,25658.7923426868,"x"
"9196",24738.311380718,25581.5785189083,"x"
"9197",24591.8140917982,25220.2558639721,"x"
"9198",25182.5883483536,26539.6211404936,"x"
"9199",25627.0116006792,27290.9059914058,"x"
"9200",25327.577939601,26718.2135947661,"x"
"9201",24513.3921470087,25253.5413134525,"x"
"9202",24806.5846760482,25634.3751961899,"x"
"9203",24416.4614962038,25012.6256555736,"x"
"9204",25013.8121053009,26237.9385969328,"x"
"9205",24339.622103139,24835.8263584729,"x"
"9206",24453.1155333817,25010.9998934935,"x"
"9207",24415.3843954672,25026.0914706251,"x"
"9208",24627.4058838479,25191.6741090697,"x"
"9209",25089.86534831,26250.6577017865,"x"
"9210",24679.4228603995,25293.8336067458,"x"
"9211",24412.2617696636,24840.783033122,"x"
"9212",24686.4955118321,25567.5347869245,"x"
"9213",24632.9796253147,25396.4343313338,"x"
"9214",24960.3224787673,26078.8969550076,"x"
"9215",24710.0754003316,25546.6301188816,"x"
"9216",25028.5439204074,26116.4092336146,"x"
"9217",24627.094046112,25371.3921832663,"x"
"9218",24583.1104286037,25341.678707204,"x"
"9219",24591.8968738587,25074.1383955474,"x"
"9220",24494.5903054285,25167.7068023504,"x"
"9221",25227.5960612243,26520.9168246498,"x"
"9222",24861.7349168888,25907.579564579,"x"
"9223",25296.8952972279,26705.7411449213,"x"
"9224",25723.8629269428,27295.4302915243,"x"
"9225",24464.6248150299,24995.085933369,"x"
"9226",24606.5833442061,25494.2616506758,"x"
"9227",26417.1588739297,28583.4160564554,"x"
"9228",24917.8743307531,26009.1563554123,"x"
"9229",24446.5119771048,25036.2274933524,"x"
"9230",24828.479989841,25643.3499078611,"x"
"9231",25225.3853740465,26465.5925735381,"x"
"9232",24682.7459974729,25326.8766084753,"x"
"9233",25132.4248014965,26351.7212706033,"x"
"9234",24733.8722867205,25572.6851965616,"x"
"9235",25326.8543767831,26755.6060977279,"x"
"9236",24772.5179667346,25554.4795698436,"x"
"9237",24779.1352553146,25554.7948045246,"x"
"9238",24572.6965886036,25169.0934208544,"x"
"9239",24587.733548797,25279.382233312,"x"
"9240",25494.4636165769,26816.7957551174,"x"
"9241",24216.3714590008,24592.7430288552,"x"
"9242",24270.5165107443,24740.6015463992,"x"
"9243",24979.9137013012,26134.0778863817,"x"
"9244",24559.5261158063,25214.5538840229,"x"
"9245",24533.5205535378,25030.7359051144,"x"
"9246",25284.5063283036,26667.0997158665,"x"
"9247",25185.2648203266,26502.2684022676,"x"
"9248",25041.0000440924,26161.268745592,"x"
"9249",24402.6333291695,24781.8217086563,"x"
"9250",24854.4000908504,25746.2322857766,"x"
"9251",25020.93409969,26185.0373767016,"x"
"9252",24965.2648557854,25993.7062317025,"x"
"9253",24948.3935426628,25958.194200814,"x"
"9254",24633.6457829623,25369.9158748048,"x"
"9255",24663.9684282602,25380.0539116623,"x"
"9256",25498.4153934881,26625.7732195191,"x"
"9257",24669.6305385958,25299.8072530372,"x"
"9258",24593.4459989208,25303.6828177441,"x"
"9259",24997.5064339997,26192.5836648632,"x"
"9260",24694.0779116849,25502.6495876879,"x"
"9261",24681.7243341228,25455.4985032496,"x"
"9262",24687.9877979754,25304.6590002963,"x"
"9263",24628.8984799605,25336.4459264021,"x"
"9264",24494.4601023369,25086.7167083713,"x"
"9265",24467.4214054134,25137.9720355376,"x"
"9266",24671.919463997,25379.8069233257,"x"
"9267",24785.8995397213,25620.4948970856,"x"
"9268",24854.1210505289,25703.5906521211,"x"
"9269",25234.6410870159,26548.3131317315,"x"
"9270",25363.4249539112,26845.4111809555,"x"
"9271",24522.0236637357,25340.7458526462,"x"
"9272",24560.013541796,25141.2189321032,"x"
"9273",24964.1462709639,26024.0478715872,"x"
"9274",24480.6266348305,25267.2396212991,"x"
"9275",24735.7963943819,25483.0535821779,"x"
"9276",25052.9538180702,26006.6932140825,"x"
"9277",25052.7515294262,26377.1477818282,"x"
"9278",25522.3682635266,27239.8017690547,"x"
"9279",24915.0292189659,25938.0199380002,"x"
"9280",24713.387375163,25246.1612901643,"x"
"9281",24826.1971086537,25822.5016060128,"x"
"9282",25048.3713890931,26178.6880123571,"x"
"9283",24786.862465894,25739.141868749,"x"
"9284",25082.5190524349,26411.5292553493,"x"
"9285",24584.3381102092,25248.7076413162,"x"
"9286",24750.1286182814,25731.4119661788,"x"
"9287",24576.5356799035,25424.9176508213,"x"
"9288",25378.0790318805,26822.8753255411,"x"
"9289",25222.1275927673,26555.249078031,"x"
"9290",25083.5189902345,26265.1514502602,"x"
"9291",25782.0189452961,27612.6783386147,"x"
"9292",25515.03983262,27056.9220805944,"x"
"9293",24645.1021184067,25331.4969522493,"x"
"9294",24668.0359906358,25529.9262980901,"x"
"9295",24556.3991461679,25235.9697067061,"x"
"9296",24607.7771456194,25430.3293031577,"x"
"9297",24896.9219941672,25779.882130088,"x"
"9298",24599.7672165226,25394.1804577005,"x"
"9299",24796.8793357917,25849.2478987237,"x"
"9300",24402.7820088937,24918.0097396816,"x"
"9301",24985.5030131738,25924.1074992764,"x"
"9302",24633.4203050088,25383.4648980102,"x"
"9303",25408.372295839,26837.9288877973,"x"
"9304",24677.5638730342,25441.3091960439,"x"
"9305",24737.1060088319,25683.1332007515,"x"
"9306",24898.4129736618,25933.6855483353,"x"
"9307",24570.5512125051,25404.9023191145,"x"
"9308",25730.4485199016,27512.3526806327,"x"
"9309",25505.4659316829,27028.1683982566,"x"
"9310",24567.861131473,24980.4023291466,"x"
"9311",25214.3199013847,26492.5933928382,"x"
"9312",25678.961293568,27698.3126207615,"x"
"9313",24823.4687357125,25844.1711448144,"x"
"9314",25241.0925209369,26618.8508274447,"x"
"9315",26035.4292550927,27961.6894447653,"x"
"9316",25250.3133742479,26614.652901033,"x"
"9317",24357.2516915072,24753.4991010208,"x"
"9318",24926.4352096887,26058.8803653884,"x"
"9319",25368.1450471019,26794.5178451028,"x"
"9320",24915.5426225759,25719.9224672998,"x"
"9321",24596.2634879019,25277.5745696045,"x"
"9322",24950.196636034,26005.2787470369,"x"
"9323",24663.0698392548,25517.5697861744,"x"
"9324",24914.0250788131,25801.6540921928,"x"
"9325",24901.9282201164,25980.7712331803,"x"
"9326",24474.2092666021,25196.0627953741,"x"
"9327",24566.7510400958,25222.5990840987,"x"
"9328",24495.0910806278,25200.905577789,"x"
"9329",24771.3902759973,25593.0423813227,"x"
"9330",25097.5029200394,26482.6961711108,"x"
"9331",24905.3759758168,25954.6658802531,"x"
"9332",24617.6142116727,25417.5922424336,"x"
"9333",24564.2471139547,24993.7591535614,"x"
"9334",25011.5037041411,26142.287412387,"x"
"9335",24666.5442558126,25492.6008801462,"x"
"9336",24867.5232912439,25615.2557086975,"x"
"9337",24689.4867943147,25493.81279667,"x"
"9338",25478.0977580949,26993.3484246137,"x"
"9339",24617.9624208255,25432.8398502996,"x"
"9340",24777.2088216634,25537.4237477854,"x"
"9341",24582.1023264688,25256.8185346035,"x"
"9342",24784.8177690482,25735.7281396039,"x"
"9343",24723.0319105797,25416.504828233,"x"
"9344",25793.7919765768,27741.671734284,"x"
"9345",24621.9465323579,25508.7532014698,"x"
"9346",24814.5176036351,25745.287249074,"x"
"9347",24896.1118504864,25901.617305567,"x"
"9348",24457.318885936,25128.9699870049,"x"
"9349",25307.4352843092,26722.2277108015,"x"
"9350",24510.9340444253,24977.6485459505,"x"
"9351",24538.020326493,25132.9027864123,"x"
"9352",24344.333968386,24766.1924406236,"x"
"9353",24641.9286694758,25487.4271216882,"x"
"9354",24935.0106254309,25987.1094652585,"x"
"9355",24849.7833783404,25807.5268345616,"x"
"9356",25091.3875933533,26337.7594729018,"x"
"9357",24654.8695947195,25317.0583499596,"x"
"9358",24610.5551429281,25335.8877292338,"x"
"9359",24805.6660814331,25601.8758702853,"x"
"9360",24561.5171232928,25363.9177338861,"x"
"9361",24602.6082265723,25403.1570144151,"x"
"9362",24615.0033793488,25406.0241937354,"x"
"9363",27101.2844258347,30039.59532879,"x"
"9364",25272.3971875534,26618.6049882985,"x"
"9365",24620.856908872,25334.5310010274,"x"
"9366",24618.5230335109,25368.4115063424,"x"
"9367",25104.3856639724,26319.2893894878,"x"
"9368",24789.4721237477,25711.4677909813,"x"
"9369",24558.7642368637,25200.3493505315,"x"
"9370",24383.0318136747,24843.4988263459,"x"
"9371",24785.7215122394,25798.7730984878,"x"
"9372",24616.6163944613,25327.5934684711,"x"
"9373",24738.8605375933,25695.6789135024,"x"
"9374",24827.2204880736,25869.9809069163,"x"
"9375",24708.3227765174,25345.8618319344,"x"
"9376",24683.768864189,25296.465574295,"x"
"9377",24547.7417480511,25223.5704430591,"x"
"9378",24778.6631895248,25845.6348998618,"x"
"9379",25570.6300286795,27345.4277117901,"x"
"9380",24444.9187589769,24778.8836827975,"x"
"9381",27516.4267689367,30942.4341104461,"x"
"9382",24759.6246759255,25808.4583451428,"x"
"9383",25452.0173040512,27072.1459014387,"x"
"9384",24504.4741368975,25139.3089976258,"x"
"9385",24634.3330574227,25492.1603254847,"x"
"9386",25231.1805063733,26451.4765002596,"x"
"9387",24475.0311261505,24727.0524204405,"x"
"9388",24872.8240372899,25802.4844901111,"x"
"9389",24785.9216374212,25592.5747987759,"x"
"9390",24609.3255196811,25398.5160772139,"x"
"9391",24498.7168925704,24892.6108828335,"x"
"9392",25204.2729120168,26430.2355206176,"x"
"9393",24564.199859115,25244.4379198732,"x"
"9394",24701.844744773,25445.8511593504,"x"
"9395",24561.2505587398,25150.6727565951,"x"
"9396",25040.9469003553,26199.232019113,"x"
"9397",25568.5997197046,27279.5855064807,"x"
"9398",24516.9886754958,24981.3452614413,"x"
"9399",24463.0618367692,25209.7074675655,"x"
"9400",24756.8850997615,25691.8849536885,"x"
"9401",25242.9562952097,26463.8472245861,"x"
"9402",25024.2777536366,26249.3087017041,"x"
"9403",24934.8453472498,25913.0221761657,"x"
"9404",24879.2479683944,25752.1289421634,"x"
"9405",24818.2775012108,25689.091234043,"x"
"9406",24557.1319656378,25017.4269503199,"x"
"9407",24358.6977783497,24696.4993607833,"x"
"9408",24629.472021603,25480.5479158878,"x"
"9409",24389.2329214049,24867.2395054011,"x"
"9410",24707.5071572605,25538.8119367051,"x"
"9411",24779.494065849,25596.9924423453,"x"
"9412",25719.2667902128,27585.5310357779,"x"
"9413",24465.8196320891,24827.9434219365,"x"
"9414",25056.9991636543,26180.8453692575,"x"
"9415",24527.2260982556,25088.0042161288,"x"
"9416",24303.550483987,24760.0304212744,"x"
"9417",24981.6139147254,26103.1521341124,"x"
"9418",24654.3175478747,25370.8281980625,"x"
"9419",25558.3508826809,27173.4451233154,"x"
"9420",24334.2611077506,24675.1854506209,"x"
"9421",24542.5911222989,25325.1296204746,"x"
"9422",24524.2796885925,25277.9266612337,"x"
"9423",25279.8279176964,26756.0870645786,"x"
"9424",24386.7539615083,24823.1927605761,"x"
"9425",24368.0450791139,25050.3036108343,"x"
"9426",25044.1754149048,26159.93103866,"x"
"9427",24459.6907480095,25195.6630733286,"x"
"9428",24482.7072317234,25050.9151090053,"x"
"9429",24681.4794674666,25364.8883320718,"x"
"9430",24818.8406756992,25569.9378929671,"x"
"9431",25247.7246021838,26494.0599650602,"x"
"9432",24369.4807212187,24737.6517552623,"x"
"9433",24549.550578716,25209.6160819376,"x"
"9434",24517.7535807742,25099.4079604109,"x"
"9435",24435.6031226458,24914.6693202698,"x"
"9436",25102.3557622778,26255.1786126999,"x"
"9437",25352.1779441812,26682.4223112497,"x"
"9438",24765.9097767005,25527.8465631792,"x"
"9439",24565.082905593,25162.401579391,"x"
"9440",24261.7236334468,24707.5443947704,"x"
"9441",24502.6789457681,25207.4404599457,"x"
"9442",24452.6503412094,24979.5909503685,"x"
"9443",25367.4363985888,26858.2040794044,"x"
"9444",24378.5276402584,24810.583210984,"x"
"9445",26573.2090366181,29000.2268111284,"x"
"9446",24746.6195974664,25524.8915804276,"x"
"9447",24539.1660125504,25194.4205984531,"x"
"9448",24301.4759256245,24751.7497676138,"x"
"9449",24834.0036760258,25633.7701843182,"x"
"9450",24950.2494533389,26043.3303600722,"x"
"9451",24575.1213348181,25373.4736920747,"x"
"9452",25610.4199714096,27464.7672560069,"x"
"9453",24897.3689137404,25944.4361911655,"x"
"9454",24507.9884722654,25138.9194634073,"x"
"9455",24516.1577646619,25098.7657025659,"x"
"9456",24344.6050993579,24976.6825539465,"x"
"9457",24574.955680304,25299.6814998081,"x"
"9458",24678.1279406861,25530.0598085764,"x"
"9459",24548.4366672346,25185.0877527816,"x"
"9460",24821.6259804087,25460.4997205015,"x"
"9461",24750.5088705959,25642.1965216348,"x"
"9462",25830.6039914692,27905.0106443205,"x"
"9463",24588.5534362192,25070.3613954616,"x"
"9464",24798.0710803786,25768.297808259,"x"
"9465",24529.089554651,25195.3131412324,"x"
"9466",24547.3131504031,25047.4291205838,"x"
"9467",24802.2362044651,25486.4385245268,"x"
"9468",24665.4436385984,25296.5671995413,"x"
"9469",24429.0656556386,24981.0518293894,"x"
"9470",25052.9973523,26298.1111857242,"x"
"9471",24700.7018084629,25424.219467977,"x"
"9472",24886.0206481151,25726.7751350074,"x"
"9473",24547.7588708552,25198.7003141232,"x"
"9474",24979.2401465808,25819.2163061548,"x"
"9475",24835.0581304087,25702.1449637382,"x"
"9476",24632.9919819594,25346.3942376034,"x"
"9477",24797.165624062,25619.384800099,"x"
"9478",24512.6081664631,25204.787431326,"x"
"9479",24430.8496021404,24886.3744340034,"x"
"9480",25096.5041818278,26039.5500804963,"x"
"9481",25157.5225535921,26357.8207819876,"x"
"9482",24461.2483973253,25036.846534173,"x"
"9483",24719.8995894641,25607.3692517707,"x"
"9484",24758.0257421018,25694.3740521073,"x"
"9485",28610.2643136505,33674.7400677416,"x"
"9486",24561.5365417416,25300.3757473018,"x"
"9487",24910.462489617,25689.949003598,"x"
"9488",24633.1177805873,25278.73898551,"x"
"9489",24818.532878667,25819.2131543677,"x"
"9490",24418.1475355821,25081.0308081474,"x"
"9491",25478.3047076908,26993.5748088897,"x"
"9492",25041.3243937313,26097.3777167015,"x"
"9493",24414.4034213735,25056.5799017531,"x"
"9494",24759.6832630579,25760.9314982595,"x"
"9495",25162.9061061061,26416.7226866577,"x"
"9496",24907.9066712521,25840.041274502,"x"
"9497",24894.8560122303,25881.8490710077,"x"
"9498",25033.9164389846,26093.8655214648,"x"
"9499",25223.5629529734,26574.9541576725,"x"
"9500",24600.8312857245,25187.6112293144,"x"
"9501",24304.4286886827,24721.7843800145,"x"
"9502",24666.989964349,25199.717138724,"x"
"9503",24787.4169531683,25718.0366363019,"x"
"9504",25172.6646409829,26525.2520752783,"x"
"9505",24711.7623377478,25726.0848154977,"x"
"9506",24618.3189423279,25335.7459720165,"x"
"9507",24703.4943240294,25549.2388891001,"x"
"9508",24581.2285400981,25302.6965833814,"x"
"9509",24555.4769665986,25185.5784418363,"x"
"9510",24666.5400644691,25444.6989613349,"x"
"9511",24992.5999051019,26135.9265697368,"x"
"9512",25206.8013820143,26447.846128859,"x"
"9513",24631.7073380094,25108.4620228969,"x"
"9514",24610.4500491931,25175.6152017369,"x"
"9515",24809.706060184,25724.9197697808,"x"
"9516",24554.8501781672,25382.9257299836,"x"
"9517",24655.5737101665,25437.0975975879,"x"
"9518",24492.9607627436,25018.7608508967,"x"
"9519",25489.5580083424,26921.338157375,"x"
"9520",24347.0803243407,24776.3915132816,"x"
"9521",24450.8195037448,25088.2074041073,"x"
"9522",24571.2819782281,25050.0871646495,"x"
"9523",24438.3370823962,25144.4662091781,"x"
"9524",24634.6846716995,25436.6272686043,"x"
"9525",24751.6159360789,25633.2654895593,"x"
"9526",24691.0574685899,25547.7383581407,"x"
"9527",24762.0621458752,25682.7336219622,"x"
"9528",24556.7873857333,25309.5357906403,"x"
"9529",25178.6584532355,26425.0063424416,"x"
"9530",24610.188598546,25517.5210801192,"x"
"9531",24455.6695411955,25134.7509719175,"x"
"9532",25024.4314354553,26245.543098855,"x"
"9533",24621.4102087446,25400.1885755232,"x"
"9534",24642.9663444385,25454.4769401427,"x"
"9535",24616.6543281589,25313.0374290287,"x"
"9536",24552.0354150422,25275.4887062379,"x"
"9537",24704.1556857783,25477.2699621942,"x"
"9538",25013.2310882644,26107.2226997824,"x"
"9539",24786.3277550057,25785.2128988678,"x"
"9540",24570.3054170852,25306.4871903849,"x"
"9541",24646.8339091222,25237.66979065,"x"
"9542",24647.9038978553,25245.2761526089,"x"
"9543",24527.8200396842,25357.1354447125,"x"
"9544",24646.0776289991,25504.1628419042,"x"
"9545",24637.5554705926,25496.8606723533,"x"
"9546",25509.7064973934,26978.8283026582,"x"
"9547",24694.9451205672,25302.2937239791,"x"
"9548",24760.5163218463,25603.1011548821,"x"
"9549",24781.1857069537,25778.0122147239,"x"
"9550",24724.8662055105,25809.6738296093,"x"
"9551",24452.6505262301,24929.4178578601,"x"
"9552",25256.0488903629,26122.6216971639,"x"
"9553",24156.6137463164,24720.7204558532,"x"
"9554",24714.4045016049,25335.1359634029,"x"
"9555",24746.1869270004,25480.7943695809,"x"
"9556",24497.8103347684,25087.3667561562,"x"
"9557",24624.749365413,25249.701039803,"x"
"9558",25244.2459650338,26603.7938999459,"x"
"9559",24512.0039963261,25107.8416570508,"x"
"9560",24282.6937575685,24655.5716127116,"x"
"9561",24583.9421649391,24990.0834712216,"x"
"9562",24514.385580073,25213.1987395524,"x"
"9563",24891.700828086,25899.1484022137,"x"
"9564",24405.989024506,24889.0215108819,"x"
"9565",24474.7693170142,25189.0552361746,"x"
"9566",24906.4905563673,25963.6528305218,"x"
"9567",24552.9439464181,25124.9232419237,"x"
"9568",24581.6839111753,25197.4254897098,"x"
"9569",25387.1244383941,27043.7278040151,"x"
"9570",24602.307852761,25335.2294964229,"x"
"9571",24531.8124047979,25004.6369284338,"x"
"9572",24608.4844117334,25376.2487092871,"x"
"9573",25593.1128535869,27277.5527727243,"x"
"9574",24302.4625663856,24762.5186803308,"x"
"9575",24931.3087518736,25911.0876326597,"x"
"9576",24586.6876296272,25440.9319701566,"x"
"9577",24918.4704464949,25779.3526167628,"x"
"9578",25214.2058690194,26563.7530005608,"x"
"9579",25892.5676652099,27797.9810444557,"x"
"9580",24455.6547383303,25091.1330715126,"x"
"9581",24618.3296950736,24985.3091219103,"x"
"9582",24873.6016213853,25678.9584045838,"x"
"9583",24613.5219760469,25243.0730312124,"x"
"9584",24495.9312472514,25165.3305865043,"x"
"9585",26234.9123642871,28656.3304759496,"x"
"9586",25161.5553334385,26460.9674533808,"x"
"9587",24817.6487953755,25744.0145384374,"x"
"9588",24609.953669858,25406.9094081706,"x"
"9589",24702.8936426217,25565.2088496761,"x"
"9590",24706.6472473304,25214.2351729751,"x"
"9591",24280.1593284835,24791.9339482244,"x"
"9592",24300.5012356132,24699.3698560411,"x"
"9593",25162.9660370268,26713.5127215292,"x"
"9594",24613.9424304164,25361.9251524149,"x"
"9595",24509.4575795739,25176.4516940292,"x"
"9596",24750.121057334,25603.9815219843,"x"
"9597",24671.1630490103,25460.555389891,"x"
"9598",24455.8269657492,25272.4129862411,"x"
"9599",24718.4480679494,25552.7479083437,"x"
"9600",25237.8605584996,26686.0778905435,"x"
"9601",24740.1182636771,25678.5131708768,"x"
"9602",24588.1485298181,25202.9110588546,"x"
"9603",24940.8879653134,25962.742057568,"x"
"9604",24907.8984108553,25958.8544684595,"x"
"9605",25110.7844088825,26337.5816157975,"x"
"9606",25869.4396715539,27937.1200125801,"x"
"9607",24381.0017907274,24912.2210480126,"x"
"9608",24891.355432127,26057.2840136734,"x"
"9609",24445.3921210582,25130.1768084313,"x"
"9610",24700.3011941913,25459.8766771189,"x"
"9611",25176.1845142518,26479.6843129823,"x"
"9612",24603.7429205927,25271.9426945394,"x"
"9613",24273.5305289718,24571.46322458,"x"
"9614",24794.6423180009,25590.6150684611,"x"
"9615",24523.9996276549,25036.0605832875,"x"
"9616",24567.1366616412,25269.0620789361,"x"
"9617",24846.6866926138,25594.3670273544,"x"
"9618",24861.6095277627,25915.4739802101,"x"
"9619",25213.5463335106,26668.0294435092,"x"
"9620",24336.2607696501,24689.7060360197,"x"
"9621",24518.3041529823,25265.7786033151,"x"
"9622",24592.6640955232,25355.7547942665,"x"
"9623",24643.1911209609,25471.2195611243,"x"
"9624",25616.3292071897,27259.9868986023,"x"
"9625",25209.1289639792,26490.6434163485,"x"
"9626",25575.1530781224,27042.3757472288,"x"
"9627",24601.7812798776,25349.5293741977,"x"
"9628",24418.5875037678,24911.4373935265,"x"
"9629",24526.199841038,25227.5884124869,"x"
"9630",24539.7662730393,25246.9623249481,"x"
"9631",25627.8163917805,27317.4253262462,"x"
"9632",25482.0884531468,27031.4472574896,"x"
"9633",24733.2681290657,25464.635732887,"x"
"9634",24565.0279780578,25239.5615535128,"x"
"9635",24939.1772348174,25928.3008099152,"x"
"9636",24810.145570721,25669.2266455608,"x"
"9637",24501.2397530927,24934.7185625542,"x"
"9638",25134.7544982786,26415.6169965847,"x"
"9639",24593.426612326,24991.4666242274,"x"
"9640",24668.7766117284,25239.604562072,"x"
"9641",24513.7970206876,25122.976105673,"x"
"9642",24614.2097700532,25423.4350796581,"x"
"9643",25116.1304337906,26181.2006522108,"x"
"9644",24722.2131213677,25689.7311022423,"x"
"9645",24364.5620360336,25030.1502974417,"x"
"9646",24619.2043031166,25394.8776065009,"x"
"9647",24688.4987517491,25631.1610854511,"x"
"9648",24903.9212941461,25883.3830039673,"x"
"9649",24560.7901793908,25105.2550047458,"x"
"9650",24332.5658008768,24618.853060942,"x"
"9651",24488.1562541834,25044.3746410845,"x"
"9652",24745.0356101342,25470.1411474637,"x"
"9653",24542.9171773846,25309.3455824672,"x"
"9654",24860.5825914745,25920.9451123085,"x"
"9655",24622.0543479708,25166.4120946937,"x"
"9656",25490.2289384421,26990.0616841392,"x"
"9657",24711.8036681164,25454.8557117952,"x"
"9658",24487.5006322204,25163.3302137659,"x"
"9659",24507.0038057598,25184.5801303836,"x"
"9660",24456.3496169776,24916.7712605259,"x"
"9661",24475.3341746528,25137.2907495819,"x"
"9662",24866.5485260797,25883.9615283588,"x"
"9663",24488.0158524066,24998.2122486153,"x"
"9664",24427.2933178037,25299.8790714516,"x"
"9665",25132.8092710575,26474.5000544378,"x"
"9666",24870.9407481729,25882.6646485463,"x"
"9667",24613.7869559423,25370.1826372861,"x"
"9668",24514.0121231237,25219.811997723,"x"
"9669",24708.448075796,25633.4392962157,"x"
"9670",25265.1397195147,26613.8562360548,"x"
"9671",24388.942149534,24872.8700267252,"x"
"9672",24477.4429766057,25129.4436312852,"x"
"9673",25017.8875257093,26206.0804925829,"x"
"9674",24599.6702844004,25202.2382892813,"x"
"9675",24386.1001931922,24902.7167869213,"x"
"9676",25107.6612726428,26499.9323940184,"x"
"9677",24737.5698783725,25609.8848868913,"x"
"9678",24236.5904089622,24510.1623746025,"x"
"9679",24638.4827970408,25422.4633733555,"x"
"9680",25119.3685603477,26377.6952774658,"x"
"9681",24760.1674722326,25671.6226337164,"x"
"9682",24256.3124742007,24885.4820583779,"x"
"9683",26081.9128077608,28580.2785291869,"x"
"9684",24978.8553393969,25740.2741529414,"x"
"9685",24368.3039410694,24680.3053524402,"x"
"9686",24258.9525202304,24549.1645847702,"x"
"9687",24635.1365032314,25485.3004603429,"x"
"9688",25193.334421748,26550.7232870308,"x"
"9689",24623.8697023985,25167.9734825792,"x"
"9690",24746.9108959968,25524.6481450642,"x"
"9691",24406.5155846397,24899.8415871352,"x"
"9692",24665.6718235652,25505.7077326405,"x"
"9693",24637.1291124746,25388.9236812794,"x"
"9694",24688.1775834109,25533.167485677,"x"
"9695",24886.9394845478,25945.8957603853,"x"
"9696",24485.8365617683,25206.6620409576,"x"
"9697",24545.5190204919,25132.751416891,"x"
"9698",24881.2753675183,25680.5843121699,"x"
"9699",24681.7650717544,25526.7540308652,"x"
"9700",24720.5446590697,25468.8288884281,"x"
"9701",24387.7336181198,24978.615047974,"x"
"9702",24882.8528765162,25954.5132515469,"x"
"9703",24739.6245517406,25636.0525319754,"x"
"9704",24860.2982255059,25921.8795786503,"x"
"9705",24486.6864763778,25198.8538462283,"x"
"9706",25389.9070730889,26775.0696947167,"x"
"9707",24942.752028356,26007.1764763774,"x"
"9708",24847.0418383087,25823.0986957689,"x"
"9709",24639.540940364,25171.1756496011,"x"
"9710",24943.43983275,25807.9524144109,"x"
"9711",24661.7016722362,25386.0792485975,"x"
"9712",24690.1899961172,25544.1074151238,"x"
"9713",24736.76087188,25637.8876334256,"x"
"9714",24972.7275886289,26029.5919409153,"x"
"9715",25546.7571034163,27075.9091602519,"x"
"9716",24675.104039457,25534.4869343458,"x"
"9717",24860.7913365054,25761.3990179502,"x"
"9718",24509.4192601977,25342.4458943799,"x"
"9719",24652.9147200427,25511.1785105442,"x"
"9720",24657.0469736422,25353.6456505846,"x"
"9721",24495.0236081266,25079.4797765936,"x"
"9722",25080.0774344025,26010.3844516525,"x"
"9723",25399.887765534,26902.4017333572,"x"
"9724",24806.4633615467,25749.13954573,"x"
"9725",24390.883078165,25028.9196454788,"x"
"9726",25135.2789646728,26335.5759563473,"x"
"9727",25565.5501489621,27194.1641459815,"x"
"9728",24427.6955542313,24844.4337723037,"x"
"9729",24674.3591209423,25472.8594627762,"x"
"9730",24454.7302337715,25069.7137244205,"x"
"9731",24650.0027874814,25435.7728749661,"x"
"9732",24906.3486364125,26084.9412451137,"x"
"9733",24428.303658819,24925.4531841933,"x"
"9734",24506.6542578217,25186.9522787808,"x"
"9735",24879.2399490118,25972.1636163048,"x"
"9736",24563.5797189619,25112.2811823528,"x"
"9737",24482.6057960569,25107.1465927021,"x"
"9738",25107.2986621321,26216.7481643723,"x"
"9739",24920.8865585416,25981.0803064553,"x"
"9740",24495.960451555,25064.1089175673,"x"
"9741",25245.8637907933,26547.8662392769,"x"
"9742",24878.8739905289,26074.6609838932,"x"
"9743",24914.7496044635,26018.4722350567,"x"
"9744",24758.8875238373,25617.4478816731,"x"
"9745",25001.5207351193,26117.3880455724,"x"
"9746",24450.4917077253,25020.8663959512,"x"
"9747",25002.4079864059,25977.8372095083,"x"
"9748",25002.7679142144,26089.5227995543,"x"
"9749",25127.3544868347,26364.0071613911,"x"
"9750",24907.0656321369,25855.1444761243,"x"
"9751",24737.4349482518,25474.9131778084,"x"
"9752",25060.1102325789,26434.8640358311,"x"
"9753",24337.6145403048,24648.0257168609,"x"
"9754",24497.6440427028,25014.0684089406,"x"
"9755",24510.6674319046,25180.9951509022,"x"
"9756",24620.6218212223,25426.16439572,"x"
"9757",25094.3470387825,26107.6242557122,"x"
"9758",25050.0369714636,26033.2399840163,"x"
"9759",24742.5194996079,25545.5415252663,"x"
"9760",24613.0260795557,25436.3435436676,"x"
"9761",24553.0314119622,25311.0740210406,"x"
"9762",24817.3633052917,25652.487536334,"x"
"9763",25507.361816699,27067.0987006424,"x"
"9764",24822.5474922733,25841.9972465047,"x"
"9765",25202.7336068209,26501.6825343398,"x"
"9766",24822.7608223951,25776.6556111248,"x"
"9767",24981.9735522022,25965.4897516685,"x"
"9768",24978.2864743113,26144.8716567204,"x"
"9769",25488.1927651806,27060.5561809548,"x"
"9770",24529.2841091393,25378.2471183406,"x"
"9771",24823.3526194852,25732.9722973973,"x"
"9772",25233.0420731321,26367.6766967775,"x"
"9773",24190.0738705547,24701.0878847888,"x"
"9774",24491.7641534575,25103.3942566833,"x"
"9775",24626.6962658795,25341.5456917243,"x"
"9776",24698.8443816006,25500.1845552058,"x"
"9777",25149.9278107993,26346.0429196419,"x"
"9778",24540.815153679,25223.989850851,"x"
"9779",24649.8927516535,25168.9162208757,"x"
"9780",24585.3990370591,25423.3250154136,"x"
"9781",24530.6770472406,25170.4714601915,"x"
"9782",24532.9645066577,25174.0414506721,"x"
"9783",25065.0671032243,26235.7507074783,"x"
"9784",24780.6315292087,25741.1036243876,"x"
"9785",24700.6032460432,25452.3961209805,"x"
"9786",24504.4690523426,25183.6595322582,"x"
"9787",25222.6891572465,26597.5024082208,"x"
"9788",24505.7623847426,25176.1840560923,"x"
"9789",24608.3731173769,25108.7598111536,"x"
"9790",25111.0421534673,26298.4633896504,"x"
"9791",24266.2631396995,24773.8397402459,"x"
"9792",24589.863505231,25342.7097730506,"x"
"9793",25224.8290386675,26469.6524308715,"x"
"9794",25370.9815196371,26913.35786033,"x"
"9795",24412.4362726748,24921.7201564626,"x"
"9796",25325.374540919,26685.0307963853,"x"
"9797",25188.6994862018,26406.0590344134,"x"
"9798",25029.2356517713,25888.9823333042,"x"
"9799",24555.5319543846,25409.6796782932,"x"
"9800",24757.0290836411,25501.2689607124,"x"
"9801",25062.8850279252,25987.5096973751,"x"
"9802",25317.890697627,26623.5402190105,"x"
"9803",25087.5819415174,26140.3144098059,"x"
"9804",24891.5028595575,25955.4333598572,"x"
"9805",24564.4734815249,25461.5367759103,"x"
"9806",24604.4208498519,25539.7304619113,"x"
"9807",24652.1713012808,25333.2864538853,"x"
"9808",24463.1245647119,25285.2578896755,"x"
"9809",25257.6271687655,26404.2020156723,"x"
"9810",24337.0494070862,24949.4117518027,"x"
"9811",25201.2312834907,26569.5457678197,"x"
"9812",25757.350606898,27600.3751189611,"x"
"9813",24811.7806435419,25575.2411191862,"x"
"9814",24183.4783672125,24548.5324125195,"x"
"9815",24696.5637007489,25608.5535538316,"x"
"9816",24612.2084839852,25413.5265745601,"x"
"9817",24646.7749293659,25524.9547486855,"x"
"9818",24964.1594450919,26072.2950048152,"x"
"9819",25415.7686150678,26821.2841746753,"x"
"9820",25185.1960444182,26455.2764299983,"x"
"9821",24282.0320985578,24875.9362245671,"x"
"9822",27330.8316530696,30867.3881954148,"x"
"9823",25147.4014185561,26375.4156447988,"x"
"9824",25491.3992146395,27096.8631574458,"x"
"9825",24741.4022227761,25729.3268334595,"x"
"9826",24330.2690968835,24642.928473764,"x"
"9827",25280.508531389,26772.2125258126,"x"
"9828",24715.392612255,25583.736202159,"x"
"9829",25074.7970047488,26376.3388221406,"x"
"9830",24239.3000882614,24649.7413323023,"x"
"9831",24864.2689470997,25978.6570982074,"x"
"9832",25002.1809422751,25965.8954045656,"x"
"9833",24968.8213486473,25922.3746139446,"x"
"9834",25181.8135479376,26449.3585510127,"x"
"9835",24247.0275027607,24684.4141359832,"x"
"9836",24416.7118779057,24731.919155992,"x"
"9837",24585.5789190303,25336.3732566785,"x"
"9838",24528.5738815372,25214.4250363694,"x"
"9839",24468.7821192878,25027.7216108786,"x"
"9840",25305.3916635732,26515.9722614103,"x"
"9841",25209.5868747553,26460.3683038453,"x"
"9842",24517.864180166,25177.1786431103,"x"
"9843",24935.173560223,25968.0221592397,"x"
"9844",24466.4958994887,25172.1248811695,"x"
"9845",24703.5595977618,25657.0326202852,"x"
"9846",24749.7408549352,25633.4516146553,"x"
"9847",24540.9454406096,25168.1634229148,"x"
"9848",24325.7469416001,24855.2350052136,"x"
"9849",24497.5812126493,25212.5967987684,"x"
"9850",24441.3055281915,24892.8099136036,"x"
"9851",24852.0809405812,25881.0250658453,"x"
"9852",24476.488359423,25246.5727736349,"x"
"9853",24542.1600490059,25051.3895716066,"x"
"9854",25063.8163987924,26102.8998600361,"x"
"9855",24608.8952125796,25296.7964058645,"x"
"9856",24644.7699673788,25334.8831714292,"x"
"9857",25044.1875679025,26202.0831902667,"x"
"9858",24491.6644128009,25049.6410580495,"x"
"9859",24544.7584563815,25006.6757343907,"x"
"9860",25570.6276854125,27343.2810642068,"x"
"9861",24465.4071279117,24779.6840682908,"x"
"9862",24310.947919467,24707.3505408346,"x"
"9863",24401.8461483473,24893.0058328464,"x"
"9864",24469.3174101116,25185.1212627042,"x"
"9865",24451.6438551909,24976.9027840923,"x"
"9866",24694.2046553113,25648.2707740916,"x"
"9867",24539.8149637997,25213.8542756339,"x"
"9868",24513.6420126563,25058.4766356582,"x"
"9869",24364.1022914562,24945.6561933272,"x"
"9870",24563.8011219734,25235.0763594218,"x"
"9871",24465.2163120363,25202.2919789633,"x"
"9872",24864.4925909423,25824.4245465983,"x"
"9873",24744.8290365695,25544.4205823884,"x"
"9874",24469.1156516496,25022.2466396998,"x"
"9875",24409.1652631602,24826.1628324094,"x"
"9876",24764.1421473216,25569.9200110248,"x"
"9877",24690.3159563854,25328.592300635,"x"
"9878",25101.1093600483,26182.3008840527,"x"
"9879",24789.5759448104,25804.4609701666,"x"
"9880",24179.970441871,24490.3988665699,"x"
"9881",24638.6315616088,25362.4791428443,"x"
"9882",24834.4561260666,25684.4888162713,"x"
"9883",25041.3993511077,25903.5564799003,"x"
"9884",25028.8936416998,26235.7192953081,"x"
"9885",24808.267933127,25799.9480313204,"x"
"9886",24611.2979632658,25147.3342621574,"x"
"9887",24570.9899546974,25270.0215376392,"x"
"9888",24780.4396446535,25391.6047255858,"x"
"9889",25003.7155696004,25924.2852897519,"x"
"9890",24405.8152979127,24946.0828239297,"x"
"9891",24529.3072150443,25228.5214082191,"x"
"9892",24416.8867870375,25024.3608439918,"x"
"9893",24925.4563876813,25875.9281028777,"x"
"9894",24410.9292931745,25081.5059413339,"x"
"9895",24576.1016544088,25085.4926800055,"x"
"9896",25601.7070263685,27205.7997085456,"x"
"9897",28115.9456343358,32606.4351971227,"x"
"9898",24311.0976331764,24838.9006110649,"x"
"9899",25077.7829938774,25864.4674744852,"x"
"9900",25107.3145206791,26349.3254646137,"x"
"9901",24951.523113147,25987.6392794984,"x"
"9902",24595.8837689813,25247.1212700752,"x"
"9903",24360.8614357559,24798.654115611,"x"
"9904",24837.7418304158,25859.8517631874,"x"
"9905",24548.2043850282,25354.2848543885,"x"
"9906",24500.6107631051,25063.5730085814,"x"
"9907",24567.901914467,25005.3942081941,"x"
"9908",25315.6702627547,26600.714141311,"x"
"9909",24601.6041809419,25304.5525139106,"x"
"9910",25006.4440529951,26079.9571233161,"x"
"9911",24890.619696284,25989.1799112524,"x"
"9912",24729.8610077106,25347.2450228432,"x"
"9913",25074.1805287842,25926.2064776925,"x"
"9914",24804.6833944065,25554.1813088578,"x"
"9915",24784.0239455616,25520.1801515044,"x"
"9916",24581.6436116228,25261.5700371314,"x"
"9917",24502.6827822422,25187.7286637541,"x"
"9918",24545.1296163288,25108.2644337605,"x"
"9919",25439.9060442457,26905.2803056175,"x"
"9920",24997.8464536728,26104.7822284957,"x"
"9921",24811.055444524,25826.2142551554,"x"
"9922",24973.1378986712,25958.5525294778,"x"
"9923",24714.5070629661,25717.2284002161,"x"
"9924",24876.1363758183,25871.4571586727,"x"
"9925",24486.3087979571,24970.1027984962,"x"
"9926",24608.4639714596,25337.4350479863,"x"
"9927",24851.2022381897,25866.3243174626,"x"
"9928",24189.5027521997,24609.9928183316,"x"
"9929",24934.9587570266,25985.4241872306,"x"
"9930",24900.6880001354,25851.2979495715,"x"
"9931",24696.7725389672,25545.4951854432,"x"
"9932",25711.973293645,27365.8163903665,"x"
"9933",25095.9905189325,26316.6774120156,"x"
"9934",24334.8136180032,25106.6119852721,"x"
"9935",24816.9083115393,25591.4719687279,"x"
"9936",24536.2848874231,25344.6163344052,"x"
"9937",24718.1947411328,25715.0186111307,"x"
"9938",24809.3783842624,25602.2346569499,"x"
"9939",24461.1364803593,25021.2713875917,"x"
"9940",24349.0141087983,24971.1236074184,"x"
"9941",24711.6797974311,25624.7165692377,"x"
"9942",24281.6266497355,24673.5673524028,"x"
"9943",24462.4713848543,24950.2599996026,"x"
"9944",24568.3994247747,25327.0839857944,"x"
"9945",24983.0130094932,26091.6853760279,"x"
"9946",25365.8971482754,26985.1765482386,"x"
"9947",24659.6144009896,25389.5506008731,"x"
"9948",24472.1672149262,25017.931498519,"x"
"9949",24486.748112436,25074.9115140843,"x"
"9950",24716.9606200217,25549.6250115906,"x"
"9951",25146.4424669649,26567.0326595713,"x"
"9952",25373.115670844,26858.7741000026,"x"
"9953",24602.892016439,25295.7808641109,"x"
"9954",24613.1855040503,25435.7092447987,"x"
"9955",24912.2230778512,25819.954072264,"x"
"9956",24537.5806866527,24998.8516075173,"x"
"9957",24891.3656561213,25855.8660737522,"x"
"9958",24803.0780612953,25735.1354335615,"x"
"9959",24882.0582914205,25835.9705584482,"x"
"9960",24621.493124376,25452.8549838672,"x"
"9961",24660.146884689,25464.5880327704,"x"
"9962",24384.3024144543,24909.4468799238,"x"
"9963",24268.6235035566,24600.620875084,"x"
"9964",24790.8022279488,25780.158983968,"x"
"9965",24414.2301188273,24990.2514243382,"x"
"9966",24699.353840842,25449.4813930178,"x"
"9967",24690.4081034418,25472.4543149649,"x"
"9968",25231.4852118499,26685.2805041909,"x"
"9969",24552.380519758,25013.5380521336,"x"
"9970",24680.062396915,25267.1297156865,"x"
"9971",24727.9992295986,25696.3841658975,"x"
"9972",25037.8485192269,26213.7857542172,"x"
"9973",24687.5219367024,25578.4186798634,"x"
"9974",24993.626616662,26130.8818515306,"x"
"9975",24765.4373223112,25520.6887187872,"x"
"9976",24828.4289885942,25516.8305306139,"x"
"9977",24617.5446229386,25431.8344920013,"x"
"9978",24558.2472726393,25217.9738042885,"x"
"9979",25294.8051623255,26602.2599316159,"x"
"9980",25201.7011870043,26611.0453897063,"x"
"9981",24620.3866892773,25317.8218698326,"x"
"9982",25065.6819924567,26209.0554790559,"x"
"9983",25592.8399606877,27223.7672011997,"x"
"9984",24521.9001965337,25180.3815192589,"x"
"9985",24528.3945557712,25118.8153666783,"x"
"9986",24597.4371099423,25416.8344558304,"x"
"9987",24655.3960682851,25491.2716326672,"x"
"9988",24327.187153719,24885.0361381092,"x"
"9989",24999.6902392817,26239.2131777645,"x"
"9990",24445.3669066729,25034.3522927087,"x"
"9991",24995.7693897285,26047.2509325898,"x"
"9992",24833.8921684157,25696.6789033146,"x"
"9993",24675.4664054633,25481.4554311934,"x"
"9994",24554.5931234036,25264.8161131775,"x"
"9995",24684.9866472977,25289.4455493223,"x"
"9996",24814.7151675987,25752.010943143,"x"
"9997",25516.7523490535,27244.5908046099,"x"
"9998",24894.3465227537,25709.1995212189,"x"
"9999",24964.5130198813,26192.666865691,"x"
"10000",24885.9423015562,25651.7107947434,"x"
