"","Estimate","upperCI","Cul"
"1",15251.9858377239,-9459.67811515955,"x"
"2",16419.8368525949,-12248.4112747016,"x"
"3",16238.7016388063,-12847.5181373258,"x"
"4",14584.8182042503,-7030.76635797639,"x"
"5",14783.0979075094,-7481.24710470226,"x"
"6",15295.1167716495,-9165.73826333168,"x"
"7",16170.1233676343,-13186.7830013133,"x"
"8",11444.7035081977,-503.162967806424,"x"
"9",16208.304572422,-11441.4562530656,"x"
"10",16330.1357242429,-12293.4473401115,"x"
"11",16841.2663420097,-13865.0494289564,"x"
"12",17267.9118317332,-14505.1911425868,"x"
"13",13897.4423705889,-6315.09366925261,"x"
"14",17661.8685637362,-16144.5839828094,"x"
"15",14322.8977462511,-8686.67516446088,"x"
"16",15041.2024856982,-9273.94735692708,"x"
"17",12208.9387388301,1629.39913467569,"x"
"18",15257.668120047,-8481.42242274356,"x"
"19",15380.1030755687,-9925.28619296193,"x"
"20",16337.850955774,-13364.1199126462,"x"
"21",18167.0912743219,-15909.5764158139,"x"
"22",17082.5859107362,-14638.4152151942,"x"
"23",16925.9215102847,-13390.7689543229,"x"
"24",16622.4586531839,-13805.0190132452,"x"
"25",15888.756934159,-12480.0887872268,"x"
"26",14540.2184230986,-7671.32301555971,"x"
"27",14197.2224850585,-5960.81102539065,"x"
"28",13673.8608915941,-5591.6844757612,"x"
"29",17857.6539161636,-16235.7723815098,"x"
"30",16118.2955090808,-11436.9573778143,"x"
"31",15586.6319100097,-11896.1670604091,"x"
"32",16425.2018545692,-12660.7288874935,"x"
"33",18167.1181115192,-16083.5906168316,"x"
"34",12876.1310615054,-2733.58064976021,"x"
"35",17826.0788988632,-15547.3440567146,"x"
"36",11796.2890887827,-1107.38072792772,"x"
"37",16756.2775864427,-12694.1682856111,"x"
"38",11980.904437437,-280.921311140164,"x"
"39",15242.644937083,-10092.9185082223,"x"
"40",11812.4769897671,-1518.43486129439,"x"
"41",13391.2654328711,-4960.67435646041,"x"
"42",16510.1471989525,-12768.9479875153,"x"
"43",15572.7484647938,-9251.52664401852,"x"
"44",15323.2546067663,-10248.0345275124,"x"
"45",17062.8138107082,-14140.5877703684,"x"
"46",17451.5264846917,-14162.6726592472,"x"
"47",15254.251825636,-9822.47227426719,"x"
"48",15204.360039632,-9459.62970108726,"x"
"49",16373.3593381876,-12150.9104181254,"x"
"50",14544.2475125086,-7675.43637621356,"x"
"51",13551.1425160288,-5110.96777243069,"x"
"52",16134.3967157966,-11589.8162590069,"x"
"53",15686.1602693224,-10766.3063604642,"x"
"54",14484.9653427287,-7268.58288957536,"x"
"55",15608.7372361707,-11816.5465670786,"x"
"56",13958.9920618928,-6011.69330791566,"x"
"57",16555.6776085836,-12054.1609410743,"x"
"58",12276.7824664985,-772.7330988459,"x"
"59",15445.5002078399,-9971.39620608704,"x"
"60",17436.5759644023,-15296.5155757515,"x"
"61",13931.6925607351,-7167.57290887435,"x"
"62",13431.2602046552,-5384.09088636829,"x"
"63",16607.1079034718,-12958.0259354371,"x"
"64",11859.6161015627,-645.052686106374,"x"
"65",16206.9375255251,-11771.2269362931,"x"
"66",14078.3699159596,-7386.05107566995,"x"
"67",17875.0261478947,-15497.1150036321,"x"
"68",15813.093972736,-11712.0133936801,"x"
"69",15107.0874699259,-9506.32489699765,"x"
"70",15650.856683687,-10640.9318183832,"x"
"71",12544.6427907678,-2562.00583717935,"x"
"72",15258.8256032081,-9499.29913272541,"x"
"73",13665.7542257166,-7328.58753111991,"x"
"74",16876.4900783058,-12559.5946016464,"x"
"75",17373.8126249707,-13975.3323478509,"x"
"76",15153.9827498686,-8692.82863787963,"x"
"77",12841.7363613853,-3562.12840706227,"x"
"78",13941.4514018398,-7537.66974401761,"x"
"79",14355.6545344352,-7260.25060097381,"x"
"80",13575.228175355,-4826.91360988176,"x"
"81",13779.4185526114,-4793.58131524791,"x"
"82",12558.8530267572,-2687.34827870279,"x"
"83",17263.1706780356,-14193.4722932084,"x"
"84",14032.3101795508,-5760.56806693788,"x"
"85",18200.6546045851,-16322.8130001031,"x"
"86",15297.5240020405,-10722.8581187914,"x"
"87",16157.7586683323,-12619.0402580843,"x"
"88",15732.9431093615,-10307.450472906,"x"
"89",13221.0393091466,-3407.95480794553,"x"
"90",16525.282602343,-11944.5573589492,"x"
"91",13410.3502268209,-3388.8636655811,"x"
"92",13984.750705284,-7973.03433726069,"x"
"93",15259.9252387232,-9586.11794824936,"x"
"94",13265.7128452926,-5138.82311652243,"x"
"95",16067.0244991587,-12585.0134760166,"x"
"96",13562.0395176294,-5133.6728931289,"x"
"97",17995.0343471249,-15686.9690919113,"x"
"98",12260.228733429,-3317.14456456607,"x"
"99",13760.6132915681,-6423.34432383301,"x"
"100",13520.5188068846,-5099.2698104528,"x"
"101",13784.530525276,-6194.42715690181,"x"
"102",18940.4812113111,-17326.6297798717,"x"
"103",14811.3689927703,-7504.54089790514,"x"
"104",17170.3238380721,-14779.9487081293,"x"
"105",17657.9143351053,-15733.1933654474,"x"
"106",16183.096341286,-12894.6114444539,"x"
"107",14157.4499275435,-6449.44730703667,"x"
"108",15524.9517221028,-10837.191553668,"x"
"109",13115.4011463136,-4765.43903053886,"x"
"110",9926.41788274557,7020.18973023737,"x"
"111",13817.3851293192,-6251.62101660226,"x"
"112",15401.6925583709,-10219.6691135146,"x"
"113",12959.965172745,-4011.4034767513,"x"
"114",15923.534190142,-12175.0843650077,"x"
"115",15134.5027863297,-9396.21670336257,"x"
"116",13660.5009868212,-5311.24825328784,"x"
"117",15219.3406385299,-9746.11838948839,"x"
"118",18820.6240903154,-18154.7853983887,"x"
"119",14843.3206327677,-9362.81029507872,"x"
"120",18213.3517069586,-16204.1300244872,"x"
"121",14825.6854969907,-9320.33938176378,"x"
"122",15441.9945728493,-11429.1828827903,"x"
"123",14309.9805054312,-8163.73073088842,"x"
"124",12184.9380505345,-1372.87281073532,"x"
"125",15837.8367713961,-11261.1828518362,"x"
"126",16878.7343411049,-13245.9324930195,"x"
"127",17437.5937320307,-14965.021364266,"x"
"128",17557.643316251,-15396.0243468603,"x"
"129",11329.4725743457,-80.4394869572589,"x"
"130",17962.4581132609,-14958.9271834672,"x"
"131",15105.188788346,-9310.763954908,"x"
"132",15484.8540236556,-11003.075285867,"x"
"133",9892.507676466,10385.5791085765,"x"
"134",17504.2558586162,-15208.0814298604,"x"
"135",15635.9962084558,-10625.3755501312,"x"
"136",12246.9201607764,-656.816219851575,"x"
"137",15312.4845340267,-8748.72061901603,"x"
"138",14644.7725543233,-9884.71790230378,"x"
"139",16427.2068471831,-12159.9835483157,"x"
"140",12890.0852985429,-2209.55963550326,"x"
"141",14649.1183714686,-8334.72668566346,"x"
"142",16616.2053233694,-12423.2340329569,"x"
"143",17740.4610163808,-15098.5947010443,"x"
"144",12555.1264714259,-2785.60571548758,"x"
"145",18484.6074849434,-16940.1480675394,"x"
"146",16109.4547148627,-10508.2918193474,"x"
"147",17166.4516683731,-13905.9982800236,"x"
"148",13022.5759443316,-3745.64352149636,"x"
"149",16628.5150946636,-12274.6532940095,"x"
"150",12421.0553839316,133.94563959719,"x"
"151",14872.4130925241,-8345.09408203906,"x"
"152",11950.3972521825,272.613590121757,"x"
"153",15356.6366564709,-9996.98608956552,"x"
"154",17010.1626793034,-14009.3154535246,"x"
"155",15572.6971229375,-9184.74509526368,"x"
"156",13664.6593682883,-4646.44523614601,"x"
"157",17769.0128407677,-15273.9681809299,"x"
"158",14792.4887990494,-9057.13312964658,"x"
"159",17610.3052475935,-15082.8915504372,"x"
"160",15205.3128797538,-10323.0475386576,"x"
"161",16464.2594000912,-12684.6337599651,"x"
"162",16351.3966174678,-12340.8489891167,"x"
"163",16746.2368290381,-11047.9297763426,"x"
"164",14256.4906918457,-6187.73903710419,"x"
"165",14584.014114201,-7708.88613500035,"x"
"166",15490.1360949097,-10346.0653644601,"x"
"167",13329.3144941349,-5387.28826564366,"x"
"168",16067.4735730016,-11633.0168597322,"x"
"169",17076.2631249195,-13384.276616255,"x"
"170",11349.4823051006,2595.68370133814,"x"
"171",14199.2038619861,-5995.785293204,"x"
"172",17314.0154230215,-13637.6698741924,"x"
"173",15124.2192650223,-10102.6467359746,"x"
"174",11830.8672108667,1103.52951036652,"x"
"175",14127.989028749,-6018.14256988204,"x"
"176",14615.5847663965,-8059.88257343043,"x"
"177",12419.4524904963,-2433.50182390301,"x"
"178",15393.0295589159,-9596.63005988629,"x"
"179",15756.1592351829,-11773.1553924546,"x"
"180",14493.436141966,-8777.99439286469,"x"
"181",13971.7606841978,-5572.02212108179,"x"
"182",14932.714382692,-9203.17899205592,"x"
"183",15475.4744486962,-10342.7891620401,"x"
"184",15875.133367981,-12420.6071109334,"x"
"185",13305.446930912,-4107.12463923211,"x"
"186",16796.8755418413,-13304.8605480438,"x"
"187",15316.098683395,-10191.4121899212,"x"
"188",15772.0954175395,-10165.463838315,"x"
"189",13048.1233478189,-4702.85704131807,"x"
"190",17434.909947128,-14766.676011977,"x"
"191",14115.3175622973,-5535.5075377268,"x"
"192",13389.1467157238,-4452.94371143329,"x"
"193",17784.831640188,-15665.4277272763,"x"
"194",14067.3602334643,-6572.66103107673,"x"
"195",14391.600887689,-8050.25327946769,"x"
"196",17152.7781262355,-14369.1235230771,"x"
"197",16900.2369346764,-12300.490103532,"x"
"198",13319.485745007,-2941.86306566932,"x"
"199",12612.7932712763,-2728.3691051868,"x"
"200",15989.8354533466,-11628.1540764075,"x"
"201",16158.4205677168,-11682.322270648,"x"
"202",16990.1033530688,-13527.9632289423,"x"
"203",18198.1796598582,-16404.9502603463,"x"
"204",14681.7716260562,-7877.34492610903,"x"
"205",17775.6820591698,-16115.3624901776,"x"
"206",14404.9791327712,-6332.42844760193,"x"
"207",13317.2290751258,-3804.04237450488,"x"
"208",15786.6892271868,-11521.3669778336,"x"
"209",13883.0471002379,-6751.17694219792,"x"
"210",16771.0436558667,-13788.0071579904,"x"
"211",16810.1732813075,-13484.0602319925,"x"
"212",14072.0302880315,-6493.19546367864,"x"
"213",13734.0505044298,-5101.32373468325,"x"
"214",14517.9190850038,-7132.90704230667,"x"
"215",12852.5088644168,-4336.16366178903,"x"
"216",18233.2462129405,-15942.2166934764,"x"
"217",17401.2009548637,-15040.6608973906,"x"
"218",13108.6975421328,-6007.49863476198,"x"
"219",14172.0275659696,-6093.72463442645,"x"
"220",14555.2032731681,-7636.29062324465,"x"
"221",14047.8845983493,-5262.34409447404,"x"
"222",15955.2648115116,-10360.2750116228,"x"
"223",10810.155764151,2482.86336241366,"x"
"224",13814.4857540896,-5430.48449698448,"x"
"225",16318.1749334865,-12593.2266135614,"x"
"226",12530.5970470048,-3726.96650758764,"x"
"227",15036.093398675,-10181.219867096,"x"
"228",16205.009490845,-12803.7390609991,"x"
"229",15717.8558266053,-11322.0432534748,"x"
"230",16350.3752360946,-12736.4389237259,"x"
"231",14992.1866723851,-8307.89769507793,"x"
"232",14316.790530445,-7424.00714824415,"x"
"233",11079.6865963141,2512.32893977538,"x"
"234",15253.8915296532,-10011.3096850373,"x"
"235",14435.6853022735,-7257.52267474401,"x"
"236",14702.1005569911,-8347.97232964127,"x"
"237",16560.1791538924,-12690.1975569052,"x"
"238",13605.2930270706,-4047.93649451647,"x"
"239",11838.2891140544,772.942671439983,"x"
"240",13797.5303405029,-5384.02546569838,"x"
"241",15230.5196009491,-10333.0799779249,"x"
"242",13918.8961952387,-5954.07154840847,"x"
"243",14715.4508295614,-8605.06398570773,"x"
"244",17895.5333328227,-15428.1667451669,"x"
"245",15810.584093455,-11112.8419782963,"x"
"246",16968.8769853695,-13391.5762796642,"x"
"247",15030.6345736934,-9486.41845862954,"x"
"248",15430.9327415527,-10322.3953466513,"x"
"249",14329.8212271064,-8103.44275052958,"x"
"250",15257.142324381,-8553.43050795424,"x"
"251",16907.0727969323,-13964.7555002527,"x"
"252",16816.4596600487,-13531.5828091583,"x"
"253",18237.9781636396,-15659.8149449657,"x"
"254",12502.423374795,-3425.31765445141,"x"
"255",17364.8993828785,-14851.2192023397,"x"
"256",15159.3666637925,-9482.88571542089,"x"
"257",18055.554863626,-15985.5112395332,"x"
"258",17532.7268707056,-14858.9659530876,"x"
"259",15364.8536753934,-9627.39130350105,"x"
"260",12823.6971878202,-2537.08229181368,"x"
"261",13304.513124188,-3676.90662863,"x"
"262",16295.9061596378,-13058.7700805305,"x"
"263",13637.5295629107,-5791.95359895393,"x"
"264",16297.8118613157,-12526.3003518347,"x"
"265",15336.1507623525,-10524.5014332942,"x"
"266",12737.9775121881,-1435.88063927311,"x"
"267",15097.1746499183,-9245.45514830806,"x"
"268",14245.5827840929,-8350.60888281366,"x"
"269",15514.7104558725,-11726.8293788306,"x"
"270",15942.210451842,-11370.6683811845,"x"
"271",15570.5459168854,-10641.5737120339,"x"
"272",12813.3128087605,-3599.79525558862,"x"
"273",16793.5769330281,-13019.0580638543,"x"
"274",17734.8974130646,-15151.7397454669,"x"
"275",14728.7157601774,-7912.90363173846,"x"
"276",13503.7581829544,-4354.94400878636,"x"
"277",15626.8130646203,-10936.7815334098,"x"
"278",10703.997829539,3924.39555075632,"x"
"279",17187.9391884531,-14488.0607277318,"x"
"280",15888.9448530647,-11180.3242241892,"x"
"281",12678.8365479749,-1215.06835338144,"x"
"282",14707.0888008214,-8228.05772210315,"x"
"283",14041.2401079485,-8143.8429036701,"x"
"284",15041.9876449413,-9488.37473942804,"x"
"285",14722.713033343,-8921.30533267217,"x"
"286",17330.9407864606,-14044.2184244678,"x"
"287",16003.3043996228,-10978.2078112508,"x"
"288",12489.0145148306,-3575.4208023379,"x"
"289",15113.4382469784,-9055.54273600649,"x"
"290",15918.058103277,-11942.2683027676,"x"
"291",11353.8350412709,1738.4442684549,"x"
"292",16686.0129710526,-12711.431240712,"x"
"293",13384.654228959,-4037.88892821832,"x"
"294",12332.1012849837,-2246.92955820548,"x"
"295",14904.2356822748,-7552.27614700436,"x"
"296",17800.6660886303,-14671.2578662791,"x"
"297",15728.6560354032,-9898.49515899932,"x"
"298",14733.1058382033,-9500.75120315693,"x"
"299",16030.3526022755,-10771.4268663025,"x"
"300",11062.3323627014,1700.65025231885,"x"
"301",15799.8092649149,-11626.9801469386,"x"
"302",14202.2308856109,-6187.93178936178,"x"
"303",14913.5478419901,-8971.21754401924,"x"
"304",15118.9905714008,-11519.3289157541,"x"
"305",16246.0858611462,-11476.5034795137,"x"
"306",13372.634851551,-4520.9349713848,"x"
"307",11523.1358783224,-123.189367822652,"x"
"308",18155.553518322,-16288.6990992435,"x"
"309",16290.324225817,-11519.3833915856,"x"
"310",16157.4531164204,-12666.1285885466,"x"
"311",13700.8952738331,-6924.31530664005,"x"
"312",12051.7872381955,-958.441446592398,"x"
"313",13281.9738968067,-4991.20477328172,"x"
"314",16877.1031279866,-14069.4330832945,"x"
"315",14621.4115970559,-8746.28333190026,"x"
"316",14803.8394359234,-8654.15666263986,"x"
"317",16356.6528850951,-13345.563988608,"x"
"318",11828.5180677799,-619.413413337166,"x"
"319",17791.6012140487,-16107.258786936,"x"
"320",13280.0198046666,-3762.6865470806,"x"
"321",15585.9548358867,-9808.67459559468,"x"
"322",15336.9262156152,-8115.57702831299,"x"
"323",17222.9234168476,-14062.4826756095,"x"
"324",18256.7722642153,-16689.0608813235,"x"
"325",14227.8301371301,-8357.97335952885,"x"
"326",14854.8032813078,-7383.47813319446,"x"
"327",16648.178983921,-12851.2267055957,"x"
"328",15817.9797698868,-11598.7583495007,"x"
"329",12917.0003253453,-4598.82632296399,"x"
"330",13067.1615308502,-3202.30655953365,"x"
"331",17021.0501910285,-13353.4924346065,"x"
"332",14870.4621767539,-8488.2068581015,"x"
"333",14427.7261273194,-7362.98471396801,"x"
"334",12652.7776298781,-1449.2624702084,"x"
"335",17097.0261107723,-13778.7845570206,"x"
"336",17713.6916841904,-15398.3250312363,"x"
"337",14706.4140874432,-8675.35892423598,"x"
"338",14165.2216293966,-6243.10785272579,"x"
"339",13687.5806723831,-5877.41889948164,"x"
"340",14829.1023881811,-8544.64233714224,"x"
"341",18232.7119035516,-16867.0702908012,"x"
"342",16815.8050217736,-14034.0739474129,"x"
"343",12278.2541641321,-946.533842513263,"x"
"344",18842.7103389023,-17595.5228377012,"x"
"345",13350.8658933101,-4289.53823058754,"x"
"346",17912.4115711507,-15477.7295299511,"x"
"347",17981.8556164651,-15565.3066277777,"x"
"348",15296.1307959465,-8736.08989191692,"x"
"349",14112.327339583,-6861.29311984402,"x"
"350",14353.673052597,-6755.64033173585,"x"
"351",12953.8031744436,-4004.16590896028,"x"
"352",15144.8492789323,-9255.54977564669,"x"
"353",16262.3332466374,-11612.0904692089,"x"
"354",14462.2067492149,-8457.37741584821,"x"
"355",16873.6571402243,-13339.8809345719,"x"
"356",16494.0703581913,-12751.4597496526,"x"
"357",15659.2666516716,-11209.8595511404,"x"
"358",12593.5245857026,-2700.82908204987,"x"
"359",13672.5077090657,-4717.60830926327,"x"
"360",15721.9008720335,-11276.5783729725,"x"
"361",16606.1428214829,-12916.1792731781,"x"
"362",14451.3522761863,-7417.37591070336,"x"
"363",14446.1871059576,-7415.70068456734,"x"
"364",17744.9614202516,-14821.7875578958,"x"
"365",18271.1579176093,-16442.7162888768,"x"
"366",18210.1883330121,-16941.2174929219,"x"
"367",12411.6855705018,-1641.54149348764,"x"
"368",15587.4205676099,-10035.2022326237,"x"
"369",15503.7148443879,-11411.2469432434,"x"
"370",15331.0280172431,-9733.20608293761,"x"
"371",16120.3782574159,-12125.4220863034,"x"
"372",18266.9054067769,-16244.1916425156,"x"
"373",14682.1356359912,-9832.49049313512,"x"
"374",14503.4154867134,-8945.77305706612,"x"
"375",13870.131607497,-6888.83218863765,"x"
"376",17410.8572250259,-14868.4270011864,"x"
"377",17893.6846368187,-16193.8004752619,"x"
"378",15979.5691588646,-11761.6721939278,"x"
"379",13484.7557988853,-4774.06160137099,"x"
"380",14553.1173224684,-8682.1811431229,"x"
"381",16016.6098872631,-11883.4758035337,"x"
"382",13813.6875619792,-6454.76398446903,"x"
"383",15144.1467089123,-8841.36325005021,"x"
"384",16370.1821441674,-12229.2646573844,"x"
"385",12385.7379371797,-712.298975391739,"x"
"386",16723.3081242719,-12429.5133687915,"x"
"387",12914.8382560332,-5108.59455869039,"x"
"388",15002.2559125824,-8830.00534117612,"x"
"389",13493.7612645955,-6397.33410058893,"x"
"390",12056.4223615634,-450.901424265836,"x"
"391",15294.6647081156,-9583.79793260365,"x"
"392",15433.5178114172,-10432.1904008338,"x"
"393",15308.8738822057,-9745.07582325389,"x"
"394",16892.2594603289,-13394.5355924328,"x"
"395",17981.4978103782,-15509.9480325279,"x"
"396",15485.7786609398,-11325.4982477336,"x"
"397",14047.8965946436,-5759.35989416468,"x"
"398",12915.8082895108,-4456.3770643731,"x"
"399",16454.1406048691,-13090.0336739465,"x"
"400",17258.4390467903,-14821.5250030634,"x"
"401",14230.2582838459,-7350.37270741785,"x"
"402",14713.0738662531,-8181.1021348605,"x"
"403",14348.648264439,-9888.24431717857,"x"
"404",13408.5808057175,-5569.94296802679,"x"
"405",14853.5453127443,-7309.53358396444,"x"
"406",9454.54231908444,7688.30588451281,"x"
"407",12596.3745017812,-2940.08960765678,"x"
"408",10826.9992262336,3373.57350188934,"x"
"409",14960.5859689109,-8381.51095652283,"x"
"410",16282.6753530033,-12414.7050332306,"x"
"411",18746.4616083116,-17424.6315389606,"x"
"412",16143.0604108222,-12557.9562230357,"x"
"413",16275.0127069193,-12497.4454699394,"x"
"414",14650.2138130084,-6756.05975075469,"x"
"415",15009.9122835921,-8984.60444539077,"x"
"416",16758.484476184,-13455.2420590327,"x"
"417",14261.0821710902,-7565.49689051907,"x"
"418",13125.6306544763,-3116.75706018829,"x"
"419",14547.0569657916,-7008.53773937156,"x"
"420",14347.1016774948,-6737.75481363658,"x"
"421",12629.333237797,-4355.64115447394,"x"
"422",16010.8927967299,-11387.1335140326,"x"
"423",16538.7952842877,-12782.724397466,"x"
"424",16213.1719317425,-12109.1399565298,"x"
"425",17459.3559727899,-15223.8958724678,"x"
"426",16018.6669327359,-10946.6843848661,"x"
"427",8441.67725578077,10625.8827888469,"x"
"428",13170.4138524657,-3930.35017312517,"x"
"429",13140.1677849071,-4206.50492866937,"x"
"430",12497.4610185269,-2337.5081421132,"x"
"431",17223.2512744135,-13712.1669591804,"x"
"432",16448.9979513924,-12853.0269453404,"x"
"433",15521.3989885739,-10405.576423014,"x"
"434",10588.9336921186,3488.77369347879,"x"
"435",15983.1513490346,-11583.2112510129,"x"
"436",14475.285535595,-5330.04471611852,"x"
"437",13840.518500364,-6678.16626274448,"x"
"438",13957.7472617225,-5289.32894160098,"x"
"439",13414.7475416243,-3705.73386002487,"x"
"440",14151.46852773,-6326.6268931191,"x"
"441",15531.6332574164,-11677.0775820694,"x"
"442",16616.5194764283,-12229.0218266922,"x"
"443",18491.5861955925,-16759.2953226976,"x"
"444",16924.4786998212,-13132.5611143366,"x"
"445",12987.8124888515,-2642.96056412212,"x"
"446",16832.0240655635,-14170.7076807956,"x"
"447",15031.2964416618,-8766.96806499415,"x"
"448",13758.2786556103,-6410.52741616314,"x"
"449",17521.0601603523,-15200.6656611197,"x"
"450",18005.7854106266,-16280.1554819377,"x"
"451",15313.8852817234,-10694.838242541,"x"
"452",15463.7040350483,-9984.01669895807,"x"
"453",15906.6534393456,-11969.1840222101,"x"
"454",11733.2655940079,-600.825191055397,"x"
"455",15593.077990754,-10012.7802081001,"x"
"456",15512.4447188795,-10377.378972377,"x"
"457",14722.2363163843,-8378.50524936587,"x"
"458",17442.3931572205,-14456.8233411454,"x"
"459",14097.2046356451,-6804.83149590255,"x"
"460",12872.8796033078,-4357.89983251401,"x"
"461",16337.1110161451,-11464.8324509917,"x"
"462",12848.5303351323,-3017.92386262048,"x"
"463",15298.7534528958,-8962.26510019728,"x"
"464",13690.9746070348,-5813.26835111319,"x"
"465",16478.9569737561,-12945.286666057,"x"
"466",14464.8708252344,-7107.32935425238,"x"
"467",13928.0694128818,-5176.37184318032,"x"
"468",17448.5037682859,-14059.3800589414,"x"
"469",14541.2397100878,-7303.75450011786,"x"
"470",16752.4023531579,-13194.4441439405,"x"
"471",16433.6234975717,-12052.2760599243,"x"
"472",16681.3699516295,-13342.7483393581,"x"
"473",16080.490605116,-11919.1534249718,"x"
"474",16422.6616486391,-13805.2234788996,"x"
"475",17959.3550267244,-16740.7585880099,"x"
"476",16329.3985527472,-12310.2945476595,"x"
"477",18223.6265393801,-16611.9079702176,"x"
"478",14538.4918734644,-9420.08840251486,"x"
"479",13911.4615932434,-5405.30810122732,"x"
"480",16486.6976526087,-12244.5138279514,"x"
"481",16258.9600364718,-12333.0379537053,"x"
"482",18097.3382886542,-15926.3328542415,"x"
"483",17091.9413083763,-14317.9289206873,"x"
"484",15775.5162266071,-11581.1732738575,"x"
"485",18304.1689669108,-17011.9394369337,"x"
"486",14165.3244269869,-6532.48591076512,"x"
"487",16402.4745856797,-12133.4094441653,"x"
"488",13039.5127865526,-2163.94706142524,"x"
"489",12532.5838654451,-3545.09128074459,"x"
"490",18878.847238684,-18064.5556666137,"x"
"491",13604.7565951234,-5166.55448741638,"x"
"492",13576.7340727882,-4610.29103422528,"x"
"493",15348.6702031125,-9955.12500774033,"x"
"494",15382.6005924791,-9715.640861164,"x"
"495",16255.1602935092,-11738.5507439883,"x"
"496",11289.4253203037,-284.684045535801,"x"
"497",17622.673613078,-14499.3029506827,"x"
"498",11559.8534572743,2131.41315181051,"x"
"499",16015.8435551339,-10657.9885725941,"x"
"500",12206.3060587789,-2107.24134877664,"x"
"501",17954.5327186253,-15513.7703217537,"x"
"502",17961.9874777795,-16019.6383901443,"x"
"503",16374.3325484265,-14175.8959549704,"x"
"504",17083.8868373502,-14029.6670368614,"x"
"505",16404.3192228853,-12076.4404227235,"x"
"506",15995.3595446122,-11588.8685473262,"x"
"507",15389.2603540713,-9497.916942866,"x"
"508",16373.4501426022,-11833.1505797343,"x"
"509",17261.7686299035,-14467.7011614345,"x"
"510",15652.1612263238,-10491.1829343376,"x"
"511",15785.7157158502,-10195.8718923935,"x"
"512",14056.0058129236,-6796.59186979387,"x"
"513",15980.1702043422,-11256.2413670832,"x"
"514",13652.8566563798,-7549.14147738562,"x"
"515",14371.6187909313,-7775.11561206967,"x"
"516",15417.0381926767,-10527.7456751004,"x"
"517",14325.9441446476,-6592.39535896084,"x"
"518",15211.903967457,-8723.85067236893,"x"
"519",13877.0032893737,-5908.71300202827,"x"
"520",16267.6533348829,-11527.8516564722,"x"
"521",11582.2697345172,-1435.83849082974,"x"
"522",16322.2390943981,-12364.942598491,"x"
"523",18760.5484546357,-17767.3401381307,"x"
"524",14021.6361719321,-7774.99206555347,"x"
"525",15684.0515729415,-9908.58475892668,"x"
"526",14904.8310482198,-10100.7386258791,"x"
"527",16139.1528593191,-11248.6094822587,"x"
"528",14762.7711844982,-7639.56431880694,"x"
"529",11907.6682320162,1632.51322917412,"x"
"530",15559.8121898477,-9907.29146655462,"x"
"531",15813.4997025673,-11154.08795424,"x"
"532",12756.8423258737,-2022.06374204244,"x"
"533",14866.954770885,-9081.12036602185,"x"
"534",15598.2709840031,-11562.6009781521,"x"
"535",14737.7580517133,-8585.69187108533,"x"
"536",15941.3154732895,-11657.2925599073,"x"
"537",13918.8263860524,-7578.88931098554,"x"
"538",14840.4450857747,-8259.57643529921,"x"
"539",14816.1413479141,-8739.68002632985,"x"
"540",17341.4342590531,-14225.1927506492,"x"
"541",17972.6867711378,-16104.5643529808,"x"
"542",12333.626783898,-3789.72479689916,"x"
"543",15946.9350304583,-11818.3724874074,"x"
"544",15407.5251902681,-10475.8359174785,"x"
"545",13555.05450386,-2589.62412943376,"x"
"546",16205.7375915465,-11490.8288093744,"x"
"547",12687.0079540382,-2324.18153420191,"x"
"548",17724.5277198696,-13918.6664377699,"x"
"549",13157.701023516,-3508.65220139741,"x"
"550",14099.4183957015,-5363.72656323813,"x"
"551",12495.110221481,-1242.91772719857,"x"
"552",14152.4775943858,-6840.86325906287,"x"
"553",17949.5355048124,-16270.5083588986,"x"
"554",14582.7821696169,-9310.77679491182,"x"
"555",16387.6677252102,-12338.9296914186,"x"
"556",16208.8158003316,-11727.7660287193,"x"
"557",13785.5269960213,-7178.24309267586,"x"
"558",13680.1759892141,-5282.91380889142,"x"
"559",18232.0990951229,-16214.5258214022,"x"
"560",12751.7103154301,-1061.47850593286,"x"
"561",13559.367438244,-5728.02879730401,"x"
"562",16906.6486126321,-15128.1825612511,"x"
"563",16641.0712095501,-12444.2453435347,"x"
"564",18240.5377424576,-16658.8646114157,"x"
"565",18482.5487442107,-16637.9131791601,"x"
"566",17945.4808158897,-15568.9847099392,"x"
"567",14359.390829382,-6084.34512208086,"x"
"568",14562.1018368273,-6322.8104549349,"x"
"569",17287.5187366564,-14348.115048614,"x"
"570",16245.5213067543,-12482.0194631245,"x"
"571",16357.7985454509,-12763.832564899,"x"
"572",17995.1618546943,-15577.8258940416,"x"
"573",15703.9230411237,-11566.8871335849,"x"
"574",18418.1147251714,-16373.4570146619,"x"
"575",12714.3455930038,-3424.49812607717,"x"
"576",16743.0472427732,-13965.2219838537,"x"
"577",12793.0898320048,-3442.31049483156,"x"
"578",16312.1682919012,-12621.6641346531,"x"
"579",17666.2427890393,-15321.1824605172,"x"
"580",16260.3566338885,-12099.0538645543,"x"
"581",16560.6390640459,-12303.2518304048,"x"
"582",15110.2289874817,-8141.13027040429,"x"
"583",11879.076500187,-1271.8623187947,"x"
"584",13443.0393093276,-5361.91766782482,"x"
"585",16953.7265856638,-14005.8401382656,"x"
"586",10327.8875731242,6228.8521417182,"x"
"587",15552.2652404329,-10315.3334110354,"x"
"588",14567.448917007,-8921.30006010451,"x"
"589",16849.9083232596,-14489.6685459713,"x"
"590",16423.2240516318,-12701.7350452424,"x"
"591",16062.7982046118,-11055.1160021,"x"
"592",18355.7444431602,-16893.7055739596,"x"
"593",16685.0359806122,-12366.7157583483,"x"
"594",17813.4607138999,-14999.2094192091,"x"
"595",13909.4065867758,-5556.60234756857,"x"
"596",16702.9408284887,-12863.5359582463,"x"
"597",14679.4613630367,-8242.37736823167,"x"
"598",17891.768275634,-15973.5185972495,"x"
"599",11216.1586410203,3651.66549439874,"x"
"600",13919.5727325213,-6001.20469408563,"x"
"601",18129.5511688107,-16592.1458103944,"x"
"602",13865.5303834805,-5680.64439053944,"x"
"603",15292.0059028868,-9239.43555791707,"x"
"604",16121.5304738605,-12260.96091828,"x"
"605",14121.7908172809,-6696.55871419545,"x"
"606",15620.8126179932,-10171.9106805564,"x"
"607",14653.3889757323,-7452.64142247583,"x"
"608",14675.0614542401,-7523.73837987187,"x"
"609",18098.7154514576,-15659.7674144903,"x"
"610",16614.7988102488,-12972.1639204549,"x"
"611",14484.0200795639,-9171.2030103981,"x"
"612",16727.2342495339,-13681.594506612,"x"
"613",12611.5319838048,-3188.80065350058,"x"
"614",11125.0078032836,1129.46935411679,"x"
"615",13544.8005442626,-4520.29746853431,"x"
"616",12403.6780882631,-3092.22800785492,"x"
"617",16287.3196779051,-11699.0021716468,"x"
"618",14404.2613013545,-7441.73285100077,"x"
"619",16475.3885369185,-13083.8659691228,"x"
"620",15574.7322537854,-10550.8500896756,"x"
"621",15634.9096704815,-10769.5718563614,"x"
"622",15987.2033363096,-11229.361608617,"x"
"623",12635.1847691401,-2748.05294753364,"x"
"624",14373.9648107261,-7889.2291215875,"x"
"625",15924.7105622463,-10097.1188967098,"x"
"626",15240.4098624336,-9738.54550512379,"x"
"627",18058.890547569,-16297.2714712272,"x"
"628",14647.8526866533,-7884.11961032671,"x"
"629",17938.5736655323,-15834.7474120457,"x"
"630",13629.2439481057,-4569.50709760743,"x"
"631",13325.8961429635,-6094.95314125188,"x"
"632",16995.661973453,-14986.0919460167,"x"
"633",17387.695642801,-14364.4705305636,"x"
"634",15810.565285754,-10271.396288384,"x"
"635",16426.9789651817,-12700.6187364409,"x"
"636",18198.0156300998,-15534.8584383213,"x"
"637",14412.4933406109,-7817.25032230803,"x"
"638",15465.3965903388,-10657.6074658647,"x"
"639",9694.18900643988,3305.16554753158,"x"
"640",18511.2441382641,-16723.431216313,"x"
"641",15435.5156279926,-9750.03657357174,"x"
"642",18132.2466073407,-15912.6286219778,"x"
"643",14374.0718316008,-6751.42359739027,"x"
"644",15277.4392379874,-10249.2447350783,"x"
"645",12142.7907802332,-1175.82256601607,"x"
"646",17734.2467304797,-14895.4689088193,"x"
"647",18241.7795220314,-15892.002583928,"x"
"648",17094.871856066,-14093.1167317947,"x"
"649",15025.6575522387,-9070.0954636223,"x"
"650",18143.6830945648,-15696.2795464893,"x"
"651",14556.4596311509,-6535.83907189052,"x"
"652",17040.4431224907,-13020.723289228,"x"
"653",15330.1601778323,-7610.22116754338,"x"
"654",12807.9251699924,-4222.64418724465,"x"
"655",13390.0840369488,-4902.92812830867,"x"
"656",17839.5339158332,-15706.9446062766,"x"
"657",15332.3207619743,-9973.07152168783,"x"
"658",11819.2170373836,-729.934010551688,"x"
"659",14707.6756141688,-7241.12000143372,"x"
"660",14441.2177350708,-8415.67567877861,"x"
"661",18056.2300206909,-16135.6408136856,"x"
"662",14967.1235353847,-8918.98636427747,"x"
"663",15789.2446772116,-11346.9921288999,"x"
"664",14889.5909641711,-9709.4738841046,"x"
"665",16053.3740657853,-11179.1500262743,"x"
"666",14747.5203021781,-7577.64956658059,"x"
"667",13516.3671524074,-5989.61961982827,"x"
"668",17895.122886131,-15586.4581025715,"x"
"669",15718.1756390978,-11344.7721797935,"x"
"670",14581.7391670922,-7920.42532273205,"x"
"671",12872.6349727962,-3975.95101784962,"x"
"672",14557.0835547564,-7248.04808697565,"x"
"673",15078.4554468002,-8647.79844864052,"x"
"674",15411.4785224265,-10750.2316945682,"x"
"675",13750.6903164976,-5543.28794992076,"x"
"676",13655.8594156544,-6515.33910448408,"x"
"677",12507.3908803832,-2680.79580430743,"x"
"678",13957.8346807673,-5653.08602638726,"x"
"679",14985.3034525552,-9165.8881501061,"x"
"680",15934.8653720223,-11303.9435395267,"x"
"681",15046.9715338487,-10364.2951031701,"x"
"682",16274.0754992385,-12009.9893509299,"x"
"683",16835.7130700063,-14010.2011027615,"x"
"684",15144.3239394942,-9995.78422750188,"x"
"685",13392.0274274114,-6702.90927526375,"x"
"686",13862.3043612373,-6831.74440475764,"x"
"687",14513.2467735705,-7068.52748761867,"x"
"688",17285.7828238044,-14227.0389547066,"x"
"689",18220.8257880919,-16263.1079487774,"x"
"690",14386.9279653651,-7497.66906907778,"x"
"691",16309.444883417,-12988.5364642082,"x"
"692",15644.5824575695,-10067.7176974701,"x"
"693",12065.1994992633,-1772.34272413861,"x"
"694",13706.8221126244,-5433.55986472787,"x"
"695",14137.4004164558,-6800.72137746732,"x"
"696",18260.2414558899,-16571.1650690055,"x"
"697",7412.46074912681,12122.2346833371,"x"
"698",14445.7076490911,-7085.43766607154,"x"
"699",13118.2669836126,-4689.51809200888,"x"
"700",13072.1742199511,-5333.93900874192,"x"
"701",16434.9983388719,-12233.9286360317,"x"
"702",15722.5145577501,-10818.6972986217,"x"
"703",14582.872326184,-8197.0027860682,"x"
"704",16117.3275900532,-12082.510553219,"x"
"705",17225.8718350257,-14155.9754888372,"x"
"706",17533.6826319202,-14723.893888246,"x"
"707",15955.6285720432,-11720.7176036092,"x"
"708",14529.757608747,-9398.63233097784,"x"
"709",12826.2643572591,-3414.75851754526,"x"
"710",15671.5361356742,-12567.5597661196,"x"
"711",14551.9414205082,-8745.96594910253,"x"
"712",16694.8563642546,-14170.6547958817,"x"
"713",15779.5675252502,-11034.8220157154,"x"
"714",14089.1883906834,-8387.09426455406,"x"
"715",16385.6783790141,-12889.3838655111,"x"
"716",12042.8830871428,-1249.20916164223,"x"
"717",12612.6274443665,-1508.41138164498,"x"
"718",15175.6974970497,-10495.1522689418,"x"
"719",14857.3029487222,-8056.24731878367,"x"
"720",17447.0407820334,-14343.2129538699,"x"
"721",17178.1811431196,-14707.3851859294,"x"
"722",18622.8093343258,-17151.0331020536,"x"
"723",14268.8381352784,-8609.18204665159,"x"
"724",17931.8283196524,-14873.7677852042,"x"
"725",15231.3474908455,-8888.82139706408,"x"
"726",16061.7373317829,-11409.0693536892,"x"
"727",15653.5551970428,-11084.5325465023,"x"
"728",18609.9401937532,-16866.3398417341,"x"
"729",13964.2321891419,-6366.68959840713,"x"
"730",13903.6662938518,-7337.45262555486,"x"
"731",17583.9705071617,-15217.768035532,"x"
"732",17210.5723373245,-13854.7875527049,"x"
"733",15491.6469207991,-10343.0872177333,"x"
"734",15969.761290299,-11154.2776703944,"x"
"735",14380.6255225075,-7286.89738971929,"x"
"736",16309.4060134053,-12228.1464167491,"x"
"737",16174.851625065,-12266.7578394629,"x"
"738",17041.7955284105,-12747.4404529753,"x"
"739",17802.5920243477,-15265.1630546718,"x"
"740",16881.7572497796,-13557.8489170515,"x"
"741",18402.5301541235,-16979.0394326025,"x"
"742",13101.4727587968,-3093.16741187086,"x"
"743",15236.3987756056,-9764.29858236303,"x"
"744",14978.0155681123,-10337.7680327441,"x"
"745",15518.4300745256,-9691.4489636566,"x"
"746",11803.4389357648,-654.711862650765,"x"
"747",16988.4794932841,-12915.9279664439,"x"
"748",17061.4581323052,-13927.8360351994,"x"
"749",16585.1484705967,-13557.4563326025,"x"
"750",17753.271320645,-15123.3264983527,"x"
"751",9941.91293318667,3985.40067881706,"x"
"752",14706.7183451352,-9682.82917067633,"x"
"753",15892.6820969141,-11535.5288510032,"x"
"754",15705.025377313,-10739.7315227696,"x"
"755",14622.1216420859,-8897.42375357966,"x"
"756",14758.8380671937,-8617.91709859591,"x"
"757",14416.0701574696,-7200.22310540333,"x"
"758",16227.7594341274,-12231.7936829167,"x"
"759",14189.1648192503,-7453.20954703324,"x"
"760",12215.8965717698,-1856.597926465,"x"
"761",17183.8613672806,-14452.9081012483,"x"
"762",16433.0983706184,-12440.1914937322,"x"
"763",15820.8303888798,-10596.062915743,"x"
"764",13239.3160415942,-5098.2857717989,"x"
"765",15877.8929814736,-12054.4295128076,"x"
"766",17840.0640175007,-16269.9382027063,"x"
"767",16589.5038148064,-11946.8715933905,"x"
"768",11682.8212438324,-817.939902851755,"x"
"769",17195.3636441641,-13488.5843454339,"x"
"770",14468.5808308185,-7923.96033872052,"x"
"771",15483.954815956,-9965.75770868936,"x"
"772",15932.0857795996,-11603.1927738444,"x"
"773",13715.1002494148,-6758.23455999136,"x"
"774",14668.0666406476,-8344.34136351521,"x"
"775",16535.5496165674,-12527.2550437507,"x"
"776",15696.676682379,-10451.9109280307,"x"
"777",14943.5622080428,-7430.9353986189,"x"
"778",16493.2183648552,-12398.7118065193,"x"
"779",17101.664647164,-14195.4813893702,"x"
"780",17956.350203544,-15704.6113507771,"x"
"781",16650.3496271148,-13409.2264216158,"x"
"782",15098.8801126859,-9333.75664096999,"x"
"783",13635.9163796173,-5434.3074814686,"x"
"784",14898.8296703333,-9512.27202120804,"x"
"785",14260.1265865321,-7372.28393053088,"x"
"786",17098.5050582617,-13409.5883185979,"x"
"787",14211.8592019907,-7543.98097023635,"x"
"788",17193.7319096671,-14198.7594185438,"x"
"789",15817.6791482447,-11396.072857224,"x"
"790",14272.7576418225,-7196.74239718924,"x"
"791",14213.5835800467,-7566.11619491466,"x"
"792",17365.4790286079,-14233.0254424005,"x"
"793",14631.1022372372,-8231.04186059262,"x"
"794",14203.0126594878,-7691.95040230074,"x"
"795",10889.164415781,4089.08230204613,"x"
"796",16996.3993820766,-13512.7609318054,"x"
"797",16383.7417036353,-12183.42800185,"x"
"798",16056.9824256064,-11342.629901008,"x"
"799",16632.6142846044,-13026.6130409046,"x"
"800",12577.5164682168,-2969.6683318444,"x"
"801",18554.165683465,-16939.8225867605,"x"
"802",16256.3807911286,-11515.4117007095,"x"
"803",17460.9320255996,-14009.4014506955,"x"
"804",15705.2880628673,-10995.5124356069,"x"
"805",14281.2833858997,-7176.19861106732,"x"
"806",13534.016184188,-5103.67800582832,"x"
"807",14990.2902544164,-9813.69587621181,"x"
"808",12099.2664648659,-307.396393670675,"x"
"809",15291.1111801133,-9325.22043776228,"x"
"810",14800.6232000061,-9031.33473049359,"x"
"811",14901.3575764322,-9143.32468746289,"x"
"812",13889.4854934986,-5864.67194370061,"x"
"813",17012.171138618,-13576.4697601574,"x"
"814",13824.4939120753,-4926.43597226996,"x"
"815",13655.597128974,-4217.21037299912,"x"
"816",16581.2350851015,-14166.8324204914,"x"
"817",16006.6303922816,-11595.9643488181,"x"
"818",18435.7470062263,-17019.0218468604,"x"
"819",15875.7577647312,-11304.429777771,"x"
"820",17140.3678363727,-13880.9052842694,"x"
"821",15116.8064400981,-10827.9590552424,"x"
"822",15305.53969612,-10081.8670553299,"x"
"823",15932.1678504832,-12253.3328161667,"x"
"824",17026.3333666519,-12354.7156528916,"x"
"825",13719.7038824968,-6154.61938940535,"x"
"826",9944.1825878583,4733.76268813675,"x"
"827",14179.483655365,-6086.6165230586,"x"
"828",17517.6040458226,-15745.6761490768,"x"
"829",16119.9046785801,-11561.0773270943,"x"
"830",14922.9950449574,-9481.8215041936,"x"
"831",14365.7430629098,-6719.94260985316,"x"
"832",18341.0696412506,-16397.9147845943,"x"
"833",17771.2705655344,-15382.7615064887,"x"
"834",13907.315691831,-5910.10694245724,"x"
"835",14514.5638257153,-7435.78625280082,"x"
"836",16029.7591404648,-11703.4820135855,"x"
"837",16960.868687544,-13061.827229359,"x"
"838",16130.8176457148,-11166.8063503086,"x"
"839",12623.8059201945,-1087.96835242099,"x"
"840",17902.7743719235,-16021.0174209932,"x"
"841",15637.1996784772,-12152.5294804934,"x"
"842",15331.7192777503,-11150.8136625957,"x"
"843",11298.3708957635,3129.31022261569,"x"
"844",14558.2486692755,-7372.92427522503,"x"
"845",15312.9912647507,-10329.136509032,"x"
"846",14893.2436952286,-8436.63078944165,"x"
"847",14382.4718000456,-7181.02042379856,"x"
"848",15207.2741127679,-10690.6053734455,"x"
"849",16408.3397330846,-12646.553265665,"x"
"850",15283.7064610627,-8424.3265327768,"x"
"851",15722.1126218491,-11475.6762632255,"x"
"852",14542.3594718185,-8766.59397110429,"x"
"853",18905.703764585,-17430.3505363797,"x"
"854",7167.3089788861,13173.4925240988,"x"
"855",13183.0907397254,-3830.84423452776,"x"
"856",16303.6995816237,-11164.5808257133,"x"
"857",14097.698529001,-6605.16142505758,"x"
"858",16606.4042270643,-12886.9147559282,"x"
"859",17374.5513303416,-13763.2505403717,"x"
"860",16084.326042817,-11942.4453802674,"x"
"861",18019.3326927496,-15941.1169443006,"x"
"862",14279.2481864996,-7215.44278353868,"x"
"863",10951.4748937138,1767.31163394658,"x"
"864",14477.491428954,-8312.24866141341,"x"
"865",16436.8842526652,-11688.707154361,"x"
"866",13655.4882921279,-6380.27635584538,"x"
"867",13785.6538823523,-6284.53869819703,"x"
"868",14710.5618053486,-8302.36150924126,"x"
"869",16012.9536089751,-11766.8343462474,"x"
"870",14907.6277878308,-8652.19307983759,"x"
"871",14346.4763791787,-8149.17273532911,"x"
"872",17733.0374420631,-14077.2242425087,"x"
"873",12031.9618477067,297.244422708411,"x"
"874",13412.3274609726,-5339.11694274237,"x"
"875",16332.2025900262,-12271.8723176676,"x"
"876",12046.636759186,489.514692385228,"x"
"877",16443.153022327,-12978.0962943903,"x"
"878",12800.1414006324,-2337.16249409992,"x"
"879",16165.1726334066,-11555.13511747,"x"
"880",13255.3192423294,-4836.41027681348,"x"
"881",15725.4586858151,-11318.9714279232,"x"
"882",16911.2842868774,-13556.52203653,"x"
"883",13652.1074472642,-5386.25122484837,"x"
"884",12795.7016964533,-2693.7239150492,"x"
"885",17076.1821887392,-13925.8415576767,"x"
"886",16991.262185765,-15323.2178580916,"x"
"887",15245.8209533671,-9621.74948392887,"x"
"888",17347.482909797,-14664.7242932526,"x"
"889",13718.7268426711,-6196.73073244186,"x"
"890",12965.2190467781,-4780.30762431457,"x"
"891",14053.2555742543,-7281.73294877752,"x"
"892",11414.0281269419,197.283749084025,"x"
"893",14255.1508449472,-6893.42709964668,"x"
"894",18268.3193780808,-16184.1060095617,"x"
"895",12394.2531076131,-3020.61310988456,"x"
"896",14101.0644559756,-7743.24681369622,"x"
"897",15142.6395714372,-9481.45023559614,"x"
"898",11856.555968395,-1572.53080627424,"x"
"899",17122.3106355487,-13967.8771400853,"x"
"900",16365.2049165801,-12567.0766384676,"x"
"901",15541.1129260001,-11271.2826264899,"x"
"902",16238.2721099358,-11774.6500494343,"x"
"903",16530.9052986364,-12325.718893538,"x"
"904",14503.0661443286,-7786.4102587013,"x"
"905",15125.7633446065,-8376.58469774983,"x"
"906",13872.4379607541,-5281.45792201954,"x"
"907",15274.5633224707,-9262.55002959504,"x"
"908",15535.3831064134,-11351.3022275608,"x"
"909",12980.3559212116,-3652.48933892628,"x"
"910",14318.9046888165,-7289.45030566882,"x"
"911",17630.7368476359,-15004.9000205514,"x"
"912",17992.944623219,-15982.8458436306,"x"
"913",17403.4832231399,-14551.1005046095,"x"
"914",13392.5403481607,-5466.06139472756,"x"
"915",13975.4875259697,-8323.6542779251,"x"
"916",14433.5954775238,-6588.34666956005,"x"
"917",17998.0089621597,-15328.9903406019,"x"
"918",15086.0175429845,-10322.2128765465,"x"
"919",16074.4332971446,-12615.7507528915,"x"
"920",13634.4353325044,-5099.4354300925,"x"
"921",10657.6799607134,5266.06284666818,"x"
"922",14690.7247479914,-8022.2731826065,"x"
"923",14982.5350910457,-7683.68178539912,"x"
"924",17634.4481630065,-15073.223270585,"x"
"925",17531.559444267,-15095.4282647161,"x"
"926",18175.0705894599,-16235.0342314944,"x"
"927",16407.6359295108,-13192.0595747602,"x"
"928",17027.2170371906,-13409.2788105376,"x"
"929",15898.025260632,-11111.8250903597,"x"
"930",16230.5929138242,-12138.7234972366,"x"
"931",12189.4809161208,-1992.21600414349,"x"
"932",14005.7616350813,-7322.12469451122,"x"
"933",15367.0078127123,-9953.71338218295,"x"
"934",16214.2569622479,-10873.0890922391,"x"
"935",13879.8068431007,-6451.54392041019,"x"
"936",16156.7943972699,-11707.9845212443,"x"
"937",15111.176924517,-9467.00095031564,"x"
"938",14587.4139114843,-8390.25516325436,"x"
"939",15471.3638761769,-11134.7447282473,"x"
"940",17208.6581884005,-14269.2844130152,"x"
"941",14175.890094638,-8249.46103370221,"x"
"942",13554.8761138191,-6131.43469213612,"x"
"943",14748.0547652427,-8681.00850655203,"x"
"944",10272.607185691,4451.91220421292,"x"
"945",13926.5253983448,-3962.44177994777,"x"
"946",15006.6096702182,-9527.53667962979,"x"
"947",17910.3816500808,-14773.2758426216,"x"
"948",16008.6831498176,-11086.4577123063,"x"
"949",15454.4112018888,-10053.6942799131,"x"
"950",13406.0301934384,-4806.25566492219,"x"
"951",16067.8377773166,-12158.9950037692,"x"
"952",11741.5110813266,1347.31103835842,"x"
"953",17080.2618538795,-13360.9013819215,"x"
"954",14343.063410822,-8046.80700742453,"x"
"955",13499.04840062,-6765.36479166659,"x"
"956",16390.884710212,-13037.2001766244,"x"
"957",16489.0848882146,-13936.6124609895,"x"
"958",14331.0724291976,-8355.96058863113,"x"
"959",16085.9054433319,-11798.0994117803,"x"
"960",11424.6395196669,1275.40166019716,"x"
"961",15338.5737019709,-10253.7306299182,"x"
"962",14652.2486912962,-6983.46442657931,"x"
"963",15538.9783780594,-10551.7665739939,"x"
"964",16227.3481481059,-11677.7903473922,"x"
"965",12989.5870270534,-3184.0141979078,"x"
"966",14600.1980821104,-6851.68429079573,"x"
"967",16584.640146166,-12591.7464974443,"x"
"968",16961.3453258122,-13906.2632178186,"x"
"969",18229.1824490352,-16443.0117176064,"x"
"970",15582.6326882849,-10602.6133197637,"x"
"971",11779.3731821149,1390.36270503053,"x"
"972",12708.7842311606,-3023.66774670132,"x"
"973",13631.7190522148,-5856.08651361459,"x"
"974",16242.819807234,-12364.1568022571,"x"
"975",11494.2964173187,-661.144377356957,"x"
"976",12279.8497331802,-1613.88716427421,"x"
"977",15520.2843467282,-10397.2303079688,"x"
"978",17132.9314926317,-14950.368779511,"x"
"979",17511.7979869923,-15052.0166148619,"x"
"980",15766.5768764228,-11871.1805106012,"x"
"981",15031.599502891,-9286.0476152541,"x"
"982",13250.4406651754,-4151.092297944,"x"
"983",18349.7309897758,-16657.8822834834,"x"
"984",13838.9792210612,-5081.93884344464,"x"
"985",13569.990180686,-5423.54924485096,"x"
"986",14215.3517777013,-6623.71708669456,"x"
"987",12589.0032775245,-3106.4425129548,"x"
"988",18142.8054406866,-16081.1556069914,"x"
"989",13417.8698502645,-4320.44758857708,"x"
"990",13832.2063595819,-5500.37205679804,"x"
"991",15195.8134352636,-9697.92456417011,"x"
"992",15716.3020908231,-10593.5035016238,"x"
"993",17513.6996290079,-14630.5458769392,"x"
"994",15158.2857771621,-9117.03190156477,"x"
"995",14073.5179045309,-5074.90937532224,"x"
"996",12634.9328462547,-3351.25870000155,"x"
"997",14581.3468546258,-6373.71382317334,"x"
"998",13246.6004935253,-5188.24561531941,"x"
"999",17647.9602488133,-16083.8682814366,"x"
"1000",15864.8711744692,-10821.3651335498,"x"
"1001",15781.5496375547,-11052.7154587618,"x"
"1002",15683.0430085116,-11413.7320400732,"x"
"1003",18044.8121316612,-15847.6937614697,"x"
"1004",12276.3328602495,938.332802443456,"x"
"1005",14216.8987535405,-6321.13289668286,"x"
"1006",12021.0411188039,-426.782600367733,"x"
"1007",15578.7418466103,-10860.6406742518,"x"
"1008",16774.1742360633,-13330.5405099173,"x"
"1009",16777.3356809903,-13834.891825446,"x"
"1010",16591.4170090381,-13535.5350140373,"x"
"1011",14966.1695797056,-7940.99817990958,"x"
"1012",17926.135540424,-15702.4176242136,"x"
"1013",14763.6879108928,-8413.13128562773,"x"
"1014",15451.8188490165,-10646.5137226161,"x"
"1015",17931.3159361358,-15511.7740834956,"x"
"1016",17943.411569191,-16161.2803657597,"x"
"1017",14985.4994964226,-8548.33917633005,"x"
"1018",13687.9053068039,-6237.53059949922,"x"
"1019",14110.9032114839,-7876.11310931057,"x"
"1020",13564.1660772698,-5035.86707496203,"x"
"1021",14863.0861136831,-8494.12934846531,"x"
"1022",17292.0328711625,-14240.8453368341,"x"
"1023",15347.9508424157,-8848.8845402686,"x"
"1024",18119.2058583381,-16583.5313056215,"x"
"1025",16680.5349848277,-13471.6478469848,"x"
"1026",17493.6388960023,-14580.0441018483,"x"
"1027",14251.1714820279,-6043.94702434702,"x"
"1028",17150.6736405697,-13320.2345476518,"x"
"1029",15677.030085872,-9589.94106538985,"x"
"1030",12030.5629123928,-2463.17556071273,"x"
"1031",13598.4057036454,-4501.53619203242,"x"
"1032",13417.6950649274,-3139.90956616434,"x"
"1033",13815.3190339352,-5910.22260690861,"x"
"1034",12095.265516085,-1814.65277855465,"x"
"1035",15138.6651979416,-9297.19886080172,"x"
"1036",15044.2957732302,-8259.21308974055,"x"
"1037",14355.235649552,-7919.4923244825,"x"
"1038",14437.3763477317,-7245.9482429844,"x"
"1039",13299.6670247903,-4427.50025413709,"x"
"1040",16498.2530353747,-12796.215519768,"x"
"1041",13771.310857275,-4831.60870587684,"x"
"1042",15478.8109648303,-10225.0192963038,"x"
"1043",15393.405484284,-9206.85048478555,"x"
"1044",17866.3560529089,-15564.4679836471,"x"
"1045",17036.6480027245,-13511.3929338534,"x"
"1046",12917.531092315,-5340.95308723556,"x"
"1047",15649.0718866825,-10706.2591420212,"x"
"1048",13306.2568961533,-6205.85663266123,"x"
"1049",16434.3088004419,-13049.2006084729,"x"
"1050",12748.1215270848,-2873.75392830542,"x"
"1051",14209.0598628873,-6610.61067825341,"x"
"1052",15507.799688756,-10040.9566085803,"x"
"1053",16862.8527778757,-13493.5504738521,"x"
"1054",14526.8604588981,-7729.92865349879,"x"
"1055",14933.9336006764,-8939.50725579975,"x"
"1056",18582.8953497195,-17026.2079947094,"x"
"1057",15767.7845006997,-9671.7592769047,"x"
"1058",11980.6074521088,-740.050784372943,"x"
"1059",18444.6210736674,-16328.179273606,"x"
"1060",12464.884769207,-2181.50931137747,"x"
"1061",14942.2314975827,-8412.06407718434,"x"
"1062",15410.200668986,-9653.44675501832,"x"
"1063",14973.1758024003,-8560.9722532519,"x"
"1064",14922.0224589853,-8999.65787114897,"x"
"1065",13355.9483746296,-5842.12115301625,"x"
"1066",14437.1152037628,-7741.29841021288,"x"
"1067",16777.7633328478,-13104.6695359526,"x"
"1068",14559.8364563557,-7558.52489087231,"x"
"1069",16507.1335587968,-12346.7891481061,"x"
"1070",13441.6576854682,-6714.96532824256,"x"
"1071",11937.008227789,355.29426580594,"x"
"1072",14049.0832829051,-5913.93853249161,"x"
"1073",13621.1161838025,-5324.98762089534,"x"
"1074",15007.8574890274,-8282.54711921691,"x"
"1075",17218.3680713229,-14022.3519235065,"x"
"1076",12990.6922454089,-3771.89849651398,"x"
"1077",12268.8862369744,-999.825019602102,"x"
"1078",18135.7108200951,-16075.7649935154,"x"
"1079",17501.57472017,-14705.7515325526,"x"
"1080",14682.7124935926,-7247.21744993661,"x"
"1081",14002.937823391,-5072.64854607167,"x"
"1082",15688.0547262172,-12015.1372016873,"x"
"1083",14432.541998161,-6994.9640517843,"x"
"1084",17483.7083580304,-15481.6662217186,"x"
"1085",18075.9630798564,-16234.9055420568,"x"
"1086",18551.0169456863,-16871.2392959601,"x"
"1087",14851.3718314909,-8085.05738480984,"x"
"1088",16522.5785274042,-13277.0764820534,"x"
"1089",15060.8862097504,-7775.63629155565,"x"
"1090",17282.4093602859,-14868.6115939475,"x"
"1091",10973.3074426008,5470.90891572076,"x"
"1092",15424.7955690854,-10913.3319190508,"x"
"1093",12180.1067184697,-2059.30415448035,"x"
"1094",17642.4783108425,-15075.4948260264,"x"
"1095",12034.473116564,-1359.72315590432,"x"
"1096",15580.4768959943,-10837.9600404344,"x"
"1097",13495.4112824461,-4416.2396911615,"x"
"1098",16189.909846155,-12115.5992243815,"x"
"1099",12089.8012783479,-277.372967510617,"x"
"1100",14469.3903077369,-8191.65297244687,"x"
"1101",15213.1206604515,-10510.9189828727,"x"
"1102",14264.22347634,-7476.9001740315,"x"
"1103",17785.6750842964,-15270.5800597966,"x"
"1104",15461.7895304165,-10428.8209313506,"x"
"1105",15371.0128148436,-9875.88199439159,"x"
"1106",17243.3112604678,-13743.4269936591,"x"
"1107",13406.0395678702,-5539.09857963776,"x"
"1108",15554.047573781,-10449.0220392183,"x"
"1109",14284.4156759993,-7314.66923368882,"x"
"1110",12090.5363098662,-172.496989832747,"x"
"1111",13923.4542257138,-5255.67986752727,"x"
"1112",16694.0042457828,-12865.5625370021,"x"
"1113",14411.9326893013,-6856.54258164914,"x"
"1114",15174.0936127617,-9662.97370221641,"x"
"1115",16728.4467183998,-12757.9674074484,"x"
"1116",13838.0313424829,-7134.77251762641,"x"
"1117",13126.0670894689,-3757.82368447885,"x"
"1118",17538.9023553962,-14284.341229672,"x"
"1119",15958.3324299904,-10897.5482265769,"x"
"1120",14302.7855498293,-7175.61719900147,"x"
"1121",18373.034115376,-16736.0272241366,"x"
"1122",15629.6563311111,-10074.1932096658,"x"
"1123",17313.7583349617,-14758.8152804991,"x"
"1124",15594.0632231642,-10046.7258564833,"x"
"1125",13528.7411704163,-4977.39845620747,"x"
"1126",13658.75193922,-4654.22498003583,"x"
"1127",15872.8993495434,-11398.2922407827,"x"
"1128",14417.8895034724,-7843.95160906692,"x"
"1129",14309.0559654809,-6765.81005071899,"x"
"1130",13682.4132171099,-5503.07841156706,"x"
"1131",14118.6754137336,-6976.12965575913,"x"
"1132",18312.9826222164,-16735.8565249521,"x"
"1133",13766.4824448578,-4720.84007052259,"x"
"1134",15142.3602518423,-9332.74573607719,"x"
"1135",18137.5959778466,-16159.0244376732,"x"
"1136",14503.8928471105,-7289.28006272183,"x"
"1137",15809.1460181243,-10639.5289125392,"x"
"1138",17046.2087210844,-14394.8950164593,"x"
"1139",14889.135797672,-7443.14859752668,"x"
"1140",12423.2903554384,-2787.23094043502,"x"
"1141",17744.826793826,-15609.4619996158,"x"
"1142",14630.4417051553,-8263.30242508324,"x"
"1143",18232.789137468,-16435.9636057639,"x"
"1144",15664.9745916488,-10708.7464532762,"x"
"1145",16704.8026122393,-14104.2345443371,"x"
"1146",15624.36039417,-11440.3480145716,"x"
"1147",17320.3250062196,-14030.3038116596,"x"
"1148",16237.3659968141,-13014.8764889194,"x"
"1149",18501.4180962444,-17277.7027473342,"x"
"1150",16476.4702240905,-11894.718123946,"x"
"1151",16117.6314581866,-11790.7159533165,"x"
"1152",17548.7613957704,-14441.2008220183,"x"
"1153",18172.5991169712,-15677.1661583487,"x"
"1154",16829.1521442143,-14210.7507179405,"x"
"1155",16913.0025636493,-13468.3885348821,"x"
"1156",12941.3240981626,-2481.5659758077,"x"
"1157",17636.7681218857,-14991.0373196702,"x"
"1158",15750.4765056132,-11085.7391181341,"x"
"1159",15990.5383462943,-12717.6190384576,"x"
"1160",12889.6219334315,-2578.18379096379,"x"
"1161",15573.4553487918,-10836.1120376059,"x"
"1162",17795.4883003931,-14949.1341666129,"x"
"1163",16239.4664802642,-12033.6258096205,"x"
"1164",14495.7010535831,-8062.06403146937,"x"
"1165",16251.9457437262,-11998.9239607254,"x"
"1166",14425.0625137196,-6864.35338850664,"x"
"1167",13933.1823893021,-5952.88597884699,"x"
"1168",12799.1087726909,-4603.67155970048,"x"
"1169",16890.5077321752,-13898.0456394952,"x"
"1170",17295.1010514803,-14834.1513128287,"x"
"1171",13938.9186684005,-5855.4803869395,"x"
"1172",17213.3455316706,-13836.0155681653,"x"
"1173",15065.4028877797,-9102.87680351581,"x"
"1174",17153.4024274906,-14291.678330495,"x"
"1175",11968.8734994853,-328.109096959688,"x"
"1176",17668.019869825,-15090.1910562702,"x"
"1177",14354.1716216374,-6992.01525499405,"x"
"1178",12285.8635743177,-668.339746478618,"x"
"1179",13439.8200370569,-4705.19259578686,"x"
"1180",12643.4698943257,-4676.76821193712,"x"
"1181",13682.7144686241,-5923.83820286434,"x"
"1182",11401.0224716865,330.383469267928,"x"
"1183",16003.5472780006,-11442.41184127,"x"
"1184",13229.9769838729,-6315.1421928301,"x"
"1185",14666.9069711794,-6936.5930038601,"x"
"1186",16992.2767345765,-13348.8326856821,"x"
"1187",13643.9417565265,-7698.45888993756,"x"
"1188",16109.6884577489,-11700.6272654263,"x"
"1189",14044.9766337618,-7544.82181121101,"x"
"1190",16460.7381021954,-11943.143135558,"x"
"1191",16170.381135096,-11318.1626054072,"x"
"1192",15295.6705253065,-8735.82632555943,"x"
"1193",12221.1060049236,-977.30501255235,"x"
"1194",15685.8917880245,-10826.9127969188,"x"
"1195",12892.201432065,-3992.37966324362,"x"
"1196",14282.1185101499,-8539.59494797861,"x"
"1197",17684.4152534102,-15122.0093187769,"x"
"1198",15270.5977321303,-8761.69748437141,"x"
"1199",17295.5065964645,-14508.5076540072,"x"
"1200",17404.6238086064,-14390.1779010492,"x"
"1201",17436.794636774,-14674.825745894,"x"
"1202",14806.0439333949,-8232.85960774809,"x"
"1203",15604.327916038,-10893.9320655818,"x"
"1204",17207.2932462692,-13185.8763568189,"x"
"1205",16996.3352598509,-13332.1098505503,"x"
"1206",12747.6552986972,-1249.13595931209,"x"
"1207",13578.7081473392,-5983.58389580318,"x"
"1208",13615.2884383022,-5241.40668106562,"x"
"1209",16385.3771093553,-13095.1266179283,"x"
"1210",12838.4224873173,-4066.22512512695,"x"
"1211",17170.0662548127,-14718.4362105197,"x"
"1212",16818.7161112026,-13102.6507786833,"x"
"1213",14474.3901891457,-7115.03640015693,"x"
"1214",17367.233149333,-14332.7716934054,"x"
"1215",14611.2370983323,-7682.14024358856,"x"
"1216",15248.1945677938,-9606.18115907878,"x"
"1217",13892.9048687369,-6509.88595675725,"x"
"1218",14821.2640784746,-9499.32140949654,"x"
"1219",15561.3398007979,-9159.73575412535,"x"
"1220",14693.2734366316,-7413.61999388776,"x"
"1221",17773.9311421203,-14420.3289153886,"x"
"1222",15128.9969191649,-9643.33373256478,"x"
"1223",13140.6858176949,-1113.12206887498,"x"
"1224",16754.4814854862,-13522.5397914012,"x"
"1225",18242.1429972013,-16279.8994405107,"x"
"1226",13532.2740742046,-6340.74558573915,"x"
"1227",11363.3079014171,-65.3666957097084,"x"
"1228",16720.512180165,-12985.2128242447,"x"
"1229",11045.7828338075,945.269242545348,"x"
"1230",18576.0223651381,-17243.2182767631,"x"
"1231",17738.1076467295,-14476.4002771117,"x"
"1232",16560.5737653164,-12190.267894925,"x"
"1233",14335.2979196013,-7609.08285151451,"x"
"1234",15833.7215932053,-11404.430924177,"x"
"1235",14437.0816065835,-7216.93763143437,"x"
"1236",15068.04359543,-8657.507309723,"x"
"1237",13704.85563008,-7359.43201424592,"x"
"1238",18895.0468962553,-17689.1480179444,"x"
"1239",14396.0327550797,-8844.18609061566,"x"
"1240",15683.777688566,-11822.4973440561,"x"
"1241",13044.0694448015,-3939.37036795815,"x"
"1242",17601.3562523025,-14860.1684814007,"x"
"1243",14617.3124462457,-8926.47314821696,"x"
"1244",15596.0828402646,-9611.44220781612,"x"
"1245",17561.4996785055,-15329.3539819128,"x"
"1246",15127.8443569986,-9571.80207624102,"x"
"1247",15331.3419140202,-9993.84818687366,"x"
"1248",13144.6756429073,-3922.02607528998,"x"
"1249",12111.3323333206,-3106.570954274,"x"
"1250",16094.8411384351,-12286.2640346112,"x"
"1251",14372.620778991,-7522.71025783225,"x"
"1252",15370.5504448772,-9143.83340431469,"x"
"1253",15972.9887044224,-10854.318698407,"x"
"1254",16792.001250449,-13127.7697145345,"x"
"1255",13354.6126625514,-5739.92687433767,"x"
"1256",13869.1523005417,-6213.99027068051,"x"
"1257",13126.2239965971,-4200.29929038567,"x"
"1258",15038.782494411,-9394.18404403551,"x"
"1259",14672.0592322659,-8958.42414861584,"x"
"1260",12493.3029994518,-2140.15097739015,"x"
"1261",15041.5796735809,-9294.15034597106,"x"
"1262",13266.8711422114,-5214.96442203511,"x"
"1263",16541.175493435,-12463.0040725551,"x"
"1264",13761.9590791395,-5920.78491457479,"x"
"1265",15381.846145964,-9830.61764695877,"x"
"1266",18176.1147914507,-16309.0717430433,"x"
"1267",16626.016829858,-13664.367799376,"x"
"1268",15546.171176433,-9723.30818295673,"x"
"1269",15447.4324415991,-9676.62439963576,"x"
"1270",13562.5854747557,-4980.02295746655,"x"
"1271",13134.9471832017,-3801.4314407857,"x"
"1272",16303.4599973876,-12738.6571552846,"x"
"1273",15953.9393771253,-11648.9259809306,"x"
"1274",16270.0148731145,-12532.7095983978,"x"
"1275",15098.9687644807,-9026.69516235279,"x"
"1276",14299.4124309107,-7115.9608215309,"x"
"1277",14484.5536725198,-7507.04654931679,"x"
"1278",13173.501581611,-3037.86453391122,"x"
"1279",15090.8989678278,-8787.23301794924,"x"
"1280",14937.4238753119,-8962.55697473106,"x"
"1281",13053.2230494408,-4609.89083391038,"x"
"1282",18245.5263884174,-16471.6247017992,"x"
"1283",16382.3039956383,-12614.7008813912,"x"
"1284",15462.4806672299,-9848.54374696729,"x"
"1285",15938.5337949496,-11414.9766726787,"x"
"1286",15413.3712898082,-9802.55846004355,"x"
"1287",15967.9484108244,-11065.58698359,"x"
"1288",14091.2337577724,-7267.00669153741,"x"
"1289",11015.8906974452,1444.80306451148,"x"
"1290",9943.05205558003,4872.78966059085,"x"
"1291",16251.5626922821,-11348.6697174786,"x"
"1292",17177.4554254192,-14091.7222382337,"x"
"1293",15635.8068191341,-10040.2400859759,"x"
"1294",14009.9823932312,-6096.39200519208,"x"
"1295",16385.7891171274,-13750.8521390165,"x"
"1296",14863.3515158422,-10216.4324840919,"x"
"1297",16069.7332172621,-11883.0884610617,"x"
"1298",10680.6477002914,267.101003743112,"x"
"1299",15688.3647755037,-9742.877399015,"x"
"1300",16812.0540110709,-13571.9855722908,"x"
"1301",12835.7371338764,-4591.75898266415,"x"
"1302",18371.7860452607,-16408.3273760227,"x"
"1303",15453.3201644714,-10970.9710724751,"x"
"1304",15673.5135000978,-10484.9609965917,"x"
"1305",17040.1159143308,-13195.0349302925,"x"
"1306",16472.0535669512,-12400.8719226753,"x"
"1307",15884.568914006,-10975.9240633072,"x"
"1308",16724.8607930509,-12815.4479967787,"x"
"1309",13347.4187744574,-5866.60022018222,"x"
"1310",18028.1047646717,-15770.5353696142,"x"
"1311",15589.9834829528,-10100.94533299,"x"
"1312",15976.1714565712,-11500.202432493,"x"
"1313",15617.0614158159,-10522.0829287296,"x"
"1314",15528.1212211065,-9489.17475004617,"x"
"1315",14101.1746837193,-5563.57102596744,"x"
"1316",13539.6997879331,-5657.66430250211,"x"
"1317",17277.1380207089,-14613.8926045061,"x"
"1318",18703.4233820455,-17222.1546264989,"x"
"1319",16770.0512864186,-13283.9963780114,"x"
"1320",18507.2351589079,-17082.0398677738,"x"
"1321",14391.2916081604,-8639.66328301241,"x"
"1322",15280.2061667578,-9914.41515762509,"x"
"1323",13424.8271002996,-3578.20145695594,"x"
"1324",17830.9797252197,-15556.6462715472,"x"
"1325",12372.60825459,-1134.32917297458,"x"
"1326",13761.030848463,-3809.53995822084,"x"
"1327",16107.9224351145,-12304.566278918,"x"
"1328",15804.3876684699,-11147.1618062602,"x"
"1329",12251.0148191725,-370.27750306776,"x"
"1330",16127.1068499392,-11854.8825685329,"x"
"1331",14806.5895850465,-9370.29811921553,"x"
"1332",13658.3280931782,-4896.9397218442,"x"
"1333",15285.1960219521,-10172.1646191283,"x"
"1334",16920.3248354031,-13185.7057020958,"x"
"1335",16291.955761595,-12494.4096494319,"x"
"1336",16160.4211046742,-11431.9449727146,"x"
"1337",16780.2184134564,-13646.6876164947,"x"
"1338",16200.5821514187,-11624.0308143211,"x"
"1339",16221.4603289887,-12113.4146068719,"x"
"1340",13240.1047117827,-3566.85043805873,"x"
"1341",16694.5185344197,-12401.7522932659,"x"
"1342",15325.4331813015,-10732.6388111839,"x"
"1343",15613.0109995104,-10981.0377282272,"x"
"1344",14923.5960480865,-9765.54224238994,"x"
"1345",16162.6597871243,-11598.2748573571,"x"
"1346",16144.7533524756,-11690.896197656,"x"
"1347",13405.5383498321,-4279.37647335873,"x"
"1348",12764.9132985587,-2337.19560462969,"x"
"1349",14006.2865293996,-6096.98578392145,"x"
"1350",16527.4517151242,-12163.669676283,"x"
"1351",15379.924788974,-9824.69395714974,"x"
"1352",11659.3881813644,-719.78331001424,"x"
"1353",12686.3160219344,-2770.73156092628,"x"
"1354",15489.0953055674,-10448.4366431224,"x"
"1355",18162.5874233046,-16350.9741324693,"x"
"1356",11399.8938535749,3.26403568573187,"x"
"1357",15686.0253644268,-10947.7122206872,"x"
"1358",16405.3184208677,-13516.2516477288,"x"
"1359",15355.65219813,-9278.59991099998,"x"
"1360",15824.1827990446,-11674.2039016083,"x"
"1361",16818.9917477063,-12828.6075530187,"x"
"1362",11924.0622152224,-906.115580410555,"x"
"1363",14020.0226595708,-7375.09994198814,"x"
"1364",14652.2374393143,-7210.16177234653,"x"
"1365",10851.5660013565,2994.39878936057,"x"
"1366",17756.6908692003,-14593.9429937983,"x"
"1367",15701.3218715169,-10174.5299692893,"x"
"1368",15137.5963457216,-9195.53344359055,"x"
"1369",18693.4918317981,-17455.0211686458,"x"
"1370",17470.5640452387,-14455.5737827475,"x"
"1371",17138.4692760791,-14237.9854279069,"x"
"1372",16275.8190670467,-11746.924094747,"x"
"1373",16582.6355667864,-13547.3400750968,"x"
"1374",16969.0482132057,-13478.2355099944,"x"
"1375",13798.4986646535,-7057.44750469943,"x"
"1376",15752.0366540968,-10542.0934618956,"x"
"1377",12811.2678484171,-1669.69348500011,"x"
"1378",14384.1857096845,-6837.78063402616,"x"
"1379",13910.5156439527,-6406.59864970907,"x"
"1380",15686.4692875508,-10355.6144818597,"x"
"1381",15625.5082437581,-9369.96144148218,"x"
"1382",9064.50798616108,8589.15571947815,"x"
"1383",17113.5572812451,-14065.176274059,"x"
"1384",12892.6564463306,-3272.93398394604,"x"
"1385",14582.5360973602,-8773.9671655538,"x"
"1386",18405.4012125694,-16847.7118156509,"x"
"1387",13417.7317924321,-4745.99761017755,"x"
"1388",17283.8545919704,-13198.349644515,"x"
"1389",17949.2698858494,-15850.9566398107,"x"
"1390",13234.3287317312,-4752.32785611878,"x"
"1391",16793.0815796149,-13239.0352533365,"x"
"1392",16607.0468153006,-12086.9160932941,"x"
"1393",15810.0974136441,-10182.3309659765,"x"
"1394",17108.4650307174,-14096.8087383014,"x"
"1395",16595.0557285181,-12798.2475907622,"x"
"1396",13590.1077836199,-6307.46640213642,"x"
"1397",16118.9230113498,-12080.2205795496,"x"
"1398",13432.6113974183,-3773.76289899452,"x"
"1399",15594.2147341278,-9812.97067054586,"x"
"1400",12642.7609589632,-3941.27614616471,"x"
"1401",16254.9117090169,-11819.1246661149,"x"
"1402",15219.8785686951,-8578.52061858274,"x"
"1403",14795.5531730276,-7821.5627607131,"x"
"1404",17959.0424797125,-15267.2194746196,"x"
"1405",16966.2674262521,-13748.8938216537,"x"
"1406",16353.6910347234,-12043.8597203833,"x"
"1407",14908.7915607744,-9027.62043869919,"x"
"1408",14823.0603988342,-9698.38270630016,"x"
"1409",16894.3562436133,-14151.1942743485,"x"
"1410",14925.3803759577,-9743.01367693095,"x"
"1411",16929.0772964913,-14236.9541718387,"x"
"1412",16391.0784346426,-12899.258450195,"x"
"1413",13195.6279797675,-5762.62130032319,"x"
"1414",17945.2364509253,-15104.2215074364,"x"
"1415",13404.8170833019,-3840.96232754568,"x"
"1416",12782.1789012973,-3185.43245653054,"x"
"1417",15326.0384069937,-10517.2927393753,"x"
"1418",15189.2522969757,-9443.18630316968,"x"
"1419",13863.365812164,-5938.95274783377,"x"
"1420",17360.2632499043,-14190.0222615782,"x"
"1421",15763.1715949954,-11014.8184275689,"x"
"1422",13636.2408835374,-5892.93791088228,"x"
"1423",14918.034371822,-9210.00545522984,"x"
"1424",18407.9623004059,-15952.7880544231,"x"
"1425",15076.641307325,-9048.67196852133,"x"
"1426",14388.4728871104,-7921.16738863308,"x"
"1427",17891.9221009438,-15712.4307766473,"x"
"1428",16367.267071769,-12037.2005800308,"x"
"1429",16319.9733903787,-12563.8609695936,"x"
"1430",17377.348234249,-14548.5656051362,"x"
"1431",15501.6181404383,-10656.1090351985,"x"
"1432",8500.1176823329,9819.74270513483,"x"
"1433",16400.287461752,-13340.435947599,"x"
"1434",15221.2367098487,-9414.57336819816,"x"
"1435",14095.199711991,-5744.1667167492,"x"
"1436",16172.702698592,-11857.3723020337,"x"
"1437",17243.6994558996,-14348.3265314886,"x"
"1438",17195.2384563999,-14419.6271014564,"x"
"1439",13216.2818200907,-4343.93907693944,"x"
"1440",13551.5865936846,-4575.41761134328,"x"
"1441",13496.713532795,-4419.57432283807,"x"
"1442",15214.0627681606,-9653.62552458219,"x"
"1443",17908.263735001,-15452.936665544,"x"
"1444",14716.5034137089,-8874.78890850399,"x"
"1445",17135.6722661779,-14396.0519679738,"x"
"1446",14546.8671519633,-6963.66374952748,"x"
"1447",18168.8415332719,-16062.7010287989,"x"
"1448",12935.8888977849,-3292.00582980639,"x"
"1449",17491.4008274061,-15346.2588047252,"x"
"1450",14770.141499435,-9620.06644184082,"x"
"1451",16421.4987497122,-12199.8384637446,"x"
"1452",15384.8866622144,-9798.15529995667,"x"
"1453",16003.6396282594,-12425.1984597466,"x"
"1454",18028.0575049371,-15937.1820027335,"x"
"1455",14047.4972654013,-6307.63562881927,"x"
"1456",16060.9385001999,-10942.565265918,"x"
"1457",17684.3850663734,-15037.798270931,"x"
"1458",15471.2423582579,-10256.2982625602,"x"
"1459",18236.9068671813,-16123.921434883,"x"
"1460",14443.9723801114,-9060.83498244313,"x"
"1461",16120.2013072356,-13115.4157715898,"x"
"1462",15497.0782280713,-10150.6523729252,"x"
"1463",13929.265532314,-5573.08005730991,"x"
"1464",16346.9513865873,-12499.9230280851,"x"
"1465",17322.9163141383,-16281.4001086448,"x"
"1466",17312.074740622,-14486.4001916569,"x"
"1467",14540.3674688374,-9531.83679357986,"x"
"1468",17725.6687230101,-15217.6890368365,"x"
"1469",17788.8010737936,-15634.5524991424,"x"
"1470",15253.2019047651,-9170.29575775148,"x"
"1471",15846.5805573053,-11591.4121860922,"x"
"1472",16985.5805738268,-13827.3350920986,"x"
"1473",15475.3411647575,-10301.3226978823,"x"
"1474",15410.6178650202,-9914.90038028438,"x"
"1475",14045.8232356985,-6833.29602508795,"x"
"1476",12450.2682694427,-1466.25223844478,"x"
"1477",12461.0200840819,-1115.19243313442,"x"
"1478",14702.6587135865,-8386.53132322494,"x"
"1479",17659.9910082806,-14567.1725651858,"x"
"1480",14202.9593424924,-6430.12974159068,"x"
"1481",13488.577176465,-7240.25552808168,"x"
"1482",16537.7723196224,-12734.3068828867,"x"
"1483",17385.2905844073,-14416.2538895857,"x"
"1484",13535.1113536646,-4059.63367408223,"x"
"1485",16580.2864014801,-12832.8378941987,"x"
"1486",9707.19138043747,4326.9174980816,"x"
"1487",13084.5385883518,-1041.87865740599,"x"
"1488",16546.5888420308,-12603.3365661734,"x"
"1489",15173.7883316352,-10044.3247914518,"x"
"1490",16428.5644980986,-12904.4844226883,"x"
"1491",12138.0280244142,174.51425658235,"x"
"1492",13997.7774068599,-6150.61381943833,"x"
"1493",14815.3769862664,-9145.12883060102,"x"
"1494",17146.5937802109,-13545.9696285983,"x"
"1495",14126.790011006,-6798.15926719628,"x"
"1496",13988.4032389983,-7659.33214354044,"x"
"1497",17857.1997992478,-15198.292865464,"x"
"1498",13610.3647134578,-4216.90332682623,"x"
"1499",17949.9748556772,-16318.5126969807,"x"
"1500",14691.547564565,-8570.19513401564,"x"
"1501",14427.3046548508,-7402.54991709577,"x"
"1502",12533.6244539456,-2332.85802373549,"x"
"1503",10106.1180389949,7900.20128900454,"x"
"1504",13605.0733396861,-4934.54024979672,"x"
"1505",14468.6020334275,-7467.41019227165,"x"
"1506",16053.8198659741,-10307.3051057618,"x"
"1507",17114.2816303981,-14682.2668019649,"x"
"1508",12853.6737705457,-3400.8018357824,"x"
"1509",15438.4706691516,-10886.2068837688,"x"
"1510",12517.8159010651,-2072.94705260313,"x"
"1511",16789.5962708311,-13101.6870876559,"x"
"1512",11841.9785852045,351.915894013062,"x"
"1513",15083.22800069,-10111.686975581,"x"
"1514",12872.9924285157,-2624.0061177976,"x"
"1515",15772.6078855966,-10982.8196781056,"x"
"1516",14943.113999113,-9611.75788282462,"x"
"1517",10221.3127760102,4645.41721586417,"x"
"1518",14375.5369681672,-7436.020518461,"x"
"1519",15543.0164763384,-10486.2980192117,"x"
"1520",17155.0981530155,-14450.5772331475,"x"
"1521",14773.2952185743,-8338.63393250547,"x"
"1522",16108.8893728689,-11196.0295850474,"x"
"1523",17044.0331873267,-13801.3851684369,"x"
"1524",15174.7254443266,-11969.7882574988,"x"
"1525",18077.7105652203,-16232.4388784814,"x"
"1526",18061.2592179108,-15922.0817895681,"x"
"1527",12259.1335188889,-592.044866688089,"x"
"1528",15517.6789027613,-9891.14931976087,"x"
"1529",17683.570298247,-15157.8525572796,"x"
"1530",15290.4649355496,-8540.89223141369,"x"
"1531",16370.3211920183,-12069.5456371237,"x"
"1532",17199.4367945526,-12886.351953413,"x"
"1533",16793.8380987691,-13872.7252870598,"x"
"1534",13896.2143139143,-7278.74446558532,"x"
"1535",13495.5037572669,-5285.9143407449,"x"
"1536",14755.1287513861,-7948.77550085311,"x"
"1537",18459.6707686859,-16436.4020957141,"x"
"1538",14756.9647943609,-7820.3241288964,"x"
"1539",15622.2915180659,-10835.8541139949,"x"
"1540",14136.6449335382,-8515.6636521563,"x"
"1541",13503.5790346215,-3941.36596850076,"x"
"1542",14598.2766846548,-7405.89209948237,"x"
"1543",15426.9157147981,-10671.7619472246,"x"
"1544",11565.2503423758,1810.74389400996,"x"
"1545",15677.7661471993,-10792.5389465956,"x"
"1546",18119.2370768836,-15926.0822124077,"x"
"1547",16344.1562739666,-12533.8017191524,"x"
"1548",17016.3112884718,-13341.7871108781,"x"
"1549",13792.3806641013,-6166.35749591877,"x"
"1550",17803.6256097276,-14599.6641700007,"x"
"1551",17722.0511438535,-15517.090006341,"x"
"1552",15757.9016048263,-10420.6427561619,"x"
"1553",16032.6092465636,-11629.8656392648,"x"
"1554",13555.5632426808,-5983.75537005169,"x"
"1555",15418.2202247234,-9003.19793201236,"x"
"1556",14774.077249358,-6170.55895706579,"x"
"1557",15634.4577200666,-10741.3728031613,"x"
"1558",17798.7751420343,-15747.13966753,"x"
"1559",13847.1958410973,-4822.16821264566,"x"
"1560",14384.4101065178,-8227.35431119865,"x"
"1561",15163.0146749621,-9908.76618914718,"x"
"1562",15794.9583553523,-11723.453180289,"x"
"1563",15523.7292077621,-10706.2021271851,"x"
"1564",13140.7005019016,-5186.07659135767,"x"
"1565",14162.4928045118,-6815.38744524332,"x"
"1566",15030.1316005317,-9155.72140559919,"x"
"1567",16051.7190391303,-12002.562327944,"x"
"1568",15285.5434317358,-10580.9680882341,"x"
"1569",13725.2960645256,-5682.61203877434,"x"
"1570",16623.4945459203,-13206.3078938764,"x"
"1571",15241.0656831847,-9808.67339968075,"x"
"1572",17045.6417709121,-14509.671443514,"x"
"1573",15220.6752713999,-9644.02647234102,"x"
"1574",15986.0967211125,-11187.6538099044,"x"
"1575",15017.5272291659,-9039.67347290302,"x"
"1576",14630.3278090145,-8004.72697727521,"x"
"1577",14975.5860350848,-8094.44634614641,"x"
"1578",15058.7063640201,-10059.8155163417,"x"
"1579",15595.3810152249,-10653.5614581089,"x"
"1580",11251.64452177,-628.050449658305,"x"
"1581",15353.0605554368,-9405.53737425531,"x"
"1582",12107.9560209074,-168.122692113871,"x"
"1583",16064.986270432,-10750.6477911162,"x"
"1584",14649.3190411975,-8566.96451877078,"x"
"1585",15379.6012947091,-9993.08745503906,"x"
"1586",14835.2456856604,-9578.50844278019,"x"
"1587",13804.6019521748,-6975.26354915467,"x"
"1588",16953.0319050808,-14115.5892655586,"x"
"1589",16931.3534137897,-13504.6379157633,"x"
"1590",15968.4031436572,-12845.0859826561,"x"
"1591",16143.8905121105,-12822.8441953021,"x"
"1592",13175.9877898773,-4940.35436420793,"x"
"1593",16956.2225981599,-13870.6127365681,"x"
"1594",13226.3261065077,-5248.58785274214,"x"
"1595",14638.2770774558,-8000.91928027348,"x"
"1596",17987.5504687762,-15851.7068102046,"x"
"1597",18267.008567108,-16444.9221420246,"x"
"1598",15113.4261439223,-9718.13246270661,"x"
"1599",12201.5142604362,-2648.75269019467,"x"
"1600",15898.4059461138,-10463.4390896266,"x"
"1601",12652.2668972949,-2240.1297890416,"x"
"1602",16103.4250148463,-10916.3752789429,"x"
"1603",13618.0630397339,-5137.80708467035,"x"
"1604",15198.0335399428,-10234.4609260767,"x"
"1605",16947.0335146718,-13779.0606301029,"x"
"1606",16133.8399284317,-11880.5798262866,"x"
"1607",17797.6909119115,-14946.2786157037,"x"
"1608",17155.80467637,-14554.130350672,"x"
"1609",17787.9544389608,-15098.4809646797,"x"
"1610",15928.7203886802,-11784.635155507,"x"
"1611",15085.347866745,-9585.1855319517,"x"
"1612",16704.5519459487,-13333.8484004703,"x"
"1613",17497.1042820797,-14309.6559583711,"x"
"1614",13675.5896643455,-5969.69351865371,"x"
"1615",12668.9813729486,-3260.91850155116,"x"
"1616",15647.9788019345,-8731.28957062406,"x"
"1617",16984.3721988478,-13563.2045732409,"x"
"1618",15346.2359069985,-11164.2184266003,"x"
"1619",15175.244386055,-8940.0127131361,"x"
"1620",14391.8618672962,-7414.58309870595,"x"
"1621",15313.5043718248,-9710.66214180606,"x"
"1622",15184.6088202833,-8752.9622310474,"x"
"1623",18214.5900361027,-15455.5655668254,"x"
"1624",15081.5142376752,-8538.19620308926,"x"
"1625",14306.4208034017,-6562.7806593388,"x"
"1626",14139.9370747,-7446.06700884283,"x"
"1627",14986.8321373141,-9376.15935056607,"x"
"1628",14502.4924792468,-7297.4081315327,"x"
"1629",13876.5642647911,-6345.18818980975,"x"
"1630",13133.6467831112,-6322.01258259788,"x"
"1631",15541.9826862765,-10421.7138197917,"x"
"1632",17077.5036535222,-13378.3870407881,"x"
"1633",12088.3343503893,-977.621063909983,"x"
"1634",18363.1891427489,-16855.5592053051,"x"
"1635",15482.690682911,-10404.4575361444,"x"
"1636",18374.087817843,-16662.536438724,"x"
"1637",16237.8433000492,-12329.8317776039,"x"
"1638",16367.4472878815,-12073.2134920361,"x"
"1639",18102.1974479346,-15869.9355725103,"x"
"1640",18119.0249018031,-15745.3621640229,"x"
"1641",18293.9413153594,-16472.756981426,"x"
"1642",15327.4430026802,-10568.0788138983,"x"
"1643",16793.111467589,-13758.0831190797,"x"
"1644",15549.629506437,-10716.8300606114,"x"
"1645",17313.4613359262,-13819.3532613094,"x"
"1646",14763.7669291852,-8548.77957846334,"x"
"1647",14733.2559492687,-8205.68612543342,"x"
"1648",16055.9995735436,-11296.468934573,"x"
"1649",14516.1659828535,-7097.17656618881,"x"
"1650",12816.1336765317,-3454.802948348,"x"
"1651",15936.10986755,-12352.7913191151,"x"
"1652",17483.3095927004,-14227.663361277,"x"
"1653",15638.5521161749,-10114.4798847817,"x"
"1654",15998.3173823047,-12717.0446120932,"x"
"1655",14845.6544544009,-8273.6520569565,"x"
"1656",14260.6587877016,-7358.45867713629,"x"
"1657",16716.4113033209,-12970.0910328367,"x"
"1658",14570.3920644731,-7388.12656713844,"x"
"1659",16989.9465776819,-13492.9471672094,"x"
"1660",14466.203166462,-7647.39776870565,"x"
"1661",13891.6925934395,-6761.27734344226,"x"
"1662",14036.8042662719,-7715.62143216279,"x"
"1663",14052.7465170514,-6691.99709750202,"x"
"1664",13190.2918189565,-4645.56140769629,"x"
"1665",13697.5976007497,-7681.80513680369,"x"
"1666",16083.0885757834,-11805.7456036197,"x"
"1667",13737.0711356224,-5376.90092941993,"x"
"1668",16882.7382702167,-14676.060634275,"x"
"1669",14601.0807734226,-8445.76639386886,"x"
"1670",14681.5865287341,-9307.29563893283,"x"
"1671",14477.0679833134,-7628.80950859368,"x"
"1672",15634.424721062,-9462.03519955724,"x"
"1673",11395.9333443325,1163.85030151114,"x"
"1674",14875.2569179609,-8771.74875514854,"x"
"1675",15656.7337948832,-10843.6821171081,"x"
"1676",14740.2821076639,-8802.05578330306,"x"
"1677",13134.331360194,-3431.41145910298,"x"
"1678",11341.8692379693,2657.98636955592,"x"
"1679",16278.9097861366,-12335.9663603737,"x"
"1680",15788.5593560197,-11277.9997433247,"x"
"1681",16174.5362243487,-11540.2251255568,"x"
"1682",12382.5354188693,-3098.60813127862,"x"
"1683",12472.3738258236,-509.666995175432,"x"
"1684",16169.8263504749,-11692.4526188659,"x"
"1685",13866.7900589045,-7130.22170779372,"x"
"1686",18532.0637151845,-17360.9157550549,"x"
"1687",15485.1958020668,-10739.5681904302,"x"
"1688",18033.7853111467,-16151.0550120751,"x"
"1689",12964.6810294891,-1630.42334644137,"x"
"1690",15162.6456721932,-8800.61595629777,"x"
"1691",12697.4617651173,-3422.96187637359,"x"
"1692",15034.4790945519,-9832.90321642037,"x"
"1693",17353.0428826332,-14434.2455058379,"x"
"1694",11267.7841314444,794.415420349922,"x"
"1695",15899.5191234559,-11976.2584364354,"x"
"1696",16244.5498599623,-11417.2943257167,"x"
"1697",12886.8482380751,-4977.35541796451,"x"
"1698",12122.2106855785,-25.4459780219786,"x"
"1699",14828.3918475471,-8679.55740098905,"x"
"1700",17827.5279553211,-14929.6609875323,"x"
"1701",15782.076797359,-11486.9404556665,"x"
"1702",16180.0279543149,-12542.4498599072,"x"
"1703",14918.0920694481,-10572.5245180595,"x"
"1704",13814.7960297197,-5480.49263883924,"x"
"1705",13260.5188450289,-5509.47999981011,"x"
"1706",16104.9891401253,-12123.8352356159,"x"
"1707",16841.0322268577,-13362.5416699382,"x"
"1708",15880.6883920761,-9907.97362406175,"x"
"1709",13536.7151366544,-4249.42571752214,"x"
"1710",15379.9956846945,-9538.1064960778,"x"
"1711",13618.4513905702,-4853.26091340673,"x"
"1712",16083.3012245116,-12373.1402928878,"x"
"1713",15581.0619991737,-10877.8026312279,"x"
"1714",18376.8070459174,-16908.7307561417,"x"
"1715",15476.4257583222,-10009.5252955151,"x"
"1716",16374.9688941941,-11822.5573112698,"x"
"1717",15204.5202377954,-8464.04978947328,"x"
"1718",13884.0834178125,-4212.56796164416,"x"
"1719",15550.9973842272,-10826.3619145028,"x"
"1720",13047.0921893933,-4236.36822760038,"x"
"1721",15989.9552904834,-12306.9711080653,"x"
"1722",15607.7016377604,-10775.1199018631,"x"
"1723",11869.1715156089,-2540.28724639092,"x"
"1724",17305.9798188518,-14259.3321969033,"x"
"1725",13884.5782600004,-5768.54118962156,"x"
"1726",12038.2309213984,-213.423130669798,"x"
"1727",15072.3645587393,-8806.99917745421,"x"
"1728",15063.4065215629,-9352.30724537962,"x"
"1729",15423.6676300758,-8497.85291071969,"x"
"1730",14962.635570997,-9166.35222644427,"x"
"1731",16290.6634574561,-11319.9511337576,"x"
"1732",14715.3114602918,-8081.52774184629,"x"
"1733",14129.2967890886,-6362.63063318448,"x"
"1734",15215.4190519005,-9895.58908139775,"x"
"1735",15343.8806071136,-9385.70335006531,"x"
"1736",14090.5569706452,-6975.66509395728,"x"
"1737",13965.8859580187,-6623.5156989755,"x"
"1738",14156.2079896359,-7278.33290455348,"x"
"1739",13067.2199406327,-5276.14602852278,"x"
"1740",13626.9647710613,-6830.24451583777,"x"
"1741",16955.1805968876,-14192.3643017702,"x"
"1742",14812.3108888967,-8153.26411151074,"x"
"1743",15586.2778342402,-11392.3399018619,"x"
"1744",14929.1323871499,-10623.1514889143,"x"
"1745",12208.5246512245,-2398.80602571329,"x"
"1746",15124.7464650459,-9946.73834165357,"x"
"1747",14937.4339841341,-8153.72516221611,"x"
"1748",15639.7054184425,-10229.1639106104,"x"
"1749",17263.3944717307,-13881.9124547542,"x"
"1750",13925.6683765765,-7119.62330107127,"x"
"1751",14702.9773971718,-7656.04179659865,"x"
"1752",17908.260291358,-15508.5652160971,"x"
"1753",15513.1213084731,-11318.3732465971,"x"
"1754",13478.6037581371,-5601.78335419757,"x"
"1755",12222.1203654679,-1908.55039085099,"x"
"1756",18679.3878896309,-16714.5570436743,"x"
"1757",15253.3631777226,-12741.5955854735,"x"
"1758",14593.5431200686,-7672.1388425321,"x"
"1759",16801.6283301294,-13122.6942991841,"x"
"1760",15014.4448395183,-9833.55045245003,"x"
"1761",17628.7180200316,-14954.364672546,"x"
"1762",15196.6702186158,-9952.04345094239,"x"
"1763",14912.7180297464,-8689.5690994628,"x"
"1764",12994.2680685738,-2468.56315323906,"x"
"1765",13059.8807368864,-4059.58119411279,"x"
"1766",14068.8379103963,-6795.38122193068,"x"
"1767",13939.1639168271,-6723.15883832708,"x"
"1768",18210.8407119292,-15986.6011776697,"x"
"1769",16657.1056124372,-13136.8741643179,"x"
"1770",17184.8962760366,-15584.1358774481,"x"
"1771",17995.9587231298,-15713.6354992517,"x"
"1772",13239.7266530695,-4498.276937432,"x"
"1773",14777.3578830001,-9235.00612504832,"x"
"1774",13105.4800347128,-5005.06059967526,"x"
"1775",16195.7014011253,-11900.3620290488,"x"
"1776",15314.9412612081,-8584.20583385405,"x"
"1777",12681.1689226426,-2935.11899349703,"x"
"1778",18323.2257388975,-16756.9277947201,"x"
"1779",16205.026941258,-11539.7131309539,"x"
"1780",18292.9014914984,-16716.0383824239,"x"
"1781",15248.8304701555,-10543.7902298051,"x"
"1782",17643.7325149351,-15144.8785186539,"x"
"1783",16459.1148586655,-13333.6742147979,"x"
"1784",16471.0833144403,-12149.2711084036,"x"
"1785",14216.0859507329,-6948.9261696865,"x"
"1786",18056.8900972121,-15709.5424844319,"x"
"1787",15272.1375170102,-10404.3002639386,"x"
"1788",14328.2988198401,-7574.5723797671,"x"
"1789",16159.5631012459,-13788.8867086068,"x"
"1790",15666.9656898245,-9046.11946142525,"x"
"1791",13984.9393361002,-7054.57008880032,"x"
"1792",14413.0745907391,-7885.46590732934,"x"
"1793",16387.7383977625,-13195.7250771136,"x"
"1794",12602.1197176011,-2759.76889313285,"x"
"1795",15522.1376530588,-10725.8383770566,"x"
"1796",13791.1329826815,-6145.92519049479,"x"
"1797",14635.749989031,-9105.56010328307,"x"
"1798",12028.4844534786,318.504420664607,"x"
"1799",14806.2597252178,-8609.1165783633,"x"
"1800",14635.9818963178,-8009.18457867695,"x"
"1801",13568.4351807309,-6898.82280771629,"x"
"1802",18265.0611417981,-16955.0243293637,"x"
"1803",16868.2584681204,-12911.443510468,"x"
"1804",14188.6709063431,-6134.61387248171,"x"
"1805",17587.1636835781,-15485.6336251989,"x"
"1806",15709.8608595968,-10918.3141776574,"x"
"1807",15668.241651838,-10883.9450986363,"x"
"1808",16666.4986737968,-13395.3323269642,"x"
"1809",17306.3626116803,-13724.3283175828,"x"
"1810",14890.4951609506,-9468.05690218976,"x"
"1811",16637.3237965039,-13039.934190585,"x"
"1812",14880.6409421308,-9025.24728727362,"x"
"1813",14369.979820917,-7296.86201001511,"x"
"1814",15845.4294014117,-10876.5188456768,"x"
"1815",15097.9789851657,-8415.23145854741,"x"
"1816",17081.0595670939,-13715.3853732202,"x"
"1817",16070.0681614695,-11221.3105061342,"x"
"1818",14711.9160530781,-8239.402124982,"x"
"1819",12108.8847107158,-905.521699507177,"x"
"1820",14511.7716236379,-8526.94411505137,"x"
"1821",11291.8733223195,3619.87161334784,"x"
"1822",10361.4925492987,3019.61263755216,"x"
"1823",16347.1282813054,-12285.5668678229,"x"
"1824",11670.1419304806,-69.0312363130706,"x"
"1825",15360.0866335141,-10378.179703631,"x"
"1826",17162.4004443575,-13503.2152633566,"x"
"1827",14422.0633608493,-8031.80549239075,"x"
"1828",15411.5910221243,-10672.1088159209,"x"
"1829",16477.5473732153,-12350.0659613096,"x"
"1830",15303.0827018605,-10371.8162411459,"x"
"1831",13798.3578585768,-6626.28903403086,"x"
"1832",14932.3939534939,-8616.22568198773,"x"
"1833",12568.7625265766,-2027.48557525646,"x"
"1834",17198.9373292454,-14839.6452830302,"x"
"1835",13146.1627667696,-3903.55631019466,"x"
"1836",14905.3557845843,-8293.08747345321,"x"
"1837",18078.3826203715,-16183.8759562216,"x"
"1838",14642.3061287157,-9138.52277125209,"x"
"1839",10371.0052872024,5418.59722575619,"x"
"1840",16386.2635984388,-12148.0223200933,"x"
"1841",15164.9658374905,-9536.16488132849,"x"
"1842",15603.4326753091,-10582.4907911357,"x"
"1843",14476.3244222695,-6989.15020031701,"x"
"1844",15476.5902721118,-9801.66486657737,"x"
"1845",12373.1324072015,-2337.36286397749,"x"
"1846",14153.1949023548,-9013.91199402502,"x"
"1847",18297.3564301643,-16262.8818307588,"x"
"1848",15852.463184823,-11366.798050168,"x"
"1849",12120.9675263013,-926.928626850186,"x"
"1850",15132.891077145,-8836.91011653816,"x"
"1851",16383.633515695,-12995.4094441728,"x"
"1852",16498.0643722283,-12114.5438810051,"x"
"1853",15152.7084597233,-9110.6675793771,"x"
"1854",13590.5469873261,-5640.06743209044,"x"
"1855",18486.5771329938,-17123.113536692,"x"
"1856",17534.4368998694,-14889.554939266,"x"
"1857",15416.1856230544,-10146.8548473842,"x"
"1858",16378.9210748942,-11764.956342845,"x"
"1859",12277.2684506544,-1256.27940283617,"x"
"1860",16947.1282615495,-13909.6537741156,"x"
"1861",12776.0931193115,-3958.85917850808,"x"
"1862",14945.0572171714,-9469.90798015498,"x"
"1863",14973.4689283652,-8248.2005894772,"x"
"1864",16526.2957965991,-12323.8106256057,"x"
"1865",16350.9410742075,-12409.6175792788,"x"
"1866",14026.8347304798,-6151.90880649728,"x"
"1867",15429.2503134259,-10513.5087127383,"x"
"1868",10713.21265881,2172.22407668644,"x"
"1869",16031.272353753,-12040.6695450236,"x"
"1870",11257.9138061947,1233.01049079317,"x"
"1871",14023.0386210139,-6595.43068456047,"x"
"1872",17685.90563839,-15502.5091341829,"x"
"1873",16596.5868900726,-12674.5296255863,"x"
"1874",16643.6640858263,-13161.1575692373,"x"
"1875",14233.799337774,-7655.89262610723,"x"
"1876",13129.6541086663,-2504.04284546063,"x"
"1877",13534.0621627545,-5397.63163084522,"x"
"1878",18435.2460472039,-17185.0136858011,"x"
"1879",16302.0323100955,-11846.7564029343,"x"
"1880",11191.0147958638,1540.99880974245,"x"
"1881",15494.7536761436,-11168.7592974552,"x"
"1882",17040.3342796042,-13299.9505196168,"x"
"1883",15523.1202100048,-10831.3815623512,"x"
"1884",14813.7381448535,-9062.93495801878,"x"
"1885",13938.6669522119,-6149.88497768816,"x"
"1886",14814.4571539032,-8124.33019843301,"x"
"1887",15826.111099192,-11208.1099066046,"x"
"1888",15919.7481772029,-10845.6973973808,"x"
"1889",16110.3349673306,-11120.8123844202,"x"
"1890",15884.0787175769,-10575.9656935604,"x"
"1891",16632.8205473845,-12505.0609181898,"x"
"1892",16597.1507863695,-13437.0201468482,"x"
"1893",12522.7069549173,-3134.78041513294,"x"
"1894",16235.5555738994,-11011.0692913283,"x"
"1895",16343.4916238476,-11523.5854392184,"x"
"1896",13485.963770671,-4533.29105499391,"x"
"1897",15739.7788177493,-10469.191992542,"x"
"1898",16010.2260144324,-11597.8549792365,"x"
"1899",17269.9130114203,-14823.5473602304,"x"
"1900",12847.6596584817,-3784.15281633259,"x"
"1901",12595.937735971,-2686.56489864494,"x"
"1902",17304.1308190401,-14809.5431391585,"x"
"1903",12617.481114327,-3012.24757594047,"x"
"1904",18301.2268132926,-15745.6783919764,"x"
"1905",15544.0360354198,-11520.5446458949,"x"
"1906",17065.7222946474,-13830.5554203121,"x"
"1907",16709.4868160129,-12022.0448499213,"x"
"1908",17157.4888744318,-14494.7776028196,"x"
"1909",14270.4406664222,-4970.81426016857,"x"
"1910",15524.0007720322,-9488.67477883569,"x"
"1911",17373.0647501204,-15356.9498154904,"x"
"1912",11196.2248446421,355.589792113997,"x"
"1913",12093.7219619268,-1655.19621242624,"x"
"1914",14684.4286542223,-9530.29964784816,"x"
"1915",12264.7627696572,-1395.68811517771,"x"
"1916",16497.5301924724,-12428.5677108317,"x"
"1917",12462.9682909658,-596.100400888174,"x"
"1918",11671.951116195,316.882335815779,"x"
"1919",16441.0177904406,-12331.4065895556,"x"
"1920",12058.0184896879,-535.453933950723,"x"
"1921",12924.2084296857,-3496.0492149842,"x"
"1922",16178.6455460072,-12180.4997089106,"x"
"1923",16390.6719799745,-12160.4201567742,"x"
"1924",10352.5370475308,5229.1002477327,"x"
"1925",17453.8463935259,-15214.4652448154,"x"
"1926",14081.7178616532,-6780.08363717653,"x"
"1927",12752.1322550892,-2627.65515657576,"x"
"1928",15760.2035165885,-10139.3512085557,"x"
"1929",14983.856270722,-9725.70048144888,"x"
"1930",17188.076391155,-14414.4049398138,"x"
"1931",17566.4924511162,-14625.7516538815,"x"
"1932",17182.7237574635,-14549.9557912549,"x"
"1933",11459.8488406374,3109.80594610678,"x"
"1934",15767.9644480625,-10868.1345706551,"x"
"1935",14767.1320876511,-9893.47450618756,"x"
"1936",13673.9469275128,-7004.82755436275,"x"
"1937",16901.7205962927,-13456.7500730374,"x"
"1938",13905.4608254338,-6818.14053441963,"x"
"1939",15514.5728318827,-11442.8773711685,"x"
"1940",14513.7514793973,-7147.93667442352,"x"
"1941",17409.2952870098,-14535.310076037,"x"
"1942",14104.4895459448,-7247.17645647749,"x"
"1943",13446.0314895907,-4182.74000621759,"x"
"1944",15007.2015146984,-8855.21838236243,"x"
"1945",12803.3382197544,-2871.32318004686,"x"
"1946",14291.4274887114,-7673.90974563266,"x"
"1947",15857.7287757066,-12069.9811253373,"x"
"1948",17299.5369022902,-13630.9668095433,"x"
"1949",14095.5581440104,-5576.26376524499,"x"
"1950",13671.6124254384,-6483.5163742487,"x"
"1951",15411.8219238867,-10089.3049342294,"x"
"1952",16712.1776059399,-12411.5634500642,"x"
"1953",18177.3456335644,-16713.8363819639,"x"
"1954",11459.2346167736,732.939854013275,"x"
"1955",16642.7229939444,-12015.6889163433,"x"
"1956",13441.7416780375,-5100.98415024831,"x"
"1957",18520.2936942921,-17459.937353628,"x"
"1958",14373.7837942403,-7989.540054523,"x"
"1959",14899.7805052223,-9916.50233158736,"x"
"1960",14719.2958095247,-7548.94147833976,"x"
"1961",16322.9203782597,-12491.8962887854,"x"
"1962",15640.0658469444,-11255.7323967102,"x"
"1963",17345.504189888,-13759.9444188599,"x"
"1964",14457.2160725815,-8079.24207157735,"x"
"1965",12533.6005107975,-2552.59361540912,"x"
"1966",15454.8912019344,-10093.6558159078,"x"
"1967",16056.3711117029,-11055.8502028924,"x"
"1968",13682.5305478989,-5715.23802668792,"x"
"1969",17160.277221366,-14333.7681225652,"x"
"1970",11688.219774562,-879.566642070416,"x"
"1971",13214.2229998246,-5798.01003187496,"x"
"1972",15451.7666516047,-10084.8947507414,"x"
"1973",14181.7290710635,-6823.9084271064,"x"
"1974",13983.5295048047,-7466.96242660167,"x"
"1975",17263.5148837666,-14427.1248206316,"x"
"1976",16408.3392223957,-12452.8919177912,"x"
"1977",14087.5681910275,-7341.65247005558,"x"
"1978",13108.3974198883,-2995.92212426803,"x"
"1979",14948.6202554977,-8329.45948258519,"x"
"1980",18774.8759088846,-17251.130704946,"x"
"1981",14268.2751128736,-6981.69758127819,"x"
"1982",17046.7213686985,-13511.129133664,"x"
"1983",17211.6552412392,-13523.8762948944,"x"
"1984",13843.3350442302,-6345.81352758519,"x"
"1985",15649.6727058283,-9941.83508818093,"x"
"1986",14668.552075604,-8868.59690038521,"x"
"1987",15870.6781752757,-10940.8878784053,"x"
"1988",16680.3007537939,-13474.9831818879,"x"
"1989",18315.4629758961,-16439.2475842145,"x"
"1990",14087.712700598,-6193.47481537911,"x"
"1991",14701.1951214753,-10271.274262976,"x"
"1992",12891.2273051612,-4930.96261804058,"x"
"1993",14166.630317279,-7532.41556889515,"x"
"1994",15123.3529028343,-10220.0596091954,"x"
"1995",15274.0850039749,-11003.4021277292,"x"
"1996",17358.6412608547,-14665.2312211695,"x"
"1997",13676.8868837588,-5517.30697702311,"x"
"1998",16901.0159417907,-13523.7983482737,"x"
"1999",14702.4100752187,-8843.82890898201,"x"
"2000",13361.5921806343,-4929.30225849278,"x"
"2001",13601.5044228866,-6555.03776811816,"x"
"2002",14298.0768893139,-7247.63724159148,"x"
"2003",14127.0532516214,-8567.98355364631,"x"
"2004",18439.2500673803,-16668.5616845004,"x"
"2005",17373.1907170442,-14671.7920017559,"x"
"2006",15123.7847231332,-10542.0215124031,"x"
"2007",14072.4968187807,-5181.08059636952,"x"
"2008",15926.3217377077,-10713.9780889199,"x"
"2009",16928.3694051532,-13575.9714288115,"x"
"2010",10959.7650637727,2567.76031138396,"x"
"2011",16482.1358471632,-12906.7081800129,"x"
"2012",11677.2323328883,-180.924378939275,"x"
"2013",14940.6427399676,-9945.17399775385,"x"
"2014",14638.4228472208,-7909.67282911762,"x"
"2015",17904.1526958027,-15698.9420989624,"x"
"2016",14397.3237059681,-7909.62674763066,"x"
"2017",17621.9106294179,-15373.4101158083,"x"
"2018",16303.7829954612,-12054.1292597646,"x"
"2019",15834.8635074593,-10930.1774476086,"x"
"2020",15940.7515574039,-11826.7985974778,"x"
"2021",12986.5907825051,-3055.96758484513,"x"
"2022",14466.379975788,-7775.28610520252,"x"
"2023",15435.8286016693,-9823.83112073168,"x"
"2024",12880.5163158636,-4258.16086220523,"x"
"2025",14702.4332142306,-8500.29774558007,"x"
"2026",16294.5323533795,-11788.4297961722,"x"
"2027",14381.3369747811,-8226.54574624525,"x"
"2028",15096.5159215071,-8056.34328614351,"x"
"2029",15786.8579144162,-11486.2231775841,"x"
"2030",16374.7400736521,-11988.3337127269,"x"
"2031",12892.5663317818,-4657.31268990899,"x"
"2032",17274.5567903027,-14554.8555603768,"x"
"2033",13648.1433407233,-4279.70553119473,"x"
"2034",15157.8327169917,-8005.09775531937,"x"
"2035",16887.4338386217,-13167.1356530427,"x"
"2036",17910.9310724828,-15231.385271841,"x"
"2037",16822.005603949,-13075.3133875328,"x"
"2038",15870.7916599521,-10558.7524790797,"x"
"2039",13507.7115245741,-4863.78545444875,"x"
"2040",13691.8902331094,-5468.09811668055,"x"
"2041",14742.01493392,-8665.33216275822,"x"
"2042",16758.36050121,-12950.3756165116,"x"
"2043",17023.3965585849,-13662.9305761233,"x"
"2044",14093.8519472384,-8081.63751118578,"x"
"2045",17543.3526142056,-14749.9235173362,"x"
"2046",15687.8689315765,-11963.6505703448,"x"
"2047",14190.993105898,-6570.00167317025,"x"
"2048",14083.3351558173,-6712.17567939206,"x"
"2049",18250.5525438901,-15785.3977927501,"x"
"2050",15734.828517088,-9311.73091801305,"x"
"2051",17029.4188318884,-14403.6550116506,"x"
"2052",16652.4684663614,-13710.3693858625,"x"
"2053",11468.0437054113,-1839.42936724079,"x"
"2054",17086.3678481686,-14031.4353509711,"x"
"2055",14806.48724055,-9089.76140264057,"x"
"2056",12804.4929885314,-3089.8846978985,"x"
"2057",16553.2584266198,-12460.2800233067,"x"
"2058",15708.2817908142,-10167.1605101127,"x"
"2059",14337.1539057931,-7664.87986342868,"x"
"2060",10854.6416844308,2383.08609457931,"x"
"2061",14316.5226427359,-7803.24933320693,"x"
"2062",16465.9737907029,-12860.7220445784,"x"
"2063",18134.7924731891,-15631.5075164438,"x"
"2064",14117.916683922,-6419.73852710486,"x"
"2065",16045.4568996977,-11181.6024147098,"x"
"2066",18471.9493801408,-16311.7189335917,"x"
"2067",14391.4254794679,-6806.95713987712,"x"
"2068",16097.1891218979,-11176.6727882413,"x"
"2069",15544.1012286157,-9641.47692953205,"x"
"2070",16833.5170666377,-14293.2826581688,"x"
"2071",13562.16993163,-5549.0653760726,"x"
"2072",16215.3569931588,-11866.5153376602,"x"
"2073",15090.7426666296,-8559.95476787571,"x"
"2074",16856.3597687301,-13097.0147060668,"x"
"2075",16246.1273674573,-12536.7189589297,"x"
"2076",17225.8313841152,-13885.7708097726,"x"
"2077",17913.6452520937,-15433.0629989347,"x"
"2078",11637.5182858591,938.24865564295,"x"
"2079",18414.8091668744,-16638.6286605325,"x"
"2080",14052.9623643469,-6857.23142994441,"x"
"2081",17618.8701220085,-15205.1816476336,"x"
"2082",15419.7222686603,-9773.07789806067,"x"
"2083",16798.3452912733,-13891.2316080464,"x"
"2084",18019.6303943408,-15585.8854768589,"x"
"2085",15352.7103963519,-9247.33035562438,"x"
"2086",16212.6909670456,-12069.4718748648,"x"
"2087",14540.5275354677,-9019.87629546852,"x"
"2088",13582.2467613885,-5789.43895913413,"x"
"2089",17267.3015879584,-14838.2170085993,"x"
"2090",9478.11781544471,7979.18741411987,"x"
"2091",16286.479252596,-12442.6845175285,"x"
"2092",13737.9098012899,-5573.17494953754,"x"
"2093",14458.5749851462,-7775.82674230925,"x"
"2094",16422.7186363209,-11801.4519929234,"x"
"2095",14789.8213541669,-6827.30375979869,"x"
"2096",17279.1325935006,-15035.6299502826,"x"
"2097",14512.384022197,-7459.47523781366,"x"
"2098",16328.1411544355,-11574.8957090924,"x"
"2099",11527.6066162683,179.374757247351,"x"
"2100",14676.7376766702,-7495.99309746287,"x"
"2101",14638.5181952041,-9231.21000352245,"x"
"2102",16663.7332767148,-13183.5146213608,"x"
"2103",14577.532082149,-8479.55697922963,"x"
"2104",16606.3460502061,-13341.5571237258,"x"
"2105",13524.6067060536,-4914.60260319817,"x"
"2106",16018.1598681283,-11524.3775145861,"x"
"2107",16746.4424790361,-11795.8437562521,"x"
"2108",14699.5303244403,-7640.99257980142,"x"
"2109",14576.9405762834,-7316.51688853186,"x"
"2110",16264.6590350753,-11463.2536178271,"x"
"2111",14540.0330349812,-8397.0171105631,"x"
"2112",15951.2204384513,-13465.04257306,"x"
"2113",16568.0030079345,-13316.9678181434,"x"
"2114",14194.7043260045,-6793.32313380481,"x"
"2115",16710.1691403878,-12451.3280315878,"x"
"2116",11810.6420114488,-731.623875152269,"x"
"2117",14561.967869119,-7454.83167927016,"x"
"2118",11384.1969192029,-222.104724574938,"x"
"2119",15862.1366702423,-10293.1608882608,"x"
"2120",15980.8147298447,-10843.7305447981,"x"
"2121",13635.0644689647,-6121.72931677852,"x"
"2122",15339.4266525718,-9826.11019302895,"x"
"2123",12022.3512885245,-2555.1151543646,"x"
"2124",16966.6473444837,-13690.4838693971,"x"
"2125",17677.897351935,-15385.1049396416,"x"
"2126",14664.1911316186,-8647.03900580831,"x"
"2127",15011.5571409188,-7476.32710239813,"x"
"2128",13331.4626267308,-5962.65805605975,"x"
"2129",15370.0262932355,-10850.1931543881,"x"
"2130",16263.6077976072,-12689.2109435637,"x"
"2131",16018.846081679,-11472.1658359297,"x"
"2132",12593.8149897093,-1560.41491185249,"x"
"2133",14053.4945023647,-6477.14152949518,"x"
"2134",12507.2100335936,-2027.91107060452,"x"
"2135",15662.7815209035,-11286.8863357016,"x"
"2136",10013.9952120537,5926.86176173802,"x"
"2137",17208.5316344446,-14306.6992945853,"x"
"2138",14559.8761177965,-8905.11536119918,"x"
"2139",17582.5275722436,-14687.0840539631,"x"
"2140",16034.1178069814,-9935.51139126726,"x"
"2141",16912.593012253,-12903.4447061352,"x"
"2142",10944.9015051368,3178.15359068343,"x"
"2143",17897.0603503898,-16562.0856370993,"x"
"2144",11352.0197442965,290.380743901162,"x"
"2145",17669.1793590702,-15508.3191688472,"x"
"2146",17060.6772911272,-14172.3942168441,"x"
"2147",16442.1677563194,-11725.1498095332,"x"
"2148",17879.4598522451,-15652.8333833334,"x"
"2149",16499.0123474579,-13098.4228843948,"x"
"2150",14399.0247510268,-6933.65152051935,"x"
"2151",17495.000421924,-14571.3607937804,"x"
"2152",16713.0432647927,-13459.7872354676,"x"
"2153",14199.5493642095,-7346.03461291631,"x"
"2154",14807.5475759804,-8981.90699846171,"x"
"2155",14981.177401365,-9234.72348474713,"x"
"2156",14671.0971520711,-7961.85631332216,"x"
"2157",14820.0027016198,-7490.56573677257,"x"
"2158",17098.3243132546,-14053.0347609614,"x"
"2159",15784.0453384868,-10267.46213277,"x"
"2160",13532.5846150128,-3691.27522302817,"x"
"2161",18542.6849671939,-17121.7737521182,"x"
"2162",16373.3605786581,-12772.0746222823,"x"
"2163",13521.0485468972,-5164.04651313742,"x"
"2164",12329.3383089331,-2137.92003305759,"x"
"2165",15965.5631772086,-10810.7038400829,"x"
"2166",14185.0612389023,-6630.03819650963,"x"
"2167",16027.5310643252,-11771.4734880066,"x"
"2168",16122.9240936276,-12585.5735321421,"x"
"2169",14941.3185685118,-8962.39095650679,"x"
"2170",17335.8423562808,-14545.0491495643,"x"
"2171",18260.6921295697,-16108.8157019953,"x"
"2172",16240.9075041405,-11829.8957766051,"x"
"2173",15245.4331030802,-9792.03744707769,"x"
"2174",18495.5610178049,-17351.3454131064,"x"
"2175",17236.2613417716,-13047.5376298976,"x"
"2176",14769.8969416835,-8847.12859064632,"x"
"2177",16575.2019684914,-12690.4923514308,"x"
"2178",15310.1380338265,-8780.72737363267,"x"
"2179",13722.3389854992,-5602.18328315233,"x"
"2180",16194.3830686865,-12524.1665993303,"x"
"2181",14408.0306546465,-7952.38807346235,"x"
"2182",15200.9206587807,-9170.6390059058,"x"
"2183",15696.4589231469,-10744.7990023201,"x"
"2184",11484.1598369863,1441.40901881913,"x"
"2185",13577.4641665793,-6569.16736393768,"x"
"2186",15911.7449329658,-10469.7123437941,"x"
"2187",15482.854833197,-11600.6457142021,"x"
"2188",15430.6775397993,-11106.1015879749,"x"
"2189",11241.5851026502,2649.86680807259,"x"
"2190",16540.5705793929,-12852.3500671615,"x"
"2191",13966.5971299802,-7228.36084287097,"x"
"2192",15704.7955056952,-10319.2235313882,"x"
"2193",13183.5957342787,-3892.43925951365,"x"
"2194",11067.3295370264,942.081242009903,"x"
"2195",16370.1861844029,-12766.8002349222,"x"
"2196",17562.3240171888,-15175.9949156979,"x"
"2197",17588.470408264,-14667.1153090296,"x"
"2198",11256.3038582099,126.291719637753,"x"
"2199",14550.3798938189,-9219.20914159043,"x"
"2200",16893.5464971001,-13062.2418123753,"x"
"2201",16771.8706836714,-14139.3199196247,"x"
"2202",14755.5118163955,-8807.52069088114,"x"
"2203",15210.8477027727,-9376.36890353883,"x"
"2204",16094.7252544793,-12391.2362882139,"x"
"2205",15991.4263873412,-11338.9681793137,"x"
"2206",15237.1534207333,-9789.21517527609,"x"
"2207",14428.6106486525,-6896.66030143716,"x"
"2208",18088.1299799061,-16589.2904674357,"x"
"2209",13364.4295162343,-3847.97271221848,"x"
"2210",14632.2839753066,-7413.70797675021,"x"
"2211",11974.9651621095,635.827764477765,"x"
"2212",11068.3479193947,757.825590558943,"x"
"2213",16037.2848282068,-11641.6000536129,"x"
"2214",13693.1684621955,-7153.60158599238,"x"
"2215",18176.0107147592,-16364.7509220333,"x"
"2216",11593.7432340454,-88.9834801607267,"x"
"2217",18839.6579190314,-17831.2961890675,"x"
"2218",15044.055564368,-8366.91435639177,"x"
"2219",12383.2972265679,-3390.02940126361,"x"
"2220",14807.3621903767,-9129.4214536263,"x"
"2221",17834.3113747283,-14940.6729684608,"x"
"2222",15813.07001159,-10884.8857103579,"x"
"2223",13863.9895040068,-5864.15162175012,"x"
"2224",10175.1376724694,4817.95747903622,"x"
"2225",17644.5603613428,-15504.7096749705,"x"
"2226",14626.0213050972,-7346.09677357731,"x"
"2227",17640.1100631478,-14962.1306260418,"x"
"2228",15823.3475937642,-10768.3493618222,"x"
"2229",12152.2767324574,-625.64197904345,"x"
"2230",13795.2736455348,-3990.52198982,"x"
"2231",12445.2874004211,-1241.06249932894,"x"
"2232",15625.2047669913,-12045.636070039,"x"
"2233",16460.7631228605,-12742.3360494194,"x"
"2234",15566.7269523181,-10120.8018222692,"x"
"2235",16840.4007999862,-13011.2185731105,"x"
"2236",16572.4014479896,-11474.8045798216,"x"
"2237",14389.1374217076,-6900.38449169089,"x"
"2238",15875.4816417717,-12029.6066805327,"x"
"2239",15388.6124549605,-11345.3453996927,"x"
"2240",17602.2350141499,-14756.6589034445,"x"
"2241",14565.3318240284,-7744.37772844625,"x"
"2242",15005.4716151172,-9088.48125016417,"x"
"2243",14715.9447700753,-9911.19499684861,"x"
"2244",15749.5181039964,-11264.9372427234,"x"
"2245",16025.8369852558,-10845.4382817672,"x"
"2246",17154.6279705065,-14163.6450824497,"x"
"2247",17539.2271532436,-14884.159918836,"x"
"2248",17919.5526033974,-15224.2144979408,"x"
"2249",13381.7630629447,-4642.14572498111,"x"
"2250",18408.5746898798,-16735.9204510732,"x"
"2251",16288.7554018972,-11452.6283307558,"x"
"2252",14827.3252568435,-8119.2579588395,"x"
"2253",14708.6398228406,-7437.74156089942,"x"
"2254",15637.5029839105,-10475.8612487785,"x"
"2255",11826.8243922564,-395.417495304462,"x"
"2256",16778.5866248577,-13615.6090143687,"x"
"2257",15830.3613466484,-10211.0335166702,"x"
"2258",12145.7146837617,-273.385178812281,"x"
"2259",14800.3514922015,-8678.550037925,"x"
"2260",14020.9278481627,-7834.43585701545,"x"
"2261",11458.6936549411,2488.20931313922,"x"
"2262",16484.3071684561,-12005.7752996681,"x"
"2263",15373.3848665821,-10021.628743625,"x"
"2264",15339.1157256943,-10341.7565447578,"x"
"2265",17243.9204204295,-13489.0345389305,"x"
"2266",17528.1375296212,-13986.0159534013,"x"
"2267",16015.1984305701,-12043.2654207927,"x"
"2268",17121.3270248387,-14316.3757601139,"x"
"2269",14707.3655417121,-7802.83176765004,"x"
"2270",17040.5380354761,-13979.9426264564,"x"
"2271",13247.8459579239,-6934.66257345662,"x"
"2272",14082.927107868,-7968.21599415851,"x"
"2273",15537.2982641397,-9869.30741706809,"x"
"2274",13760.4512028788,-6315.73604751736,"x"
"2275",16101.4811179205,-11529.5683939077,"x"
"2276",16454.1149877692,-12996.5501821433,"x"
"2277",13792.905523117,-5640.86591008738,"x"
"2278",16213.0985998474,-11692.0683139926,"x"
"2279",15409.3415212768,-10693.149236104,"x"
"2280",14295.090664263,-7518.102608747,"x"
"2281",13051.9152798357,-3483.22504237094,"x"
"2282",12988.8867593327,-3482.03044499209,"x"
"2283",18340.9912992068,-16258.5256600109,"x"
"2284",14315.6132816727,-6644.26024490443,"x"
"2285",17957.7673592264,-15421.8644364738,"x"
"2286",15268.0826279014,-9714.47966342866,"x"
"2287",17331.296539386,-14835.9698809202,"x"
"2288",13529.3241765034,-5209.86344653429,"x"
"2289",16121.0607378674,-10989.4849654802,"x"
"2290",17579.9168934036,-14443.9831221427,"x"
"2291",15106.7223376207,-9387.70202908137,"x"
"2292",14759.6976566587,-8682.83379298958,"x"
"2293",15779.6888167049,-10904.8642055459,"x"
"2294",12948.0847029489,-983.233671057025,"x"
"2295",12629.8301597346,-4098.62269443158,"x"
"2296",17591.4879899789,-14098.0079680707,"x"
"2297",15555.5195846568,-9620.04075964263,"x"
"2298",16375.4396007298,-12419.0888386646,"x"
"2299",15680.0846525642,-11974.0122754413,"x"
"2300",18157.4780736425,-16680.3454473898,"x"
"2301",12703.1735846838,-3363.09617168448,"x"
"2302",11975.6166759526,-1833.47898075772,"x"
"2303",14954.8847219735,-9599.08048367183,"x"
"2304",17557.4020279468,-14917.2417455418,"x"
"2305",15729.5794001293,-11273.2647846242,"x"
"2306",14972.0858701122,-8657.99177254436,"x"
"2307",13562.9184154989,-5456.69074283347,"x"
"2308",14129.8861318675,-6785.53263005793,"x"
"2309",16576.4375486948,-12625.2409325217,"x"
"2310",15406.759899551,-10302.0707400785,"x"
"2311",16708.7951616497,-12199.8467043566,"x"
"2312",15265.3738573597,-10713.5062010454,"x"
"2313",12280.3525037065,-691.620584966973,"x"
"2314",15685.723996208,-12140.7568575269,"x"
"2315",15898.0018190924,-11610.634838006,"x"
"2316",15926.7766294152,-11104.5508021253,"x"
"2317",17106.2364299008,-14425.6888741874,"x"
"2318",11080.7539419783,2855.92926635617,"x"
"2319",13295.0077348616,-5281.13833530191,"x"
"2320",18564.5353826458,-16763.847995516,"x"
"2321",16708.6013006546,-12903.9010625477,"x"
"2322",14926.35931554,-8631.5000690027,"x"
"2323",17546.5349678494,-14875.2033086777,"x"
"2324",14649.4442086764,-7727.62025820409,"x"
"2325",14779.4217862174,-9171.84030065175,"x"
"2326",15711.3273683412,-10239.2613246328,"x"
"2327",17579.5760756356,-13873.2722325296,"x"
"2328",17503.4688828116,-15049.708530353,"x"
"2329",14628.8682439204,-7119.76237358774,"x"
"2330",13929.8483155543,-6340.94930816014,"x"
"2331",11440.8256430679,-159.326493096672,"x"
"2332",16820.8697196649,-13071.5985861785,"x"
"2333",13795.6713186915,-6745.35176242118,"x"
"2334",16026.965465749,-11897.3954110361,"x"
"2335",17903.002105638,-15271.2340758496,"x"
"2336",17338.6156195572,-13912.1058492609,"x"
"2337",13836.7119988805,-6191.57576815787,"x"
"2338",15481.793330436,-11272.0285573285,"x"
"2339",16117.3550281774,-11566.5660408384,"x"
"2340",17669.9736706608,-14207.3844416275,"x"
"2341",14982.8973218853,-10071.4231604477,"x"
"2342",14603.3565761033,-7594.55604799431,"x"
"2343",10636.329429194,3502.95627270279,"x"
"2344",14101.6453659985,-6294.68938114032,"x"
"2345",14789.3516264106,-10187.5314726559,"x"
"2346",16249.2262164115,-11404.7431386668,"x"
"2347",15414.9670829165,-11663.8656260846,"x"
"2348",15937.161953616,-11270.1348576798,"x"
"2349",14972.2316463352,-8451.80613357878,"x"
"2350",14686.6035935437,-8151.48285340657,"x"
"2351",17153.5184835175,-13700.9617368995,"x"
"2352",15438.8260186683,-10446.4932284143,"x"
"2353",16306.6866052977,-13444.0232394087,"x"
"2354",11882.7492904531,-1381.09276120473,"x"
"2355",16576.8851875102,-12846.4639068342,"x"
"2356",14272.7718826228,-6427.69847435113,"x"
"2357",8607.21939591215,9733.67342667602,"x"
"2358",15990.8554187482,-12801.783096833,"x"
"2359",15491.4943826673,-10000.3067290874,"x"
"2360",17520.9837307084,-15121.486296515,"x"
"2361",13749.7839721375,-6704.83402767843,"x"
"2362",15998.4788318021,-10805.0254964163,"x"
"2363",14532.2713690636,-8357.81168523894,"x"
"2364",15754.788108328,-10579.1992495873,"x"
"2365",14584.5274618755,-7943.41802824544,"x"
"2366",17763.0282372315,-15630.3192975502,"x"
"2367",17425.4015722364,-14716.0356206884,"x"
"2368",17265.3699714054,-14402.8607167353,"x"
"2369",15242.900981686,-9565.6760466379,"x"
"2370",15629.357461302,-9581.06842184656,"x"
"2371",10367.3947088241,1552.76810457845,"x"
"2372",16252.2343479592,-12754.7467419349,"x"
"2373",14189.7395672773,-6956.27267444151,"x"
"2374",16476.7667332617,-11752.3708858324,"x"
"2375",15078.438217002,-9493.00639654953,"x"
"2376",17090.8775611653,-13514.769109281,"x"
"2377",14062.7983914457,-5994.17038695994,"x"
"2378",14239.5093235153,-7642.32936367387,"x"
"2379",15134.168167289,-9156.99687801007,"x"
"2380",18592.4154755635,-16926.248112822,"x"
"2381",12264.0544196849,-337.280299501421,"x"
"2382",16530.6948911173,-12686.5966466148,"x"
"2383",15539.4099008294,-8425.59186915532,"x"
"2384",14941.0913542979,-9104.86280409888,"x"
"2385",15154.8783459755,-9936.84491027609,"x"
"2386",16871.8113617282,-13029.6602037247,"x"
"2387",16752.8553868438,-13947.8967376837,"x"
"2388",18664.4383863653,-17460.3795274126,"x"
"2389",16560.527751676,-12226.1915200117,"x"
"2390",15871.336934079,-11352.7393042214,"x"
"2391",16142.0852836017,-12461.6509034838,"x"
"2392",15928.6460352626,-11385.5069635623,"x"
"2393",17164.2847670951,-13870.7206002028,"x"
"2394",16791.2360148627,-12670.1909158132,"x"
"2395",11407.4864456805,2095.64019455808,"x"
"2396",14806.9448734474,-9400.96623396925,"x"
"2397",9297.17785726924,8098.02611880117,"x"
"2398",13421.8245986548,-4630.89939883415,"x"
"2399",16279.0672020298,-12208.8301207013,"x"
"2400",14930.9303682613,-8658.57272759309,"x"
"2401",15090.9183873472,-8911.601991739,"x"
"2402",16971.7434578755,-12995.3091166919,"x"
"2403",15118.6020627738,-7911.06673834374,"x"
"2404",15372.2963282487,-10296.6739014584,"x"
"2405",10587.0944917005,1583.37799226408,"x"
"2406",18040.1830046286,-16048.0422489406,"x"
"2407",17169.0195630497,-13994.5535516688,"x"
"2408",16840.3344204839,-13771.0512146214,"x"
"2409",13759.8914783638,-5765.10367818815,"x"
"2410",18505.931945258,-16901.0700685012,"x"
"2411",14503.4063716782,-6690.29676594041,"x"
"2412",14646.194576476,-8232.98927956884,"x"
"2413",18682.2125036232,-17668.4934763326,"x"
"2414",15224.9845708257,-9857.88851369834,"x"
"2415",14366.3096008312,-8180.28240024517,"x"
"2416",15595.7249209198,-9869.04629790747,"x"
"2417",14968.2728634201,-8861.06221028805,"x"
"2418",14773.3507786065,-8296.12663991413,"x"
"2419",16912.1263733544,-13255.1576732136,"x"
"2420",13330.460574934,-4920.03450878135,"x"
"2421",12365.7110938137,-3270.55109211974,"x"
"2422",14579.6181178306,-7545.8920234447,"x"
"2423",13778.964485372,-5893.62679134731,"x"
"2424",15305.7478156661,-10653.1903281898,"x"
"2425",15992.2502154849,-11473.173310801,"x"
"2426",10273.8503540875,1184.40758974945,"x"
"2427",16526.191842301,-12399.6100310921,"x"
"2428",16454.0442892808,-12132.8381009664,"x"
"2429",18103.6066391415,-16362.5573361311,"x"
"2430",15095.2622798638,-8241.83112186458,"x"
"2431",15649.4494705521,-10528.127245063,"x"
"2432",16472.3790916777,-11677.9168970136,"x"
"2433",13258.7793347226,-5654.37872880528,"x"
"2434",14332.0810197471,-8721.34180265408,"x"
"2435",15964.6568683295,-11800.6942994586,"x"
"2436",14098.1526900558,-6752.53637437556,"x"
"2437",16031.0007852867,-12517.5989866063,"x"
"2438",16554.0284137161,-11777.1229090421,"x"
"2439",17902.1237924409,-15839.1420791304,"x"
"2440",12396.5982084318,-3172.94743325634,"x"
"2441",17753.4577712878,-14429.4973871382,"x"
"2442",15611.620058218,-10902.5092479946,"x"
"2443",18180.0345764746,-15984.7952480511,"x"
"2444",15972.8469666815,-13020.209084447,"x"
"2445",16746.2907118088,-13709.4665409994,"x"
"2446",13874.4846608848,-6973.29118836992,"x"
"2447",14092.004585225,-6925.41675772543,"x"
"2448",10454.9792866135,3410.77359873789,"x"
"2449",17731.9526787158,-14824.0715853794,"x"
"2450",15281.1146113905,-10690.8676626844,"x"
"2451",12592.1757418435,-1757.37215896187,"x"
"2452",13499.5216464126,-4442.25871855845,"x"
"2453",15600.7645161843,-11238.269742843,"x"
"2454",17610.7113237377,-15003.9803234308,"x"
"2455",12244.07695433,-978.405564912488,"x"
"2456",17745.825496507,-14968.2717298382,"x"
"2457",15026.4052136143,-9666.90631038532,"x"
"2458",16192.2128153409,-11351.937948413,"x"
"2459",16054.9303065061,-11116.9843150574,"x"
"2460",17252.89898087,-13760.0182859749,"x"
"2461",13782.1492020977,-6758.39845945797,"x"
"2462",14803.2674954975,-9313.94210327717,"x"
"2463",11208.5643793028,-262.543197754247,"x"
"2464",15990.9770495522,-11282.4811653609,"x"
"2465",15594.1803030108,-9173.00803181423,"x"
"2466",14962.2783435931,-9720.32374720654,"x"
"2467",12026.6113920143,-1640.57584638626,"x"
"2468",13909.8460167498,-4759.01307992274,"x"
"2469",13801.2970781476,-5945.70866571308,"x"
"2470",14418.6979988207,-8676.16102611621,"x"
"2471",15966.8815018243,-11355.4328072353,"x"
"2472",17755.4913475499,-15467.9274596365,"x"
"2473",15523.2052293559,-10108.2920154224,"x"
"2474",14442.3363306256,-7154.20763860923,"x"
"2475",13037.1942937611,-3528.52490699599,"x"
"2476",13694.8073693079,-5358.28614816215,"x"
"2477",15820.790086874,-11332.1953661703,"x"
"2478",14564.2793585556,-8166.02831779935,"x"
"2479",17701.5651446547,-14362.9844657596,"x"
"2480",15888.2381732268,-10703.2483370449,"x"
"2481",13474.034686069,-4304.62826177055,"x"
"2482",13186.6006186358,-1801.88971032429,"x"
"2483",16458.5142855389,-13640.6077863624,"x"
"2484",13856.3419560146,-5597.66528721018,"x"
"2485",9465.62135011744,6768.00759799571,"x"
"2486",15628.7110154475,-10972.4588965975,"x"
"2487",16584.6959585801,-13068.6441930071,"x"
"2488",15204.3329072237,-8924.70425182763,"x"
"2489",16262.7261723238,-12550.1586954372,"x"
"2490",17719.870869165,-15153.1977158976,"x"
"2491",15036.1367456385,-9327.71559622151,"x"
"2492",12125.4611733814,-3420.97525545403,"x"
"2493",15104.6237392461,-8978.17700071885,"x"
"2494",13345.9482829463,-4899.09772840483,"x"
"2495",16814.8139696491,-13180.2430226587,"x"
"2496",17111.0008430351,-14357.8617120946,"x"
"2497",13127.2563311642,-4868.43264552763,"x"
"2498",14560.0464973895,-6872.52757282362,"x"
"2499",14269.9513432605,-8096.45760392324,"x"
"2500",16139.1522628605,-11923.7217467671,"x"
"2501",13315.8000258181,-4605.25736888743,"x"
"2502",17000.2372155521,-13013.9113604825,"x"
"2503",17560.4785022283,-15515.2512220077,"x"
"2504",13715.7850415274,-4949.76367844496,"x"
"2505",14486.0421317431,-7913.02707382399,"x"
"2506",17727.1421685943,-15142.9420180162,"x"
"2507",16347.8840072139,-13111.7748078967,"x"
"2508",17218.7109529815,-13629.568216561,"x"
"2509",14069.9110070463,-6852.23366988537,"x"
"2510",14344.2058027734,-7074.40158088099,"x"
"2511",15708.221374102,-11199.4302310332,"x"
"2512",17271.3143879435,-13831.2300556794,"x"
"2513",17643.3004947329,-15019.8860649969,"x"
"2514",13291.0015425282,-3454.3444077064,"x"
"2515",16971.2607216539,-13804.3564130388,"x"
"2516",14660.2585901017,-7551.65613915965,"x"
"2517",15971.4517939116,-10923.8154151542,"x"
"2518",14999.6079532436,-8761.64733419394,"x"
"2519",13027.2994505527,-3292.63205693849,"x"
"2520",15661.9550587988,-10306.2473964063,"x"
"2521",14538.6539845396,-7029.61520841202,"x"
"2522",16221.7156753841,-11863.1911309637,"x"
"2523",16329.8724079428,-12949.4580151281,"x"
"2524",12769.0870356202,-3172.2283227241,"x"
"2525",15204.8876176084,-9684.88248695838,"x"
"2526",17299.61418679,-15000.1200136997,"x"
"2527",17212.2509258202,-14453.315390119,"x"
"2528",13013.2007654108,-4023.76352163895,"x"
"2529",17448.2579696223,-14066.3969237333,"x"
"2530",15750.8652888713,-10730.3732181011,"x"
"2531",15951.0678291704,-10974.8492562352,"x"
"2532",16093.5642873571,-11796.0959655735,"x"
"2533",14547.2698155557,-9350.93951696401,"x"
"2534",15806.5098326679,-10986.1567378043,"x"
"2535",17548.6221893967,-14169.4258887657,"x"
"2536",17204.1545097761,-13906.388422504,"x"
"2537",14504.615845879,-7321.78288530361,"x"
"2538",15314.6951615759,-9653.577962259,"x"
"2539",14440.6994994792,-8465.78956523899,"x"
"2540",17252.6223565901,-14005.3883676366,"x"
"2541",14635.664927348,-10448.6337300505,"x"
"2542",14815.7923530434,-10086.8871616285,"x"
"2543",14410.6807067474,-7043.03218682016,"x"
"2544",12283.9755353915,-2375.50638730037,"x"
"2545",13585.6960099761,-4593.73512529151,"x"
"2546",18230.6380264176,-16338.2563588098,"x"
"2547",17951.6593621165,-17089.2630362254,"x"
"2548",16124.3141558347,-11845.2223898538,"x"
"2549",17504.7159576319,-14976.4200510229,"x"
"2550",15183.7074740096,-8248.84612615023,"x"
"2551",18125.1091894151,-16078.2850168353,"x"
"2552",15755.7178837461,-9237.81803746374,"x"
"2553",15663.2147270552,-11902.1078538226,"x"
"2554",13241.5693641902,-4355.5953166145,"x"
"2555",18205.0039382596,-15405.5769547215,"x"
"2556",15149.9351939757,-9516.89818764584,"x"
"2557",14936.6577269472,-9383.65409247607,"x"
"2558",16668.084327611,-12747.497396492,"x"
"2559",16048.3512873919,-11056.6694670345,"x"
"2560",16562.1743375176,-13039.7315726981,"x"
"2561",13210.9107334679,-3935.85113126779,"x"
"2562",15770.7949199404,-11181.0875833567,"x"
"2563",16446.382640339,-12656.6895398706,"x"
"2564",15706.7404123121,-11478.8314330891,"x"
"2565",15521.0445042294,-9780.99304779424,"x"
"2566",13471.1082896181,-5025.85365967811,"x"
"2567",12438.0292606685,-2024.66280449818,"x"
"2568",13926.7096891189,-7567.21742878387,"x"
"2569",14528.0495187465,-8710.60940267183,"x"
"2570",14136.5863811201,-7014.37643332681,"x"
"2571",14453.1328469839,-7930.31275950796,"x"
"2572",14827.6527815861,-7410.59646951505,"x"
"2573",14527.9285628197,-8684.01080400168,"x"
"2574",17248.6507057258,-13780.3675991867,"x"
"2575",13788.2362097787,-3980.43218099579,"x"
"2576",15036.6285496542,-9482.13351671703,"x"
"2577",14513.595072713,-8177.54691167988,"x"
"2578",16153.2659268091,-12176.3805386185,"x"
"2579",16891.0267709363,-13560.1876989374,"x"
"2580",17165.7833637312,-14112.6628099658,"x"
"2581",18635.727348387,-17495.0889540139,"x"
"2582",14416.1655773411,-8018.03090953101,"x"
"2583",16996.5470451336,-13868.709533061,"x"
"2584",14787.9868930253,-7933.60069631565,"x"
"2585",13960.6597187143,-7672.267914381,"x"
"2586",15959.9253645141,-11411.7710915535,"x"
"2587",11853.529369942,-1432.35983315225,"x"
"2588",14356.409208853,-7586.05719850146,"x"
"2589",11793.0633224168,1422.54684426654,"x"
"2590",15640.1399603747,-10650.9361024683,"x"
"2591",10141.6694421319,3040.22037652867,"x"
"2592",15535.0590520133,-10287.2318377113,"x"
"2593",13238.4183506215,-5249.29834883564,"x"
"2594",15178.2797581218,-9276.62507483338,"x"
"2595",13568.5925898333,-4720.35585523067,"x"
"2596",12367.524246933,-1599.35496916196,"x"
"2597",16429.6015733918,-12905.6292244025,"x"
"2598",15043.914960308,-8597.60643819604,"x"
"2599",17495.9842280294,-14413.6329399901,"x"
"2600",15125.2534160096,-8942.52907787469,"x"
"2601",14030.6010359238,-7128.03244066878,"x"
"2602",12600.3380323076,-3444.32537356846,"x"
"2603",15668.5336064658,-11704.1299846768,"x"
"2604",14758.3135964679,-8242.75688310336,"x"
"2605",14929.3957467057,-8919.77843063121,"x"
"2606",15362.5107198485,-10583.4721924377,"x"
"2607",13134.3394641352,-4137.38871823617,"x"
"2608",15423.7126871011,-9628.79704262576,"x"
"2609",13216.9661448927,-5168.78013075789,"x"
"2610",14860.9828402143,-7785.42544878681,"x"
"2611",14443.4450272017,-6690.42900120214,"x"
"2612",13247.9787951924,-5034.92119198321,"x"
"2613",15818.4425195741,-11090.1483050825,"x"
"2614",12653.66094085,-2237.69737335112,"x"
"2615",15818.8757999591,-11792.1495841083,"x"
"2616",12743.9900550807,-2358.54377990806,"x"
"2617",14924.5385472078,-8965.5774217484,"x"
"2618",15271.7619647553,-10001.44062905,"x"
"2619",16500.8052215171,-12997.1010991796,"x"
"2620",15553.1601587766,-10114.2312293833,"x"
"2621",17662.6584672426,-15202.2383010061,"x"
"2622",13485.0373374887,-6580.08997182573,"x"
"2623",14136.6788246023,-7274.71259009476,"x"
"2624",14633.9343413049,-8189.43812563901,"x"
"2625",10266.9867438713,3786.93966880112,"x"
"2626",16035.5946549014,-11882.0952867979,"x"
"2627",15232.1117689627,-9791.10399370173,"x"
"2628",11435.0979152048,-2.32074607402683,"x"
"2629",13360.0451664781,-4805.38123334092,"x"
"2630",15692.7782018383,-11249.8202594925,"x"
"2631",17715.0824083101,-15403.4651580287,"x"
"2632",15209.9259188719,-9347.78187860762,"x"
"2633",13402.0278564724,-5950.44794772274,"x"
"2634",16340.1822880518,-11729.6196749775,"x"
"2635",13391.2836520512,-4611.02473870682,"x"
"2636",13552.3391867164,-5932.24288087148,"x"
"2637",13966.8941430894,-7361.60880766067,"x"
"2638",14138.5121719037,-6852.11961798588,"x"
"2639",14415.7675226572,-6455.16563398209,"x"
"2640",14490.2149452614,-9071.50713050342,"x"
"2641",13853.3320414492,-5404.0921195518,"x"
"2642",16706.8583594361,-13353.4249021767,"x"
"2643",17236.4208884025,-14613.2658782907,"x"
"2644",17671.9852002793,-15055.0746021291,"x"
"2645",15974.2794500237,-11940.53420349,"x"
"2646",16464.5573505374,-13611.2229157336,"x"
"2647",13288.6590129793,-4889.53340583081,"x"
"2648",14421.2124912048,-8646.30130432576,"x"
"2649",12330.9618347716,-4093.22320477559,"x"
"2650",13450.247500733,-5153.1786952714,"x"
"2651",15180.5146675461,-9366.4617887798,"x"
"2652",15624.3050880872,-9984.92322975879,"x"
"2653",14626.9046882237,-8579.33901268955,"x"
"2654",15279.9098269354,-9865.36304039181,"x"
"2655",16067.6368979206,-11205.647611208,"x"
"2656",14499.494598881,-8699.86852112702,"x"
"2657",14440.6443612032,-7740.51645039201,"x"
"2658",14481.8825689261,-8092.55866535357,"x"
"2659",11631.7092002382,1218.26620975221,"x"
"2660",15476.4589885137,-10269.4524793495,"x"
"2661",16233.2679446699,-11079.2972474207,"x"
"2662",9652.78482732545,3540.97800376849,"x"
"2663",12853.1767754337,-3874.61065170796,"x"
"2664",17372.5460785704,-14880.6451559355,"x"
"2665",17920.8423258037,-15548.4063291528,"x"
"2666",13460.5081996486,-3976.42693705137,"x"
"2667",16420.9769349041,-12546.3796292245,"x"
"2668",17578.8345632472,-14512.8462964089,"x"
"2669",16581.2031941332,-12236.010889875,"x"
"2670",15796.9711280473,-11593.2352051512,"x"
"2671",16390.8930010241,-12688.1240674892,"x"
"2672",9231.52256606609,9821.65087063543,"x"
"2673",18427.6482226518,-16977.2732166076,"x"
"2674",18135.3569870974,-16539.1244440465,"x"
"2675",12501.3155414501,-2469.48081106076,"x"
"2676",17057.1193923662,-14529.1701346406,"x"
"2677",16813.4119629244,-12940.953718463,"x"
"2678",16916.3894102774,-13165.3152056804,"x"
"2679",14657.3361867524,-6717.51066518331,"x"
"2680",16915.2959488332,-13770.5446558366,"x"
"2681",15827.5498355254,-11797.1673725003,"x"
"2682",17981.5097746687,-15921.0446430042,"x"
"2683",14936.1142855468,-9616.9233163704,"x"
"2684",12245.1741454171,-1922.283297676,"x"
"2685",13175.0908539933,-4012.67398066733,"x"
"2686",15876.7294096933,-12038.4797198166,"x"
"2687",14489.4201741839,-8195.77620764203,"x"
"2688",17758.6849702984,-15015.6920982938,"x"
"2689",14865.9023006046,-7998.48049771261,"x"
"2690",16218.7560349889,-12072.346003894,"x"
"2691",14901.5226849368,-9529.59201109394,"x"
"2692",12215.9053335952,-2264.20673556531,"x"
"2693",14050.2621025649,-5805.64070851682,"x"
"2694",12925.5672258396,-2552.79587237651,"x"
"2695",17560.9326887728,-14869.7888632421,"x"
"2696",17309.5552050919,-13848.7109400907,"x"
"2697",17885.2397336784,-15988.3847795161,"x"
"2698",15178.5502072255,-9937.9556284735,"x"
"2699",15745.9509212928,-10580.121597952,"x"
"2700",16011.4375964022,-11889.3127301079,"x"
"2701",15255.5950280871,-8977.84783809709,"x"
"2702",13440.4569367296,-3652.15543958227,"x"
"2703",13813.7630621178,-6041.29281499958,"x"
"2704",14746.7971055363,-9517.36867214112,"x"
"2705",13636.1842404786,-6643.64636599917,"x"
"2706",12605.5708778907,-1959.37933143448,"x"
"2707",15122.528383418,-8383.24398118164,"x"
"2708",14832.7257304496,-8736.63814029036,"x"
"2709",16716.3648861678,-12858.071170156,"x"
"2710",15487.1289262461,-10128.499710388,"x"
"2711",16718.1432001923,-13408.0424814146,"x"
"2712",13020.2462133466,-1887.64681040218,"x"
"2713",15371.0147116893,-9319.75886695251,"x"
"2714",15447.043508738,-10737.8427345011,"x"
"2715",17568.1501372272,-14358.9085135056,"x"
"2716",18599.8464901728,-16661.7363846466,"x"
"2717",9457.96716763578,7060.89312482158,"x"
"2718",15572.4818167995,-10633.189010795,"x"
"2719",12673.1606202761,-1678.48752272045,"x"
"2720",14661.3031638782,-7163.45953551463,"x"
"2721",15169.3354963341,-8999.60012843959,"x"
"2722",16523.5909359427,-12519.0874060788,"x"
"2723",17092.661318283,-13845.4218071179,"x"
"2724",13260.0667692225,-4824.87515571497,"x"
"2725",12574.3877927459,-1995.27296850211,"x"
"2726",17678.8038372454,-15057.0152187896,"x"
"2727",17660.051884105,-14803.4574466694,"x"
"2728",12219.6088609591,-1570.63649224611,"x"
"2729",15716.3776833047,-10470.4163561296,"x"
"2730",15573.013433866,-9273.14998613152,"x"
"2731",15972.4954674135,-12341.4604247228,"x"
"2732",15504.2128691044,-9351.51216006575,"x"
"2733",14727.1909197743,-7722.4856584269,"x"
"2734",14242.8646294458,-7052.58925735012,"x"
"2735",16291.4420433811,-11482.936091977,"x"
"2736",16234.5358616653,-11948.026797015,"x"
"2737",11821.4580117378,1401.37845881275,"x"
"2738",12313.6754474734,-1290.23226722005,"x"
"2739",15165.8968475454,-8953.99218828922,"x"
"2740",13880.3207368377,-5441.96638273998,"x"
"2741",14746.3692467774,-8908.22749640753,"x"
"2742",16584.7691454771,-12644.6269885878,"x"
"2743",17518.8410102603,-14078.8212360889,"x"
"2744",12702.6138176137,-240.583734279469,"x"
"2745",13766.706772006,-4635.89481551788,"x"
"2746",17489.0895721964,-14481.6296448435,"x"
"2747",14702.5291581697,-9384.73523161753,"x"
"2748",14099.5503157703,-6665.05791730478,"x"
"2749",15991.1697876695,-11529.811833116,"x"
"2750",16519.7150542823,-13227.220559726,"x"
"2751",15081.7351994301,-7553.38380741762,"x"
"2752",12391.614220264,-2262.90947380067,"x"
"2753",14429.8951498221,-8499.55416589375,"x"
"2754",18243.7949362632,-16260.5343937395,"x"
"2755",15880.9745168323,-11202.6307445432,"x"
"2756",12320.4793259913,-2856.4319086535,"x"
"2757",16033.2739605946,-10996.4345712669,"x"
"2758",16860.0333949212,-12928.4468742077,"x"
"2759",13487.2663331739,-5413.93964276379,"x"
"2760",11890.0584014935,1001.27328739875,"x"
"2761",18807.2368855853,-17373.668703261,"x"
"2762",15790.9465319896,-10865.0860787739,"x"
"2763",17862.2389471426,-15911.0365624033,"x"
"2764",15512.3176394012,-10545.3306675773,"x"
"2765",14299.7575921924,-6692.03844403948,"x"
"2766",14918.252068011,-8662.03294823338,"x"
"2767",16644.1882261239,-12435.5220112144,"x"
"2768",15728.1319446526,-11296.7309897984,"x"
"2769",17278.6421421217,-14299.9886953829,"x"
"2770",16536.4676500117,-12819.5553846128,"x"
"2771",15991.2482411288,-12671.3400743808,"x"
"2772",16495.3880279395,-12241.8199191495,"x"
"2773",18162.001097114,-15814.6786904167,"x"
"2774",15328.6139695266,-9766.85047831043,"x"
"2775",11228.2771173434,835.08116067717,"x"
"2776",15747.5406983361,-10951.2868215323,"x"
"2777",12754.3896244099,-1932.92506672728,"x"
"2778",15142.6141984593,-8123.83606421662,"x"
"2779",16384.8597938281,-12767.3453993209,"x"
"2780",9193.74382401325,11143.6728458321,"x"
"2781",17444.33045822,-15235.458145659,"x"
"2782",14530.3180129569,-7507.55111727937,"x"
"2783",13942.2238952306,-6926.90936188689,"x"
"2784",17552.3754061969,-15498.2626893922,"x"
"2785",16793.9046990533,-14371.6112316754,"x"
"2786",12001.4951458442,-2854.61624104015,"x"
"2787",17986.0044713342,-15400.1314863063,"x"
"2788",18316.1507258017,-16351.3147055358,"x"
"2789",14562.1794614669,-8124.07282376862,"x"
"2790",11920.4942055657,-865.643344247061,"x"
"2791",17250.9070550917,-13498.4185012502,"x"
"2792",11071.0392140635,2821.9516948146,"x"
"2793",15800.4783587323,-10825.8070617102,"x"
"2794",13155.7745111414,-4735.5744981984,"x"
"2795",14589.5510747809,-7329.6279793783,"x"
"2796",15739.819840368,-11098.4057798924,"x"
"2797",17055.5847826008,-13936.8257167971,"x"
"2798",15465.1976726406,-11007.1117508359,"x"
"2799",14310.4883816088,-6951.94746608824,"x"
"2800",18118.8697710055,-15516.7700797796,"x"
"2801",15116.575428886,-10386.7007657158,"x"
"2802",16249.7589784202,-12371.119337346,"x"
"2803",18832.5671113844,-17783.8966331024,"x"
"2804",18211.230134542,-16296.2310391782,"x"
"2805",15373.1663953107,-9417.76758783975,"x"
"2806",16301.0776143412,-11931.9012447237,"x"
"2807",10701.9005792442,2033.93149292131,"x"
"2808",14585.9380970586,-7380.68480860697,"x"
"2809",16465.7688787582,-13086.159037633,"x"
"2810",14698.7557192279,-8155.47041956278,"x"
"2811",10502.9492790078,3172.74801926018,"x"
"2812",16110.9123857896,-12036.1379205979,"x"
"2813",14235.3884929011,-7814.88091345353,"x"
"2814",15002.065114456,-9687.50707453694,"x"
"2815",16247.4169182628,-12002.0828081633,"x"
"2816",16248.0505626608,-10582.1810959355,"x"
"2817",15556.9464464736,-10544.2318661712,"x"
"2818",15026.380706319,-9899.51542264788,"x"
"2819",15543.7705483336,-9815.4040195924,"x"
"2820",13882.6392457242,-6488.97806411944,"x"
"2821",12216.7294090697,-1817.8648430213,"x"
"2822",14209.8144757641,-7296.36132674751,"x"
"2823",16460.2838661386,-13272.1313222765,"x"
"2824",17273.0415957263,-15513.393914649,"x"
"2825",16290.6038107937,-12281.5815020214,"x"
"2826",17452.8919066427,-13853.1733592067,"x"
"2827",15777.6860068532,-12084.0018708353,"x"
"2828",16750.3079634563,-13347.5694126325,"x"
"2829",17334.2904589861,-13837.5103765108,"x"
"2830",15747.0805958092,-11938.3768763605,"x"
"2831",13425.9696970828,-4422.26824093991,"x"
"2832",16776.1880829408,-12592.0912780901,"x"
"2833",16730.7070012282,-13239.5672338096,"x"
"2834",17613.4390691118,-14744.3770551179,"x"
"2835",15730.4258623725,-10026.7189561906,"x"
"2836",13925.5741323191,-7141.94004134986,"x"
"2837",17111.0660044384,-12997.4100197518,"x"
"2838",18375.8332246829,-16207.595570219,"x"
"2839",13683.9838059459,-4409.1288880299,"x"
"2840",13958.7292055778,-6394.67554649355,"x"
"2841",16044.3144788193,-11802.3914134485,"x"
"2842",14799.3813147168,-7611.01743833785,"x"
"2843",14011.2624268553,-6986.07663728465,"x"
"2844",13911.9838479006,-6876.56812789579,"x"
"2845",18015.1629552658,-15836.1005519715,"x"
"2846",12803.7996943261,-1561.82851948532,"x"
"2847",15773.1792168705,-10597.5536999611,"x"
"2848",15525.874977884,-10526.0982143596,"x"
"2849",16131.7157305661,-11797.587844525,"x"
"2850",15348.327538704,-10092.9656592564,"x"
"2851",12373.4771310589,-1521.24238798185,"x"
"2852",14356.4073308213,-8026.34363845576,"x"
"2853",15204.3138663557,-10434.3362862327,"x"
"2854",15550.8872927533,-10466.665718958,"x"
"2855",15310.963690049,-10203.3649408983,"x"
"2856",17672.4425681365,-15127.0374481128,"x"
"2857",14021.0322386117,-6359.67490352764,"x"
"2858",13480.8897249268,-5121.02323074912,"x"
"2859",17644.0491293251,-15717.6008193868,"x"
"2860",16435.153811927,-11915.2608270757,"x"
"2861",12407.1483231341,-2914.75420940192,"x"
"2862",16139.7792383067,-12925.837390617,"x"
"2863",12278.1180357691,-3716.66129426081,"x"
"2864",12555.5277548848,-1748.60034989774,"x"
"2865",15592.0948115056,-10865.231635468,"x"
"2866",14313.3490282382,-7881.14169994949,"x"
"2867",17514.6505413131,-14716.4916428307,"x"
"2868",15257.6847038017,-11321.9631181265,"x"
"2869",16412.9641132166,-11808.8118128287,"x"
"2870",14693.0969240842,-8817.17243693646,"x"
"2871",15231.4812207488,-9731.36981460078,"x"
"2872",13996.1148236902,-6010.26375495611,"x"
"2873",15549.9004822638,-11052.7437528078,"x"
"2874",15895.4303333393,-10580.5062450789,"x"
"2875",18448.7927907398,-17046.9542456812,"x"
"2876",15089.7185427377,-8526.71135078436,"x"
"2877",16509.9343251698,-12464.5284898164,"x"
"2878",13964.7673146598,-6471.03389615414,"x"
"2879",14142.7445413498,-7247.92223338842,"x"
"2880",13514.1940835792,-5158.82323443762,"x"
"2881",12710.2414932738,-865.343296316425,"x"
"2882",17696.1484864892,-15205.2439046782,"x"
"2883",18178.5329697653,-16666.7072990984,"x"
"2884",14165.9456016501,-6735.20143552269,"x"
"2885",10734.9730656642,3028.77220475628,"x"
"2886",16519.5056277381,-12565.0761538177,"x"
"2887",17336.0580513018,-14623.7908611608,"x"
"2888",14403.7054977537,-7593.99896251591,"x"
"2889",14909.259914275,-10008.3573864867,"x"
"2890",10444.9486131449,3017.69685760944,"x"
"2891",18099.0129389822,-16207.1845873118,"x"
"2892",17704.0576457055,-15085.7571155749,"x"
"2893",12337.6384063112,-264.718605828159,"x"
"2894",15628.5032122586,-10594.7567817204,"x"
"2895",14864.764781349,-9512.08996875182,"x"
"2896",17353.0364554991,-14406.0731782614,"x"
"2897",15360.5375320462,-11905.8506735021,"x"
"2898",15326.3699612176,-10491.6511154033,"x"
"2899",8548.68929549866,6173.15629137282,"x"
"2900",16616.5958667531,-12045.1635278392,"x"
"2901",12914.1062521094,-2792.52101714542,"x"
"2902",16648.8692133601,-13583.1237553962,"x"
"2903",13307.640875791,-5169.57112858256,"x"
"2904",15744.7790858117,-11550.1441580609,"x"
"2905",13358.4949755916,-6919.398787321,"x"
"2906",11316.9741540894,610.155524239583,"x"
"2907",13389.087320342,-4847.11558396426,"x"
"2908",16140.7259411073,-12358.970866886,"x"
"2909",14889.3234028055,-8846.44263957422,"x"
"2910",17944.1007432958,-15824.0301245021,"x"
"2911",16101.0244085586,-12132.8535953964,"x"
"2912",14793.7988221524,-10429.4321021787,"x"
"2913",16591.5497258476,-13080.29418355,"x"
"2914",13443.6854529905,-3622.56448614622,"x"
"2915",17659.8644991185,-15283.8520942278,"x"
"2916",13047.1644065062,-4718.63114605944,"x"
"2917",15010.1488920052,-7568.18086629358,"x"
"2918",15614.6105750082,-10892.7817613035,"x"
"2919",13279.1905867075,-5268.66308974978,"x"
"2920",14147.2122262449,-7127.32095339889,"x"
"2921",14801.6033361778,-10333.5134866393,"x"
"2922",13118.9264771493,-3715.18773027754,"x"
"2923",16751.4432932386,-12836.9055761418,"x"
"2924",15677.9715887087,-11001.3589960236,"x"
"2925",16413.5986913403,-12141.3649974285,"x"
"2926",13994.2505107001,-6510.58784197504,"x"
"2927",17475.2473934095,-14819.5919090582,"x"
"2928",17975.5840043937,-16263.4229655529,"x"
"2929",14873.9320820215,-9809.38914161855,"x"
"2930",17883.0801856897,-15106.0626639528,"x"
"2931",14902.8655139124,-9114.92236235858,"x"
"2932",12482.6950535405,-91.616414309563,"x"
"2933",15808.1092710813,-9721.81197169525,"x"
"2934",16760.5218763506,-12925.273762857,"x"
"2935",15071.6054411927,-9524.26004080305,"x"
"2936",14058.0385365109,-7455.64267407742,"x"
"2937",14965.3555642934,-8858.54263721677,"x"
"2938",17043.035790647,-13427.3041403983,"x"
"2939",17504.5625143459,-15513.5213015792,"x"
"2940",14367.2676500611,-5322.05428150766,"x"
"2941",10193.0868561621,2967.68648041521,"x"
"2942",17120.1331792419,-13944.978586051,"x"
"2943",13756.0148895365,-6921.27306229801,"x"
"2944",16442.3993664095,-12490.600041419,"x"
"2945",12070.670555986,-487.625464671108,"x"
"2946",16100.4164649013,-11260.0035604195,"x"
"2947",11559.4089526579,471.583831070155,"x"
"2948",12520.8241651706,-3664.87802932842,"x"
"2949",17629.8885737039,-14309.9287735097,"x"
"2950",15122.3095639439,-8509.55779242304,"x"
"2951",17398.7041185631,-14645.3480813166,"x"
"2952",18468.0023425775,-16968.4983778469,"x"
"2953",14496.5379847523,-8537.2276282644,"x"
"2954",17117.8887346721,-13432.6842277713,"x"
"2955",12727.235316889,-1583.00472179988,"x"
"2956",17935.9122496245,-15203.188821528,"x"
"2957",15822.9334086197,-11093.0656824951,"x"
"2958",16411.7907568155,-12952.9539426978,"x"
"2959",16432.17925291,-13408.4037739745,"x"
"2960",14157.138522193,-5340.30218215435,"x"
"2961",14531.6190478605,-8938.71202133625,"x"
"2962",15925.6384198888,-11569.4102511701,"x"
"2963",18012.7263371952,-16433.7065250051,"x"
"2964",16751.8211050651,-13273.691614902,"x"
"2965",17003.2116442484,-13580.5449754196,"x"
"2966",17365.3394004878,-14871.2058900936,"x"
"2967",15141.2493387369,-9731.06642673647,"x"
"2968",15214.2208582828,-9558.36223830542,"x"
"2969",13169.8505740622,-3858.55741150156,"x"
"2970",14507.3173170999,-7645.73355048101,"x"
"2971",15902.7548965005,-10860.7963454086,"x"
"2972",15504.3350884117,-9242.90188025629,"x"
"2973",17920.1346720871,-15817.2788430674,"x"
"2974",14625.5987525132,-9183.74811022936,"x"
"2975",16061.5193945474,-11891.4400959962,"x"
"2976",12427.6068099739,-2770.07958729315,"x"
"2977",15044.9431269788,-8013.62682898209,"x"
"2978",18116.2443329051,-15658.1980782311,"x"
"2979",14826.6970531987,-7534.11961596816,"x"
"2980",14353.5387154836,-6284.3292614329,"x"
"2981",16636.9008851528,-13264.117748672,"x"
"2982",13989.3858405763,-5795.0015970906,"x"
"2983",15779.4653427214,-11267.6528183327,"x"
"2984",13243.2227612056,-2876.18079041723,"x"
"2985",14237.7511741283,-7088.32745625834,"x"
"2986",14907.7499453581,-9355.63495689126,"x"
"2987",15909.8081316161,-11100.8139175246,"x"
"2988",17082.8624662572,-13978.9905465307,"x"
"2989",15962.9263097314,-11801.9026732178,"x"
"2990",15285.4389348474,-8653.52932429531,"x"
"2991",16111.1977001303,-11413.4404891651,"x"
"2992",10806.7028134028,5634.46473165656,"x"
"2993",12850.9360982604,-3273.98149877919,"x"
"2994",13936.1598346244,-6329.07576668435,"x"
"2995",14326.101141962,-5977.91702220577,"x"
"2996",18185.44883942,-16052.9903369585,"x"
"2997",17991.9615022186,-15808.8810033509,"x"
"2998",16521.4234937081,-12248.1512502517,"x"
"2999",16547.3426913661,-13027.302267146,"x"
"3000",14156.3014153359,-6005.57692529105,"x"
"3001",14820.734735103,-9109.87481204488,"x"
"3002",16688.9846909968,-13098.5872036211,"x"
"3003",18184.593243905,-16210.4493589021,"x"
"3004",18641.5918030374,-17390.4342924201,"x"
"3005",18089.0499813186,-15715.0570551093,"x"
"3006",9471.02519438129,7151.0523188151,"x"
"3007",17506.2376971993,-14749.8157699467,"x"
"3008",13725.5423208342,-6668.50844670417,"x"
"3009",13740.0483622754,-5773.69336448629,"x"
"3010",18727.0601337361,-17315.009724427,"x"
"3011",17468.395130699,-14452.6892070496,"x"
"3012",14512.6139722123,-7376.87002316216,"x"
"3013",13731.9685431887,-5188.28718660591,"x"
"3014",15279.1545182331,-8594.35668136706,"x"
"3015",16889.2999433465,-13275.2430129415,"x"
"3016",18155.0533743142,-15924.129148256,"x"
"3017",12896.7182636816,-3659.06492941198,"x"
"3018",14512.4918621796,-9133.08406397027,"x"
"3019",15348.9947898229,-9487.92762617035,"x"
"3020",16819.772992328,-12833.5992450001,"x"
"3021",13902.8531595878,-7364.8538287634,"x"
"3022",15200.9215074528,-9167.96910025293,"x"
"3023",13025.8720424239,-3619.75312302467,"x"
"3024",13224.0817928073,-5387.00575503057,"x"
"3025",13510.3246674932,-4941.61715675999,"x"
"3026",14593.7855793236,-7061.06737550434,"x"
"3027",14532.8181699329,-8077.45560047127,"x"
"3028",14523.4349227911,-6067.80430806159,"x"
"3029",14932.9043097724,-9473.78578296892,"x"
"3030",11112.383159158,72.3575369182345,"x"
"3031",17750.3867497588,-14961.8102440329,"x"
"3032",15299.6562387818,-10567.3834924839,"x"
"3033",17081.4098634806,-13285.1446136068,"x"
"3034",13593.0553742412,-4796.58793033634,"x"
"3035",13802.8003001432,-4782.70924147845,"x"
"3036",8764.55657352921,12256.472047152,"x"
"3037",16701.2665493101,-13136.720673319,"x"
"3038",16655.2259137285,-13233.0997394697,"x"
"3039",14446.4278378228,-6518.19864234421,"x"
"3040",15932.6460256469,-11283.5564817552,"x"
"3041",16843.7854303503,-13450.7422451249,"x"
"3042",14354.8699667652,-5708.48958954143,"x"
"3043",14712.7598592129,-7575.33365038693,"x"
"3044",15524.5201704988,-10284.0873291861,"x"
"3045",13491.4830571713,-5010.87502104142,"x"
"3046",17021.287994554,-13634.9916696603,"x"
"3047",14228.786650541,-7661.86254768854,"x"
"3048",13529.6987641724,-5528.07021090137,"x"
"3049",13545.835757098,-6156.52462963009,"x"
"3050",14356.1922851715,-7391.41723266897,"x"
"3051",17217.9179226775,-14683.9056613298,"x"
"3052",13832.9400115765,-7414.60969588735,"x"
"3053",16729.1458000286,-13427.6167049758,"x"
"3054",16785.2756856651,-13295.8833729763,"x"
"3055",16557.719622436,-12574.7278095469,"x"
"3056",14480.5799010628,-7423.79002957648,"x"
"3057",14227.1834629355,-6530.03732620594,"x"
"3058",13379.9018733697,-4688.85207426498,"x"
"3059",14682.8989914377,-8099.74200680619,"x"
"3060",14889.6195100381,-7250.17099731797,"x"
"3061",14108.5209440307,-5098.94334311418,"x"
"3062",14912.5151053386,-9332.34694304936,"x"
"3063",17871.3061261504,-15433.1161367762,"x"
"3064",15947.5445655644,-11394.2680178923,"x"
"3065",14498.2878613929,-7376.74756236538,"x"
"3066",18512.705625735,-17246.5697923996,"x"
"3067",14216.1042844918,-6793.64599944771,"x"
"3068",17145.8126042328,-14401.829204905,"x"
"3069",17378.8345838906,-13964.4588535216,"x"
"3070",14784.9061541164,-9285.44917596997,"x"
"3071",14228.7248132035,-7116.51923005556,"x"
"3072",15064.6732810848,-9047.32588212781,"x"
"3073",14148.6182999621,-6700.34637141075,"x"
"3074",18112.9839528977,-15735.4950447783,"x"
"3075",10640.8562904168,2056.67485756307,"x"
"3076",12935.5546475862,-3549.23241327734,"x"
"3077",16520.6924860826,-12087.7510317413,"x"
"3078",13645.1695514867,-5540.48449349924,"x"
"3079",13096.7815882587,-2773.3154380223,"x"
"3080",15641.1930166683,-11272.6295044058,"x"
"3081",13141.13024724,-2839.39041197347,"x"
"3082",13543.8773173508,-5136.00729536899,"x"
"3083",14931.6645790635,-8198.74728611422,"x"
"3084",15033.8357768239,-9569.7439659312,"x"
"3085",15645.7723662578,-11458.6659683976,"x"
"3086",17371.5085070552,-13974.5906785146,"x"
"3087",15846.0499433274,-10983.6741023588,"x"
"3088",15981.570704046,-11753.8323840172,"x"
"3089",16358.8750965856,-12187.6755516207,"x"
"3090",14270.6140866535,-7855.88820281805,"x"
"3091",14660.8382376819,-8454.92792725665,"x"
"3092",15771.3460743738,-11426.6259743852,"x"
"3093",13880.6542036989,-6084.50043155912,"x"
"3094",14977.4693429994,-9369.29671955161,"x"
"3095",17260.8666522745,-14393.0295510132,"x"
"3096",16242.2806569578,-11619.8214977932,"x"
"3097",15971.7386288612,-12228.0021868648,"x"
"3098",16673.5307454361,-12435.3515995911,"x"
"3099",17854.556199798,-15321.9870770621,"x"
"3100",14477.5711908259,-7476.23676679296,"x"
"3101",13099.958894956,-3371.49554179252,"x"
"3102",11858.5801652934,305.156665472556,"x"
"3103",15762.1852805758,-12426.5793128266,"x"
"3104",12815.3470669465,-3744.52267005036,"x"
"3105",16853.1732693378,-13224.6969411361,"x"
"3106",16960.3123597502,-13073.9846327074,"x"
"3107",13182.0000484216,-4183.97337690331,"x"
"3108",14621.9816986449,-8281.54226995722,"x"
"3109",18052.0926543906,-16034.7643193853,"x"
"3110",14151.2902061065,-7024.11130492847,"x"
"3111",13442.3029600071,-4994.97212945164,"x"
"3112",15000.1639435402,-10077.0004061042,"x"
"3113",15543.4643041275,-10728.0678022803,"x"
"3114",15968.475411676,-11272.9092024367,"x"
"3115",13071.4391268969,-3539.69770872135,"x"
"3116",16388.3847209133,-13944.4079781236,"x"
"3117",15285.593553371,-11124.3572561004,"x"
"3118",18107.1151056066,-15682.4611786245,"x"
"3119",16233.6978320681,-12311.479926053,"x"
"3120",16046.8570852058,-10489.0520741708,"x"
"3121",17372.1415412115,-13693.1575555601,"x"
"3122",15792.9245728508,-10245.7041051096,"x"
"3123",17655.710059706,-14870.9776958162,"x"
"3124",15620.264680127,-10861.1162869314,"x"
"3125",13242.7556807891,-4734.98071775946,"x"
"3126",16371.1593495589,-11964.9350159366,"x"
"3127",16508.9690718962,-13426.9796144863,"x"
"3128",12501.8840532673,-1836.82644965343,"x"
"3129",17411.8424317829,-14044.0122397327,"x"
"3130",16318.6078308722,-12630.9974141756,"x"
"3131",15576.2406020494,-10209.3495311531,"x"
"3132",14114.2554953594,-8239.23385007775,"x"
"3133",15212.2085759604,-9608.25565873078,"x"
"3134",17391.0712870993,-14798.4595186343,"x"
"3135",16177.9519894866,-11455.1581153313,"x"
"3136",18028.8200295717,-16416.1030478365,"x"
"3137",16455.02624604,-12443.4582938765,"x"
"3138",17870.5112598709,-15512.1142821991,"x"
"3139",13847.6597382048,-7093.65136398735,"x"
"3140",17313.7958462125,-13653.0463498189,"x"
"3141",13929.970406221,-5264.68691362738,"x"
"3142",14769.5318109888,-9310.8173581738,"x"
"3143",16562.5957408436,-12588.1724464652,"x"
"3144",11604.7638324899,-697.720808692826,"x"
"3145",15393.6965488773,-8986.86846688913,"x"
"3146",13939.3089733748,-7228.25058187016,"x"
"3147",16372.6455771819,-12003.4526396396,"x"
"3148",13865.7345349776,-5847.89016365928,"x"
"3149",12592.9238304199,-3195.52998964437,"x"
"3150",16151.4209418529,-11404.7289865719,"x"
"3151",13735.0714195981,-5428.18470143151,"x"
"3152",16351.712789839,-12078.5436151509,"x"
"3153",15925.9155715675,-13264.8970013464,"x"
"3154",17859.4922945094,-15611.4409307646,"x"
"3155",12793.0799484336,-1602.1323223002,"x"
"3156",12707.8779003829,-1002.77530277107,"x"
"3157",18224.3501221353,-16500.4149214297,"x"
"3158",9308.73905387722,8478.24298213059,"x"
"3159",12178.8433029708,472.112761510965,"x"
"3160",14076.9249781117,-6805.93615530831,"x"
"3161",17760.2406212631,-15739.2101366316,"x"
"3162",18059.6450265902,-15877.8632647078,"x"
"3163",12666.1217158165,-1882.10397620204,"x"
"3164",14696.9127924027,-7738.13651251789,"x"
"3165",16975.3151114051,-13836.7339330223,"x"
"3166",16794.316272208,-13173.1841614945,"x"
"3167",13690.7328583597,-5657.1883056598,"x"
"3168",17289.5181222112,-14217.7833553623,"x"
"3169",17382.7537125268,-14457.1017026319,"x"
"3170",15970.1069320837,-11458.7903597826,"x"
"3171",17322.2925349397,-13318.9376066606,"x"
"3172",18539.123614663,-17348.8367901366,"x"
"3173",15293.5179227657,-10385.0529520118,"x"
"3174",17041.9150766227,-13952.6772577057,"x"
"3175",11743.5529734972,-937.974049915314,"x"
"3176",14669.7647060405,-7925.9161180206,"x"
"3177",14624.9221025899,-7571.34757956629,"x"
"3178",15353.830917472,-9129.23819731351,"x"
"3179",15442.9909688012,-10188.7953684813,"x"
"3180",18263.8418433585,-16113.2026119394,"x"
"3181",13053.6382929202,-2977.12369014998,"x"
"3182",14418.4679261713,-7288.76781796507,"x"
"3183",17825.1766789234,-15191.6030753581,"x"
"3184",14828.2053934727,-8313.21004933774,"x"
"3185",14865.2920742063,-9509.32331788028,"x"
"3186",15405.299648577,-10365.7521665935,"x"
"3187",17626.7042138958,-14886.0053310864,"x"
"3188",16131.3578336394,-11536.3723113704,"x"
"3189",17408.0592726457,-14902.2394699515,"x"
"3190",15640.0979820431,-10580.1652662008,"x"
"3191",15915.919170985,-12202.1311450564,"x"
"3192",14062.8668701847,-7092.46516219319,"x"
"3193",17466.4822434894,-14368.5991463499,"x"
"3194",14458.754645103,-7532.52618405873,"x"
"3195",14004.1994993465,-8583.75998099076,"x"
"3196",14045.1547191507,-6286.15641630579,"x"
"3197",14601.4530867431,-8357.82690052364,"x"
"3198",17433.5819574558,-14955.0971907661,"x"
"3199",15057.7396761264,-8216.61074937542,"x"
"3200",15405.7736618914,-10419.2779455274,"x"
"3201",14982.420708343,-9611.41552171237,"x"
"3202",13435.4646585271,-4946.22445685917,"x"
"3203",17920.7626857199,-15625.8641788359,"x"
"3204",17358.4424969689,-14968.394757298,"x"
"3205",13059.9796386352,-4545.00464403374,"x"
"3206",14396.2944581342,-7422.87362421746,"x"
"3207",13840.8908959834,-6519.72281245213,"x"
"3208",15209.8298579341,-9396.05624265856,"x"
"3209",18281.4008326326,-16573.867499684,"x"
"3210",16218.3726672017,-11944.4422173814,"x"
"3211",16538.2218166469,-13244.1053680957,"x"
"3212",17102.4630396977,-13694.6926703046,"x"
"3213",14587.1843784185,-6977.91017734546,"x"
"3214",17584.5040746465,-15171.7674421309,"x"
"3215",14725.6667158455,-8366.36217973583,"x"
"3216",16678.7368230452,-13104.1744272807,"x"
"3217",17751.096495238,-14489.3611571489,"x"
"3218",16088.4621012812,-12938.6227962901,"x"
"3219",15174.1301682712,-10274.6080815925,"x"
"3220",16958.0418609005,-13583.0656413286,"x"
"3221",15626.664070331,-9648.91923606747,"x"
"3222",15893.4551353326,-11249.2111384925,"x"
"3223",16614.9710511082,-13093.4062341842,"x"
"3224",13676.4362825517,-5738.03173745149,"x"
"3225",16731.557774074,-12879.76115404,"x"
"3226",16252.3084106405,-12291.1532383875,"x"
"3227",9546.05339581086,6070.37431972521,"x"
"3228",14707.5880442381,-6460.25252371239,"x"
"3229",13487.487699681,-6262.32442041912,"x"
"3230",16881.5332160228,-13516.4775021625,"x"
"3231",17742.7074255334,-14639.329703537,"x"
"3232",15251.5572622105,-8627.85812775548,"x"
"3233",13830.6214577344,-5852.80344899815,"x"
"3234",15008.268755102,-9067.78261199926,"x"
"3235",13695.2884400421,-5365.21923190772,"x"
"3236",16716.3389662695,-13698.1379368376,"x"
"3237",15175.3093184378,-8783.2149049304,"x"
"3238",15181.3501762419,-10175.6116075297,"x"
"3239",15255.3897649467,-9113.56984691219,"x"
"3240",16094.1307119459,-11480.8807774639,"x"
"3241",14303.9366383743,-8311.91710001267,"x"
"3242",16070.1826411108,-11571.4216415253,"x"
"3243",15335.9468659276,-9813.50222811432,"x"
"3244",14371.8061218817,-7491.0821893404,"x"
"3245",15571.0511380429,-11395.8619088993,"x"
"3246",16010.6319418638,-13528.4403890968,"x"
"3247",13602.7500016274,-5994.0933058962,"x"
"3248",14209.5323848467,-5353.41765459077,"x"
"3249",12483.4025618729,-2272.69733964295,"x"
"3250",14649.6030729692,-6596.02164697105,"x"
"3251",14648.5785523489,-7578.79871596178,"x"
"3252",15363.9752541946,-9676.66080405047,"x"
"3253",17216.8793722435,-13538.082208784,"x"
"3254",14749.1889443586,-7621.18682307189,"x"
"3255",11393.1478488721,1115.32572108035,"x"
"3256",15815.1377918865,-11223.9518978525,"x"
"3257",17320.3081275976,-13656.550650498,"x"
"3258",15359.3337348592,-10257.0215874068,"x"
"3259",14324.1775166247,-7379.76717878711,"x"
"3260",14657.5305558971,-7282.45677595827,"x"
"3261",16231.820880069,-11816.9824707196,"x"
"3262",15401.6640100666,-10374.9762984875,"x"
"3263",14440.373301299,-7801.77495041865,"x"
"3264",14679.0117395533,-8379.22874493377,"x"
"3265",17217.2768193934,-14320.2326977936,"x"
"3266",15173.2361002898,-10183.7066816823,"x"
"3267",17236.4038720708,-14075.1092069553,"x"
"3268",15732.6149697162,-10673.0685234779,"x"
"3269",12675.2116450493,-1868.91495713302,"x"
"3270",12575.7429187284,-2526.71798562983,"x"
"3271",16564.9709904934,-12788.4483226477,"x"
"3272",15206.0368208163,-8825.4862728724,"x"
"3273",15898.1942370206,-10716.982539287,"x"
"3274",15866.1295673999,-11405.4326196685,"x"
"3275",15732.1547362946,-10573.4588699487,"x"
"3276",14605.7560397758,-7381.96321139587,"x"
"3277",15141.9600227309,-10541.0136911991,"x"
"3278",13378.2222960738,-4127.75193845794,"x"
"3279",14242.6610263236,-7626.26227416456,"x"
"3280",14903.3647986419,-9362.77989695358,"x"
"3281",12798.4396805722,-2448.93129987971,"x"
"3282",17244.139833455,-14214.7257739965,"x"
"3283",13924.0929713376,-6812.56987200069,"x"
"3284",17184.9113389514,-14653.4399338565,"x"
"3285",14226.3080737514,-6456.38653203616,"x"
"3286",15400.3690443146,-10697.9680911666,"x"
"3287",16065.7482027435,-11407.5567628105,"x"
"3288",16633.0427991682,-12493.9575067367,"x"
"3289",16008.6489450367,-11563.62462623,"x"
"3290",18204.6979030618,-16132.6867925268,"x"
"3291",9446.69496749423,7255.59213250387,"x"
"3292",15542.0485785926,-11030.6778337121,"x"
"3293",17399.3312159179,-14639.9265834883,"x"
"3294",11861.8207461527,-1310.35059831402,"x"
"3295",14025.7276713729,-7361.43195002493,"x"
"3296",14654.5752758313,-10379.5316753703,"x"
"3297",14210.6296634775,-7561.75890759024,"x"
"3298",16186.0077462548,-11319.1230161671,"x"
"3299",16209.3848474271,-11639.2127076741,"x"
"3300",15243.1301076495,-9042.39206431241,"x"
"3301",16143.0669222496,-11520.071409589,"x"
"3302",13356.512160542,-5834.68364233467,"x"
"3303",15477.2574471817,-11494.6011484919,"x"
"3304",17303.0618034339,-13752.8633335645,"x"
"3305",16625.18310037,-13105.1787705556,"x"
"3306",16078.4509703703,-10964.325658576,"x"
"3307",17902.9653547802,-15781.5998668987,"x"
"3308",16791.8191084477,-13923.4635579878,"x"
"3309",13187.4429219705,-6201.9390241512,"x"
"3310",17265.3741115169,-14045.4451421086,"x"
"3311",14669.4234643571,-7261.87478106208,"x"
"3312",17315.2502763589,-14771.0636606171,"x"
"3313",14763.7695912229,-8540.74458902774,"x"
"3314",14553.7858222662,-6586.38930536565,"x"
"3315",14361.7239552198,-7768.96649120798,"x"
"3316",15764.891582545,-11944.7018639787,"x"
"3317",13407.3615133703,-3722.30445563611,"x"
"3318",15804.4605960364,-10282.1190483296,"x"
"3319",14329.9091230266,-7759.22229222643,"x"
"3320",16831.1813195682,-13204.5880426208,"x"
"3321",15715.389599074,-10886.7711857722,"x"
"3322",16922.123265348,-13370.4300665527,"x"
"3323",15838.5311149781,-11613.9612305761,"x"
"3324",16237.4735667137,-12408.6879304501,"x"
"3325",17301.3379061731,-14659.1834220513,"x"
"3326",17849.7730457043,-15593.7284155752,"x"
"3327",12380.6990955816,-2443.54610006053,"x"
"3328",18076.3860333585,-15945.592217602,"x"
"3329",13786.2011226632,-6068.06309644142,"x"
"3330",17281.8657915583,-14061.6625699615,"x"
"3331",13441.6613271188,-4554.00813926781,"x"
"3332",14157.1736617868,-5736.97589221082,"x"
"3333",15854.5993854841,-10934.5563337137,"x"
"3334",13978.7191330468,-6371.62020022718,"x"
"3335",16364.218024845,-11348.6719775378,"x"
"3336",17082.3008895543,-14013.3859760079,"x"
"3337",12360.9729457907,-3047.6689684506,"x"
"3338",16339.4644572089,-12271.6527486353,"x"
"3339",13374.5230124175,-4021.97316727242,"x"
"3340",15868.1693892519,-12088.426034786,"x"
"3341",13077.8845344801,-3261.50479186093,"x"
"3342",11250.803426056,2519.81675638938,"x"
"3343",16654.6734175027,-12833.7310850203,"x"
"3344",10948.3423408585,3632.82167000951,"x"
"3345",15721.4629625672,-10503.1459268174,"x"
"3346",11101.3850795328,2176.63235477321,"x"
"3347",16326.1242503335,-12824.0540304394,"x"
"3348",17311.3968817742,-14229.2030823989,"x"
"3349",15136.7508235959,-8256.84662899311,"x"
"3350",18560.8893322473,-16829.2436695816,"x"
"3351",13186.0144149545,-4799.25074463279,"x"
"3352",15319.8403248738,-10519.3727460627,"x"
"3353",14555.5888878196,-8334.53857522895,"x"
"3354",16763.4151304277,-13349.6493367904,"x"
"3355",18838.7921340942,-18160.8013806404,"x"
"3356",17470.5283021188,-14959.1435960501,"x"
"3357",12671.4858595319,-3461.64054534471,"x"
"3358",16791.5734520047,-12316.6006756198,"x"
"3359",15625.8944350913,-10578.2316752233,"x"
"3360",11723.3580916652,-2383.59043141737,"x"
"3361",11407.7430648169,193.69338662024,"x"
"3362",9843.15705895994,6862.58730839791,"x"
"3363",15495.3452683563,-11249.1708479271,"x"
"3364",15519.7266625221,-9416.90780215459,"x"
"3365",14952.5129157899,-9356.27626466916,"x"
"3366",12479.5324904764,-3702.90887625085,"x"
"3367",17463.4821616727,-14949.0988665922,"x"
"3368",17020.8426033047,-15062.5523008253,"x"
"3369",17227.0356052464,-14138.9686763399,"x"
"3370",17303.3946963941,-14003.3937562885,"x"
"3371",18079.1458703716,-16491.6622502842,"x"
"3372",14453.7461869929,-7181.41110161081,"x"
"3373",13035.771116635,-4609.3745406997,"x"
"3374",11866.1539972934,-1487.92758158111,"x"
"3375",15038.6602284353,-8743.09172653134,"x"
"3376",15340.8753829921,-9490.95424810439,"x"
"3377",18353.1427294516,-16261.234103839,"x"
"3378",13374.4192440386,-3919.54468018998,"x"
"3379",11795.658265222,-2205.41221512638,"x"
"3380",15050.7267375242,-8642.80578155285,"x"
"3381",18129.1925435326,-16373.1995436192,"x"
"3382",13847.9621498385,-4706.24183577043,"x"
"3383",15529.8456328087,-10718.0971643953,"x"
"3384",13862.4808457922,-5995.23166486732,"x"
"3385",15918.0437788568,-11677.3283213509,"x"
"3386",14929.0832190154,-9293.21907868431,"x"
"3387",15277.1925011022,-9707.81255924757,"x"
"3388",17397.7420002424,-14633.8241191801,"x"
"3389",15332.367520015,-10352.6881174306,"x"
"3390",16247.4446401681,-11574.5077563941,"x"
"3391",13183.9644750422,-4037.60827005394,"x"
"3392",14268.205836825,-8769.54344113198,"x"
"3393",15032.5039139598,-9658.16744726945,"x"
"3394",17872.8174306198,-15406.2193501596,"x"
"3395",14075.6873086285,-6528.88221362534,"x"
"3396",15766.6182287111,-11719.2194444553,"x"
"3397",17753.6044123661,-15586.1037552887,"x"
"3398",16942.0701027672,-13933.1569243205,"x"
"3399",16463.9529632394,-12852.2617353351,"x"
"3400",13846.0662071823,-5239.18638069563,"x"
"3401",17830.3842746322,-15537.4382747176,"x"
"3402",15655.4670347331,-10690.5682651252,"x"
"3403",14472.8610844585,-7161.65067505015,"x"
"3404",16531.5886154191,-12677.7353072735,"x"
"3405",16757.2516440294,-12946.6361688621,"x"
"3406",18265.8220758819,-16255.1642247348,"x"
"3407",15049.1018508279,-10015.9650035968,"x"
"3408",15579.9200474421,-10799.905085381,"x"
"3409",14072.3124558018,-7059.85605266899,"x"
"3410",13361.6114653757,-4499.68433866468,"x"
"3411",14421.6623017489,-7178.1125542786,"x"
"3412",14624.15628562,-9178.2056653817,"x"
"3413",14937.2664624701,-9452.97198056029,"x"
"3414",18428.2621365072,-17748.0657370892,"x"
"3415",17378.9994637875,-14300.214531169,"x"
"3416",13400.7496341226,-6238.81156153071,"x"
"3417",17741.5154661581,-15284.9847753544,"x"
"3418",15807.8520944385,-10927.1234309253,"x"
"3419",14223.5464241976,-8340.72015712878,"x"
"3420",14585.8008061155,-8205.30420232411,"x"
"3421",15544.4629197928,-11242.1704691478,"x"
"3422",14698.6013101342,-8399.71687765679,"x"
"3423",14418.0440188644,-7250.04839663014,"x"
"3424",18256.247224565,-16317.8360080584,"x"
"3425",15632.0011407936,-10216.2184322605,"x"
"3426",15340.3663123995,-9481.58255402651,"x"
"3427",14263.7678832818,-6069.36143709939,"x"
"3428",14874.0928380527,-9750.36079388419,"x"
"3429",13725.6764143468,-6003.31722648364,"x"
"3430",10990.238713446,3365.56031634817,"x"
"3431",13512.7607543765,-5908.93730222937,"x"
"3432",15627.4923489209,-9488.70846487887,"x"
"3433",18182.0585699934,-15664.9501063519,"x"
"3434",15609.6169862566,-12023.9772620589,"x"
"3435",14091.9556948769,-6785.48570679978,"x"
"3436",17233.171972173,-14305.7844918208,"x"
"3437",17107.4424192331,-14225.7260221726,"x"
"3438",13868.7055692651,-4754.33956745515,"x"
"3439",16495.2089579465,-13224.7695097407,"x"
"3440",17090.9707710514,-13739.2521315191,"x"
"3441",17420.2997014667,-14356.6584712584,"x"
"3442",14328.391063499,-7116.3379250949,"x"
"3443",16775.1146919999,-13628.9137921258,"x"
"3444",11054.2990324158,1199.48305041444,"x"
"3445",17438.5557624014,-14512.578885029,"x"
"3446",18082.9941595261,-16025.610454321,"x"
"3447",16542.8835707205,-12884.5889961048,"x"
"3448",10483.9011774035,2265.38019121652,"x"
"3449",15754.9774030302,-10810.7164973966,"x"
"3450",17099.1369179724,-13927.3031041978,"x"
"3451",15149.1971554819,-8092.46736457114,"x"
"3452",18312.7908512399,-16903.0997456811,"x"
"3453",15691.1799778809,-10082.7060252254,"x"
"3454",14306.5596292903,-9087.90511951295,"x"
"3455",15426.2832055504,-9661.36169632026,"x"
"3456",14675.7213767816,-9034.55242848907,"x"
"3457",13626.1854722896,-5483.74590845295,"x"
"3458",17375.8048490025,-13664.3248079575,"x"
"3459",13879.9656131552,-7048.06641842446,"x"
"3460",11324.3528292423,1619.11125975502,"x"
"3461",13926.5686781605,-7227.03264868258,"x"
"3462",16355.8719290934,-11994.1948928051,"x"
"3463",17072.5690946966,-13365.5281569768,"x"
"3464",17496.874229822,-14586.4117039112,"x"
"3465",13008.60203811,-2600.88774966413,"x"
"3466",18328.8556212871,-15939.3048633166,"x"
"3467",13371.0963874451,-6527.21227024204,"x"
"3468",16399.4578918936,-12864.9678351082,"x"
"3469",13659.7458517027,-5229.16020581612,"x"
"3470",14372.3567759511,-8077.19659412258,"x"
"3471",17086.5354818004,-14765.1491933608,"x"
"3472",15726.2118109748,-11098.0511947093,"x"
"3473",13387.0272167314,-6163.97244541993,"x"
"3474",14585.9256123884,-8521.45284464836,"x"
"3475",13744.9823598801,-5109.09759757038,"x"
"3476",17947.986037734,-16012.1595210668,"x"
"3477",18291.3712660363,-17067.3629192946,"x"
"3478",12722.75510876,-3417.01754286009,"x"
"3479",14269.7590353426,-7584.35029198194,"x"
"3480",14916.2868731172,-8418.88428047244,"x"
"3481",12470.071098594,-2384.15534231887,"x"
"3482",9393.00474666715,7975.88025319041,"x"
"3483",15290.0005349738,-11441.1549459477,"x"
"3484",12835.5859290954,-4230.51901909628,"x"
"3485",16450.460219973,-12080.668994941,"x"
"3486",15605.9669563839,-10736.7375187621,"x"
"3487",11726.5021283374,-627.584845063235,"x"
"3488",18617.2956517967,-17696.0615244603,"x"
"3489",12297.0541264822,-868.831084379241,"x"
"3490",15358.0915553975,-9122.41287207335,"x"
"3491",18616.1030181939,-16310.2396663091,"x"
"3492",11438.3477663335,517.279016385985,"x"
"3493",16996.0845568663,-12910.9569388733,"x"
"3494",13921.3225843211,-6592.2993291369,"x"
"3495",16400.9689746851,-11754.3997581155,"x"
"3496",16356.9941575515,-11927.2831349716,"x"
"3497",16101.08348797,-11906.774667806,"x"
"3498",15440.8620412836,-8732.11428993906,"x"
"3499",12048.6435366798,-2455.86192915637,"x"
"3500",12653.1114801364,-3290.06375808356,"x"
"3501",16295.482682801,-12631.4400185065,"x"
"3502",14136.6822754888,-6019.083889619,"x"
"3503",13107.0526476109,-4395.08089265029,"x"
"3504",12753.0080682952,-2626.32689363044,"x"
"3505",14544.6015230264,-8922.67860285518,"x"
"3506",18168.718760262,-15926.1426069444,"x"
"3507",16177.2483380611,-12467.6088089588,"x"
"3508",17194.2404187125,-13650.5118206758,"x"
"3509",12714.689089333,-2901.15757624156,"x"
"3510",16773.8725107429,-13380.3262476714,"x"
"3511",16532.1758922875,-12987.4383986105,"x"
"3512",14665.3884518062,-8610.72700781229,"x"
"3513",11493.8426469706,-1042.15059039215,"x"
"3514",17262.60284487,-14422.1824131958,"x"
"3515",16171.872493413,-12240.1301142242,"x"
"3516",17494.0118344222,-14262.4940603832,"x"
"3517",13035.0779824522,-3610.07409391506,"x"
"3518",14779.390790582,-8650.99969391226,"x"
"3519",17068.6268146566,-13916.0867048972,"x"
"3520",17847.2554745705,-14899.159712995,"x"
"3521",16784.9797243552,-13132.2311618401,"x"
"3522",15932.2589983087,-11861.5300661546,"x"
"3523",15477.621843698,-10170.8881233808,"x"
"3524",12587.228441778,-2817.15829991246,"x"
"3525",12982.0064105896,-2986.42651915047,"x"
"3526",16810.5411452538,-13264.0206798992,"x"
"3527",16927.7325860624,-13160.806235217,"x"
"3528",15448.0531104227,-10284.6197779814,"x"
"3529",14593.4646051693,-8560.7777082094,"x"
"3530",15879.2525173329,-12148.5083329618,"x"
"3531",15918.8953226688,-11170.8574469263,"x"
"3532",14504.6808226756,-9267.39616357921,"x"
"3533",18006.3351659638,-15645.3693698287,"x"
"3534",16288.8968433532,-12438.7078085539,"x"
"3535",11821.5606423607,2057.1805225782,"x"
"3536",17568.8164022982,-14657.6211122815,"x"
"3537",15718.1525419483,-10559.1198399159,"x"
"3538",16648.2297431451,-13592.4833481156,"x"
"3539",13303.5741767014,-6038.16833146168,"x"
"3540",15233.0899375497,-10287.5442132469,"x"
"3541",15418.7677696259,-11745.2865277124,"x"
"3542",16394.5951868001,-11783.6537572499,"x"
"3543",14923.5685028379,-9706.11482367963,"x"
"3544",15100.6355405388,-10685.9209748259,"x"
"3545",17760.6819012292,-16077.5607067241,"x"
"3546",16198.1122604481,-11690.0374121914,"x"
"3547",16608.0067810933,-13275.8688007492,"x"
"3548",17356.030607033,-14438.4505106091,"x"
"3549",18417.5880398749,-16431.3778627014,"x"
"3550",11526.71633017,122.913619346473,"x"
"3551",15051.512570692,-8760.90035141756,"x"
"3552",14512.4486230683,-7128.57746769184,"x"
"3553",15390.2028454169,-12350.4608043861,"x"
"3554",16565.3828999554,-12543.7373626672,"x"
"3555",15541.0555211986,-10032.8470685426,"x"
"3556",12753.8850464558,-2743.81808863862,"x"
"3557",18006.9981331382,-15856.9942578261,"x"
"3558",17382.0069336448,-14452.4980836318,"x"
"3559",14609.5126559483,-9331.22444804743,"x"
"3560",10749.3035848155,4024.88136147906,"x"
"3561",17189.0842863865,-14408.1139631124,"x"
"3562",16872.6426220628,-13444.1063572454,"x"
"3563",15562.1004947825,-9516.60918848024,"x"
"3564",14281.8796481208,-6414.12182905836,"x"
"3565",14228.7493163773,-8122.85172333225,"x"
"3566",15138.9690438095,-9740.368485552,"x"
"3567",13401.4052971411,-3901.60755605864,"x"
"3568",15948.3214604414,-11261.7511256611,"x"
"3569",15618.0840468298,-10749.2745785592,"x"
"3570",16045.9757375358,-11640.6843971256,"x"
"3571",15315.4429236306,-9618.10932786852,"x"
"3572",12126.4370609917,-1864.77962985359,"x"
"3573",17982.8935308578,-15680.3117077623,"x"
"3574",17083.0062752785,-14125.002169255,"x"
"3575",11631.518845698,-727.329222399489,"x"
"3576",14417.1524684172,-8753.07751507061,"x"
"3577",15588.9663827173,-10045.9310556205,"x"
"3578",14001.9056096862,-7046.86197559266,"x"
"3579",11224.6788322388,467.87856673528,"x"
"3580",15993.1288939668,-11302.297628117,"x"
"3581",15570.2638110069,-10458.0822088038,"x"
"3582",14060.923029517,-6876.34644815206,"x"
"3583",16934.5324496231,-13594.5961818374,"x"
"3584",14775.3148122412,-7691.5172825924,"x"
"3585",17439.7736485819,-14956.5503924421,"x"
"3586",11415.1162837827,1449.12915040559,"x"
"3587",13032.0341005217,-4201.92456416827,"x"
"3588",17335.298088414,-14907.538385831,"x"
"3589",15684.0667036626,-10053.7747504709,"x"
"3590",13496.0905401883,-4207.52077111704,"x"
"3591",13859.736996252,-6835.24414088454,"x"
"3592",9981.97098456914,3812.93597212365,"x"
"3593",16922.5542696996,-13718.1990286905,"x"
"3594",16129.8567988525,-11415.0264222546,"x"
"3595",14884.4439013812,-8722.23891902831,"x"
"3596",14235.692399386,-8281.5060431571,"x"
"3597",15497.2681372131,-10368.3733306866,"x"
"3598",13086.7251658232,-1464.3327791175,"x"
"3599",15557.2216154501,-10279.5312119277,"x"
"3600",15144.9461363234,-10072.1872740286,"x"
"3601",16812.9452495012,-13161.0450565896,"x"
"3602",18545.1362226656,-17343.2932230397,"x"
"3603",13530.2871290675,-6011.56990618673,"x"
"3604",18040.2879364256,-16058.544408278,"x"
"3605",17438.0769288219,-15171.9701324887,"x"
"3606",15219.1567571903,-10480.5266059555,"x"
"3607",13764.9381266801,-7232.10078534012,"x"
"3608",16537.0142622288,-12697.8873600883,"x"
"3609",16160.2348001896,-12849.1593004731,"x"
"3610",10144.2967654999,4807.73252340412,"x"
"3611",14583.9549452817,-9163.76415333671,"x"
"3612",15153.1296079074,-8967.56786256539,"x"
"3613",14039.4665584754,-5937.06174212395,"x"
"3614",15704.0715025231,-11334.3399677074,"x"
"3615",12290.2566068073,-1336.32796685554,"x"
"3616",14260.7981634405,-7592.46503172313,"x"
"3617",14513.6427638571,-7903.1543253625,"x"
"3618",12226.3914843619,-666.408619171283,"x"
"3619",15520.6901186865,-10283.1078718397,"x"
"3620",16072.5972905613,-11118.2358165007,"x"
"3621",15799.826858793,-10510.4559289811,"x"
"3622",12579.0906278618,-2753.89467817608,"x"
"3623",14981.2567283698,-8933.76267644963,"x"
"3624",15418.4495917038,-10352.4960472217,"x"
"3625",16481.5377758976,-12438.7175870002,"x"
"3626",16514.2002552541,-12447.9227993075,"x"
"3627",13519.6005825281,-5321.49586197699,"x"
"3628",14925.9532214102,-7882.00358974587,"x"
"3629",14160.6952275583,-5406.70477197277,"x"
"3630",15106.0306622054,-10112.4413745794,"x"
"3631",12781.9977728295,-3342.03154689817,"x"
"3632",13317.777638857,-4252.37945732196,"x"
"3633",17785.5009202558,-14742.2320857808,"x"
"3634",16404.7313609534,-11858.5990695778,"x"
"3635",15699.1622200747,-9664.31644327092,"x"
"3636",11840.3034683707,-1961.20048269146,"x"
"3637",17720.8515916205,-15131.5720702462,"x"
"3638",16196.9590964593,-11813.2722753234,"x"
"3639",14906.2337736051,-8266.35882569343,"x"
"3640",15567.0237463164,-9513.80758135899,"x"
"3641",14919.5798345606,-9153.70162644334,"x"
"3642",14311.896272333,-7124.84310253255,"x"
"3643",15812.2442992249,-12491.6879444961,"x"
"3644",18416.2662023509,-17002.8055557024,"x"
"3645",13339.1057665591,-4743.6649092604,"x"
"3646",13824.8811112149,-4163.62559448181,"x"
"3647",17608.059701582,-14981.5437441106,"x"
"3648",14340.6708123614,-7807.85518960396,"x"
"3649",17945.1038862856,-15444.3365120207,"x"
"3650",14228.0808219699,-7282.34519023902,"x"
"3651",15671.554310443,-11531.6924871642,"x"
"3652",16685.7366052776,-12550.7946016823,"x"
"3653",12947.3860675525,-3693.51514450963,"x"
"3654",15137.9598238806,-9517.49736388661,"x"
"3655",13240.3366734627,-6117.9398991294,"x"
"3656",14490.3153740127,-7887.06271358157,"x"
"3657",14192.4175341235,-6267.01000393225,"x"
"3658",14873.4486706966,-9748.72641619772,"x"
"3659",13751.6778434987,-6069.11374436869,"x"
"3660",16300.6217924239,-12302.6095569689,"x"
"3661",15199.1356336657,-9475.5473720788,"x"
"3662",17409.6176029369,-14637.9387629461,"x"
"3663",13476.7269201528,-6324.79281777189,"x"
"3664",13065.0749290498,-4205.04989541927,"x"
"3665",14229.2927509862,-6687.8012850294,"x"
"3666",16737.2511879499,-13779.6335810344,"x"
"3667",17965.2011330321,-16006.4399958852,"x"
"3668",17870.5284714179,-15820.8908979486,"x"
"3669",14786.880610387,-9254.93862358037,"x"
"3670",16615.7074141121,-13095.4144071572,"x"
"3671",14764.6726151736,-8612.20676616798,"x"
"3672",14671.4932763429,-7430.02812233672,"x"
"3673",17315.9700893426,-14411.3302819744,"x"
"3674",16131.6040073044,-11346.5917638419,"x"
"3675",17428.4988748385,-14444.1065276152,"x"
"3676",17702.8526335219,-15526.2635006831,"x"
"3677",18013.2840488283,-16490.9335161693,"x"
"3678",14844.0675528722,-9199.01317324057,"x"
"3679",12246.7529926654,-1765.20378595097,"x"
"3680",17839.0214981868,-15531.3857371732,"x"
"3681",12661.7365413336,-2903.05247311266,"x"
"3682",16667.7986768075,-13430.0341150908,"x"
"3683",11858.6755894135,98.8991781834429,"x"
"3684",16887.3625704542,-13735.8489855838,"x"
"3685",14887.9842548991,-8528.0574137266,"x"
"3686",16425.4457576954,-12876.8315831507,"x"
"3687",14259.6088502318,-6197.61795227465,"x"
"3688",16255.1362595426,-11761.5289287136,"x"
"3689",14973.1046701439,-8215.22377022643,"x"
"3690",14821.9304345054,-8637.62310643816,"x"
"3691",14676.8596411074,-8524.94980656554,"x"
"3692",10974.9591634972,1894.9160161616,"x"
"3693",15352.6686779718,-9711.92235380338,"x"
"3694",18017.5671643164,-15703.5113341845,"x"
"3695",14080.0384970911,-5970.69295373359,"x"
"3696",16531.4307867818,-12670.1701369074,"x"
"3697",15357.4556876304,-9603.96122484446,"x"
"3698",15434.2902137971,-9762.35741617417,"x"
"3699",14784.8247280738,-8574.62730195436,"x"
"3700",17506.9802182971,-14538.810994535,"x"
"3701",16786.6277821869,-13462.853376639,"x"
"3702",15411.9951509714,-10088.4059972493,"x"
"3703",18274.4527235044,-16241.832696979,"x"
"3704",17613.6434138019,-14779.9439669168,"x"
"3705",10071.2771828385,3942.92364554662,"x"
"3706",16695.9388908677,-13065.5235902633,"x"
"3707",17314.2593328364,-14260.0320219292,"x"
"3708",14092.9520713619,-8468.75914904873,"x"
"3709",16140.7427005013,-11384.1037120068,"x"
"3710",14745.1142299572,-8987.10065032181,"x"
"3711",15939.3065361551,-12054.8062335384,"x"
"3712",17952.813495382,-14859.0874276463,"x"
"3713",14669.0838206825,-8390.02889993224,"x"
"3714",16243.7477739433,-12954.1518284649,"x"
"3715",14651.0572173332,-9330.18019508546,"x"
"3716",16430.1337307853,-12078.5040462985,"x"
"3717",12635.3894388258,-2210.69544913642,"x"
"3718",11672.5142692917,-1794.99374378334,"x"
"3719",17562.7820230471,-14696.7914396032,"x"
"3720",15776.9530644169,-10271.9836036837,"x"
"3721",15263.8937799406,-8749.4245964229,"x"
"3722",16265.7001754161,-12336.33967997,"x"
"3723",13963.4834027155,-8346.75097738863,"x"
"3724",15981.1118451114,-12259.9797009829,"x"
"3725",14980.7144388276,-9539.37285182884,"x"
"3726",15727.9474012973,-10766.6911171194,"x"
"3727",14169.2540715955,-6192.57554681009,"x"
"3728",13245.3408665176,-4372.37515256208,"x"
"3729",15023.9018351805,-8698.6758777185,"x"
"3730",16025.7288736909,-12112.6164548272,"x"
"3731",16379.4703620235,-12521.3653621177,"x"
"3732",15330.7345244957,-9264.14662920076,"x"
"3733",14888.8738550569,-6769.10640861218,"x"
"3734",14784.2366333367,-8816.10987006449,"x"
"3735",15471.5390455097,-8814.94864906956,"x"
"3736",14258.5013349938,-5965.58520741934,"x"
"3737",14249.6001538029,-7421.1131190902,"x"
"3738",14598.2529429614,-8219.83886520829,"x"
"3739",15082.9572155593,-9781.649098584,"x"
"3740",14515.8474539917,-7082.32197745374,"x"
"3741",17025.3257720395,-12994.007372421,"x"
"3742",17548.4574829485,-14525.1440366914,"x"
"3743",16686.5946487865,-12711.9497501063,"x"
"3744",13940.3057739965,-5244.18866947158,"x"
"3745",17237.7681547011,-13199.5592026895,"x"
"3746",16029.7231758183,-11944.098120826,"x"
"3747",12195.9420790352,-1085.50551573881,"x"
"3748",14757.6567976728,-7815.05824968144,"x"
"3749",14444.15461142,-8500.68028329861,"x"
"3750",15686.0826346516,-10570.4095579911,"x"
"3751",18225.7164300861,-16294.6967440255,"x"
"3752",15091.9401124221,-10210.8479584862,"x"
"3753",14046.781599284,-6844.75500319032,"x"
"3754",11940.9506445114,965.554972635226,"x"
"3755",11228.5500131088,2352.65804568244,"x"
"3756",16049.7441599944,-12189.012088692,"x"
"3757",16703.7423307602,-13023.8893792825,"x"
"3758",15982.506176705,-11416.1750342103,"x"
"3759",15126.1368268058,-9701.88974542599,"x"
"3760",12860.2752353345,-2178.99101970627,"x"
"3761",16200.8511942238,-12974.5647644638,"x"
"3762",10587.4889125324,3327.66900707859,"x"
"3763",12645.0012896274,-1937.82339713204,"x"
"3764",17915.0013604906,-15805.6901881531,"x"
"3765",16000.6638829028,-12542.6624190696,"x"
"3766",12930.5833494501,-2958.41096434508,"x"
"3767",14422.7297753062,-8981.42064468281,"x"
"3768",14015.9435662404,-8207.18743759456,"x"
"3769",13940.9858243048,-6241.69763529989,"x"
"3770",17163.4583561547,-14158.7980147398,"x"
"3771",17465.9074550925,-14210.3293887349,"x"
"3772",16655.3804747803,-13321.0329133777,"x"
"3773",14535.5541717025,-6667.71276495493,"x"
"3774",13746.4731677233,-6880.95259563328,"x"
"3775",15502.8378720506,-9527.22280075435,"x"
"3776",9379.26063355446,8192.48096558948,"x"
"3777",15853.3763173345,-11890.0987338379,"x"
"3778",17666.377462768,-15247.0277098776,"x"
"3779",11957.146783719,-778.695181237128,"x"
"3780",16902.4051725102,-14328.9349726034,"x"
"3781",11503.5607991063,1119.15574024915,"x"
"3782",16462.9243046977,-14035.5504424596,"x"
"3783",18339.2556084403,-16606.3424159547,"x"
"3784",16855.9389545905,-13346.1230237035,"x"
"3785",16968.926075016,-13625.3539870944,"x"
"3786",14953.9295071042,-8490.40894943655,"x"
"3787",15335.5978614691,-10132.4395911059,"x"
"3788",13678.7898355442,-5637.43172402028,"x"
"3789",14484.4709430762,-8955.17900593367,"x"
"3790",13487.5981328075,-5433.9014881827,"x"
"3791",17345.6799238371,-14163.0086626036,"x"
"3792",14332.3189775422,-7615.63741066388,"x"
"3793",15301.0970641109,-8876.66863366459,"x"
"3794",14963.7247524507,-8402.51530058499,"x"
"3795",14970.7393831547,-8737.16206644821,"x"
"3796",13045.8594053398,-2898.04913884412,"x"
"3797",12625.3333623283,-1568.99604644063,"x"
"3798",15510.0522726127,-10037.6255759906,"x"
"3799",14571.3590660281,-8236.87204792223,"x"
"3800",14855.618397402,-7657.5435308156,"x"
"3801",14701.9236202402,-8922.92398838493,"x"
"3802",15737.1276906827,-10590.3464300987,"x"
"3803",14610.8766639159,-7199.18422457581,"x"
"3804",16955.5395011284,-13488.154487571,"x"
"3805",13189.589730449,-5593.50147851039,"x"
"3806",13185.1059257221,-4807.52341422212,"x"
"3807",14835.6594320502,-7769.28972462208,"x"
"3808",16581.5974182792,-12654.6808813078,"x"
"3809",16329.9676649209,-12206.4573012,"x"
"3810",17643.5253405543,-15809.5512381984,"x"
"3811",17926.9538983878,-15696.2956658051,"x"
"3812",17431.5708808929,-14381.8974274196,"x"
"3813",16749.8634251715,-12710.6305288156,"x"
"3814",15802.5622458204,-10913.5113179245,"x"
"3815",16368.6991682331,-12627.511830627,"x"
"3816",11504.0005640102,-806.4048540844,"x"
"3817",15809.8933184217,-10198.028825371,"x"
"3818",14200.0489610892,-7215.14881230249,"x"
"3819",14308.353886818,-8005.62518949079,"x"
"3820",14788.4992656806,-9856.45438075201,"x"
"3821",14005.1740049947,-6380.34131652123,"x"
"3822",15237.2714104729,-8798.88960554903,"x"
"3823",13999.1937984345,-6755.18657461841,"x"
"3824",15455.9588304358,-10087.3933420155,"x"
"3825",16158.2458546046,-12119.2200225542,"x"
"3826",14605.0902433827,-9319.80003226355,"x"
"3827",14184.369641802,-5663.49648008702,"x"
"3828",14243.0865475673,-6649.93275526756,"x"
"3829",17966.0517566447,-15375.3735471858,"x"
"3830",17729.7667793757,-14704.7361765628,"x"
"3831",17089.0810643899,-14046.1126572307,"x"
"3832",17305.445767068,-13650.2086334161,"x"
"3833",14921.4914275948,-8388.6624198073,"x"
"3834",17651.612645774,-15401.4530579861,"x"
"3835",15459.2142955495,-11525.2969214959,"x"
"3836",15311.9976860376,-10594.3328676347,"x"
"3837",16370.8470304315,-11675.4497382563,"x"
"3838",16442.6941951385,-14280.2782262471,"x"
"3839",15542.7615042629,-10392.4717698585,"x"
"3840",11476.2992022752,465.974828219749,"x"
"3841",16297.2923123825,-12709.7127299177,"x"
"3842",13371.5565489303,-4463.70699189788,"x"
"3843",17428.165645278,-14678.8472506138,"x"
"3844",15025.1298732424,-8802.99932483433,"x"
"3845",12792.8831152428,-3477.36925356845,"x"
"3846",15045.0617726979,-9847.88691998296,"x"
"3847",14313.9504519817,-6822.77429194715,"x"
"3848",14260.1565897869,-6585.84176762462,"x"
"3849",13061.2255066963,-4272.9154525122,"x"
"3850",15259.4240824567,-10438.9476825394,"x"
"3851",14514.3366195579,-9170.85420222344,"x"
"3852",16389.9843869659,-11109.9580593139,"x"
"3853",13799.038885576,-6681.1717879152,"x"
"3854",15746.4126620362,-11800.1264399844,"x"
"3855",12558.4399376416,-3873.84630824006,"x"
"3856",16452.1245191846,-11403.0338117744,"x"
"3857",16604.5105835213,-13285.1927758095,"x"
"3858",14750.4245213654,-8245.10261385681,"x"
"3859",17353.9430833245,-13950.6301097436,"x"
"3860",17859.3532166036,-15642.5805472346,"x"
"3861",16649.6638309158,-12592.3002998877,"x"
"3862",14521.7185040638,-7777.29947714258,"x"
"3863",14076.513650379,-6296.35734567225,"x"
"3864",14077.1555302189,-5111.58326660304,"x"
"3865",16274.6009809821,-11899.7693533377,"x"
"3866",14683.1799267295,-7941.40705051179,"x"
"3867",11809.3076197977,-387.32696483273,"x"
"3868",14121.4453755623,-7101.36635318726,"x"
"3869",15100.1004699767,-9976.74866661483,"x"
"3870",12986.5221621338,-4922.38242719675,"x"
"3871",12965.6790422053,-4618.55533587705,"x"
"3872",15388.0584287339,-9878.7455861733,"x"
"3873",16298.1288990512,-11341.3412059814,"x"
"3874",14061.3015619988,-6746.35586388017,"x"
"3875",17559.8227689987,-14277.712632157,"x"
"3876",12458.6786599524,-2390.77727302054,"x"
"3877",14892.4234679439,-8750.95270098807,"x"
"3878",14410.6992832626,-7540.36637044627,"x"
"3879",16054.5147819837,-11098.4730806563,"x"
"3880",15369.8487875625,-10490.4948010104,"x"
"3881",16642.1012080526,-13488.9000105436,"x"
"3882",15982.40872635,-11035.5661587045,"x"
"3883",11058.9706898811,1714.87691919438,"x"
"3884",17695.3635536218,-15177.0179487951,"x"
"3885",15212.5265471618,-11525.4298478486,"x"
"3886",17113.9876002285,-14300.1674049522,"x"
"3887",13911.026617718,-5644.57768297487,"x"
"3888",14023.7284635344,-6921.07086977424,"x"
"3889",14422.8245771586,-6534.8746056408,"x"
"3890",17727.7650319689,-14907.3020070043,"x"
"3891",14036.2090617441,-7743.94109650118,"x"
"3892",18431.6242935763,-17175.8506666057,"x"
"3893",14075.4485903156,-7135.98958301753,"x"
"3894",11118.2023288492,-70.7122868229853,"x"
"3895",17684.089770353,-14819.661281504,"x"
"3896",18226.419910722,-16408.6506704427,"x"
"3897",14786.6836386416,-7803.57172290517,"x"
"3898",16493.8459620912,-13025.8727487027,"x"
"3899",16779.0243316057,-14157.1321115635,"x"
"3900",16397.4021208849,-12825.9076584142,"x"
"3901",16198.8671163893,-12630.8696888445,"x"
"3902",14057.5978976486,-6905.22285923444,"x"
"3903",16664.4466854962,-12912.0562834716,"x"
"3904",14758.1403112441,-9385.27788490813,"x"
"3905",11851.759027583,-303.913648460248,"x"
"3906",15740.648617464,-10368.692652721,"x"
"3907",12407.5534580118,-2042.08204334935,"x"
"3908",12914.714265482,-2736.0946254255,"x"
"3909",14606.2805184256,-6355.4481811733,"x"
"3910",14103.865992918,-7446.77568314805,"x"
"3911",15562.8092346827,-10551.4140939881,"x"
"3912",13915.7105077648,-5590.28599557319,"x"
"3913",12284.5854425726,-2416.56725432847,"x"
"3914",14592.6374108386,-8066.53152390822,"x"
"3915",15197.1501120469,-9415.61493142484,"x"
"3916",13816.6515285804,-5888.90931716462,"x"
"3917",15368.3528979138,-9162.42346937177,"x"
"3918",11938.3059999073,-2393.85073431639,"x"
"3919",16391.005189718,-12593.4260877092,"x"
"3920",14259.7779845277,-7909.67674595458,"x"
"3921",14547.9641531857,-8016.50354346355,"x"
"3922",17238.6240816588,-14426.4520012444,"x"
"3923",16485.499542798,-12422.466244647,"x"
"3924",14607.2818676749,-7819.42682664741,"x"
"3925",15539.3736161568,-11999.9060052074,"x"
"3926",17186.8469739003,-13373.7910864463,"x"
"3927",14189.8668930551,-7582.65909501421,"x"
"3928",15325.9996572053,-8888.26350562178,"x"
"3929",15799.5249672329,-10410.0586474661,"x"
"3930",15429.8275382889,-10806.4750020866,"x"
"3931",14961.9440588936,-10377.4652169448,"x"
"3932",15612.5277125202,-11951.0408583236,"x"
"3933",11058.1280117425,375.549486869004,"x"
"3934",14054.6127312655,-8081.69984161752,"x"
"3935",15360.0442875833,-9963.20163733842,"x"
"3936",13443.0132734429,-4408.76835105607,"x"
"3937",14069.4542077545,-6551.72284967234,"x"
"3938",15320.962411325,-11062.8870750955,"x"
"3939",13085.1853123141,-3683.1210428541,"x"
"3940",13397.9299023748,-4703.05566018915,"x"
"3941",15350.9647692181,-9857.12243229827,"x"
"3942",14863.9965076602,-7870.17096807738,"x"
"3943",14553.240505491,-7775.67883918063,"x"
"3944",13252.0164745255,-5615.77833471132,"x"
"3945",15983.8011096108,-11623.7378119573,"x"
"3946",13348.9143651732,-5376.79432513118,"x"
"3947",13687.2181462281,-4592.06206675035,"x"
"3948",12639.4146611016,-2758.03086690376,"x"
"3949",14105.8746751396,-5677.51778902526,"x"
"3950",17087.8349306888,-13498.8686708013,"x"
"3951",13164.3750540514,-5899.48627056118,"x"
"3952",14340.2897581754,-6522.84471401479,"x"
"3953",18266.3449652303,-16646.587014551,"x"
"3954",17093.3286499264,-13361.2472532769,"x"
"3955",17918.7391375026,-15905.1973455947,"x"
"3956",14981.2429491648,-8742.25438909543,"x"
"3957",15418.8061767698,-10986.4205638751,"x"
"3958",17023.1956717024,-14510.3001580008,"x"
"3959",17517.68173434,-14960.4382189225,"x"
"3960",16956.6174287788,-13969.078865838,"x"
"3961",16553.9598970553,-12950.8718943336,"x"
"3962",15588.7503364722,-10183.7546812701,"x"
"3963",13574.1213701748,-4230.95052319068,"x"
"3964",15277.1958546581,-9835.84514707339,"x"
"3965",15678.1959385297,-12690.7121230728,"x"
"3966",13970.2661483493,-6371.45914289107,"x"
"3967",11304.0102979531,2475.83558218613,"x"
"3968",17755.4830372746,-15006.4032186682,"x"
"3969",11403.9740595968,744.749477612204,"x"
"3970",15448.4221037283,-9854.53580541131,"x"
"3971",15091.6122718434,-9466.89219874135,"x"
"3972",15409.8453195221,-9519.67754286343,"x"
"3973",17380.5853625399,-14429.3461486666,"x"
"3974",17107.1925814042,-13580.2685605514,"x"
"3975",15192.2976930066,-9060.09635777202,"x"
"3976",16740.2556791329,-12976.9585391709,"x"
"3977",13540.534264183,-4787.76139417061,"x"
"3978",16324.8822165837,-12502.5824494408,"x"
"3979",17229.8070201127,-13873.6330143366,"x"
"3980",17778.1125098403,-15654.5438764382,"x"
"3981",16956.9456620351,-13381.1630690423,"x"
"3982",16884.1487763914,-14342.0810172869,"x"
"3983",9691.96609232229,7302.86221973713,"x"
"3984",15693.5358568464,-11028.9683485168,"x"
"3985",14215.9334175798,-6858.38739014204,"x"
"3986",13022.5224308687,-3448.47157119852,"x"
"3987",14290.5929304289,-7086.55238561701,"x"
"3988",15579.4946090819,-10039.7880926481,"x"
"3989",18026.8411833905,-15788.8277262212,"x"
"3990",18480.905661836,-16513.8919268601,"x"
"3991",16127.4154426431,-11443.22692761,"x"
"3992",16227.9566263416,-11235.5232132937,"x"
"3993",15095.4763793791,-9713.3741794883,"x"
"3994",13788.9630664886,-6666.20641965189,"x"
"3995",12814.9897071397,-4083.18059052881,"x"
"3996",16406.6164326596,-12584.7203492915,"x"
"3997",18068.1337554694,-15668.2070636078,"x"
"3998",16299.5154344929,-12256.6293599169,"x"
"3999",12992.6867235369,-3053.86074667235,"x"
"4000",15041.13686101,-9682.72253709642,"x"
"4001",17392.614529225,-14634.2109491234,"x"
"4002",14115.8837137338,-5946.4187140745,"x"
"4003",15974.1090805647,-11470.4074608623,"x"
"4004",15206.0005117014,-10956.2352630246,"x"
"4005",14870.2113901186,-8741.92342031117,"x"
"4006",13401.0840583924,-4252.77469966846,"x"
"4007",13937.3098393623,-6398.51092645256,"x"
"4008",13436.2957530152,-6168.09390010788,"x"
"4009",16230.1648118411,-12458.5389259768,"x"
"4010",17641.1811117602,-15723.4162044956,"x"
"4011",18381.481011903,-16475.0380781421,"x"
"4012",17275.8742651727,-14746.9089009647,"x"
"4013",17233.5547585449,-14054.2117598795,"x"
"4014",17410.7286170683,-14843.7783453465,"x"
"4015",12866.5480595516,-3647.34345684681,"x"
"4016",15929.2723426149,-10565.840466757,"x"
"4017",17531.1833614959,-14654.3356148361,"x"
"4018",14990.2644205076,-9310.70327060504,"x"
"4019",14008.8307430661,-6749.78384874568,"x"
"4020",16510.0572213172,-12367.6193043851,"x"
"4021",14624.1303171544,-9475.18821383723,"x"
"4022",16682.6014804199,-13118.0841638076,"x"
"4023",16874.4935047697,-13808.7289124115,"x"
"4024",16082.7367425036,-11823.0372008783,"x"
"4025",12368.1417274761,-1855.65732399403,"x"
"4026",16377.3615611186,-11171.2934813193,"x"
"4027",14894.4098562275,-10639.321955113,"x"
"4028",13579.2684432157,-5583.28407674796,"x"
"4029",15542.4179702729,-10130.2530971391,"x"
"4030",16062.0823224108,-11320.7350824667,"x"
"4031",16082.016570875,-11002.1727121508,"x"
"4032",15639.24295895,-10727.760539327,"x"
"4033",13051.5464569136,-2836.14944457444,"x"
"4034",16911.0472120397,-13197.3406801277,"x"
"4035",13938.1704519049,-6778.10877757289,"x"
"4036",14478.0751549709,-8005.05431030118,"x"
"4037",12218.2741740398,147.154574027589,"x"
"4038",16087.391767942,-11754.7541256766,"x"
"4039",17133.2059637567,-13506.63327897,"x"
"4040",13931.7996888464,-4160.48692245275,"x"
"4041",14874.6612580735,-7455.76951880644,"x"
"4042",15773.9020664141,-9364.52210130443,"x"
"4043",16454.8063560932,-12534.1058578696,"x"
"4044",17045.3462198923,-14033.1176510181,"x"
"4045",13506.6230045847,-5268.8033073543,"x"
"4046",12470.5469724016,-1942.53503736357,"x"
"4047",15251.6451646351,-9009.77155072743,"x"
"4048",13515.3495380653,-5388.92238303231,"x"
"4049",17727.4830928186,-15224.5691795702,"x"
"4050",13319.6950818722,-4198.44899928667,"x"
"4051",11411.1303759371,1668.49056523303,"x"
"4052",16564.8564378967,-11948.6940167689,"x"
"4053",13981.3432395207,-7762.23045951215,"x"
"4054",11088.9668117798,1667.33494850289,"x"
"4055",10972.8031049323,736.125635815184,"x"
"4056",15921.3932775421,-11386.2854379338,"x"
"4057",14730.7069353766,-8623.17427469386,"x"
"4058",17936.8107981596,-16293.82744383,"x"
"4059",15383.2112005686,-10238.3861811259,"x"
"4060",12231.2538286082,-2611.87587892382,"x"
"4061",16173.8160973031,-11808.332848234,"x"
"4062",15123.2990387542,-8485.38808283747,"x"
"4063",18264.4695365765,-16272.9390976375,"x"
"4064",14153.9260522601,-5383.79562635175,"x"
"4065",16067.5849791682,-12090.0487079601,"x"
"4066",17301.4460405952,-14116.3339655527,"x"
"4067",14829.5822193386,-9531.86478534526,"x"
"4068",17913.6209823069,-15731.57747251,"x"
"4069",16997.3895401536,-14271.3076214109,"x"
"4070",17402.6170959075,-14629.3732065096,"x"
"4071",16239.7745820736,-11902.52905087,"x"
"4072",13795.4836006838,-5208.6641825882,"x"
"4073",14913.0716632837,-7734.50807553798,"x"
"4074",15373.0364220518,-9861.93826932212,"x"
"4075",16371.4489429878,-13524.416239051,"x"
"4076",15219.423933331,-10119.5264227365,"x"
"4077",14345.7280199219,-6221.76366059621,"x"
"4078",14766.7297200565,-8601.28310051026,"x"
"4079",11548.8727775666,1291.83335955351,"x"
"4080",16616.703951357,-12622.1887706208,"x"
"4081",16170.1373780512,-12165.410530763,"x"
"4082",14429.0646696161,-7782.16176798128,"x"
"4083",15210.8398715178,-8815.22511435437,"x"
"4084",14925.9111874984,-7639.22502229294,"x"
"4085",13323.6955032838,-5128.87012630115,"x"
"4086",12900.9039799583,-4751.65585013406,"x"
"4087",17213.9947092508,-14055.2991954684,"x"
"4088",14873.9147327404,-9732.68233173516,"x"
"4089",17945.7294813434,-15253.084165275,"x"
"4090",18162.478546942,-16442.2215262471,"x"
"4091",18015.1608013353,-15738.5100387477,"x"
"4092",15164.1237979335,-8992.52842826374,"x"
"4093",14982.1953089435,-9508.91349071746,"x"
"4094",12926.3935826798,-4016.06411176881,"x"
"4095",17042.7385676051,-14500.8050685118,"x"
"4096",13885.1769803446,-6903.64770804553,"x"
"4097",15310.7209714301,-10330.4412700936,"x"
"4098",14072.380161424,-6855.06396656658,"x"
"4099",12460.9704758848,-1275.59292143679,"x"
"4100",17658.9963507458,-14869.3741909499,"x"
"4101",16007.3625232797,-11300.0990732128,"x"
"4102",14748.8988021145,-8107.02393119249,"x"
"4103",16521.4416172292,-12908.1425429211,"x"
"4104",15706.2607357226,-10505.4715022835,"x"
"4105",13047.0003743331,-4843.17493307444,"x"
"4106",11342.6773582301,391.151356881001,"x"
"4107",18044.8398174569,-16106.8370305374,"x"
"4108",13528.3196922924,-6352.58472663291,"x"
"4109",16485.9755337051,-12519.1801346707,"x"
"4110",14922.2777619998,-7869.04157885819,"x"
"4111",13478.5272803965,-6128.82522477182,"x"
"4112",15033.0435576635,-9031.42570495788,"x"
"4113",13187.9461993651,-4333.78055733115,"x"
"4114",16520.9305139264,-12193.7615278749,"x"
"4115",16245.2341106523,-11755.715991803,"x"
"4116",14478.0292898991,-7207.38749259764,"x"
"4117",14634.3766329806,-9234.17975719302,"x"
"4118",15008.9054921789,-9212.82357402682,"x"
"4119",17741.7109079749,-14324.8329166658,"x"
"4120",12596.3695944904,-3594.55384535495,"x"
"4121",17298.2261198234,-14355.7781227594,"x"
"4122",15952.7907987009,-11654.1489887324,"x"
"4123",17338.7865575391,-14927.3990790401,"x"
"4124",17291.2618381241,-13878.3435880923,"x"
"4125",12060.4289950345,-865.893533121533,"x"
"4126",13664.4907983785,-4868.29661645581,"x"
"4127",12499.8769900771,-3740.68992441143,"x"
"4128",15596.1310550922,-11767.6360584467,"x"
"4129",13347.931500553,-6162.13864131176,"x"
"4130",17494.6897014198,-13722.0282768996,"x"
"4131",16582.0718617298,-13090.0721792171,"x"
"4132",13862.2469141579,-4666.12555468322,"x"
"4133",14029.7870649975,-6760.96468434732,"x"
"4134",16809.3704449124,-13392.1595125859,"x"
"4135",13049.7318762423,-3251.80403979623,"x"
"4136",18304.3723015091,-15820.7755569081,"x"
"4137",12429.2341527685,-1168.22853277512,"x"
"4138",15467.2171178601,-9413.38624586847,"x"
"4139",16321.4847564272,-12305.638781717,"x"
"4140",13664.1632768584,-5828.72795111286,"x"
"4141",14741.6484628751,-6987.46309129594,"x"
"4142",14000.2109041562,-6044.2011152546,"x"
"4143",14328.5454267917,-7160.61755966155,"x"
"4144",15131.8602207067,-8853.97420999479,"x"
"4145",14339.6137957344,-6695.15708840897,"x"
"4146",13749.4806332406,-6910.73380848814,"x"
"4147",13231.3714945356,-4885.97272148939,"x"
"4148",14700.6933376568,-8243.89016269786,"x"
"4149",17398.9970955554,-14688.2231261998,"x"
"4150",13364.6948320271,-5041.17963174124,"x"
"4151",14077.7767448196,-6967.18952051706,"x"
"4152",17862.5625131448,-15699.040137546,"x"
"4153",16340.1976414769,-12173.1458421262,"x"
"4154",16721.134969887,-12566.5284003834,"x"
"4155",13429.5935717276,-4950.43400876597,"x"
"4156",16106.6830167459,-11974.712369167,"x"
"4157",16254.2970416113,-11581.2276584315,"x"
"4158",15418.5646521545,-11085.9324070389,"x"
"4159",15337.8961527334,-11070.4111846298,"x"
"4160",11798.3442212726,-539.179232987583,"x"
"4161",16442.755011687,-12838.6014366794,"x"
"4162",16267.3703522336,-11057.0798379356,"x"
"4163",13911.8305352463,-7213.06437856197,"x"
"4164",14869.4926332521,-9408.45527640436,"x"
"4165",18274.8235522713,-16859.9691428308,"x"
"4166",16133.0079358441,-12607.9550867939,"x"
"4167",12860.5197839664,-4911.35415503476,"x"
"4168",16925.4372991667,-14534.6412948935,"x"
"4169",12151.0076881333,-1587.11739880534,"x"
"4170",12489.7312910806,-4047.88473372803,"x"
"4171",15489.2145134066,-10540.4080082544,"x"
"4172",15954.9718800074,-9082.60815159624,"x"
"4173",16902.4138204231,-12989.9926792562,"x"
"4174",14738.7961323453,-8872.77757244197,"x"
"4175",16863.5822998786,-13460.2814997925,"x"
"4176",16893.822589174,-14068.1289194112,"x"
"4177",14169.5098380474,-8199.7458287243,"x"
"4178",14835.4051255027,-7809.0987951666,"x"
"4179",14979.4727739981,-8968.24952124262,"x"
"4180",12125.6588569874,-3043.23956593984,"x"
"4181",12423.0767016148,-3634.44359491331,"x"
"4182",17454.9385282348,-14429.3684866932,"x"
"4183",13752.7417058362,-6330.92650521917,"x"
"4184",13670.1479286007,-5689.56985633378,"x"
"4185",15684.4141947979,-9947.52088129064,"x"
"4186",14152.5479069632,-7849.56248705045,"x"
"4187",12688.8177384862,-2213.54761551454,"x"
"4188",17758.256275035,-15613.7528139169,"x"
"4189",16719.9382696727,-12620.4019707159,"x"
"4190",17837.5891486406,-15541.5653923442,"x"
"4191",15061.9819837869,-8920.82602837101,"x"
"4192",15092.2677237799,-9085.1104382582,"x"
"4193",14900.4401867357,-8412.98887363845,"x"
"4194",16358.21772577,-12257.2647339,"x"
"4195",17720.1228504871,-14993.3184088599,"x"
"4196",15369.0669841171,-11860.1949426425,"x"
"4197",14990.2395808521,-8768.24933510055,"x"
"4198",14118.9753017576,-6015.56321396651,"x"
"4199",16354.3486142161,-13174.0352282237,"x"
"4200",12194.9804814675,-2345.9945272653,"x"
"4201",14829.1340067356,-8782.72427900457,"x"
"4202",17548.2740583551,-14455.7882025171,"x"
"4203",15334.5603479051,-10805.6797767001,"x"
"4204",13377.3313767985,-5072.52941319447,"x"
"4205",15092.2917524798,-8623.48172782041,"x"
"4206",13104.7577799886,-3411.92300492493,"x"
"4207",17668.90115661,-15961.9122763689,"x"
"4208",17242.3243018703,-14696.5125182609,"x"
"4209",16780.028569945,-13359.2937719784,"x"
"4210",15280.9380999639,-9513.82139039993,"x"
"4211",14177.5591306641,-7721.78764743519,"x"
"4212",17463.2528513081,-14347.8931136449,"x"
"4213",15999.1098101192,-11561.9085003783,"x"
"4214",15726.5096067671,-10800.3387036192,"x"
"4215",17136.4006712801,-14048.9900652632,"x"
"4216",14740.0971705518,-7660.3879648281,"x"
"4217",15170.8886161168,-10513.3929782781,"x"
"4218",15760.2482007577,-10876.7218117704,"x"
"4219",17756.5812687176,-15296.3386745135,"x"
"4220",10997.3296693092,4056.41107489727,"x"
"4221",12518.8471030655,-2551.14894278137,"x"
"4222",18488.8253453559,-17224.5261481987,"x"
"4223",14067.5252290334,-8495.26990542479,"x"
"4224",18433.7455175538,-16264.2929464224,"x"
"4225",14900.6901269195,-8486.49019397758,"x"
"4226",16637.0228255758,-13047.9065767915,"x"
"4227",14871.5223617208,-9412.33534793286,"x"
"4228",14715.7952499764,-9212.70312090032,"x"
"4229",12383.9437673421,-245.687137214549,"x"
"4230",16801.7244232699,-12773.5959269819,"x"
"4231",11161.9149819097,45.6143342581072,"x"
"4232",16548.7396603616,-12483.026753467,"x"
"4233",16407.8075214181,-11320.2532392426,"x"
"4234",17321.8440117924,-15285.8862321996,"x"
"4235",14257.8161296354,-7501.83085715147,"x"
"4236",17089.6293251459,-13304.1890083076,"x"
"4237",12881.9212217202,-3185.66941165586,"x"
"4238",14613.4939890812,-8432.24906742539,"x"
"4239",14419.1766954442,-7380.475254885,"x"
"4240",12228.6177218838,-1688.86813730589,"x"
"4241",14817.3918261838,-8506.80691978228,"x"
"4242",14721.6097313507,-6525.26477138808,"x"
"4243",16309.1330445707,-11817.1421320956,"x"
"4244",15410.4908388026,-10469.8129043681,"x"
"4245",15878.4468778595,-10860.8456580127,"x"
"4246",13401.6249648265,-4929.46162941371,"x"
"4247",17594.9010290485,-15042.8887643398,"x"
"4248",11718.7973196019,-963.168133873947,"x"
"4249",15448.1381738366,-11538.3463465693,"x"
"4250",15950.4563329264,-11887.8384043686,"x"
"4251",13243.2962129437,-4033.74854012384,"x"
"4252",17056.3507923205,-14960.0283174205,"x"
"4253",16936.5664361557,-13494.9511876838,"x"
"4254",11410.7668453191,2373.16738674227,"x"
"4255",18098.4524715266,-15819.0121250126,"x"
"4256",17780.5542498134,-15020.4099142865,"x"
"4257",14626.2318836609,-7320.81326455742,"x"
"4258",18021.8270997655,-15859.9173312862,"x"
"4259",17170.4971754711,-13688.742442702,"x"
"4260",13675.7464084463,-5374.52133741222,"x"
"4261",13781.4677261236,-7014.47434964505,"x"
"4262",10572.1502842069,3676.58549161322,"x"
"4263",11912.0202986347,2296.73694552789,"x"
"4264",15085.5976149915,-8862.03520080686,"x"
"4265",17833.3008287281,-15561.0142457804,"x"
"4266",14032.1867052461,-6263.55329201332,"x"
"4267",14841.8995197306,-8909.95823273477,"x"
"4268",17875.715064515,-15701.5419282009,"x"
"4269",15306.527846876,-9795.03945457853,"x"
"4270",15227.1103456315,-10135.9233312967,"x"
"4271",17385.9693584422,-15052.9239737563,"x"
"4272",14836.2397646794,-10202.1534952519,"x"
"4273",17802.829745257,-15222.0730761384,"x"
"4274",12240.5770450156,-2778.47926869802,"x"
"4275",12080.5630917936,-753.79875372564,"x"
"4276",11070.7008637751,1133.30360524919,"x"
"4277",13772.1035826277,-6435.00844092463,"x"
"4278",11616.3044255126,-536.968679112781,"x"
"4279",17822.8378590619,-15503.4249390983,"x"
"4280",13159.456525848,-5831.99670073858,"x"
"4281",16375.6182572276,-13518.4806699209,"x"
"4282",15257.2783212545,-9393.58197831018,"x"
"4283",15580.1490045138,-11075.8310163117,"x"
"4284",17470.887561003,-15488.1787304707,"x"
"4285",14139.6741980337,-7090.80920847313,"x"
"4286",17179.1400448535,-14982.156871282,"x"
"4287",12209.2159267586,-2537.89102344223,"x"
"4288",11985.2541371794,-363.07919978883,"x"
"4289",16688.7419400175,-13132.8090208225,"x"
"4290",12972.5567547807,-3098.30747960257,"x"
"4291",16491.3928206644,-13102.8681964848,"x"
"4292",15282.9314263407,-9831.47673292667,"x"
"4293",15208.5319940907,-10240.694197223,"x"
"4294",14022.1845169476,-5729.57465716684,"x"
"4295",15684.2297187236,-11023.0970893212,"x"
"4296",15720.1854146864,-10505.3102668169,"x"
"4297",14896.1708248346,-10165.8220345064,"x"
"4298",14729.845492728,-9507.88865375552,"x"
"4299",15980.6869389899,-10790.8974253348,"x"
"4300",11960.0001972028,-1873.48364093655,"x"
"4301",16816.6150519861,-13598.5409542704,"x"
"4302",17047.8064387015,-14123.6855223935,"x"
"4303",15726.7914662969,-11945.1216075987,"x"
"4304",14990.1739196657,-10422.7133816475,"x"
"4305",15968.6732655718,-11627.6570617714,"x"
"4306",13477.3954155029,-4154.58843147459,"x"
"4307",15668.8969747616,-9686.17405567154,"x"
"4308",15812.8603116384,-10166.6395375856,"x"
"4309",14033.2897982982,-4595.01264388702,"x"
"4310",15753.5252770331,-11532.3220298313,"x"
"4311",18442.0319329408,-16738.2375691645,"x"
"4312",15427.414700498,-10399.5279824184,"x"
"4313",13862.8356301705,-6051.78531481379,"x"
"4314",17148.1742576472,-14431.0294132986,"x"
"4315",12535.7042854818,-2775.35983349808,"x"
"4316",15598.1845409606,-9651.62345490502,"x"
"4317",17204.6445851288,-14255.1410987855,"x"
"4318",16772.3318623746,-12881.7987568137,"x"
"4319",11161.7395487277,2404.8023825154,"x"
"4320",15701.099124202,-9573.30803297549,"x"
"4321",11173.3578255439,4125.80610108098,"x"
"4322",18144.1635935309,-15604.6063338983,"x"
"4323",16396.2449524809,-12202.4501166172,"x"
"4324",12882.686434943,-1997.80279818469,"x"
"4325",13324.7120444635,-5261.31441788579,"x"
"4326",18150.6266621771,-15700.3306671733,"x"
"4327",15480.5288454814,-10124.5683643771,"x"
"4328",15089.9636992446,-8761.96952241176,"x"
"4329",14126.1470727894,-7591.35451429051,"x"
"4330",14695.3314363987,-9251.89874802508,"x"
"4331",14937.1867314915,-9137.67972735045,"x"
"4332",16676.5800655691,-13000.8276441714,"x"
"4333",16103.5253545608,-12224.625965316,"x"
"4334",14064.7999529986,-6922.8154053424,"x"
"4335",14491.4859699048,-6951.27864083032,"x"
"4336",17548.7710143849,-14337.8671801334,"x"
"4337",16026.8046181344,-11661.4092289559,"x"
"4338",17438.1613648818,-15194.5656405926,"x"
"4339",10533.0895466195,4146.14742193499,"x"
"4340",15011.3622555082,-9553.65921026265,"x"
"4341",16739.991166276,-13270.6353475242,"x"
"4342",13399.5016034165,-6258.90840165209,"x"
"4343",16773.496189768,-13147.5652277287,"x"
"4344",15861.3564304432,-11790.8699377714,"x"
"4345",15071.2722557744,-8059.94077243211,"x"
"4346",13813.4599481016,-6077.67604536427,"x"
"4347",12946.6787982581,-2501.98973817695,"x"
"4348",12873.8589984623,-3231.16304164329,"x"
"4349",15587.32759826,-10229.7146314157,"x"
"4350",17533.8948457186,-14731.1542112076,"x"
"4351",17434.9402534605,-14827.6806506213,"x"
"4352",12422.6548071386,-3891.55849526468,"x"
"4353",10174.6628918373,4270.86068919284,"x"
"4354",14582.2657843575,-8487.91065208694,"x"
"4355",13078.8026382991,-3499.60031797005,"x"
"4356",14771.3620604286,-8006.45258337392,"x"
"4357",16594.6499961913,-13219.353322882,"x"
"4358",14475.8564655797,-6169.02202685327,"x"
"4359",16280.7693570839,-11951.8845711555,"x"
"4360",17105.4216630373,-13475.5777918608,"x"
"4361",15986.4079054757,-11447.2282054139,"x"
"4362",16910.6030491356,-13682.5662533687,"x"
"4363",14709.4070219018,-9512.8300772518,"x"
"4364",17108.9224793502,-14355.2120664304,"x"
"4365",14275.7566406596,-7189.61646695453,"x"
"4366",17674.3109769661,-15264.8938829732,"x"
"4367",13386.6715304533,-4626.71954993897,"x"
"4368",14900.3036930879,-8537.81672513057,"x"
"4369",14927.1777689649,-8701.27653393251,"x"
"4370",13448.2745903559,-4663.0432462455,"x"
"4371",14281.7012644313,-7636.95076232082,"x"
"4372",18297.5134604659,-16690.9211415135,"x"
"4373",14134.9218532002,-7498.61765266376,"x"
"4374",14211.449709507,-7664.01203428206,"x"
"4375",15764.5146403371,-10516.8385525748,"x"
"4376",12512.1380813903,-1179.10610848809,"x"
"4377",12890.858246042,-1553.46302655029,"x"
"4378",14108.05017791,-6699.80159206145,"x"
"4379",12998.6204594609,-4825.70416911089,"x"
"4380",17945.8078445022,-15371.1179104107,"x"
"4381",12829.7596889561,-3326.2445818561,"x"
"4382",15454.3265687393,-10747.0482748529,"x"
"4383",15155.3006133411,-8638.06940737421,"x"
"4384",14493.3825237535,-8445.67041275999,"x"
"4385",14523.8955927377,-7267.42388895074,"x"
"4386",14288.0466346496,-6679.83158817409,"x"
"4387",16444.3793573472,-11798.1893776309,"x"
"4388",17218.3652717683,-13827.9907745397,"x"
"4389",16393.8709525374,-11756.645070886,"x"
"4390",12558.8131253363,-2497.04564473003,"x"
"4391",13632.3797249704,-6273.38243582037,"x"
"4392",18548.3899215142,-17192.2627707425,"x"
"4393",18236.6913293906,-16130.7637008783,"x"
"4394",18142.2476874372,-16099.4443187468,"x"
"4395",16837.5053976213,-13465.2741865669,"x"
"4396",11156.9027157932,4001.0441352076,"x"
"4397",15549.2749949924,-10631.6402833626,"x"
"4398",15931.8434923175,-10059.0468932625,"x"
"4399",14459.155665015,-7112.86293115278,"x"
"4400",14530.2529184311,-7578.57148430884,"x"
"4401",14079.8939253174,-7439.75442910296,"x"
"4402",15232.9954398423,-10704.4130648469,"x"
"4403",15971.9390304423,-12262.1527578321,"x"
"4404",14811.4574526279,-9063.72440310365,"x"
"4405",16909.2794903745,-13957.4453240506,"x"
"4406",13568.44415694,-4941.68870668098,"x"
"4407",14420.3870274471,-7742.54966569447,"x"
"4408",17801.3244749011,-14352.0177742763,"x"
"4409",13935.5361622499,-5958.5978225859,"x"
"4410",12582.6484415978,-2792.31585404359,"x"
"4411",16143.7550995966,-11219.4993740931,"x"
"4412",16654.2759670078,-13365.8374512791,"x"
"4413",14210.7454920501,-8011.28886061142,"x"
"4414",12184.7520383869,-2554.90802139113,"x"
"4415",15762.5964946438,-10841.5988288558,"x"
"4416",17372.1612326294,-13946.924383328,"x"
"4417",15339.623935106,-10443.9636328434,"x"
"4418",9947.06047182171,5202.57683942413,"x"
"4419",15058.1891929896,-8068.16081373214,"x"
"4420",16165.0693704076,-11744.8301207212,"x"
"4421",17509.9074771125,-14985.8501723933,"x"
"4422",15559.8866202619,-9945.94179806686,"x"
"4423",17220.6274654524,-14441.5831329739,"x"
"4424",15707.6105393968,-10517.1917006162,"x"
"4425",14205.761160568,-7273.14983446656,"x"
"4426",16943.2611329206,-14097.221019187,"x"
"4427",16322.2929456684,-12307.3351865295,"x"
"4428",14105.8377308694,-6221.72094359502,"x"
"4429",16185.701888521,-11366.1934383706,"x"
"4430",13765.937632524,-5668.83198583078,"x"
"4431",15656.6104367531,-11604.116393314,"x"
"4432",15495.4637974412,-10006.1713438161,"x"
"4433",14386.8082105132,-7098.2255340502,"x"
"4434",12925.4680500161,-3200.37597072415,"x"
"4435",15899.2884489206,-11707.6472137977,"x"
"4436",17249.6562017481,-14964.584613001,"x"
"4437",17383.0952663042,-14632.5567167221,"x"
"4438",13719.6874892042,-5993.6004575552,"x"
"4439",14216.6063399601,-7743.5953479337,"x"
"4440",14793.9706146235,-9659.24978706776,"x"
"4441",14917.1193644315,-9269.59939734848,"x"
"4442",17139.7516648842,-13274.6276149499,"x"
"4443",15440.182577832,-8996.49760544692,"x"
"4444",13986.7509203798,-6667.18361558577,"x"
"4445",17670.5305025366,-14973.7711959024,"x"
"4446",15242.0355390611,-9541.71641099963,"x"
"4447",14588.8696980177,-7840.78736941039,"x"
"4448",13147.4422622162,-3720.52402071338,"x"
"4449",15953.6761676515,-11947.5812373075,"x"
"4450",17657.157422645,-14919.3939581971,"x"
"4451",10930.973041586,3234.27117844464,"x"
"4452",15370.236395327,-11303.229987109,"x"
"4453",15820.6586603859,-11196.732513782,"x"
"4454",14390.8161956674,-7018.44728071892,"x"
"4455",15560.3569986706,-10733.6457906252,"x"
"4456",14451.5701892083,-7159.84516093555,"x"
"4457",17955.4065055921,-16133.5001335962,"x"
"4458",12398.7649587415,-3166.93589996131,"x"
"4459",13770.1269434973,-5727.54182500367,"x"
"4460",16863.3441397199,-13244.5277395945,"x"
"4461",11114.7212232776,2301.79544064923,"x"
"4462",16678.3589609488,-12496.9252371529,"x"
"4463",15378.9013019374,-9972.44448316033,"x"
"4464",13704.4830369714,-5079.43054009401,"x"
"4465",16790.8266643879,-14090.0376996189,"x"
"4466",9224.69331899973,7675.29532110629,"x"
"4467",18320.1403392891,-16271.3712959887,"x"
"4468",14750.9399394752,-8530.15197950783,"x"
"4469",17211.4211410691,-13748.7545872929,"x"
"4470",16322.1462059956,-13019.3279699594,"x"
"4471",12949.2149820897,-2884.75662170537,"x"
"4472",11370.3316820104,387.639792658707,"x"
"4473",14514.8146105806,-7356.91746163362,"x"
"4474",10722.0968071256,1297.60899163489,"x"
"4475",13400.9142326876,-4092.33615460909,"x"
"4476",13805.5730202748,-7073.61160865296,"x"
"4477",12376.3482032923,-1934.83159249806,"x"
"4478",15195.7673538979,-8386.72791118369,"x"
"4479",13064.8284916085,-3769.25785217475,"x"
"4480",15013.3969933602,-8229.821410175,"x"
"4481",15783.0072807368,-11851.345741736,"x"
"4482",12475.2744248741,-2378.20765868332,"x"
"4483",15848.1530432783,-12317.8932316954,"x"
"4484",14021.9317523455,-6246.84002572304,"x"
"4485",17659.8530629918,-15190.5009357859,"x"
"4486",15905.9794089346,-10106.9981291749,"x"
"4487",17475.1566333032,-14328.2631406883,"x"
"4488",10768.1964270965,1849.43510337947,"x"
"4489",17756.48491495,-15212.4179001168,"x"
"4490",16148.9153593616,-11426.3007068422,"x"
"4491",16439.093009815,-12835.2211983747,"x"
"4492",16857.1460711505,-11899.4519839901,"x"
"4493",17727.9097034474,-15471.7429353437,"x"
"4494",17752.1069251193,-14917.1831979243,"x"
"4495",17656.73600276,-15667.1770140573,"x"
"4496",16483.572411354,-12058.0673300441,"x"
"4497",15110.4086039367,-9807.42880178616,"x"
"4498",15018.6087492023,-8683.69325200242,"x"
"4499",14924.0139055434,-10328.058974719,"x"
"4500",16499.7643248085,-12769.0463944221,"x"
"4501",15400.2346698905,-10062.8295801597,"x"
"4502",14660.6534103684,-8040.15526755879,"x"
"4503",15285.8236693728,-10260.4125275786,"x"
"4504",13570.5044438696,-5013.6083536984,"x"
"4505",12139.0788597666,-1678.41237527716,"x"
"4506",16385.5612913677,-12233.1094413442,"x"
"4507",16663.0101176777,-13158.6317932312,"x"
"4508",16082.742147286,-11266.6140317791,"x"
"4509",15772.1396786047,-10728.1167366489,"x"
"4510",17222.3218315986,-13822.7981006537,"x"
"4511",11731.9991845811,-709.617101448239,"x"
"4512",15594.784786403,-10550.3921215852,"x"
"4513",13751.0384220879,-5632.39299440215,"x"
"4514",12792.4747159724,-5644.35175394842,"x"
"4515",14446.9221908461,-7817.91992547497,"x"
"4516",16507.6912064371,-12141.5812153515,"x"
"4517",16195.4549305869,-11725.3253109804,"x"
"4518",13648.8387197919,-5233.76983841679,"x"
"4519",18085.3852844192,-15736.8571738194,"x"
"4520",14477.5885556238,-8026.64128141887,"x"
"4521",18506.6906358837,-16713.0837934348,"x"
"4522",16171.328399126,-13045.496585645,"x"
"4523",15485.3348347869,-10710.5050538342,"x"
"4524",15174.1789451405,-10112.5497667488,"x"
"4525",15572.5508321551,-12663.4270779357,"x"
"4526",12275.5960625133,-2456.95126248454,"x"
"4527",14489.8613607509,-8275.73398599616,"x"
"4528",15998.3395842524,-10525.1200262177,"x"
"4529",15186.6335470399,-8475.09345614344,"x"
"4530",14696.4361490607,-8797.9146611578,"x"
"4531",15978.4508150182,-10801.52536271,"x"
"4532",9412.8625721748,6696.14002964764,"x"
"4533",13474.8589373473,-5117.15369856927,"x"
"4534",14793.2346286304,-9076.00234318054,"x"
"4535",11725.2163095714,1731.15371663602,"x"
"4536",14402.9206709671,-7989.39448015227,"x"
"4537",15574.3354095096,-9559.23035287588,"x"
"4538",15562.877500049,-10894.2699553816,"x"
"4539",15009.8251000973,-9948.9135991291,"x"
"4540",16250.3308203283,-12436.2261822857,"x"
"4541",14448.997819976,-8495.06709476807,"x"
"4542",17305.4529329399,-14007.9410002136,"x"
"4543",14681.7140147178,-7933.55326922803,"x"
"4544",11937.2834795782,2035.83130519976,"x"
"4545",17978.2971490925,-15468.1511114154,"x"
"4546",15849.2308838142,-10512.2193643654,"x"
"4547",16626.092488417,-12407.2206140537,"x"
"4548",13793.4136435801,-5468.87714783643,"x"
"4549",16339.0644130979,-12107.8267832762,"x"
"4550",14333.7323208332,-6316.81776249252,"x"
"4551",15116.630865636,-9514.05681611779,"x"
"4552",13363.4171789419,-4009.78065176054,"x"
"4553",15055.8499858424,-10429.3250360648,"x"
"4554",13389.8771772639,-5261.86422964571,"x"
"4555",15634.3594052204,-10422.9176479782,"x"
"4556",10824.9120298724,2955.08060232723,"x"
"4557",14420.3047102154,-8200.41092530028,"x"
"4558",16512.6798676258,-12692.6762159251,"x"
"4559",14028.3395920732,-7644.87051589146,"x"
"4560",11583.806564669,1559.08773526489,"x"
"4561",12708.9371533285,-4390.53055696271,"x"
"4562",18018.0436762548,-15746.6017300032,"x"
"4563",13750.476469089,-5911.86731778679,"x"
"4564",14730.0048313296,-8699.06608157504,"x"
"4565",13389.5185637451,-5562.57662580418,"x"
"4566",13640.9540745376,-6514.61549924528,"x"
"4567",16052.6914067781,-12236.152751101,"x"
"4568",15219.1667283713,-9042.90625343128,"x"
"4569",14223.2811027379,-6392.73465481317,"x"
"4570",12993.3882492173,-5632.56162838621,"x"
"4571",12197.5284650313,-3905.35065435672,"x"
"4572",13705.1833106294,-6802.45437437979,"x"
"4573",16025.309080733,-9779.584677275,"x"
"4574",15273.8108456027,-10273.8986998716,"x"
"4575",18238.863188169,-16195.926465746,"x"
"4576",14299.8006361324,-9969.57987278804,"x"
"4577",12254.4026462544,-1734.63940747712,"x"
"4578",17643.4709107305,-15006.6126151029,"x"
"4579",13717.9836328075,-5698.14069007233,"x"
"4580",12025.1157753249,933.847451961616,"x"
"4581",16682.3309181671,-13736.1249664804,"x"
"4582",14181.5487972676,-7239.64588835005,"x"
"4583",15407.2744618802,-12233.6799223636,"x"
"4584",12554.6629915288,-3491.66251575626,"x"
"4585",15750.5027215408,-10667.8801105235,"x"
"4586",10899.2573231701,1172.51629533486,"x"
"4587",13925.9490189293,-5806.09943638436,"x"
"4588",16075.5446414799,-12933.7986154808,"x"
"4589",10886.8691422864,878.289691621758,"x"
"4590",15493.1382738006,-9376.60800020335,"x"
"4591",14408.2456674971,-7282.90170138166,"x"
"4592",13817.1417646902,-5865.89067860663,"x"
"4593",14565.902955,-7356.94303400453,"x"
"4594",17463.2560497862,-14630.5298023381,"x"
"4595",16218.7068291557,-12140.7819036499,"x"
"4596",16649.593082012,-14550.2932084561,"x"
"4597",15219.6339085371,-9550.42752037983,"x"
"4598",16242.4129333221,-12300.2557765573,"x"
"4599",11091.1476451322,5150.36981705854,"x"
"4600",16768.700399979,-13226.8002556562,"x"
"4601",15466.2991600214,-11449.9464957637,"x"
"4602",16225.6625365499,-11126.7242673944,"x"
"4603",17203.7961671622,-14124.280946897,"x"
"4604",17558.1349445387,-15416.110385042,"x"
"4605",17666.6574370649,-15518.8200133497,"x"
"4606",14776.6416137825,-8859.35759893478,"x"
"4607",13165.7290630984,-5651.2960592634,"x"
"4608",15014.3604081896,-9802.1747292907,"x"
"4609",14790.9646672203,-7527.42334215427,"x"
"4610",17307.0190089202,-13913.6420970391,"x"
"4611",13345.5054738531,-6546.4794983358,"x"
"4612",16209.6707749791,-12346.8743178521,"x"
"4613",13954.9026943295,-6403.36800875283,"x"
"4614",15470.4101575245,-10227.2353445387,"x"
"4615",17276.4993573103,-14092.863416825,"x"
"4616",13445.4180282857,-4638.49756158315,"x"
"4617",15051.2892245817,-9839.67506733275,"x"
"4618",12100.6508332318,-1317.40712856312,"x"
"4619",13550.275248299,-5048.12044925723,"x"
"4620",12665.8025508459,-2232.39898842461,"x"
"4621",12706.3507758649,-2295.25060753753,"x"
"4622",16653.116224071,-13012.2133428532,"x"
"4623",16572.466654601,-12616.5838258005,"x"
"4624",15492.4477302024,-10160.9292082869,"x"
"4625",11993.7735346203,150.064655465534,"x"
"4626",15560.1793176672,-9095.37892272373,"x"
"4627",16645.9045068081,-12910.8548962895,"x"
"4628",13239.4968838657,-3421.7561927073,"x"
"4629",15508.5598322832,-10632.7685278455,"x"
"4630",11617.1378598728,1725.88404457984,"x"
"4631",14799.1770577497,-8726.83970436858,"x"
"4632",14363.505829091,-7368.6520324706,"x"
"4633",15987.1655811263,-12249.3326830514,"x"
"4634",15518.8377753223,-10418.1207159883,"x"
"4635",16940.5098626696,-13926.5835079765,"x"
"4636",13140.0667123253,-3409.1300497669,"x"
"4637",12985.4061667763,-4327.35129613073,"x"
"4638",14484.5485918756,-6547.02075641079,"x"
"4639",17070.5921868326,-14386.9132291954,"x"
"4640",12690.5284034282,-3003.43319718186,"x"
"4641",16664.6232863615,-12704.1112935557,"x"
"4642",13040.1131021856,-3543.43141462782,"x"
"4643",11971.6696751672,-174.89844154387,"x"
"4644",16573.4400135566,-14861.4144362645,"x"
"4645",14455.7985532015,-7251.6799585886,"x"
"4646",18273.136619242,-17322.262691431,"x"
"4647",16355.5376449742,-11918.4662298922,"x"
"4648",18252.2602950523,-16139.4057810624,"x"
"4649",16199.4103253912,-12197.2284634481,"x"
"4650",14977.5750999531,-10154.3433201411,"x"
"4651",15212.5613541297,-9051.86267201,"x"
"4652",14594.2940123518,-7562.16527721726,"x"
"4653",14187.7886106073,-7157.64382931924,"x"
"4654",16242.1978474531,-11873.0654416369,"x"
"4655",16406.5050688004,-11914.425702754,"x"
"4656",16337.6045036157,-11443.9515484615,"x"
"4657",12784.7925670639,-2573.4187323414,"x"
"4658",15332.185329583,-9260.68072747112,"x"
"4659",17428.3208007853,-13935.8372506222,"x"
"4660",15599.9909497976,-10806.0587849347,"x"
"4661",18063.5856993423,-15738.9971011883,"x"
"4662",14407.2325055541,-8680.31511556266,"x"
"4663",16066.6622344075,-10963.0227536912,"x"
"4664",10242.6980283893,4621.62532978314,"x"
"4665",14517.738927123,-8700.65925704773,"x"
"4666",17014.9384697366,-13566.8115576501,"x"
"4667",15830.8381135781,-10801.0170722436,"x"
"4668",17321.9916993147,-14446.4992106673,"x"
"4669",17135.394048773,-14237.8736780829,"x"
"4670",15753.7097858104,-10642.9839456919,"x"
"4671",13814.1131941402,-6113.86567987707,"x"
"4672",16943.2740012858,-12132.9754728528,"x"
"4673",17005.4283636374,-13254.3347739306,"x"
"4674",13970.8661437063,-6956.36142873901,"x"
"4675",17688.0020517722,-14627.42945201,"x"
"4676",16755.7178757518,-13453.7539675876,"x"
"4677",14690.1304454718,-7662.41174149019,"x"
"4678",14077.1354995202,-5588.7160744628,"x"
"4679",15487.3818060358,-10381.2533720131,"x"
"4680",16276.9712196017,-11406.6190170728,"x"
"4681",17159.8253362933,-14490.8573080428,"x"
"4682",12907.965256239,-3763.32157674879,"x"
"4683",11026.0058029381,3670.30451575008,"x"
"4684",13468.3335737819,-6509.8265745066,"x"
"4685",15226.1906172313,-10016.8082819575,"x"
"4686",14928.8507187347,-7785.95586759758,"x"
"4687",14926.6153639042,-7589.62949981874,"x"
"4688",16675.5927889713,-12943.7897400552,"x"
"4689",14298.0366449348,-6435.03233693801,"x"
"4690",17507.525601546,-14638.0065495277,"x"
"4691",15292.6055353052,-9904.12072720185,"x"
"4692",16589.8647849082,-13728.0658743957,"x"
"4693",15211.5556160128,-9562.77843685754,"x"
"4694",14777.9417254382,-6832.41585478567,"x"
"4695",16517.280786982,-13658.0755727076,"x"
"4696",14986.9098802223,-9789.15688909333,"x"
"4697",13072.8765020655,-5327.20329299721,"x"
"4698",15898.1269647665,-10290.1582162806,"x"
"4699",17393.301771811,-13859.9379932219,"x"
"4700",17144.4869005256,-14853.7188215002,"x"
"4701",15979.7863599899,-10924.4533031676,"x"
"4702",17689.4156362853,-14599.787464298,"x"
"4703",15153.5647033794,-9969.62758756434,"x"
"4704",14005.6656130782,-7042.89110061372,"x"
"4705",14648.8144535413,-8180.26868547258,"x"
"4706",13508.9951445084,-5628.74656754655,"x"
"4707",13574.0683066202,-6097.41895632051,"x"
"4708",15130.7418108002,-9982.98752996536,"x"
"4709",17773.6999617065,-14565.3624389772,"x"
"4710",13002.7030955,-3612.91426523151,"x"
"4711",13459.3543820632,-4747.07961715394,"x"
"4712",12257.7913051459,-2652.79336920651,"x"
"4713",14803.4456783888,-8552.70741965918,"x"
"4714",16510.6691832612,-12428.7306732946,"x"
"4715",15412.6312157824,-9641.70972004349,"x"
"4716",15382.1515017167,-9703.26693078548,"x"
"4717",13870.0874781025,-6381.9946525909,"x"
"4718",11066.7403972521,2094.45576844514,"x"
"4719",14704.5680458416,-7372.94723782509,"x"
"4720",15464.5076781971,-11328.4407698883,"x"
"4721",9445.38859259029,6944.82948061535,"x"
"4722",12977.0801693421,-3195.85105489867,"x"
"4723",13131.6876482523,-3762.16867937665,"x"
"4724",15455.7268861683,-9928.49420174426,"x"
"4725",15763.5079250349,-11760.022051843,"x"
"4726",14845.8870996948,-9323.07936293853,"x"
"4727",11602.1498149388,111.387363515725,"x"
"4728",18672.734426436,-17723.5630148756,"x"
"4729",14925.7329613564,-7832.55039894889,"x"
"4730",15201.036678415,-8651.82636128925,"x"
"4731",15505.1855390821,-10841.7822819782,"x"
"4732",12935.532334682,-3383.62913514794,"x"
"4733",16975.812648863,-14214.8073342521,"x"
"4734",10038.3264514758,8588.63649168524,"x"
"4735",17017.887918145,-13951.7836038569,"x"
"4736",13988.3838013613,-6027.96743598845,"x"
"4737",17251.1756822993,-14470.9206728156,"x"
"4738",14520.135056759,-7003.23203155976,"x"
"4739",16975.6669718468,-13697.4154544052,"x"
"4740",14720.0338697237,-7773.45979163444,"x"
"4741",16477.403128695,-12513.1781710587,"x"
"4742",16433.4208424358,-11921.6922392941,"x"
"4743",13233.5043257414,-5488.83481353989,"x"
"4744",13392.9744396111,-4308.21494639863,"x"
"4745",17287.7811329052,-13353.63601134,"x"
"4746",15218.4779730535,-9779.10645717797,"x"
"4747",14441.6098067566,-8430.49700682,"x"
"4748",15317.4511226736,-9353.19502597162,"x"
"4749",13515.896429954,-5451.0238865355,"x"
"4750",17094.2303493753,-14042.1752790375,"x"
"4751",12771.6082360905,-2561.39644525145,"x"
"4752",14925.170120101,-8095.12398449603,"x"
"4753",16696.8681467139,-12452.6910329321,"x"
"4754",15354.5332328682,-9952.75020669926,"x"
"4755",13658.4102481979,-5994.68977697535,"x"
"4756",14621.5182611633,-7415.20951949963,"x"
"4757",14071.48080378,-6685.61930489044,"x"
"4758",15341.3117013628,-9746.9813852015,"x"
"4759",8498.90138893773,8293.11690018244,"x"
"4760",14093.3870043069,-7156.90012738428,"x"
"4761",15914.6951652108,-11457.6618794884,"x"
"4762",18167.1746264326,-16416.1284992767,"x"
"4763",13860.7315076019,-6541.70678867204,"x"
"4764",13308.2016986288,-4466.19787907768,"x"
"4765",13899.7695113939,-7740.26723398979,"x"
"4766",14558.7270092382,-7302.26651693523,"x"
"4767",14647.7659195197,-8477.12452389405,"x"
"4768",15437.9397660697,-10299.609014399,"x"
"4769",14096.0064562582,-8665.55104975496,"x"
"4770",15942.3223414527,-11095.6701099925,"x"
"4771",16705.1963438335,-12987.1725356024,"x"
"4772",17465.9662582896,-14923.4821640613,"x"
"4773",14178.5475990746,-7417.95961348377,"x"
"4774",17280.7462746512,-14111.40970867,"x"
"4775",16876.2451645642,-13780.5839808736,"x"
"4776",13812.8910299914,-4930.28943132383,"x"
"4777",14254.9934303312,-6424.13987016335,"x"
"4778",12431.5968507569,-3628.4837357874,"x"
"4779",12831.4718222832,-3360.3380053517,"x"
"4780",16135.4923530706,-11669.5886379837,"x"
"4781",15036.6886703673,-9161.84788977747,"x"
"4782",17072.6265696348,-14272.048248376,"x"
"4783",16970.6613212544,-13819.2068429462,"x"
"4784",16469.592648468,-12521.9166425038,"x"
"4785",17806.7383526055,-15589.751799173,"x"
"4786",13188.6379356063,-5161.92240257723,"x"
"4787",14777.7528387567,-8526.80772674219,"x"
"4788",17513.8294620921,-15128.6786660555,"x"
"4789",17377.5804404969,-14774.4813724308,"x"
"4790",16714.0430204328,-13234.005387666,"x"
"4791",14126.8711107811,-6920.6142554324,"x"
"4792",14299.1286279696,-7357.59299507569,"x"
"4793",16712.3130025785,-11680.6221640851,"x"
"4794",15955.4082666756,-10698.6620056807,"x"
"4795",10496.8854820918,2016.93803843444,"x"
"4796",17770.4321327639,-15577.7788650839,"x"
"4797",17182.0681441034,-13807.8729337019,"x"
"4798",15352.6459439975,-9557.25517701065,"x"
"4799",11582.9466336361,829.92210924242,"x"
"4800",14719.703469218,-7913.32018390492,"x"
"4801",14509.6427496432,-8562.96226706029,"x"
"4802",13332.7351565594,-5600.07325761893,"x"
"4803",14448.7116326153,-6733.66189112232,"x"
"4804",18320.3187841493,-16529.0468609667,"x"
"4805",15479.8095498719,-10162.1193249393,"x"
"4806",17577.9879497142,-14365.6495546911,"x"
"4807",11376.4077863473,400.536030749367,"x"
"4808",13183.1427381688,-2784.02459606969,"x"
"4809",16436.3613654322,-12328.4286473693,"x"
"4810",12520.5492388756,-1114.49074811655,"x"
"4811",13652.1204952084,-5218.99267495304,"x"
"4812",13993.2381044394,-5511.33622283671,"x"
"4813",18144.2478366727,-15934.1855706964,"x"
"4814",16635.7826217225,-12711.6323027393,"x"
"4815",17700.1423290073,-15491.8861511767,"x"
"4816",16322.3612598098,-12556.5585692823,"x"
"4817",17382.5107320696,-14642.6793133274,"x"
"4818",13607.4695442148,-4267.64654755778,"x"
"4819",16901.8559991528,-14147.9943938153,"x"
"4820",13292.6884435452,-4769.92007775647,"x"
"4821",16505.4049548483,-11970.0120499943,"x"
"4822",10591.3325803654,3045.32104776466,"x"
"4823",13897.0973008465,-5211.92266870082,"x"
"4824",12981.631152125,-3546.50789902439,"x"
"4825",13595.4477421329,-5549.63230816268,"x"
"4826",18051.073877,-15961.0743229542,"x"
"4827",14618.551620668,-8564.44048478448,"x"
"4828",15371.7371981659,-8964.29471399612,"x"
"4829",15103.5124417591,-8571.88285985884,"x"
"4830",15638.4148664994,-10406.9608560818,"x"
"4831",13713.2899050358,-5593.97136928838,"x"
"4832",16093.8776408589,-11897.9210688971,"x"
"4833",16953.2160586576,-12612.3487523973,"x"
"4834",14079.0667023592,-6798.19168170184,"x"
"4835",16749.2183167808,-12904.8692052288,"x"
"4836",16466.2482431775,-12906.0670034676,"x"
"4837",17155.2431466749,-14749.5677066346,"x"
"4838",15425.1356467352,-10286.9696939169,"x"
"4839",12755.7847660598,-2611.72708984956,"x"
"4840",8973.78900803004,7899.38867078229,"x"
"4841",14998.9552215092,-9591.15673864547,"x"
"4842",15086.3375826655,-9286.71818723394,"x"
"4843",14929.0326545489,-8528.16625607576,"x"
"4844",15732.0781107073,-10775.6247622917,"x"
"4845",15785.4712281907,-11284.6819885141,"x"
"4846",14414.2634473449,-6662.63029965344,"x"
"4847",16380.2958241442,-11789.3800196312,"x"
"4848",12290.629956645,-1450.46278592935,"x"
"4849",16939.1545364917,-13271.5955679187,"x"
"4850",12285.4054762922,-1123.04969046421,"x"
"4851",17030.3116207252,-13528.724693941,"x"
"4852",16557.6112565724,-12978.8704456759,"x"
"4853",13993.4272052696,-6249.9233378353,"x"
"4854",14489.5021773949,-8490.03250251396,"x"
"4855",14240.5062754457,-6766.57119510249,"x"
"4856",13561.3473815909,-4600.03132050998,"x"
"4857",15677.7017645664,-11223.5216550411,"x"
"4858",12627.2228171806,-2588.73791637582,"x"
"4859",14161.9732491126,-6941.29073452054,"x"
"4860",15318.5936479962,-9394.42140408034,"x"
"4861",17355.7009252176,-15397.706897608,"x"
"4862",17321.7538022091,-14052.4366967205,"x"
"4863",17260.3526474463,-13942.8862580994,"x"
"4864",14876.025564462,-8260.01789947747,"x"
"4865",13053.7275172292,-3099.67185261718,"x"
"4866",17970.3195514275,-15960.3350174389,"x"
"4867",13895.6619679773,-6747.39324892814,"x"
"4868",17116.1491384342,-14197.6367934722,"x"
"4869",16403.7286473542,-12133.5696524835,"x"
"4870",13245.1325459543,-5717.2749801895,"x"
"4871",17241.8260250328,-14264.1106492075,"x"
"4872",12592.7193156093,-2719.60328616012,"x"
"4873",13259.6389843178,-5464.96320338183,"x"
"4874",14561.5259599845,-7950.48001931444,"x"
"4875",16690.0538624691,-13329.9145036138,"x"
"4876",16341.9753851928,-11584.2914204164,"x"
"4877",14827.1903831856,-8549.41208039479,"x"
"4878",17333.2620674872,-14533.2116291996,"x"
"4879",15832.4979461627,-11971.3137007783,"x"
"4880",16363.4104039714,-13193.2901979055,"x"
"4881",10134.9111059898,5377.12111886469,"x"
"4882",14306.8230285757,-7320.46943538608,"x"
"4883",12064.4708224936,-1674.46801949548,"x"
"4884",15202.3549332206,-9115.69558129656,"x"
"4885",14308.677051718,-8606.30755236518,"x"
"4886",16380.03259502,-12289.1544029895,"x"
"4887",15815.9469528081,-10348.978033307,"x"
"4888",9511.08761583112,4393.98620891441,"x"
"4889",13250.1375955206,-4922.14059851098,"x"
"4890",14627.4781218165,-7880.88203257204,"x"
"4891",10928.7570611247,3321.39107717227,"x"
"4892",15226.1050558039,-9669.49870961202,"x"
"4893",14524.2306336096,-7037.93196871403,"x"
"4894",16604.8677929346,-13767.1660912399,"x"
"4895",14484.1029430609,-8400.24603677531,"x"
"4896",14964.1755822569,-8642.55085744687,"x"
"4897",13474.5417415178,-6487.44775414242,"x"
"4898",14885.5058239528,-9179.52045686175,"x"
"4899",16370.5073865838,-12071.6450939647,"x"
"4900",18169.724362361,-16073.2102072988,"x"
"4901",14568.36289314,-8746.88541735501,"x"
"4902",13266.5723129159,-4825.06230085297,"x"
"4903",14203.3430062145,-6178.20883761503,"x"
"4904",15085.0128105588,-8104.82285937824,"x"
"4905",13258.5639633574,-3867.66699827954,"x"
"4906",15051.7233411719,-9572.46753458814,"x"
"4907",16797.3381317922,-12398.8707808152,"x"
"4908",15747.6407050624,-10366.8429909585,"x"
"4909",16471.0296486903,-13034.8867245315,"x"
"4910",14223.4734030145,-7502.85051088306,"x"
"4911",13966.589179532,-7993.05084977096,"x"
"4912",17526.0359641639,-14669.5242661597,"x"
"4913",15428.5405055286,-11061.8635880866,"x"
"4914",15652.1815108929,-11727.4464507832,"x"
"4915",12889.736684459,-3064.79316539047,"x"
"4916",15910.1594033291,-9420.24514057749,"x"
"4917",17224.5715138309,-14290.8239158118,"x"
"4918",16940.2736211377,-13012.2638320756,"x"
"4919",18216.1588679292,-16344.9877945233,"x"
"4920",14926.0757716129,-8563.67968784719,"x"
"4921",16110.9008271352,-11588.5717772506,"x"
"4922",13143.0921173292,-3863.12497716784,"x"
"4923",14614.2796972247,-8380.43526685252,"x"
"4924",15840.846307465,-9827.90031226114,"x"
"4925",14832.9939962061,-8013.70699914707,"x"
"4926",14688.139855283,-8147.22246507822,"x"
"4927",16282.4013462579,-11693.9944473586,"x"
"4928",13450.288509116,-6478.77496101493,"x"
"4929",8572.01383261425,5880.15069959946,"x"
"4930",13334.5345976518,-4733.74570478274,"x"
"4931",12688.5010713979,-1617.3227461031,"x"
"4932",17181.642455625,-14123.9967969411,"x"
"4933",16989.8909849865,-14147.8545063942,"x"
"4934",16251.633300974,-11705.4113263833,"x"
"4935",16041.8328748839,-10968.7264551996,"x"
"4936",13215.3617801004,-5557.57234552728,"x"
"4937",16682.4987909316,-12656.8714710197,"x"
"4938",15758.2224829683,-10720.5869467097,"x"
"4939",17164.7047073535,-14031.7233383482,"x"
"4940",16499.8129789972,-12103.6502857374,"x"
"4941",14410.6122548942,-6871.49938024321,"x"
"4942",12570.2649350379,-3017.77283886853,"x"
"4943",17149.1389509697,-13187.4624893457,"x"
"4944",14637.1211143834,-7085.22314474464,"x"
"4945",11958.1590430222,-386.640310741603,"x"
"4946",13361.0912947814,-5261.91773644014,"x"
"4947",16160.2656060552,-11693.7330511448,"x"
"4948",16430.0102326678,-13464.0180179485,"x"
"4949",17078.6842816573,-13770.2302200666,"x"
"4950",14356.4939313404,-6676.68072808391,"x"
"4951",18013.1625246756,-14545.7276785849,"x"
"4952",15107.3308235188,-8603.38897290148,"x"
"4953",11553.664716674,-296.18496212649,"x"
"4954",15207.3873571744,-9037.20419550767,"x"
"4955",11585.8834294204,483.386712885404,"x"
"4956",13451.9962364881,-5230.48569754876,"x"
"4957",17323.2213130069,-14507.0617949051,"x"
"4958",15429.9860512712,-10570.6555079418,"x"
"4959",14679.3544537322,-8592.68573556568,"x"
"4960",16143.9929363544,-11813.7009095729,"x"
"4961",15276.4103710237,-9525.7810491025,"x"
"4962",14285.1690786204,-6532.94853821263,"x"
"4963",12842.4226132974,-758.998896987074,"x"
"4964",14853.6826245256,-6827.51434901159,"x"
"4965",12124.9442292191,-4111.05373727932,"x"
"4966",12640.4014490977,-3545.79977843551,"x"
"4967",16691.9209121425,-13225.3938192378,"x"
"4968",13782.8240558149,-6093.6289056286,"x"
"4969",16508.7291109403,-13460.3316763693,"x"
"4970",16634.2665522343,-12921.6855720974,"x"
"4971",12832.3157155887,-3739.98067001328,"x"
"4972",12325.2384252593,-3330.4979884085,"x"
"4973",17613.1037624396,-13647.0970954354,"x"
"4974",14526.9105587552,-8168.60645135311,"x"
"4975",17916.0298770189,-15628.7934158168,"x"
"4976",18038.6034577423,-15929.7127317962,"x"
"4977",18325.353231822,-16351.7692705403,"x"
"4978",13195.450402693,-3614.79295581968,"x"
"4979",16473.3571046235,-13008.0536530782,"x"
"4980",17310.7477340286,-14943.9509980838,"x"
"4981",14369.1929744144,-6410.6038230831,"x"
"4982",18835.5068251759,-17332.6858110699,"x"
"4983",17986.6988154594,-15615.6644921548,"x"
"4984",14253.4583528109,-8114.9713042352,"x"
"4985",18258.6800611524,-16362.6437314811,"x"
"4986",18153.1945186492,-16480.1482270928,"x"
"4987",18085.0764713084,-15822.8178999041,"x"
"4988",14300.5136783419,-7014.61431196881,"x"
"4989",15780.3465558846,-10963.7724264961,"x"
"4990",16616.7910551967,-13355.4264418609,"x"
"4991",16654.8431281436,-11104.8376603069,"x"
"4992",12857.8294840125,-2835.62207887702,"x"
"4993",15077.7221707678,-9407.1711828393,"x"
"4994",14741.4703608246,-8071.00527687188,"x"
"4995",17136.5166948816,-14408.3785073924,"x"
"4996",13303.9211166759,-4071.59504681888,"x"
"4997",10958.3546721393,1878.08769216367,"x"
"4998",18111.3900213391,-15474.1208152628,"x"
"4999",14055.548780335,-6425.3990421031,"x"
"5000",12664.6612229556,-2916.11157516806,"x"
"5001",15868.4558073887,-11554.8440701648,"x"
"5002",16001.0321958073,-12001.2204349685,"x"
"5003",16654.2790313378,-11338.9743987629,"x"
"5004",14188.5286966319,-6341.80717090821,"x"
"5005",15998.0833485192,-11480.153143564,"x"
"5006",15592.0237165356,-10874.1988500829,"x"
"5007",13386.2566602595,-5762.8310456497,"x"
"5008",17612.2794812149,-13924.1944966517,"x"
"5009",17601.8891016517,-14678.9823749407,"x"
"5010",15018.7796991201,-9790.21234821514,"x"
"5011",16990.5052506158,-13856.2506740234,"x"
"5012",14838.1104284422,-8721.32050855796,"x"
"5013",14840.4511905085,-7986.69427709265,"x"
"5014",17323.1498115839,-14109.5808900146,"x"
"5015",16070.9441906708,-11787.5693266491,"x"
"5016",14429.5999483544,-7428.73672802122,"x"
"5017",14784.5284642553,-8490.82667884994,"x"
"5018",13696.6498835818,-5422.01557542457,"x"
"5019",15899.35678852,-11146.6181379819,"x"
"5020",10925.7351856031,2243.7699140395,"x"
"5021",14893.1108063266,-9499.31468841398,"x"
"5022",16696.5016621199,-12752.1507031716,"x"
"5023",13753.8121389925,-5580.81704141178,"x"
"5024",15153.8897840064,-10345.5857366132,"x"
"5025",15722.2585914461,-11394.9089422886,"x"
"5026",15854.241790823,-11481.411800495,"x"
"5027",15978.5498832493,-12329.0625164243,"x"
"5028",11915.8547758338,-1507.90695634999,"x"
"5029",15248.7318119083,-8782.42742977968,"x"
"5030",15614.7918557816,-11191.4619652433,"x"
"5031",16907.9587120231,-14110.74229842,"x"
"5032",12811.2076306693,-1871.0962471105,"x"
"5033",17983.3213665677,-15746.9064330239,"x"
"5034",16538.1493767304,-13478.0453086816,"x"
"5035",17248.6858503304,-14128.4483277263,"x"
"5036",15730.58633616,-10594.5907282757,"x"
"5037",17552.8915532521,-14292.7120236629,"x"
"5038",12573.7708114195,-603.136676820382,"x"
"5039",13877.1022521083,-4438.29988617484,"x"
"5040",17103.1007006153,-12316.8581561531,"x"
"5041",9797.27997728102,7436.33783299986,"x"
"5042",16513.1901466908,-12959.1545002183,"x"
"5043",17497.7500150764,-15675.3181594985,"x"
"5044",16391.3679864537,-12203.0978045058,"x"
"5045",17392.1147591691,-15573.127067427,"x"
"5046",15031.3893067424,-10383.3240688785,"x"
"5047",12897.3117175548,-3968.4237850723,"x"
"5048",16246.4019649562,-11876.5208303225,"x"
"5049",15075.8880828761,-8453.35901569333,"x"
"5050",17196.1975962556,-14126.6885485322,"x"
"5051",11276.6834943492,1154.97550898042,"x"
"5052",16982.5831341216,-13969.9312199208,"x"
"5053",14231.9568969358,-7062.17934909898,"x"
"5054",16085.7981843493,-11136.191697905,"x"
"5055",12367.0783571441,-1546.21030102325,"x"
"5056",16961.3937685854,-13533.2764263844,"x"
"5057",17111.8930525167,-12657.002958142,"x"
"5058",13716.4054369395,-6960.80499029411,"x"
"5059",14725.2236324999,-9283.05167530664,"x"
"5060",17307.9629068692,-14439.922579224,"x"
"5061",12196.27596179,-190.193453457179,"x"
"5062",14090.8920316413,-6895.71465477428,"x"
"5063",16483.5537510552,-11522.0721731349,"x"
"5064",11382.762485338,599.977313611402,"x"
"5065",13045.6749818629,-5416.76406841042,"x"
"5066",17203.7624676816,-14189.7545216484,"x"
"5067",17428.1597640487,-14734.1972558663,"x"
"5068",16854.1317608706,-13061.9512289992,"x"
"5069",16636.192336777,-13333.4438420134,"x"
"5070",16561.6010079665,-12474.4576654239,"x"
"5071",15699.7325260097,-10276.1663495466,"x"
"5072",14492.0509923294,-8614.2009829599,"x"
"5073",16887.2019885495,-13939.5692031532,"x"
"5074",16739.8226507427,-13545.0479645484,"x"
"5075",15169.9668805533,-10451.3231874063,"x"
"5076",14375.3919617963,-7076.57143260379,"x"
"5077",15395.5316382129,-11000.4249481639,"x"
"5078",14896.2876774075,-8664.05993363255,"x"
"5079",15234.8104395305,-10199.0311652419,"x"
"5080",16838.3662586162,-14216.4851943872,"x"
"5081",15232.4272183906,-8895.89865668046,"x"
"5082",18200.0565335481,-15989.0541532358,"x"
"5083",17198.6307447326,-13705.9697602384,"x"
"5084",13399.6765533255,-5615.06595699225,"x"
"5085",17992.7594986984,-16037.7206337484,"x"
"5086",17428.2050387099,-15286.5822035664,"x"
"5087",17320.4839103571,-14308.7037196776,"x"
"5088",12535.7378641382,-705.178427325342,"x"
"5089",14521.4158473703,-7863.64171806071,"x"
"5090",14079.4682695519,-5115.51550550336,"x"
"5091",13754.091158372,-4201.73308214716,"x"
"5092",14720.3809226779,-9533.08806823126,"x"
"5093",16586.52383644,-13391.7867488607,"x"
"5094",16599.5315809225,-13313.1346046249,"x"
"5095",16717.2830794374,-13618.1059353562,"x"
"5096",16403.93246573,-13972.0770029687,"x"
"5097",14599.7617936493,-8492.96848913498,"x"
"5098",14216.1978188372,-7799.61192259633,"x"
"5099",15577.2607223689,-10842.1269660296,"x"
"5100",13817.9316692526,-5536.07596486622,"x"
"5101",17667.8491574072,-13843.8616696058,"x"
"5102",12953.4512176919,-4003.46252492844,"x"
"5103",14681.5668491533,-8268.38059767935,"x"
"5104",17691.2186823251,-15201.8406621117,"x"
"5105",16737.4051888055,-12828.5292714572,"x"
"5106",14470.138575029,-7454.3664514149,"x"
"5107",15914.7179135781,-13183.7161878036,"x"
"5108",14085.7668535048,-5529.30028128852,"x"
"5109",10148.3193210017,5731.56371393992,"x"
"5110",11770.7882545331,-652.532083375865,"x"
"5111",16216.0633717204,-11430.9243773423,"x"
"5112",15452.6122058507,-9991.13989064583,"x"
"5113",14737.2094910376,-8608.32796203974,"x"
"5114",15988.8412704109,-11942.5153215993,"x"
"5115",13942.2691127825,-5999.13650954387,"x"
"5116",11714.4066599086,-773.584659499604,"x"
"5117",17453.3416087151,-14776.1702187094,"x"
"5118",12613.3004055159,-2408.27433634561,"x"
"5119",15346.2205538771,-11553.7697145613,"x"
"5120",15505.9525263112,-10758.611226635,"x"
"5121",17370.0273722205,-14534.5360895988,"x"
"5122",12913.6268290326,-4902.23109526747,"x"
"5123",16840.5826819592,-14220.8051698656,"x"
"5124",15205.8943993719,-10661.2285651121,"x"
"5125",15573.1843762723,-9471.14317200941,"x"
"5126",16472.3624554431,-12989.7825079188,"x"
"5127",16829.6736729684,-14099.5460712388,"x"
"5128",14871.998753161,-10456.7192197539,"x"
"5129",16913.9651257399,-14106.5757027868,"x"
"5130",17288.3937763036,-14360.8354602793,"x"
"5131",15936.9720221851,-11221.1961227697,"x"
"5132",13425.2339334205,-5785.34444498787,"x"
"5133",12947.5548418278,-4049.61550558827,"x"
"5134",18365.4847386316,-16785.3188038858,"x"
"5135",17017.4550565959,-14332.079334653,"x"
"5136",17308.1269134535,-14474.3758187681,"x"
"5137",15447.2216445971,-10200.7144364919,"x"
"5138",15279.1455742849,-8664.69276378693,"x"
"5139",14869.009945909,-9145.2477520753,"x"
"5140",17815.2194784011,-14945.5492966128,"x"
"5141",13656.2093316909,-6340.17429087451,"x"
"5142",9313.80415215428,8660.72333326285,"x"
"5143",14107.891726367,-6026.08048486636,"x"
"5144",15268.2544814394,-10141.733489861,"x"
"5145",14372.9289561433,-7991.23350167276,"x"
"5146",15433.0243457944,-9471.71279889058,"x"
"5147",15299.4218527869,-10842.6227822013,"x"
"5148",16799.2109300103,-13228.107795626,"x"
"5149",15297.7137572015,-9894.01564669482,"x"
"5150",10586.3073783184,4016.62720484124,"x"
"5151",11477.9453450416,598.226813180312,"x"
"5152",16533.0092416663,-12561.3644298533,"x"
"5153",12419.7789921851,-1192.06379832162,"x"
"5154",15873.6870790281,-11143.7669671666,"x"
"5155",12218.3587873838,-2562.93191669769,"x"
"5156",14829.8139777284,-7909.6042214737,"x"
"5157",15327.0871296709,-9587.07558974145,"x"
"5158",16493.378717516,-11490.576277412,"x"
"5159",13168.2400881727,-5118.87732852518,"x"
"5160",12951.5400951926,-5166.41834118437,"x"
"5161",15854.3904032015,-10613.1468873458,"x"
"5162",13618.5657935599,-6459.02098177361,"x"
"5163",12430.0653394003,-265.445210324544,"x"
"5164",17460.0033582644,-14392.5933471754,"x"
"5165",14488.3579459392,-5708.55033018934,"x"
"5166",14763.0890052703,-9150.19476939731,"x"
"5167",15328.782074364,-9335.62995598983,"x"
"5168",16462.3472274747,-12713.4939407134,"x"
"5169",13966.8603280268,-6286.51918467928,"x"
"5170",16612.4047213781,-12604.6534969469,"x"
"5171",12676.1844174483,-2456.19840684869,"x"
"5172",15304.1661108074,-10109.1145690583,"x"
"5173",16393.1076581093,-12955.6187759496,"x"
"5174",17696.6182608309,-14329.1233108196,"x"
"5175",16161.8091520647,-11918.3612952428,"x"
"5176",18404.0560895323,-17242.4354556081,"x"
"5177",13907.9748729199,-5899.5008786839,"x"
"5178",17429.1013846994,-14728.2097639924,"x"
"5179",11001.6735343006,3781.74802431815,"x"
"5180",12322.7150760815,-517.777416932182,"x"
"5181",16986.5136935254,-13491.1289682146,"x"
"5182",15833.5997944982,-11115.6840329637,"x"
"5183",13583.4402676731,-6034.72789499289,"x"
"5184",14314.3929938362,-6485.13429290003,"x"
"5185",17599.8779306283,-14796.6563253074,"x"
"5186",17218.7452462485,-14106.8617254374,"x"
"5187",14722.0026977556,-7853.61603312966,"x"
"5188",15035.822663706,-10347.3362422781,"x"
"5189",15335.0699010154,-8587.25106859778,"x"
"5190",16172.726059172,-12091.7505652686,"x"
"5191",17932.5626391087,-15480.8800215725,"x"
"5192",10752.3345071675,3886.57663692627,"x"
"5193",13437.0853861537,-3824.28564101373,"x"
"5194",14741.5665601915,-7214.32247519339,"x"
"5195",17160.3828812901,-14696.946746312,"x"
"5196",13991.2695876236,-6769.7155723964,"x"
"5197",15858.6571743733,-11322.6569789605,"x"
"5198",15813.4238315819,-11140.9246309028,"x"
"5199",17278.9749121204,-15156.6891403914,"x"
"5200",9738.8499255253,3839.59895437027,"x"
"5201",14604.9201090971,-8251.65258589021,"x"
"5202",12843.2543751312,-2108.21028703659,"x"
"5203",10435.0612381974,5281.98439567191,"x"
"5204",13516.1889462215,-6690.37531762712,"x"
"5205",14274.2291320577,-5812.07714165388,"x"
"5206",16668.5759873311,-13517.9231547162,"x"
"5207",15434.8326011883,-10298.547604366,"x"
"5208",16864.3381870502,-13294.2489126507,"x"
"5209",15438.8126176544,-11851.5711956784,"x"
"5210",16968.6819127317,-13662.2136905876,"x"
"5211",16491.8804670286,-13279.4466815936,"x"
"5212",15616.5873262359,-11598.6238438325,"x"
"5213",17334.8114738254,-15541.2538910489,"x"
"5214",11496.169244023,887.838978035919,"x"
"5215",15454.8205486158,-9650.39143158624,"x"
"5216",12031.2273622833,-2238.61863154582,"x"
"5217",16313.5254390707,-11203.5699414082,"x"
"5218",16828.4745496811,-12854.6736457538,"x"
"5219",16222.5502364601,-11954.2742582059,"x"
"5220",16515.138693891,-12840.2243295923,"x"
"5221",16784.2159892763,-13348.1307079148,"x"
"5222",16540.0306384411,-13798.1470563533,"x"
"5223",12564.8528593218,-3524.71915415946,"x"
"5224",16747.5467879604,-13754.5704465146,"x"
"5225",17959.0288793171,-15386.4505632171,"x"
"5226",11156.128325847,1585.75036535576,"x"
"5227",12985.4565216071,-3582.02256048553,"x"
"5228",17297.09453838,-13585.3290780773,"x"
"5229",14979.002915686,-8521.02468915836,"x"
"5230",14390.0520928081,-7349.81039020136,"x"
"5231",16528.8497321238,-12044.0150288276,"x"
"5232",18092.2810813925,-16282.0380055523,"x"
"5233",15806.6328605312,-10536.3648758468,"x"
"5234",14283.9121183186,-8339.4432380571,"x"
"5235",16075.2594577103,-11757.3462583556,"x"
"5236",16334.7293814295,-12114.5384924672,"x"
"5237",15742.7492407873,-10921.4107365946,"x"
"5238",16365.8851159146,-12421.8850661339,"x"
"5239",15112.1165235103,-9815.79144259525,"x"
"5240",15545.4525900967,-10838.2680235615,"x"
"5241",13508.4510239094,-4213.89477067349,"x"
"5242",16268.2471058598,-12028.032343489,"x"
"5243",14449.6582017751,-7491.94988610463,"x"
"5244",16058.7036440173,-12180.1685543378,"x"
"5245",12677.8060445448,-2692.93248214005,"x"
"5246",17219.095165362,-13727.8745579213,"x"
"5247",16842.0078674622,-13108.2964546294,"x"
"5248",14972.5139627989,-9624.85944540393,"x"
"5249",14573.7310589867,-5288.46517576818,"x"
"5250",12382.5055695514,-1531.83730872106,"x"
"5251",14564.4868784569,-9158.25073540954,"x"
"5252",13815.2617503778,-6437.71759273403,"x"
"5253",13643.5521511998,-5072.73224448395,"x"
"5254",11739.5447028872,-415.689521814264,"x"
"5255",14552.2604775244,-6579.25506409918,"x"
"5256",13704.7516550582,-4741.71055830453,"x"
"5257",17449.6817264038,-15126.5871561831,"x"
"5258",14027.538742218,-6697.42347424038,"x"
"5259",16225.2142159384,-11795.654210854,"x"
"5260",11957.5042606891,549.777785291595,"x"
"5261",15206.8632157281,-10202.4511711024,"x"
"5262",14690.3326455933,-8606.73564526403,"x"
"5263",17296.4710117247,-14695.0605616229,"x"
"5264",17793.0015603828,-15344.4103382538,"x"
"5265",13910.2521655012,-6154.08762027156,"x"
"5266",10320.9496573256,1561.12942460816,"x"
"5267",17158.5961393948,-14544.7315919551,"x"
"5268",12365.106461806,-1726.50031332692,"x"
"5269",15177.0504858827,-9038.47491092203,"x"
"5270",13190.5431088908,-4043.35409458364,"x"
"5271",14758.1335209284,-8676.79036016207,"x"
"5272",16619.5988890884,-12551.1893289644,"x"
"5273",14395.0549042575,-7296.07883844255,"x"
"5274",15313.4089174755,-9623.8848828222,"x"
"5275",15726.6025481711,-10872.1499651156,"x"
"5276",14342.1512869878,-7108.86545663197,"x"
"5277",15563.0403971641,-10633.2743389495,"x"
"5278",12022.0037454759,-2190.41052674848,"x"
"5279",15683.8734338113,-10822.8174007533,"x"
"5280",12759.4584897565,-3679.16280177231,"x"
"5281",16907.7813826446,-13745.4337608945,"x"
"5282",16558.7936755388,-12464.8996439593,"x"
"5283",18419.4971903863,-17086.5481278635,"x"
"5284",14680.7305170739,-8183.73941134643,"x"
"5285",14013.9372644678,-6499.99914922351,"x"
"5286",12177.6437530308,-2274.65797985431,"x"
"5287",15686.9109418419,-10859.0910022771,"x"
"5288",14669.3577418975,-8227.17130028058,"x"
"5289",14813.0993516152,-7117.8643614549,"x"
"5290",16302.0855670326,-11789.8203532418,"x"
"5291",15287.3719488742,-10356.0832710823,"x"
"5292",15307.0617658755,-10594.9279897233,"x"
"5293",16018.3126569662,-10952.8630666235,"x"
"5294",15306.5887909414,-9463.92000853184,"x"
"5295",12598.7969395415,230.190414156757,"x"
"5296",14453.3718231645,-7656.53192122488,"x"
"5297",17415.7160879595,-14146.3317750266,"x"
"5298",17269.6091787311,-15073.6883881389,"x"
"5299",15691.2941754349,-10986.622907057,"x"
"5300",14717.6788788872,-7439.5050420619,"x"
"5301",16892.6721781678,-13821.7768087814,"x"
"5302",16233.0115792039,-13188.2659506996,"x"
"5303",13567.4185946059,-6048.0729243653,"x"
"5304",16553.0766899325,-14010.0973627255,"x"
"5305",13928.9497078909,-5219.92518508293,"x"
"5306",16524.0188754668,-12646.7397134916,"x"
"5307",15340.2437136349,-10255.4330281532,"x"
"5308",12482.3510420158,-1843.33242229235,"x"
"5309",18420.2549682495,-16757.9037728211,"x"
"5310",16694.198977909,-12910.9367685847,"x"
"5311",16690.3394508521,-12558.4103742013,"x"
"5312",14676.3988765194,-8291.95408622181,"x"
"5313",13791.8489922539,-4786.39420187707,"x"
"5314",13475.337956205,-4935.49551709028,"x"
"5315",14578.9359635953,-6858.93584811082,"x"
"5316",17814.6149873162,-14838.4693539147,"x"
"5317",12205.8823822762,-3233.5775658486,"x"
"5318",18147.5767080907,-16246.4710884786,"x"
"5319",14703.2043680569,-8770.79681886929,"x"
"5320",16753.3632780751,-13725.093972676,"x"
"5321",13995.1459030768,-4796.9457714397,"x"
"5322",15323.0743169415,-10337.657543496,"x"
"5323",14096.9151308327,-7030.09833501785,"x"
"5324",15972.3632662163,-10978.8121105414,"x"
"5325",18455.9968834087,-16616.3979194572,"x"
"5326",14304.6106462097,-7599.59146723695,"x"
"5327",15172.0108599664,-8958.33678580782,"x"
"5328",15083.8614955384,-9271.55651096422,"x"
"5329",16734.9520755202,-12658.8685375286,"x"
"5330",13407.3473855545,-3677.58172587748,"x"
"5331",14443.7880823981,-7726.82065505843,"x"
"5332",13688.6016383551,-4398.84338893023,"x"
"5333",15142.9315814035,-8659.40675095468,"x"
"5334",16872.39131399,-13115.1893712103,"x"
"5335",18061.9409191517,-15940.0128722796,"x"
"5336",13639.6274306778,-5642.19556639382,"x"
"5337",16570.2880506453,-12311.2806116017,"x"
"5338",15040.1494114032,-8101.10024200699,"x"
"5339",15033.5974337904,-10589.7520021774,"x"
"5340",14459.2399949523,-7759.91278227802,"x"
"5341",13746.2543183785,-6871.90612253631,"x"
"5342",14009.914271126,-6015.89964100728,"x"
"5343",16772.0449511999,-13400.2182057158,"x"
"5344",17422.7661502771,-14529.7530387934,"x"
"5345",15865.9222605014,-11067.2563369918,"x"
"5346",16018.8396474567,-11800.7092231617,"x"
"5347",15310.529972585,-10265.1323670073,"x"
"5348",16143.7287472241,-11796.8425487355,"x"
"5349",14368.6553959939,-6515.04564528627,"x"
"5350",16233.8357638389,-11429.8789982263,"x"
"5351",9615.84711204622,5614.66407348323,"x"
"5352",12789.2232252184,-4695.14014211085,"x"
"5353",15516.9436416778,-10249.2327488568,"x"
"5354",12505.1239759126,-3254.7143207221,"x"
"5355",14753.8081472663,-8524.48120303876,"x"
"5356",13986.3331404492,-7729.47321768063,"x"
"5357",16025.3828659804,-12133.5790064711,"x"
"5358",16448.2319018275,-12765.6401772141,"x"
"5359",18115.6721953327,-15640.365071975,"x"
"5360",12752.9000427035,-2201.94451696802,"x"
"5361",13259.3701942183,-5358.70755794424,"x"
"5362",16972.7138462553,-13960.255711891,"x"
"5363",16962.8202064878,-12817.4421799651,"x"
"5364",17484.8000412386,-14795.9569540034,"x"
"5365",15433.7844172093,-9066.20760071672,"x"
"5366",16352.7228432767,-12084.0577000729,"x"
"5367",14119.0461501326,-6661.81832314312,"x"
"5368",14136.0282042063,-6168.1148425015,"x"
"5369",15742.4298326978,-10561.3266851703,"x"
"5370",15476.5155377229,-11142.2033233016,"x"
"5371",13955.5854485009,-5064.40892246945,"x"
"5372",13572.3811126915,-5698.09080753484,"x"
"5373",11683.2424063591,-247.425876679245,"x"
"5374",16418.0213182753,-12568.1562750394,"x"
"5375",12815.7169983592,-2716.62267306569,"x"
"5376",16724.1542796428,-13047.3617536284,"x"
"5377",15659.0111001935,-10265.5000315972,"x"
"5378",13626.315905852,-6156.50664747038,"x"
"5379",17779.5332374443,-15145.5635006011,"x"
"5380",16081.6745857177,-11623.1496467366,"x"
"5381",16222.1842236696,-11498.6533385491,"x"
"5382",12772.1959244052,-3574.30172658517,"x"
"5383",16073.5128306449,-13005.7057599581,"x"
"5384",12048.4529639357,-628.092045461613,"x"
"5385",14720.2432412046,-9022.71134141864,"x"
"5386",13757.6598910156,-5439.6067026837,"x"
"5387",15299.8522978181,-10452.1536824949,"x"
"5388",14088.8269261094,-7802.45401396902,"x"
"5389",14794.1099747076,-8328.68231972325,"x"
"5390",16266.475435219,-13369.9026004758,"x"
"5391",14350.161673565,-7130.60274711285,"x"
"5392",16220.5038271432,-12236.4486731057,"x"
"5393",17927.6781677236,-15455.9285301648,"x"
"5394",14694.7720374781,-7849.63113625663,"x"
"5395",15162.130942214,-7994.27235121265,"x"
"5396",15398.6330745942,-9154.85209657395,"x"
"5397",17295.4111032084,-13876.4560155602,"x"
"5398",16068.6994867299,-11974.5827371844,"x"
"5399",12574.4000533475,-2115.67084859003,"x"
"5400",15829.8738558466,-10839.6084438121,"x"
"5401",14977.173697521,-9478.39941550697,"x"
"5402",13794.6079886294,-6156.9389306834,"x"
"5403",17702.0568556478,-14557.6654721904,"x"
"5404",13375.4937544817,-4779.4698749201,"x"
"5405",14851.5552071824,-8532.72160280517,"x"
"5406",16499.3315277876,-12542.9601282421,"x"
"5407",15658.7687753574,-10928.4960418548,"x"
"5408",16383.4636165445,-12577.7249105066,"x"
"5409",15537.3619489731,-10502.1918129222,"x"
"5410",15907.0517196365,-10356.0968571762,"x"
"5411",16627.8918386691,-13828.6087275278,"x"
"5412",7921.63372827217,11651.6500884419,"x"
"5413",12184.1720303879,-2438.44103546087,"x"
"5414",16985.3079156886,-14272.0084377484,"x"
"5415",17634.1990731967,-15224.7221394322,"x"
"5416",16217.8794758068,-12044.4365962522,"x"
"5417",14302.4908005493,-7029.70680238666,"x"
"5418",16251.7799317993,-11671.4455944929,"x"
"5419",11455.4836913536,663.960670044138,"x"
"5420",15380.5622018298,-11604.076795775,"x"
"5421",14329.9390648343,-6329.19081132894,"x"
"5422",17981.8397303254,-15992.1848079559,"x"
"5423",14919.2705620391,-9572.829103894,"x"
"5424",16160.3150566411,-11777.4560752881,"x"
"5425",15329.0478252589,-10271.1664562217,"x"
"5426",13396.4364805998,-4951.20110441218,"x"
"5427",17716.3487976457,-14992.749190022,"x"
"5428",17100.8913742921,-13912.192922658,"x"
"5429",14940.2562091132,-8372.10581567948,"x"
"5430",18147.5808238024,-16148.099717038,"x"
"5431",17066.8965401082,-13782.6331291798,"x"
"5432",15242.3515053779,-9434.90434027238,"x"
"5433",17280.6476905481,-15260.7756404475,"x"
"5434",18071.8919537058,-15391.6620072057,"x"
"5435",14680.7420005358,-7495.86957863013,"x"
"5436",14035.7988627213,-6071.90554258617,"x"
"5437",17812.9547380606,-15752.0160939744,"x"
"5438",15901.8082298691,-10466.5746395078,"x"
"5439",12978.9185064399,-3436.98403269725,"x"
"5440",16430.198678747,-13132.5441770304,"x"
"5441",14794.2341180863,-10280.6954721421,"x"
"5442",17415.6671209321,-14845.7446656601,"x"
"5443",16927.6164039946,-13530.8286693196,"x"
"5444",17028.0069285797,-14251.793995402,"x"
"5445",16488.1438767374,-12895.9336486769,"x"
"5446",14219.7047994648,-7745.12302297493,"x"
"5447",12724.029277555,-4017.97785786214,"x"
"5448",16444.4447521826,-13105.9122803162,"x"
"5449",18709.7061711454,-17605.0448636875,"x"
"5450",14707.9266642908,-8982.97197590946,"x"
"5451",15570.3017919036,-11354.4974689497,"x"
"5452",14311.6277803914,-6038.78464667549,"x"
"5453",16829.1597830102,-13660.4543842545,"x"
"5454",17730.908877955,-14560.4558008118,"x"
"5455",15497.1276034273,-10339.4623422154,"x"
"5456",13304.0842555391,-3846.66987993404,"x"
"5457",14070.8272190558,-6995.27117053925,"x"
"5458",17483.0477258862,-15830.5632347195,"x"
"5459",14118.8345847169,-6449.75606761303,"x"
"5460",15114.0995208969,-9347.26603478672,"x"
"5461",15144.1272398009,-10363.4215229571,"x"
"5462",17085.5654428555,-14327.5899700819,"x"
"5463",17010.995338197,-13302.7415318975,"x"
"5464",16253.9065417549,-11484.7808353071,"x"
"5465",16953.5645966857,-13385.6383521173,"x"
"5466",15058.9073025582,-8996.41113751582,"x"
"5467",10597.0273109839,2123.34438669578,"x"
"5468",15353.737912459,-9563.05484254561,"x"
"5469",15089.8225244306,-9436.80779454268,"x"
"5470",17609.8029142284,-14971.6953224929,"x"
"5471",14182.099257583,-5939.30289601238,"x"
"5472",15688.8446942268,-9529.00285631462,"x"
"5473",14121.4546052415,-6452.23237503478,"x"
"5474",10279.0498511362,6647.02881706114,"x"
"5475",16247.8263833636,-11198.6345308131,"x"
"5476",10973.8377479087,4196.54505988867,"x"
"5477",17392.7343481767,-14412.8576701416,"x"
"5478",11594.446222127,1317.1235463912,"x"
"5479",14207.8638779461,-5824.51070816493,"x"
"5480",15330.2143580508,-9620.29322988888,"x"
"5481",10993.3329194433,688.247771296856,"x"
"5482",15238.7886276336,-9607.1057043832,"x"
"5483",13006.9005779764,-4456.99174444408,"x"
"5484",17656.0279243575,-14511.7616753997,"x"
"5485",17093.406437775,-13932.3892102665,"x"
"5486",16239.0370012881,-12384.4053780302,"x"
"5487",14416.3055385282,-9086.99514386827,"x"
"5488",17389.8133981229,-14495.3399791317,"x"
"5489",10629.6876419292,3692.12381496428,"x"
"5490",11867.3806299338,1324.30856763562,"x"
"5491",16484.2667214402,-12972.5683844083,"x"
"5492",17764.0776813945,-15645.9483765267,"x"
"5493",17911.9840947131,-15708.5768739666,"x"
"5494",14379.4036765261,-8836.00813480043,"x"
"5495",13058.249753006,-2843.84077997498,"x"
"5496",17971.092645183,-15612.8604362991,"x"
"5497",12934.7946332208,-3722.02203854058,"x"
"5498",12543.7680320657,-2514.66595415789,"x"
"5499",14508.1011387726,-8694.31675738533,"x"
"5500",13342.2624771136,-4847.88001514784,"x"
"5501",18164.8823163353,-15733.533264498,"x"
"5502",12920.8959188077,-2202.20324168903,"x"
"5503",13834.8243238099,-4907.08594609092,"x"
"5504",16847.930664524,-13634.6161682324,"x"
"5505",17525.2301509141,-14632.692455459,"x"
"5506",15406.2696387996,-10373.1293485403,"x"
"5507",13646.8847536674,-5929.9114212634,"x"
"5508",16499.3687517686,-13384.2732397392,"x"
"5509",14753.0781316073,-9242.15253833733,"x"
"5510",12781.1491171434,-2649.22346668613,"x"
"5511",13831.9346025504,-6268.99932004446,"x"
"5512",16755.8390633444,-13182.0596484064,"x"
"5513",14473.3298709313,-7571.16497158277,"x"
"5514",17985.7086343805,-15091.9541821553,"x"
"5515",11682.5981092427,482.516095145975,"x"
"5516",15676.0507727191,-10133.9737538722,"x"
"5517",13648.3633299075,-6264.33205902426,"x"
"5518",15556.6345395489,-10569.2914232467,"x"
"5519",17826.9221836939,-15270.3325287564,"x"
"5520",14318.6509897886,-8351.57607758627,"x"
"5521",17210.9454562013,-14354.909771923,"x"
"5522",15919.9353269215,-12176.4415990035,"x"
"5523",16889.9543388895,-13759.460282036,"x"
"5524",14083.7017572162,-6233.22901031671,"x"
"5525",18128.8829615233,-16618.7850553734,"x"
"5526",14307.8877824071,-6521.16984185912,"x"
"5527",14188.0827011085,-6799.61732067177,"x"
"5528",16399.6132918284,-12146.2732803727,"x"
"5529",12496.2897650855,-3435.30062246635,"x"
"5530",13961.3415130844,-8348.72053350452,"x"
"5531",17966.6304287458,-15196.9938380566,"x"
"5532",17445.6241979403,-14336.4361179016,"x"
"5533",16601.2556536926,-13095.6194950313,"x"
"5534",14044.0444333075,-8160.83985277546,"x"
"5535",16483.8858803346,-13693.5514117717,"x"
"5536",18570.8478424291,-17136.5764840497,"x"
"5537",14991.6932280348,-9458.84759234053,"x"
"5538",14960.6518837381,-10359.0309283304,"x"
"5539",13989.1890847422,-5731.16206047788,"x"
"5540",17769.0521251192,-15548.7721992059,"x"
"5541",13158.0873743685,-2716.81512697209,"x"
"5542",13799.9594509922,-6057.59059776018,"x"
"5543",14314.8479680777,-7446.64387828524,"x"
"5544",13256.9352332537,-5779.68739807876,"x"
"5545",14396.9457468906,-7414.20500214191,"x"
"5546",17268.0278811378,-14573.105739119,"x"
"5547",15155.5975737927,-9880.51741585527,"x"
"5548",14436.7624561777,-7359.67659544637,"x"
"5549",16709.2366863603,-12859.2508444688,"x"
"5550",12391.2514116113,-1636.837770381,"x"
"5551",14471.0066995361,-7353.29842627763,"x"
"5552",14391.6575462916,-8114.73829331599,"x"
"5553",16602.264263925,-12995.5719958497,"x"
"5554",10905.5480980192,2254.19004120595,"x"
"5555",15616.7704038157,-12065.4732970714,"x"
"5556",13423.5037302964,-4273.83781416301,"x"
"5557",17952.3039262839,-16029.2722502969,"x"
"5558",16142.299651589,-10877.1777552212,"x"
"5559",17820.6519579939,-15460.1806696037,"x"
"5560",15649.9386623592,-11553.018864647,"x"
"5561",16747.5720713402,-12737.819168361,"x"
"5562",14968.3477488889,-7611.97052784743,"x"
"5563",13823.452475425,-4903.44452627224,"x"
"5564",15446.9277613134,-9973.70095222908,"x"
"5565",14761.1221006398,-8923.42636260744,"x"
"5566",12869.0788826554,-3631.04317269379,"x"
"5567",9810.13225979798,6219.77038827934,"x"
"5568",16588.7953179089,-13209.3899243844,"x"
"5569",17053.0544945809,-13601.7802647739,"x"
"5570",15454.4437748238,-10938.9052481248,"x"
"5571",18526.266175697,-16471.962833686,"x"
"5572",17911.3150047311,-15372.9346509798,"x"
"5573",15933.3653179106,-11001.8253621604,"x"
"5574",16037.4414608713,-12104.6929771006,"x"
"5575",13811.534900404,-6075.58242312881,"x"
"5576",12149.8857183345,-2924.55877896015,"x"
"5577",16071.6959950065,-12203.448268968,"x"
"5578",13657.6323282545,-5739.12354644043,"x"
"5579",11071.0097094555,2128.38221668017,"x"
"5580",15311.1667944182,-10617.7871734625,"x"
"5581",13683.2635452094,-5868.07651183452,"x"
"5582",16017.9296364353,-10178.0668092756,"x"
"5583",14654.2906623643,-8708.36818625465,"x"
"5584",16079.9631260467,-11332.9819247131,"x"
"5585",12215.4088453874,-1146.3724582489,"x"
"5586",17271.8806053173,-14444.2335648732,"x"
"5587",16266.9355162216,-11504.5234626053,"x"
"5588",15193.0134001933,-10656.4176209804,"x"
"5589",15595.0864487781,-10690.8064216832,"x"
"5590",15279.5990478617,-9241.03899916063,"x"
"5591",17007.6546232556,-14057.7136697683,"x"
"5592",13353.2497909428,-4539.83659481347,"x"
"5593",15090.7600986656,-8703.86070562672,"x"
"5594",16280.6560011211,-12978.9076722299,"x"
"5595",12933.964281741,-4103.30402070595,"x"
"5596",14895.3455229412,-7895.72773374898,"x"
"5597",17485.4488606058,-14436.4695269314,"x"
"5598",15914.413464047,-11627.8046367038,"x"
"5599",16306.3583577885,-11303.9934843038,"x"
"5600",16046.0982720307,-11582.5339909881,"x"
"5601",16485.4544378152,-12604.8666701008,"x"
"5602",12352.0855653055,-1943.42395528157,"x"
"5603",16006.977531493,-10559.2223303138,"x"
"5604",13747.2736159861,-4607.95670391969,"x"
"5605",16773.1631893468,-13306.9723332517,"x"
"5606",13728.2326872507,-4970.05976062099,"x"
"5607",16233.5034047178,-11968.9334868763,"x"
"5608",13733.6888668303,-5577.70503155921,"x"
"5609",14962.4569295979,-8412.33211215851,"x"
"5610",18267.9970218082,-15442.3398646658,"x"
"5611",17582.7847863246,-14594.8817659579,"x"
"5612",14342.4276246109,-6862.05251170104,"x"
"5613",17331.6228624098,-13956.8013828906,"x"
"5614",16485.2642425106,-12514.1562872353,"x"
"5615",14995.7345975624,-8232.69061448296,"x"
"5616",15286.8637441247,-9954.52578562646,"x"
"5617",16119.6980107061,-11973.361675389,"x"
"5618",16279.9603770748,-11978.7808759696,"x"
"5619",16570.1140833805,-13068.210822868,"x"
"5620",13823.7882398801,-5617.60167770841,"x"
"5621",15421.4554236562,-8656.30831814197,"x"
"5622",14427.3289173396,-7742.13661432538,"x"
"5623",16225.3003755368,-11824.5977453193,"x"
"5624",14566.2851255712,-7174.07674426731,"x"
"5625",15991.3376050973,-10518.4721758307,"x"
"5626",13943.9654809159,-6637.7903423534,"x"
"5627",13781.0476678542,-5794.78368165101,"x"
"5628",14006.6321724424,-4984.19300786466,"x"
"5629",14804.4194339211,-7983.34338979088,"x"
"5630",18115.3882179718,-16134.8218889398,"x"
"5631",15490.7575001663,-11042.2545641412,"x"
"5632",16228.2257782348,-12014.510286614,"x"
"5633",17541.1933368217,-14271.6194947683,"x"
"5634",17113.0127083368,-13960.3423260377,"x"
"5635",13457.8792098766,-4351.06894593105,"x"
"5636",15659.2818273126,-11646.7221507274,"x"
"5637",16671.0511964894,-13658.5783818813,"x"
"5638",15329.6533608867,-10179.6820994575,"x"
"5639",13086.1735017845,-3492.55032223856,"x"
"5640",16060.2846612661,-11469.5356417591,"x"
"5641",15190.9470040423,-9906.1783383348,"x"
"5642",15061.2167012694,-8969.26941714692,"x"
"5643",16098.1355734666,-11414.814343577,"x"
"5644",13417.6033980908,-5828.02213897972,"x"
"5645",17240.4628788085,-14913.0217620725,"x"
"5646",17632.5113549308,-14730.8642390098,"x"
"5647",16608.6260314649,-13682.7406153536,"x"
"5648",15660.2829280237,-10656.2125124681,"x"
"5649",17458.0861933193,-14869.2461977174,"x"
"5650",17407.116678654,-14619.8283951597,"x"
"5651",13736.3848507633,-6984.29973184347,"x"
"5652",16211.1335125984,-13378.7819491002,"x"
"5653",13197.5978836729,-4940.62286067408,"x"
"5654",17265.4425121737,-14204.3844138244,"x"
"5655",10683.0270084945,3813.46154062325,"x"
"5656",16698.9666134123,-13320.8428974098,"x"
"5657",14415.1400561642,-7843.88899168782,"x"
"5658",13638.2227315686,-5892.83989554771,"x"
"5659",15817.5111053936,-11881.3124330487,"x"
"5660",16358.3779032783,-12188.7622473273,"x"
"5661",15569.6779985674,-11202.346763176,"x"
"5662",17157.0769451868,-14304.5179088971,"x"
"5663",11583.930100879,-740.662838146905,"x"
"5664",15095.3627774495,-9674.06797728545,"x"
"5665",18149.8329501691,-16002.4427659902,"x"
"5666",13505.2392359484,-4581.48859502061,"x"
"5667",17238.2446442748,-14492.0392014398,"x"
"5668",16304.7356799913,-11553.4395054357,"x"
"5669",14884.8588635734,-10509.7813849309,"x"
"5670",15722.5127570594,-10700.6680233159,"x"
"5671",18482.528595425,-17148.248623403,"x"
"5672",15887.6622071599,-11608.5226792815,"x"
"5673",15404.8995746988,-10859.7455628566,"x"
"5674",12696.6233117592,-2558.16556739371,"x"
"5675",16636.7703922482,-13222.5052698232,"x"
"5676",14100.5132628291,-6865.08536216254,"x"
"5677",13796.5182898679,-6111.91958022268,"x"
"5678",12865.1642867027,-2761.52043621875,"x"
"5679",15872.6534696373,-12178.3264147534,"x"
"5680",17297.2473078162,-13831.9946834993,"x"
"5681",13391.3892457784,-5900.17222325802,"x"
"5682",13915.0035756995,-7259.57564433606,"x"
"5683",12940.8026375925,-4894.11675267635,"x"
"5684",15695.419181882,-10582.3397888441,"x"
"5685",17328.3891753872,-14702.5248135091,"x"
"5686",18379.5364326697,-16312.2092106272,"x"
"5687",11365.0543670301,806.471013650764,"x"
"5688",14821.1288126665,-7101.93932294471,"x"
"5689",13455.2159157194,-4524.90267232044,"x"
"5690",14599.8991953578,-7085.14473792559,"x"
"5691",16455.6793728626,-12839.7976267372,"x"
"5692",17360.9707402685,-13441.2815693069,"x"
"5693",15436.2997378848,-9876.61797188243,"x"
"5694",14158.7164429256,-5831.86208414698,"x"
"5695",18552.0320374419,-17158.7209037198,"x"
"5696",15284.3345992486,-10263.4998140607,"x"
"5697",11625.6272610391,-1251.59124686096,"x"
"5698",13285.297952309,-4600.57872744795,"x"
"5699",16232.6017918518,-11481.7241653432,"x"
"5700",16434.6371219091,-13339.4640144096,"x"
"5701",17593.0076055479,-14623.2096925251,"x"
"5702",14585.6740432697,-8729.1637352329,"x"
"5703",14447.6649047262,-7564.28125916922,"x"
"5704",16474.5534705683,-12276.1649363011,"x"
"5705",12011.2589066998,-2703.33444295036,"x"
"5706",17925.5961556781,-15665.6369105405,"x"
"5707",18094.7178288579,-16125.0574330228,"x"
"5708",14014.374880619,-6107.70235821237,"x"
"5709",13000.1403476323,-4080.45611604312,"x"
"5710",15969.3984276183,-11267.5225908423,"x"
"5711",17050.6007287532,-14044.3519973895,"x"
"5712",17727.3483971655,-15128.5113305611,"x"
"5713",16069.0770108541,-13181.1522618009,"x"
"5714",17271.0384092056,-14707.7914228139,"x"
"5715",16912.9283864248,-13391.1054435427,"x"
"5716",15973.0624945618,-10889.4622433514,"x"
"5717",14580.4426685712,-7892.52583110496,"x"
"5718",17777.6865094962,-15518.2296115684,"x"
"5719",14337.3037938857,-7047.53207579033,"x"
"5720",13775.3337045831,-4833.82472096134,"x"
"5721",17383.9856828315,-14403.5421595191,"x"
"5722",14084.610510935,-6989.06390186111,"x"
"5723",13473.8715510297,-4460.61092112003,"x"
"5724",12210.522549825,-892.046470469724,"x"
"5725",16921.9043860746,-14401.1818110304,"x"
"5726",16523.2740045999,-13654.88910397,"x"
"5727",16852.8921300528,-13337.9336373337,"x"
"5728",16058.2670027608,-11432.8485535567,"x"
"5729",16681.9087920488,-13001.2606095627,"x"
"5730",17121.1171743613,-13891.1752750939,"x"
"5731",13386.020467613,-4560.68626959548,"x"
"5732",14039.85512021,-6871.95487765697,"x"
"5733",13781.7567223349,-7055.38593166631,"x"
"5734",15129.8461520343,-9740.43036805115,"x"
"5735",16159.7865341074,-12964.9085471931,"x"
"5736",17552.3045021338,-15494.2814125473,"x"
"5737",15694.7910784066,-11477.9872955158,"x"
"5738",16079.3468515521,-11523.6535329452,"x"
"5739",17635.6574641303,-15659.944415591,"x"
"5740",17347.5868982016,-14732.1904073591,"x"
"5741",12956.6351251994,-4644.37090630421,"x"
"5742",14363.0921529243,-8354.49722998933,"x"
"5743",12610.7374179289,-1945.14360060161,"x"
"5744",16178.0365635481,-11932.880004873,"x"
"5745",14410.0312405978,-8070.83772042231,"x"
"5746",14596.969211095,-8326.0849222853,"x"
"5747",12967.4449066169,-4578.11436144956,"x"
"5748",18113.4127000585,-16224.3519006839,"x"
"5749",16276.8907725817,-11291.6682667583,"x"
"5750",15849.2491907025,-10759.9368434099,"x"
"5751",13902.8404531152,-5603.34571414801,"x"
"5752",17374.4148712876,-13984.5623976718,"x"
"5753",14060.2014983621,-6933.94160780551,"x"
"5754",14415.2501983591,-6469.95624667065,"x"
"5755",15742.8196604637,-10542.3487863795,"x"
"5756",13523.9160945684,-5512.1569358082,"x"
"5757",13441.1639977497,-5095.98845110429,"x"
"5758",16028.0710682042,-10866.6645243906,"x"
"5759",14196.6728415572,-5626.28888914001,"x"
"5760",16501.5493953639,-12638.4186298925,"x"
"5761",16109.8083624984,-11124.7011148899,"x"
"5762",15896.0486894068,-11201.7960794578,"x"
"5763",18146.5154826611,-15981.3933869643,"x"
"5764",17899.4699546107,-15414.4391033606,"x"
"5765",14479.4740228737,-7719.93150382682,"x"
"5766",14608.3281034473,-9761.49955867259,"x"
"5767",13342.8167667875,-5979.28184949391,"x"
"5768",14453.4151785701,-7969.89164705657,"x"
"5769",12846.5464426926,-2299.73566915498,"x"
"5770",17778.0998781609,-15656.5820472186,"x"
"5771",15335.935111823,-10143.9147372975,"x"
"5772",13228.1861398653,-4087.4552803869,"x"
"5773",17610.0331841409,-15030.3088629498,"x"
"5774",18141.0005326521,-16556.6513694505,"x"
"5775",9568.82122440236,5975.48091539002,"x"
"5776",17678.5478175074,-15187.4228696342,"x"
"5777",16095.3514278764,-12256.3896572402,"x"
"5778",12312.6107298205,-2917.786947359,"x"
"5779",14100.0041086436,-6349.2132220854,"x"
"5780",15918.5165991243,-11035.4051025319,"x"
"5781",11057.2109836112,2673.2667089708,"x"
"5782",13697.9149944936,-5994.69280420453,"x"
"5783",9938.01828806691,3935.30792623443,"x"
"5784",14721.1640619643,-8757.93783867818,"x"
"5785",14108.4264839397,-5489.83566559161,"x"
"5786",12651.5173488892,-1724.63867285029,"x"
"5787",15912.4228921451,-12527.3169357059,"x"
"5788",16256.7451327029,-11537.1672076252,"x"
"5789",14694.3749047229,-7822.48187132855,"x"
"5790",10048.5212341042,4094.46063438706,"x"
"5791",16399.4576134911,-11610.8330710917,"x"
"5792",12261.977062518,-1667.4793997446,"x"
"5793",16264.9889529112,-11883.6978108565,"x"
"5794",13435.0369165043,-6416.12107159927,"x"
"5795",12268.5353331148,-1524.39339920266,"x"
"5796",15821.9119889661,-11960.6936679987,"x"
"5797",14881.809406772,-9203.23284311362,"x"
"5798",14781.5032888809,-7354.87885771881,"x"
"5799",16721.5539183374,-12617.4886387019,"x"
"5800",14233.8600783953,-7037.86794751891,"x"
"5801",16310.8646967327,-11303.1148563687,"x"
"5802",14445.253789292,-6375.471203092,"x"
"5803",18284.8915049971,-15964.7635003594,"x"
"5804",16120.3902839723,-11764.1304328903,"x"
"5805",14654.9652236962,-7980.76173493847,"x"
"5806",12763.8922440871,-3137.50647060156,"x"
"5807",15911.7991593264,-11050.3984300595,"x"
"5808",16959.2687621499,-13989.3453003938,"x"
"5809",12748.8009167207,-2171.54118156245,"x"
"5810",18058.4806095877,-16216.6584617577,"x"
"5811",15767.5312449254,-11353.0994924053,"x"
"5812",17714.234071462,-15114.0434611433,"x"
"5813",16500.9226592813,-13440.0127591285,"x"
"5814",7816.25783433052,10149.9945368244,"x"
"5815",13553.6514866484,-5732.19840920708,"x"
"5816",17526.1101566091,-14969.8286926641,"x"
"5817",16640.4562337643,-12818.5204947948,"x"
"5818",16857.2628166864,-14832.3052513978,"x"
"5819",15064.9844295714,-9268.75843401606,"x"
"5820",12183.1645393418,-2913.57244600985,"x"
"5821",15493.5686685516,-9722.06394104134,"x"
"5822",15198.0160365666,-10355.0587911376,"x"
"5823",11366.3025488807,1476.85936077888,"x"
"5824",18342.9467122176,-16757.960146795,"x"
"5825",16003.2562176332,-11199.8563740376,"x"
"5826",14537.5910468275,-6872.48401192041,"x"
"5827",17205.074354981,-14142.700079835,"x"
"5828",13085.895358665,-4627.99278046284,"x"
"5829",18757.4624726668,-17918.5742394211,"x"
"5830",14833.596838714,-8586.0966380622,"x"
"5831",15885.579582144,-12547.0834249672,"x"
"5832",14714.7823333491,-8166.07640482732,"x"
"5833",12643.5332787869,-2051.34428393645,"x"
"5834",12724.0087022658,-3797.21548864066,"x"
"5835",15889.5444891553,-11063.5014869707,"x"
"5836",15860.3882050743,-10704.0780647515,"x"
"5837",14803.5751615689,-7163.57271176515,"x"
"5838",16927.9358206658,-13489.9723167727,"x"
"5839",15891.7033801339,-10477.1942863404,"x"
"5840",12309.4013998022,-3184.53887111705,"x"
"5841",17392.1145239012,-14210.9291744635,"x"
"5842",15757.2506414306,-11143.3661891906,"x"
"5843",15822.3456458211,-11561.2957922364,"x"
"5844",10914.4744578478,2554.85787137632,"x"
"5845",17206.7175475275,-14526.2307775857,"x"
"5846",16091.2741932957,-10942.5268553034,"x"
"5847",16449.7427927949,-12845.5878986504,"x"
"5848",14478.6973577066,-6835.53173676457,"x"
"5849",13293.9380932434,-4666.43780786143,"x"
"5850",14945.15290691,-8522.0994294828,"x"
"5851",15196.7683199987,-10520.9743984631,"x"
"5852",18326.8640994619,-16646.0454001416,"x"
"5853",17460.4041321331,-15054.5143114585,"x"
"5854",15315.8163176991,-9990.60975042756,"x"
"5855",16427.2616609439,-11586.8205815735,"x"
"5856",16444.7546112,-12321.2571220542,"x"
"5857",12031.7914011377,968.615425854452,"x"
"5858",16186.1904297899,-10894.2721771717,"x"
"5859",16450.3614581658,-12532.8958736842,"x"
"5860",17368.9166190386,-13621.1076543738,"x"
"5861",16316.8686308063,-12759.6417502566,"x"
"5862",18038.0193461292,-15637.8940610694,"x"
"5863",15240.4216482438,-9177.99409178339,"x"
"5864",16920.1762562588,-13328.5518111783,"x"
"5865",18296.153981671,-16605.0830056284,"x"
"5866",14877.0796530405,-8233.7071414824,"x"
"5867",16631.7466513063,-12967.3268715801,"x"
"5868",17376.8217797808,-14443.4528871276,"x"
"5869",13646.0241954441,-5792.992684572,"x"
"5870",15491.8635983203,-10458.2577190812,"x"
"5871",14534.5864866518,-8840.55114590127,"x"
"5872",16018.7132231097,-12037.6489296951,"x"
"5873",15929.4508974759,-11651.4316166277,"x"
"5874",16116.4438114255,-11204.892544245,"x"
"5875",14651.4627694826,-7330.20600496423,"x"
"5876",16921.7730457381,-13141.1939161679,"x"
"5877",13782.3018707207,-6009.01578741225,"x"
"5878",16706.7292098347,-12895.0665179001,"x"
"5879",15078.2332685236,-12178.8170185005,"x"
"5880",15977.1006875784,-11500.1538953634,"x"
"5881",16722.4894060092,-12937.3021412405,"x"
"5882",14019.0568229641,-6080.4342879016,"x"
"5883",15086.4694093055,-9712.90545794028,"x"
"5884",16173.2106070404,-11091.1137060575,"x"
"5885",13738.6819111851,-5609.61060563399,"x"
"5886",13419.795018135,-4891.78926527123,"x"
"5887",16011.0916289332,-11498.7159124985,"x"
"5888",13030.8757528254,-3937.27690471141,"x"
"5889",16038.3443877109,-11163.1942615108,"x"
"5890",14989.2140968879,-9004.687880172,"x"
"5891",15389.292499572,-10103.8236555543,"x"
"5892",15409.4050987089,-10363.3968362064,"x"
"5893",14467.6819220052,-7103.64253913787,"x"
"5894",14533.1577986072,-8371.9053276961,"x"
"5895",12582.5985868413,-3309.77866533659,"x"
"5896",10794.1272172644,1874.93083199073,"x"
"5897",16827.9678037532,-13929.827813183,"x"
"5898",15149.7352511427,-8268.43491984003,"x"
"5899",14305.2342840993,-6196.50509333948,"x"
"5900",15839.272329501,-11274.5179820504,"x"
"5901",14095.9431222496,-5824.76793763472,"x"
"5902",16759.5060521011,-13246.3021979578,"x"
"5903",13260.7780537203,-4073.76951644485,"x"
"5904",13730.6817721428,-3926.31491068566,"x"
"5905",11782.2658099432,24.0695025948353,"x"
"5906",17038.4310558995,-14142.221817908,"x"
"5907",17116.0718867881,-14848.5807006168,"x"
"5908",16015.8905629015,-11625.2135275006,"x"
"5909",15175.3164020479,-11183.8267558125,"x"
"5910",16993.6100577239,-13482.1544164267,"x"
"5911",16048.7446558965,-11175.8907354426,"x"
"5912",17328.1326246764,-14934.9134080545,"x"
"5913",13301.9074833481,-5914.24787095533,"x"
"5914",18112.264276749,-16358.3520966992,"x"
"5915",13193.4785428437,-4607.65914939872,"x"
"5916",14947.282408217,-8706.83930989635,"x"
"5917",17790.4618428431,-15563.3728914741,"x"
"5918",14913.726541382,-9057.13399106105,"x"
"5919",13763.4070030869,-7817.94946416513,"x"
"5920",12773.3132279917,-4149.07632105934,"x"
"5921",15643.6381711107,-10675.0702565461,"x"
"5922",16337.2587190146,-11126.6079523497,"x"
"5923",14705.9599075678,-7503.13489377882,"x"
"5924",9684.27034196866,6891.70229724835,"x"
"5925",13934.3576153996,-7426.56216913751,"x"
"5926",13690.1934493083,-6744.29822436704,"x"
"5927",18515.8710723169,-17043.1125281719,"x"
"5928",12881.5684026037,-2332.19176844065,"x"
"5929",14102.0706319379,-8540.74387280162,"x"
"5930",15804.6127716421,-10407.0647897643,"x"
"5931",12661.967166415,-1192.73509634422,"x"
"5932",16596.2444761125,-13443.0503842341,"x"
"5933",15038.8008862798,-7656.91091563779,"x"
"5934",12043.1775169676,-1307.49419537869,"x"
"5935",14329.4073111376,-8079.92953363549,"x"
"5936",17074.8729284986,-14250.4567582821,"x"
"5937",16109.4020519085,-10865.4527246675,"x"
"5938",13761.6304140062,-5368.28631842829,"x"
"5939",14004.5377234173,-7359.95775507005,"x"
"5940",17751.880038452,-15294.1364900984,"x"
"5941",16552.1737287402,-11899.6795081862,"x"
"5942",13052.977313932,-4761.46321985494,"x"
"5943",16936.1028047655,-13167.2051268411,"x"
"5944",14453.2999110315,-8863.9079005818,"x"
"5945",17229.8357477967,-13965.5515781666,"x"
"5946",17111.0972584197,-14028.7103134828,"x"
"5947",15855.296341465,-10720.5714444029,"x"
"5948",13638.4283275655,-6440.56466074167,"x"
"5949",18220.1376184314,-16148.114598475,"x"
"5950",15961.8008056297,-10830.9180906168,"x"
"5951",16960.09881771,-12997.3269001205,"x"
"5952",13729.938944278,-6118.1081028853,"x"
"5953",14970.0845773549,-8714.68949708965,"x"
"5954",15895.1571452431,-11789.3311574721,"x"
"5955",11332.3607950531,2922.50028503829,"x"
"5956",11840.8679161411,23.5181048565446,"x"
"5957",16200.1440358796,-11810.2429573448,"x"
"5958",13606.9101387126,-6694.82258424212,"x"
"5959",13862.3113048925,-5821.4383748408,"x"
"5960",15083.0492212793,-8657.60659155247,"x"
"5961",17041.6665613732,-14052.0819296573,"x"
"5962",14953.6699184166,-8549.83843739386,"x"
"5963",10010.5618929977,4852.73386917011,"x"
"5964",16178.6231539974,-11685.2016834679,"x"
"5965",11904.7487024431,-2199.98321330589,"x"
"5966",17764.2717783909,-15599.1066797639,"x"
"5967",11604.7803894544,-87.0832391368403,"x"
"5968",17746.0675108241,-14963.8747576581,"x"
"5969",15903.6871227581,-11112.0213938524,"x"
"5970",13522.8719597897,-5741.76020752352,"x"
"5971",15488.3711048883,-11021.8254357233,"x"
"5972",12734.3765513138,-2008.66512476839,"x"
"5973",18019.5952880933,-15540.32643546,"x"
"5974",18282.8533553754,-16393.655692329,"x"
"5975",12720.2473787991,-3585.93948619409,"x"
"5976",17798.6632008773,-15999.9796385844,"x"
"5977",18052.4374572742,-15815.4016838383,"x"
"5978",15990.7830711596,-10731.6352234687,"x"
"5979",11490.449394359,1140.16820314109,"x"
"5980",13018.4358831691,-2680.39763149712,"x"
"5981",14114.4366092359,-6389.20868264687,"x"
"5982",15623.9312530376,-10051.0138920102,"x"
"5983",12942.1526578238,-5276.8110974773,"x"
"5984",15259.0881778075,-9706.51867366679,"x"
"5985",15052.0660499573,-8602.30638410666,"x"
"5986",14266.4546007241,-8365.21874750887,"x"
"5987",10168.3524003891,4010.59093487453,"x"
"5988",16191.4869582173,-11572.0622202134,"x"
"5989",16290.4741176557,-12615.8823332698,"x"
"5990",14841.2170360082,-9444.56837794016,"x"
"5991",14889.6984430953,-10552.6444569697,"x"
"5992",11472.3235546534,982.568321536115,"x"
"5993",18218.771387053,-16143.7937321882,"x"
"5994",13854.2968246621,-5289.44469999869,"x"
"5995",14797.4399722585,-8486.19729466123,"x"
"5996",13119.9215879043,-2323.39414612591,"x"
"5997",14184.6930439879,-7728.18238288245,"x"
"5998",15989.320233742,-10980.5471170928,"x"
"5999",15094.4354240105,-9834.01953144865,"x"
"6000",14595.6314645833,-7801.75679926313,"x"
"6001",16042.2741872314,-11771.8865104355,"x"
"6002",14757.5477632747,-7927.32184161524,"x"
"6003",15589.8514983601,-11081.1430845378,"x"
"6004",16385.0986119006,-12547.4248116965,"x"
"6005",13864.6686154778,-6325.13307861139,"x"
"6006",12885.4630261645,-2964.7502548673,"x"
"6007",17792.7441876186,-15379.737709446,"x"
"6008",14457.4986917932,-7152.09123207886,"x"
"6009",14238.3571419348,-8350.11339271312,"x"
"6010",16912.8159053158,-13290.6497858263,"x"
"6011",11244.7774193561,1511.81575658382,"x"
"6012",17110.8716639356,-13892.2990785588,"x"
"6013",14927.2322668361,-8708.50961862282,"x"
"6014",14912.1379813501,-8488.39053670607,"x"
"6015",18165.1699758907,-16092.7717998184,"x"
"6016",17038.4321913043,-13745.9289991071,"x"
"6017",16267.9230802509,-11584.9227423195,"x"
"6018",12804.8781690662,-4868.5330677627,"x"
"6019",10567.2440261285,2819.43394887424,"x"
"6020",14936.1883618574,-8571.11298714312,"x"
"6021",18334.8564193845,-16808.2702763316,"x"
"6022",15289.2372283723,-9273.19649235066,"x"
"6023",18042.3572051431,-16571.1703777398,"x"
"6024",15877.72113906,-10486.8989614031,"x"
"6025",16841.0404722873,-14276.6357085898,"x"
"6026",9741.70482581726,6126.54906404972,"x"
"6027",14381.693483117,-6177.91906165501,"x"
"6028",15097.1438590362,-9552.78673421207,"x"
"6029",13027.7988749124,-3864.43512885551,"x"
"6030",12448.2575550688,-1270.93863701206,"x"
"6031",12276.5148993068,-2545.05153469329,"x"
"6032",16656.4550195532,-12629.4919228504,"x"
"6033",13478.0144088006,-4565.39127182665,"x"
"6034",16921.8212695796,-13725.3957972736,"x"
"6035",12616.1548777864,-2998.29813330065,"x"
"6036",17776.8639926666,-15198.7144438436,"x"
"6037",12713.2500587611,-3183.26009295812,"x"
"6038",12804.1314009327,-3329.61816709177,"x"
"6039",15397.8613619289,-8729.46195277259,"x"
"6040",13785.0355445109,-4726.01880054825,"x"
"6041",14040.6089276213,-7912.98526663794,"x"
"6042",18540.1595330599,-17541.8485533372,"x"
"6043",12961.6794428647,-5130.56307791791,"x"
"6044",13781.2305312265,-5781.99625335003,"x"
"6045",14089.4438897552,-7669.98569152876,"x"
"6046",16404.0202706018,-12520.372334807,"x"
"6047",13750.3452031023,-5828.10122978797,"x"
"6048",14894.7775140583,-7914.48362383223,"x"
"6049",14510.4097375632,-8725.94602643443,"x"
"6050",14797.1869096698,-9294.51693475607,"x"
"6051",15080.9947193446,-8249.82555421333,"x"
"6052",12441.8171069163,-631.01063543598,"x"
"6053",16792.4592589652,-13332.7291220395,"x"
"6054",15317.8474579672,-10192.5450043479,"x"
"6055",12784.2057531753,-2559.42378409851,"x"
"6056",14045.7229568591,-4737.40356856307,"x"
"6057",13498.8467131877,-6609.96755139567,"x"
"6058",17170.4797376908,-14074.7515070527,"x"
"6059",16031.5480797812,-11571.4886947224,"x"
"6060",15477.7783603834,-11139.2167022399,"x"
"6061",13576.0287602302,-6252.30931316233,"x"
"6062",14953.4468852091,-9332.1946465508,"x"
"6063",14028.334957611,-7412.48384535527,"x"
"6064",15265.3427361019,-10099.3649197978,"x"
"6065",14374.9355937824,-7920.319491178,"x"
"6066",17420.004469186,-14428.787207548,"x"
"6067",16252.4421028584,-11733.6526271082,"x"
"6068",14758.4428912053,-7800.64269043365,"x"
"6069",16249.090363025,-11956.9359165279,"x"
"6070",18239.2243320162,-16131.6649279457,"x"
"6071",14040.9331046916,-7624.13312571669,"x"
"6072",14583.0787288786,-8415.61291686179,"x"
"6073",18294.6309793778,-16272.9660062354,"x"
"6074",10959.3230166918,2693.52009549479,"x"
"6075",12356.9968063769,-2765.28843200307,"x"
"6076",15481.1434352782,-9398.39198300266,"x"
"6077",18053.7922662199,-15727.7281528752,"x"
"6078",14226.3090285913,-7410.30455622334,"x"
"6079",12462.4074959968,-2227.71219553094,"x"
"6080",14786.3739437103,-9622.01225706965,"x"
"6081",13165.0337826205,-5523.47133057209,"x"
"6082",13370.1898179155,-4315.3539855521,"x"
"6083",15726.1126448592,-10681.9257722749,"x"
"6084",15094.4210536798,-10205.5758816817,"x"
"6085",14691.2164313763,-9783.8044651425,"x"
"6086",17962.7383761869,-15500.8558422348,"x"
"6087",12327.8860730758,-1019.241337228,"x"
"6088",12887.893719086,-1809.86011560334,"x"
"6089",15602.1950725071,-9943.07409750578,"x"
"6090",15143.6016539819,-10038.2161726975,"x"
"6091",17891.3859492898,-15867.5097274362,"x"
"6092",11894.1945959921,-79.3143725147202,"x"
"6093",17953.3373403569,-16518.0552889443,"x"
"6094",15446.1012183077,-10447.712569687,"x"
"6095",13585.6086583551,-5059.67646872256,"x"
"6096",17927.3187815331,-15393.0369358515,"x"
"6097",18410.7162280474,-16227.1529499308,"x"
"6098",15302.5169779967,-10238.1754209058,"x"
"6099",13648.7718690998,-5583.02275195958,"x"
"6100",13815.0556585668,-6441.28350112067,"x"
"6101",16824.6061743451,-12732.1984245051,"x"
"6102",14698.535972236,-8394.61132980094,"x"
"6103",9440.56836640915,8990.51167850577,"x"
"6104",15601.3932079388,-11154.4476785092,"x"
"6105",12502.8951790471,-2920.52102389034,"x"
"6106",16927.0844795705,-14008.017759455,"x"
"6107",16376.6380733597,-12676.7695925284,"x"
"6108",16078.2247316081,-11585.9548899716,"x"
"6109",16073.1575845743,-10808.5113773992,"x"
"6110",17244.1754578909,-14584.9043311033,"x"
"6111",18553.7780499249,-16957.8909377495,"x"
"6112",13308.4797014536,-4284.86597705133,"x"
"6113",17061.886642168,-14259.2299847201,"x"
"6114",14909.3966706371,-9992.71997981334,"x"
"6115",15734.4075108421,-11215.4855316732,"x"
"6116",17983.074029809,-15802.2003736806,"x"
"6117",15007.4572041324,-9116.22214064804,"x"
"6118",14420.7218193873,-8191.31085045859,"x"
"6119",11191.5417046934,699.697643586946,"x"
"6120",17874.3713104931,-15512.8958983365,"x"
"6121",16364.2404354176,-13471.4974610243,"x"
"6122",14224.8071185677,-7826.4515379182,"x"
"6123",12396.3965229249,-1744.17787362891,"x"
"6124",17849.0516532459,-15457.8958772175,"x"
"6125",15951.0213594892,-11858.1277236065,"x"
"6126",16215.5529058742,-10685.4395420679,"x"
"6127",12556.0132334017,-1583.81850284682,"x"
"6128",15879.593221337,-11509.5821706232,"x"
"6129",14519.4083390385,-9158.51553099283,"x"
"6130",13127.295288597,-3633.5176778678,"x"
"6131",9907.75210037845,3674.90794520366,"x"
"6132",15619.8601821547,-10728.6598575692,"x"
"6133",13844.1130925059,-3779.29142115898,"x"
"6134",15714.089798463,-11381.8253501027,"x"
"6135",18504.2886190156,-16981.362782668,"x"
"6136",13998.6356009652,-4916.88125418927,"x"
"6137",14410.8083805617,-8041.86481092239,"x"
"6138",14903.2541666222,-9329.55905696196,"x"
"6139",12856.4014214645,-3931.77768889952,"x"
"6140",13304.2672634212,-4487.30032829751,"x"
"6141",16431.0042251619,-11821.0027834849,"x"
"6142",15671.0260427303,-11500.1407523088,"x"
"6143",16932.2858448252,-13509.2343504312,"x"
"6144",14587.5845607713,-8446.87740989797,"x"
"6145",16178.68905115,-11421.8426957172,"x"
"6146",13687.6767835957,-5692.47161497535,"x"
"6147",16417.2543499967,-11937.635988092,"x"
"6148",15300.295647568,-10209.3372882542,"x"
"6149",16194.1591612323,-12070.9686113833,"x"
"6150",15964.2243170918,-10817.1362698136,"x"
"6151",14516.6047420516,-7443.69005300986,"x"
"6152",12284.8717921773,-659.419972347383,"x"
"6153",15892.6988706964,-11782.6830366684,"x"
"6154",10986.5512959168,1630.87877405672,"x"
"6155",16164.782065497,-10973.7306298958,"x"
"6156",16521.4627684729,-13118.7902718131,"x"
"6157",12971.1980845259,-5129.88370987184,"x"
"6158",17365.5950776603,-14564.4992628659,"x"
"6159",15196.2565635294,-8890.75657996508,"x"
"6160",13901.2027229014,-6642.56457735972,"x"
"6161",14732.6148513496,-8619.25551683039,"x"
"6162",15079.94552671,-9562.43555635329,"x"
"6163",14140.1438937271,-8095.55524815205,"x"
"6164",16681.3688211643,-12889.1938589161,"x"
"6165",15412.2421624704,-10044.8038205371,"x"
"6166",15792.1270207953,-11526.8783804269,"x"
"6167",15602.014785307,-9293.19767859393,"x"
"6168",15999.8015945468,-11658.9564866413,"x"
"6169",14203.4160970086,-7739.07449432074,"x"
"6170",14339.0888030039,-7866.38214715933,"x"
"6171",16960.3583112785,-14762.0874322615,"x"
"6172",17946.4070437401,-15641.3235360624,"x"
"6173",12096.3284184633,-4063.237197166,"x"
"6174",15302.6798336637,-11757.2889783398,"x"
"6175",18278.3622273406,-16542.4385811744,"x"
"6176",13821.4828757985,-5814.98279695762,"x"
"6177",15545.284607149,-10319.9720657252,"x"
"6178",14918.5574948514,-8361.61866036187,"x"
"6179",15887.6046129983,-11570.2167985867,"x"
"6180",16223.0868037989,-11671.7886790657,"x"
"6181",16061.369583785,-11721.2173114105,"x"
"6182",16185.1145526926,-12190.1364058041,"x"
"6183",9961.17816685177,3653.45703468531,"x"
"6184",16743.9571794821,-13038.7196409016,"x"
"6185",18111.060396528,-16194.1003580989,"x"
"6186",16238.084464944,-12565.5076149068,"x"
"6187",14393.7811503977,-6420.01353419741,"x"
"6188",17768.0275092765,-15674.7161363105,"x"
"6189",14276.1011802999,-6254.30912962277,"x"
"6190",13142.3344688921,-5112.47587428477,"x"
"6191",17219.2498495882,-14143.5570583142,"x"
"6192",16755.1507005841,-13011.9556084744,"x"
"6193",17938.9597607935,-15626.4613768511,"x"
"6194",17291.1846598046,-14134.8901363085,"x"
"6195",16774.4712888201,-14096.1682809199,"x"
"6196",14223.722161836,-8813.39455851105,"x"
"6197",14967.1368752116,-9844.81118767577,"x"
"6198",10198.951391035,4980.66274482777,"x"
"6199",13726.2132274365,-6148.536682775,"x"
"6200",18188.1318319356,-16362.9080512718,"x"
"6201",17656.2821981094,-15364.4581848269,"x"
"6202",13707.7138087562,-6093.36636962421,"x"
"6203",11811.9737862926,729.656351834759,"x"
"6204",16469.0318510359,-12131.6996139579,"x"
"6205",17065.3021842958,-14062.2312413927,"x"
"6206",15963.4801487368,-11279.2799124593,"x"
"6207",14841.9278561187,-8638.93437598596,"x"
"6208",15939.9090990806,-12525.7110724141,"x"
"6209",16666.2573163923,-13911.5011436038,"x"
"6210",16275.4293118784,-11576.355321346,"x"
"6211",13130.022008035,-5420.30024590776,"x"
"6212",17886.6743505784,-15216.1855372666,"x"
"6213",15357.9952159761,-8921.6012529629,"x"
"6214",18200.072340252,-15803.2823329958,"x"
"6215",15931.5940320268,-10355.2620998511,"x"
"6216",15224.9056927434,-9868.1089099622,"x"
"6217",14296.1668707741,-6839.90479744203,"x"
"6218",17575.8342250861,-14975.1820028122,"x"
"6219",13896.4648177113,-6383.83447628751,"x"
"6220",17840.7816343425,-15881.5976287711,"x"
"6221",15889.5735635975,-10472.5764139153,"x"
"6222",14079.1841988096,-7335.2293910099,"x"
"6223",14900.3240321123,-9508.81251480485,"x"
"6224",18341.3270644281,-16137.272902314,"x"
"6225",17113.7487517089,-13641.7921425628,"x"
"6226",14468.2029506458,-7188.17447022311,"x"
"6227",17597.4202375915,-14374.0767860633,"x"
"6228",16004.5536708163,-11908.2535263774,"x"
"6229",14822.0412833842,-8730.36595979157,"x"
"6230",17470.397396871,-15003.9096721824,"x"
"6231",13636.5439800477,-4819.72455912376,"x"
"6232",18033.5552633467,-15652.4360771123,"x"
"6233",16638.7430210815,-13346.2777398024,"x"
"6234",12129.4720394843,-1450.66294478491,"x"
"6235",15203.6867815927,-10165.2372233137,"x"
"6236",14591.789665573,-7168.43728191991,"x"
"6237",11737.3320552301,-333.110393309238,"x"
"6238",18353.5703483572,-16836.793282434,"x"
"6239",15600.601845104,-9847.38488333705,"x"
"6240",14275.1102027062,-6662.00516173747,"x"
"6241",13940.5610206269,-5691.13335483426,"x"
"6242",13214.9701855352,-4571.04479639442,"x"
"6243",17784.4997438241,-15820.7149947219,"x"
"6244",12059.7352974702,-659.024573959163,"x"
"6245",17370.0943990589,-15086.0934633277,"x"
"6246",15052.7512487213,-9225.06362467419,"x"
"6247",16320.6180524706,-12527.6244016225,"x"
"6248",16211.5392880238,-12285.7646620165,"x"
"6249",8359.59627242589,7697.3377017764,"x"
"6250",17657.2838736607,-14653.5499104709,"x"
"6251",13037.435456436,-4397.95228571797,"x"
"6252",14700.5017056056,-7920.12409014245,"x"
"6253",13125.8890049747,-6446.49637089708,"x"
"6254",15020.3289242029,-8994.97352577126,"x"
"6255",17870.0617219475,-15113.1305637595,"x"
"6256",14670.5475059048,-8698.22502181677,"x"
"6257",13394.7638395628,-2890.70438592466,"x"
"6258",16725.5754445648,-12847.0671481772,"x"
"6259",17588.8871758475,-14946.1081585315,"x"
"6260",16737.3749238084,-13471.3265257117,"x"
"6261",17368.8796458,-14443.9000833464,"x"
"6262",16731.3411472417,-12371.2381757444,"x"
"6263",15514.7722388066,-10527.2385510748,"x"
"6264",16405.5748168045,-12915.8395689499,"x"
"6265",16285.3319178356,-11867.4436659826,"x"
"6266",17215.9022042719,-13803.7130662234,"x"
"6267",15993.6940969139,-11929.7160096507,"x"
"6268",16835.4893540589,-13316.8166080448,"x"
"6269",17181.972568239,-14024.9938726067,"x"
"6270",15965.074760661,-12011.1782818483,"x"
"6271",14508.2795691853,-7749.0220126679,"x"
"6272",17574.2418198391,-15160.144734886,"x"
"6273",15767.8154200742,-9408.9982254085,"x"
"6274",15237.0391714771,-9211.85806536158,"x"
"6275",15635.0737592335,-10490.80723884,"x"
"6276",15165.3660118631,-9162.95181579578,"x"
"6277",14039.9511978041,-6555.20206716751,"x"
"6278",17226.1622791138,-13939.4575084496,"x"
"6279",14825.3456997108,-8140.76114914603,"x"
"6280",16887.8099225157,-13586.0439646569,"x"
"6281",10769.2845648021,4220.58358922636,"x"
"6282",9512.00266515922,8070.27936359059,"x"
"6283",15065.1569905013,-9381.5625909567,"x"
"6284",15599.2823872798,-10504.8666684831,"x"
"6285",14954.605427674,-10986.7257488937,"x"
"6286",14305.187857681,-6988.83589955552,"x"
"6287",16901.5393334787,-13899.6367121796,"x"
"6288",17122.3768566921,-13622.4437695089,"x"
"6289",12143.6874534599,-975.334730782024,"x"
"6290",17029.3988232865,-13980.5548722029,"x"
"6291",16923.748057404,-13286.1685472242,"x"
"6292",11355.9557325998,219.877472223936,"x"
"6293",10762.1058377447,3156.22911398886,"x"
"6294",16154.6409320726,-11919.6827785003,"x"
"6295",14849.4005168659,-8460.57434561296,"x"
"6296",15723.8721747003,-11842.6337992695,"x"
"6297",11705.2831387831,279.878865601297,"x"
"6298",14152.0622406955,-8937.39237797718,"x"
"6299",16545.476838963,-12723.4600070927,"x"
"6300",14380.0646653152,-6633.96889602236,"x"
"6301",15340.6706795939,-10107.3403538005,"x"
"6302",16623.8784283912,-13281.6430313295,"x"
"6303",14974.7346857556,-8165.91272078175,"x"
"6304",17374.3956389263,-14274.7099707777,"x"
"6305",14256.6212630853,-6658.5291466991,"x"
"6306",15888.6680236908,-11008.6179342689,"x"
"6307",11934.5801273389,-1068.55044317172,"x"
"6308",15143.7922523188,-9111.56543390459,"x"
"6309",13172.3643384906,-2706.42114416671,"x"
"6310",15690.8924079736,-11165.4636446967,"x"
"6311",13137.6274990566,-4542.04636040959,"x"
"6312",9657.43621837319,4703.38755263283,"x"
"6313",14982.7941452531,-10177.8261358598,"x"
"6314",12611.9109823017,-2456.95010455725,"x"
"6315",14903.9969146387,-8290.77760498388,"x"
"6316",13558.9525326963,-6263.54235582668,"x"
"6317",17277.3744790438,-13062.3537811809,"x"
"6318",15442.9637965004,-10602.9491824199,"x"
"6319",13394.1875402186,-4583.27269688392,"x"
"6320",15507.8025028915,-9917.83873153486,"x"
"6321",18279.5579893074,-16028.9183582202,"x"
"6322",13832.9139219495,-5154.69910147088,"x"
"6323",16485.7046611317,-13009.6563075416,"x"
"6324",16605.8868025393,-13313.7537399468,"x"
"6325",14129.9393508454,-7286.96708412332,"x"
"6326",16296.3479367368,-12939.964930093,"x"
"6327",15574.7711235299,-10181.7628050495,"x"
"6328",15111.8829950844,-7769.59840414352,"x"
"6329",17888.0419811529,-15501.7068739459,"x"
"6330",16398.4275634566,-11277.0533438935,"x"
"6331",18028.7220370587,-15566.4878625142,"x"
"6332",15127.5966803614,-8841.19410866958,"x"
"6333",16981.4616416078,-13490.6347180363,"x"
"6334",16026.4522029861,-11949.3467745445,"x"
"6335",12822.2281040578,-1917.7574751168,"x"
"6336",11796.3153269496,1671.5521201723,"x"
"6337",14300.861927653,-6586.03952639892,"x"
"6338",13918.963983021,-5371.02660562504,"x"
"6339",17733.6132365539,-14845.658483713,"x"
"6340",15698.3816185397,-11286.8679436196,"x"
"6341",17157.2322798938,-14045.0942672367,"x"
"6342",16760.1166911423,-13149.5914202553,"x"
"6343",13629.6956026639,-6399.26073572332,"x"
"6344",12904.6715917091,-4145.04460418287,"x"
"6345",17384.2832263696,-13994.4379501062,"x"
"6346",16349.3377329882,-13100.8431653652,"x"
"6347",15348.1758612386,-9556.26552814029,"x"
"6348",14408.9079028605,-8504.12814527473,"x"
"6349",14119.1205980326,-8050.20159175014,"x"
"6350",15122.2716749557,-10528.1331466151,"x"
"6351",13860.2937647897,-6185.27537221609,"x"
"6352",15459.5888602808,-10528.2768176002,"x"
"6353",13281.6013360519,-4115.82546468556,"x"
"6354",10483.0370932378,5695.21526773609,"x"
"6355",8012.4395439363,9104.24977928887,"x"
"6356",18083.7976439942,-15931.5092008635,"x"
"6357",15284.7688958987,-9179.41505457513,"x"
"6358",16767.853893675,-12402.2729571809,"x"
"6359",12195.7255588949,-1264.0614052754,"x"
"6360",16862.1489241861,-13167.7240998407,"x"
"6361",15982.2386161569,-11545.7299445773,"x"
"6362",17679.741899577,-15235.5824439816,"x"
"6363",12357.5254537587,-978.199824982525,"x"
"6364",18196.0034037219,-16122.9923902369,"x"
"6365",15470.7789987171,-10094.6121987452,"x"
"6366",16497.6640286094,-11743.1118566067,"x"
"6367",15271.9630891982,-9461.88935462523,"x"
"6368",13322.7182749427,-3134.66943046802,"x"
"6369",18470.6516734236,-17033.6541998115,"x"
"6370",12017.3944477655,-758.22732816093,"x"
"6371",14805.0581996662,-7349.82463904886,"x"
"6372",14247.2819793232,-8779.4423348892,"x"
"6373",12870.7402544198,-3816.02456155866,"x"
"6374",16568.522642094,-13450.8546000477,"x"
"6375",11611.514590682,2161.03512051768,"x"
"6376",18273.9952220111,-16276.4377484872,"x"
"6377",13630.1736564664,-5862.11838901234,"x"
"6378",14342.0722739611,-7753.16359342599,"x"
"6379",11625.3684652388,48.1882262987219,"x"
"6380",17775.2350190266,-14850.5196750625,"x"
"6381",15798.5370330437,-11455.5587360622,"x"
"6382",17160.5242911352,-14192.2441352495,"x"
"6383",18001.5966407079,-15643.140567411,"x"
"6384",14261.6914578156,-8020.68060801316,"x"
"6385",13652.0494921896,-4607.02948542887,"x"
"6386",15048.6422582784,-9447.98961721841,"x"
"6387",13752.2828010207,-5665.27190030396,"x"
"6388",18458.7433504998,-16127.6197742576,"x"
"6389",17404.9330256957,-14195.5665436857,"x"
"6390",13828.5797613949,-6026.12827627587,"x"
"6391",13472.5461518313,-4882.15913329918,"x"
"6392",16935.4460820463,-13065.6368622672,"x"
"6393",14986.5604121321,-8643.20604900797,"x"
"6394",16649.954628727,-12819.4656692093,"x"
"6395",12692.8489870523,-4127.56599399024,"x"
"6396",13445.6735355292,-4832.17301695301,"x"
"6397",15648.0783141995,-10925.449249146,"x"
"6398",16873.4714697024,-13232.5609064415,"x"
"6399",13210.4240140209,-4449.74584035125,"x"
"6400",14728.5181696089,-8002.8725118584,"x"
"6401",14178.3594403166,-7548.73619169277,"x"
"6402",16410.6181735792,-11823.8413312123,"x"
"6403",17789.7444052688,-14643.6013624317,"x"
"6404",14377.824839135,-7664.89918079657,"x"
"6405",15562.425947949,-10726.5133461007,"x"
"6406",14105.8851104163,-5762.44143374707,"x"
"6407",17487.8164865129,-13928.7321338622,"x"
"6408",13474.2674879048,-5245.1855930926,"x"
"6409",18832.8551096117,-17127.4192972043,"x"
"6410",16397.4601787063,-11939.8156342837,"x"
"6411",15200.6076894567,-8822.25650994343,"x"
"6412",14396.6589463736,-8575.46834829145,"x"
"6413",14105.7525181874,-7654.84330970865,"x"
"6414",16876.8173211304,-13748.6742530921,"x"
"6415",16159.9259952442,-11728.7320819994,"x"
"6416",15838.6828399351,-12400.0790046782,"x"
"6417",13862.6765450414,-6549.44680673346,"x"
"6418",15533.1512013544,-10259.9015128092,"x"
"6419",13410.0668173546,-4638.92127555765,"x"
"6420",14394.8965640157,-8596.07909340214,"x"
"6421",13135.6157274202,-3794.62115179196,"x"
"6422",15060.6862889389,-8125.07340896504,"x"
"6423",15371.2460526897,-9770.71210156491,"x"
"6424",15246.3310123584,-9636.32797268424,"x"
"6425",14317.1383332394,-7915.95657588662,"x"
"6426",16438.692323555,-12523.6266014421,"x"
"6427",15531.2577681068,-10672.2003163018,"x"
"6428",15145.8963041994,-9968.48633489726,"x"
"6429",14727.5575408988,-7893.6988954319,"x"
"6430",17867.383098698,-16127.2020424743,"x"
"6431",16375.1010022163,-11850.5739381647,"x"
"6432",16176.0125501549,-11165.5917712935,"x"
"6433",13655.3306634237,-4888.23043629985,"x"
"6434",15782.9851620719,-11856.1498103436,"x"
"6435",13208.3993651726,-3636.88608281048,"x"
"6436",13336.0531506207,-4923.26609517555,"x"
"6437",15635.0362844083,-10390.4877335112,"x"
"6438",15966.866576776,-11007.1848764188,"x"
"6439",14350.8731717642,-6083.70317909141,"x"
"6440",17638.1775203287,-15223.7111031417,"x"
"6441",13872.815073203,-6127.32604955479,"x"
"6442",14653.8545132512,-7607.3547090715,"x"
"6443",13245.7174163525,-3588.91269245083,"x"
"6444",17506.6961910614,-13916.8280460089,"x"
"6445",10500.673675508,3827.64397848096,"x"
"6446",15153.4343609173,-10910.165927877,"x"
"6447",14276.7917450618,-7266.66334434408,"x"
"6448",17043.9289395756,-13224.7593363985,"x"
"6449",17255.2742630461,-14643.0370271544,"x"
"6450",15578.984773146,-9785.05024809784,"x"
"6451",14945.421462472,-10128.8232683327,"x"
"6452",16066.8564740758,-10668.1335151791,"x"
"6453",14440.6719394696,-7055.93677240556,"x"
"6454",17474.0047086611,-13723.5765464404,"x"
"6455",15154.0990968654,-10090.2530805568,"x"
"6456",14984.1470902718,-8680.06798640723,"x"
"6457",15444.9179292154,-9345.20695395347,"x"
"6458",16084.0057824928,-11242.7304380753,"x"
"6459",17415.2624727699,-14015.6447454934,"x"
"6460",13476.8336029961,-5040.07646450765,"x"
"6461",15088.593078344,-8732.48516657751,"x"
"6462",14610.5126190929,-7879.17525703722,"x"
"6463",13914.7365298663,-7444.53200166342,"x"
"6464",16037.7947361543,-11526.1395333455,"x"
"6465",18082.852993468,-15845.8216628479,"x"
"6466",16986.1574817678,-13346.7918374628,"x"
"6467",12679.640515073,-2945.57753315849,"x"
"6468",15446.9428384016,-10024.9987241406,"x"
"6469",16583.0471131646,-13397.9492624453,"x"
"6470",13983.4621873908,-6284.99664380165,"x"
"6471",14818.3531218203,-9521.92519058407,"x"
"6472",17097.5101920035,-14278.417334395,"x"
"6473",17595.9895936742,-14966.1632033124,"x"
"6474",15116.7963303598,-9066.64538169017,"x"
"6475",16845.1122732392,-14191.2693706064,"x"
"6476",15709.2715033252,-10880.8787256461,"x"
"6477",10583.0220139504,2265.40881087538,"x"
"6478",15098.8573110808,-9525.83937612659,"x"
"6479",15807.6623691458,-10759.6137271727,"x"
"6480",16357.9054448879,-12407.6205594131,"x"
"6481",16271.6109703836,-12538.2275607004,"x"
"6482",13544.3674407091,-4237.26767101562,"x"
"6483",16785.330772964,-12994.3764161524,"x"
"6484",15157.5117360384,-9153.4150463142,"x"
"6485",15658.4518393738,-10450.1411040384,"x"
"6486",17098.7851297648,-14075.3025782502,"x"
"6487",13231.3147475217,-5617.83152019821,"x"
"6488",17265.0144846466,-15128.16758565,"x"
"6489",15062.355096897,-9065.94383456277,"x"
"6490",15575.1605694471,-9391.2186563591,"x"
"6491",15570.0691898802,-10104.8725401393,"x"
"6492",15527.4558856443,-9572.63807256752,"x"
"6493",16420.6226894365,-12276.1010630248,"x"
"6494",14859.1227045424,-8398.41618314967,"x"
"6495",16163.7444297362,-10214.6453237534,"x"
"6496",16698.8893252673,-12543.9316716191,"x"
"6497",11966.1723889795,-1350.64824555007,"x"
"6498",14625.3012348894,-8478.48439913802,"x"
"6499",13171.0685854532,-4724.34074565077,"x"
"6500",14951.9789361086,-8769.26078172709,"x"
"6501",14441.9442350764,-6576.3361254589,"x"
"6502",11073.5110433869,202.939015775562,"x"
"6503",14664.8239010112,-7460.24347557,"x"
"6504",16250.4521443836,-12136.9460888981,"x"
"6505",12340.1420071788,-2760.51789524287,"x"
"6506",14974.2967557167,-9044.17570277194,"x"
"6507",12569.9055986546,-2111.08461424827,"x"
"6508",17532.8676416909,-15446.0028345933,"x"
"6509",15238.4911084805,-9731.54772260473,"x"
"6510",14952.5907486348,-8768.71341122082,"x"
"6511",17219.1633569883,-13764.8711621653,"x"
"6512",14051.0869521015,-6725.69999651977,"x"
"6513",13270.9688252595,-3014.76521156147,"x"
"6514",12755.1692626964,-1830.50845713076,"x"
"6515",13164.0063615945,-3852.26417892359,"x"
"6516",14641.9802587062,-7962.37985440346,"x"
"6517",15045.3576461902,-8233.40572547384,"x"
"6518",16473.5114806721,-12582.5092127197,"x"
"6519",14914.140450828,-9739.12991543867,"x"
"6520",18066.3930980123,-15389.4851861085,"x"
"6521",10325.2611821288,6284.55978209043,"x"
"6522",14347.3921812574,-6775.34160212014,"x"
"6523",17039.8072356407,-14104.9545900735,"x"
"6524",14455.6925989492,-8688.35765767598,"x"
"6525",14059.7064732133,-6538.80947340081,"x"
"6526",14925.3533037536,-9346.33903768181,"x"
"6527",18001.3257535835,-16069.4138360183,"x"
"6528",16966.9314263302,-14095.0820256298,"x"
"6529",12046.9149277327,60.6088599155009,"x"
"6530",16487.245949877,-12264.4042088544,"x"
"6531",17036.1931856666,-14750.0350520058,"x"
"6532",14214.4167760964,-5553.71824554851,"x"
"6533",15762.599617966,-10818.3045726863,"x"
"6534",15688.4104579556,-11290.868819614,"x"
"6535",14907.1863534232,-9131.3378436604,"x"
"6536",13892.1977427253,-7277.36465217277,"x"
"6537",14614.3419634514,-8640.58667201669,"x"
"6538",15361.2183105106,-9412.95039301353,"x"
"6539",17286.197986212,-14950.5173729734,"x"
"6540",16785.6317303368,-14501.0308772638,"x"
"6541",13784.109674733,-6401.84437894716,"x"
"6542",14571.8179020052,-8668.73650258323,"x"
"6543",13796.48743053,-4739.20028400438,"x"
"6544",18098.7774482038,-15780.4563744427,"x"
"6545",16460.5208232216,-12291.0696417266,"x"
"6546",13529.3056076692,-4324.85602168866,"x"
"6547",16856.9258848124,-13325.0261161847,"x"
"6548",13948.6511154207,-7689.11435191223,"x"
"6549",16203.469202262,-12129.9819490938,"x"
"6550",15825.5205940384,-11148.4200533466,"x"
"6551",16248.019330175,-12139.991661862,"x"
"6552",16212.2452589704,-12427.8833837548,"x"
"6553",16235.5195736875,-12134.9148341339,"x"
"6554",13648.5715789731,-4961.09497096022,"x"
"6555",14424.1933645797,-8776.48025852728,"x"
"6556",14700.8351094881,-8922.26276191126,"x"
"6557",13713.840400514,-4110.76112853792,"x"
"6558",16394.2109707959,-12709.4021418224,"x"
"6559",16430.2775027668,-12523.1887000572,"x"
"6560",15427.5500534657,-10719.52610738,"x"
"6561",17050.0750139527,-13092.4685971288,"x"
"6562",15553.359032634,-10795.9299596874,"x"
"6563",17649.4909340513,-15443.0367946583,"x"
"6564",13433.7668570033,-5266.72581305919,"x"
"6565",14690.9504047702,-7827.34504243429,"x"
"6566",14699.8944093257,-8181.02219807645,"x"
"6567",12674.4113639559,-5223.40876395704,"x"
"6568",16353.7425199452,-12981.2495942938,"x"
"6569",13243.9894786672,-4715.98099378187,"x"
"6570",16306.3906532957,-11894.4761499804,"x"
"6571",18519.5141050532,-17112.0416647751,"x"
"6572",15184.6973942544,-9406.74450335588,"x"
"6573",16129.673101455,-12517.0423411561,"x"
"6574",14780.070938675,-8924.73052178408,"x"
"6575",14675.4132741392,-8286.44040456321,"x"
"6576",15599.3120021852,-10709.6253326031,"x"
"6577",10821.9365650736,3295.11447303081,"x"
"6578",16454.8662582078,-12186.0829020429,"x"
"6579",15120.8128711878,-8066.22690995512,"x"
"6580",14339.6134450767,-8306.02785716867,"x"
"6581",15146.9245492496,-8353.82420333842,"x"
"6582",12114.8206345444,-2483.99641854758,"x"
"6583",14787.2673661583,-8480.79582316266,"x"
"6584",16471.0071743499,-13349.4100342183,"x"
"6585",12255.1811401372,-1225.70177345553,"x"
"6586",15168.3254255902,-9549.49047475345,"x"
"6587",16091.884242522,-13741.6743943615,"x"
"6588",14979.8015473434,-9742.742872336,"x"
"6589",12208.8591236144,-2302.79604264426,"x"
"6590",16318.1489110756,-11394.5096211329,"x"
"6591",17784.5660840671,-15447.5795310733,"x"
"6592",14381.0591052256,-6342.56612492854,"x"
"6593",15636.2541983718,-9153.79515808086,"x"
"6594",16876.8979770697,-13532.284830901,"x"
"6595",18166.9341063928,-16191.166460135,"x"
"6596",16318.4620532399,-12584.5677110139,"x"
"6597",15434.8673106294,-10168.9052534863,"x"
"6598",16733.1880849774,-13339.9605590139,"x"
"6599",13840.2634686895,-5891.54129082114,"x"
"6600",17223.1485401184,-13469.065551182,"x"
"6601",16184.0572468261,-11763.6172482041,"x"
"6602",15282.5662267105,-10611.2194363097,"x"
"6603",12818.9998949035,-4941.79873864158,"x"
"6604",17132.0985606875,-14003.64731385,"x"
"6605",18224.9828955073,-16111.4665103576,"x"
"6606",14586.757153941,-7572.57073742926,"x"
"6607",18294.6975258581,-16402.3558901174,"x"
"6608",18198.5003927865,-16878.5146129881,"x"
"6609",15649.2620092554,-10522.2070721253,"x"
"6610",17826.1046668287,-15621.951085174,"x"
"6611",13547.3614446297,-4932.36222477695,"x"
"6612",16646.9226183351,-13774.5554369153,"x"
"6613",17710.6331693217,-14723.3272730751,"x"
"6614",12369.4025350394,-1952.31999238363,"x"
"6615",17844.4620912898,-15359.2887337701,"x"
"6616",15429.7637284182,-9380.561526859,"x"
"6617",17804.2437934738,-14959.2386836495,"x"
"6618",14107.1494254186,-7586.85702215528,"x"
"6619",17607.2882837993,-14795.6272520619,"x"
"6620",15161.0921520993,-10953.5701046304,"x"
"6621",15177.3981250535,-9728.15030665073,"x"
"6622",15048.1812168271,-9148.95284901023,"x"
"6623",15000.7963513675,-9120.35539136905,"x"
"6624",15434.6443737584,-9789.81713011432,"x"
"6625",11981.1590791418,-1755.48703448859,"x"
"6626",17093.7468980904,-14191.4529291856,"x"
"6627",12860.2574374782,-3405.72777548126,"x"
"6628",14326.6658291382,-7342.29687026673,"x"
"6629",17167.1400370117,-14199.7960830786,"x"
"6630",16777.0448879919,-12728.2979316932,"x"
"6631",16717.8986607978,-13630.9383332797,"x"
"6632",15153.468346179,-9660.09198969777,"x"
"6633",16706.9858002885,-13507.995504719,"x"
"6634",15698.1768077086,-10892.4420616463,"x"
"6635",14964.2577519042,-8703.1567020805,"x"
"6636",17229.1720691466,-15240.7502747542,"x"
"6637",13645.9917231597,-5462.14251383018,"x"
"6638",17201.9626043222,-14187.9868204644,"x"
"6639",11528.6986057178,549.157247298794,"x"
"6640",18365.249950689,-16501.5492921197,"x"
"6641",14415.5274406767,-8054.42033620538,"x"
"6642",15497.714156616,-10198.6802938917,"x"
"6643",13856.3959574767,-3523.88275962748,"x"
"6644",18382.4120412075,-16949.8809990232,"x"
"6645",15297.4287696968,-9248.63841635423,"x"
"6646",18587.8401920873,-17071.0845062548,"x"
"6647",15601.5200129884,-10471.8542242259,"x"
"6648",14747.3127040225,-8747.57568446761,"x"
"6649",13252.9408631571,-5069.40960604128,"x"
"6650",17510.7748689132,-14266.7970591236,"x"
"6651",16010.1582300481,-10960.24413461,"x"
"6652",14379.7971361254,-7467.25353016354,"x"
"6653",12272.5076931652,-1911.07152594193,"x"
"6654",16118.9137943051,-11721.4785987391,"x"
"6655",18048.041077248,-16104.7461749677,"x"
"6656",17190.4281887393,-14284.8069124955,"x"
"6657",11293.9383626031,1934.076268239,"x"
"6658",11261.3675895231,1080.31671338431,"x"
"6659",14449.6318218098,-7856.42606253788,"x"
"6660",16438.9171790951,-11811.9280416366,"x"
"6661",12528.4411421853,-3873.05116601442,"x"
"6662",15431.5851173562,-10501.7833233943,"x"
"6663",15707.6340955511,-10801.5684030234,"x"
"6664",18134.3709884767,-15970.4663699594,"x"
"6665",16704.3478096986,-12930.8934836301,"x"
"6666",14669.3139100167,-8020.20090069888,"x"
"6667",17917.8543787264,-15509.6807187986,"x"
"6668",15978.415144611,-10451.9293268114,"x"
"6669",18410.9224431953,-16623.4156294736,"x"
"6670",14972.8800734389,-9576.35582752078,"x"
"6671",8983.45444041695,6338.09367639435,"x"
"6672",12729.6124266248,-4400.20826213068,"x"
"6673",14356.2540124238,-7006.18415237411,"x"
"6674",16293.9152569063,-11775.0807599213,"x"
"6675",18571.4583757764,-16842.0007808337,"x"
"6676",14233.8875214408,-7363.58721105379,"x"
"6677",12770.3799650821,-3981.71164657767,"x"
"6678",18435.3980967923,-17027.3981475106,"x"
"6679",15462.0365781323,-9747.17077452146,"x"
"6680",13504.5415689503,-6724.91697815823,"x"
"6681",11884.0779615821,1423.78678684824,"x"
"6682",14893.2067224893,-9257.72142448961,"x"
"6683",15894.1685317401,-10779.707593913,"x"
"6684",12999.1221329461,-3763.30383577967,"x"
"6685",16800.579635263,-12147.3682298769,"x"
"6686",11931.9613184172,1408.24654263958,"x"
"6687",12971.3272366587,-3887.69095292401,"x"
"6688",16060.9301950546,-11078.7243738629,"x"
"6689",15612.5751591828,-11219.0626839148,"x"
"6690",12123.783906486,59.6106098201599,"x"
"6691",15416.1525540525,-10468.8695813636,"x"
"6692",16669.0265398058,-13162.7225313445,"x"
"6693",15115.1013662943,-8680.64173445299,"x"
"6694",16535.6198189278,-13570.25902491,"x"
"6695",14759.8203703957,-8342.13654453,"x"
"6696",12990.2204597688,-4146.10866691962,"x"
"6697",13882.2212144479,-8229.12017380511,"x"
"6698",17157.5974412356,-14114.415632289,"x"
"6699",17812.2165574001,-16185.8897429552,"x"
"6700",16365.2897803186,-12613.0579102412,"x"
"6701",15980.8781159267,-11859.0963108643,"x"
"6702",17643.4078624319,-15333.903753098,"x"
"6703",16072.028153953,-12057.4933640684,"x"
"6704",15190.1126278662,-9619.57479032057,"x"
"6705",17842.717216737,-15989.0465586117,"x"
"6706",12499.2243941067,-2102.71473802088,"x"
"6707",13654.0090307243,-6450.89703701182,"x"
"6708",15407.4937787486,-9842.38978205828,"x"
"6709",15081.5115947992,-8013.50019326774,"x"
"6710",16761.6263204137,-13879.4741657596,"x"
"6711",13745.8427621517,-5566.1879425395,"x"
"6712",13848.4233453203,-5141.28261375452,"x"
"6713",15815.1937665445,-11759.8126756821,"x"
"6714",13728.0846074654,-5271.3848269269,"x"
"6715",15621.6699421682,-10287.2064033279,"x"
"6716",17765.9091663051,-15097.0450878261,"x"
"6717",14848.2518458929,-8618.98006571381,"x"
"6718",16572.7926778397,-13207.6902462262,"x"
"6719",16070.0677556206,-12416.4020252004,"x"
"6720",13995.422059293,-5068.62057926932,"x"
"6721",13421.5924677445,-4799.13586349491,"x"
"6722",15820.154732213,-10938.0424294099,"x"
"6723",13354.5408749196,-4371.37660424425,"x"
"6724",16055.7907594269,-12053.977208381,"x"
"6725",17098.319272169,-13995.1827418271,"x"
"6726",14772.268508811,-8283.45552880791,"x"
"6727",15200.4677501373,-7804.09004469059,"x"
"6728",16592.4066038603,-13118.6960351984,"x"
"6729",13116.6063951851,-3609.89713024128,"x"
"6730",18192.68071764,-16174.376881957,"x"
"6731",15410.9403032243,-11153.3106782067,"x"
"6732",16918.3348718872,-14245.954609659,"x"
"6733",17366.244640221,-14442.0918762433,"x"
"6734",15781.8505767649,-11932.2458325298,"x"
"6735",17589.5925572629,-14804.8484308237,"x"
"6736",13960.6222313364,-6835.10854955103,"x"
"6737",15168.3425869039,-10232.3637141225,"x"
"6738",15558.1732008916,-10574.6773735354,"x"
"6739",9770.89694865133,7106.6597905501,"x"
"6740",15743.4509439183,-11183.3543344876,"x"
"6741",16665.8544802912,-12723.0884932464,"x"
"6742",14819.6962138906,-8517.51784206593,"x"
"6743",16597.5463292755,-12596.8365924579,"x"
"6744",15800.01851598,-10053.3077940635,"x"
"6745",16178.9818828305,-11678.0625144188,"x"
"6746",15775.1118417917,-10914.7308719216,"x"
"6747",13921.2099919173,-6176.58313298797,"x"
"6748",13978.4782486833,-5529.0907947954,"x"
"6749",18032.5890506459,-15366.9625166564,"x"
"6750",12229.401355279,-641.085997036957,"x"
"6751",15037.4021758488,-11200.966119897,"x"
"6752",15364.4252663338,-8870.44581169138,"x"
"6753",14522.2868944317,-8136.64755629454,"x"
"6754",11173.4699224987,845.52387187581,"x"
"6755",14765.014940374,-9225.54638751394,"x"
"6756",16342.0873127136,-13290.0075134734,"x"
"6757",14758.5065719313,-9690.94365047628,"x"
"6758",16343.1723122178,-11683.2026228828,"x"
"6759",13733.7320150323,-7887.41427547762,"x"
"6760",14499.9378369889,-7927.91246907123,"x"
"6761",14744.5730307894,-8691.75279662847,"x"
"6762",12327.594675039,-1812.17047204225,"x"
"6763",13835.387368968,-6723.68996446197,"x"
"6764",15576.0285256179,-10389.2701934087,"x"
"6765",14478.1236452529,-8047.21945392377,"x"
"6766",17973.3926623137,-15915.5033171569,"x"
"6767",15239.209549877,-8710.31849499839,"x"
"6768",16815.4946575866,-13445.2556765905,"x"
"6769",12884.6643736135,-1615.56378991554,"x"
"6770",18111.5918775192,-16243.391728571,"x"
"6771",10401.2920122069,3625.58807465891,"x"
"6772",14583.5457228496,-7743.42712271193,"x"
"6773",15800.8309792344,-10664.3511643574,"x"
"6774",14721.9102305478,-9660.88202501206,"x"
"6775",18001.9545949673,-15738.2832031821,"x"
"6776",15264.3454329276,-10798.8537604145,"x"
"6777",13755.6806971889,-5753.69077506257,"x"
"6778",15411.601664202,-10794.2331978515,"x"
"6779",17567.9008389092,-15054.7522543073,"x"
"6780",15203.8847889704,-10682.8789242322,"x"
"6781",18184.7899077802,-16380.0428751661,"x"
"6782",14409.4532200698,-7568.60883042888,"x"
"6783",13721.2501471937,-4400.49085808077,"x"
"6784",15100.4750884137,-9319.72829462964,"x"
"6785",15052.9428383388,-10075.2834272815,"x"
"6786",13698.8545449243,-5374.90515500059,"x"
"6787",17934.0667729722,-15200.5012771314,"x"
"6788",16253.4672921049,-11303.204246414,"x"
"6789",13767.5979666546,-6886.62928379915,"x"
"6790",17714.5833979075,-15726.3908726077,"x"
"6791",16811.8912613041,-13028.0391590667,"x"
"6792",13448.2868694211,-5694.15752785526,"x"
"6793",10719.4237885307,2980.63864602239,"x"
"6794",13604.7704450902,-5700.50536435908,"x"
"6795",15619.48674129,-10902.5993027785,"x"
"6796",12320.8565127295,-1925.43357231173,"x"
"6797",14267.77953539,-5736.3604949294,"x"
"6798",16214.2286882362,-12160.1293887256,"x"
"6799",13704.7445729644,-5456.00882355027,"x"
"6800",13393.8733535554,-7202.19385660724,"x"
"6801",12789.184311636,-3573.56491126301,"x"
"6802",13495.1318320216,-6239.38758414152,"x"
"6803",17069.6429446426,-14243.4787359293,"x"
"6804",15699.0784235864,-11217.3501219822,"x"
"6805",17788.5682654644,-15772.7155424121,"x"
"6806",16310.9676295627,-12907.2707183477,"x"
"6807",16800.8381503776,-13015.4870481701,"x"
"6808",14970.0199126665,-9151.51091068129,"x"
"6809",15531.5516627037,-10353.8850246056,"x"
"6810",15691.4524353082,-10353.8821478091,"x"
"6811",16502.6682289748,-13468.0784896628,"x"
"6812",16141.5533375882,-11603.0928355055,"x"
"6813",13313.1066947212,-4942.31306876592,"x"
"6814",14379.7430595041,-7331.78448035857,"x"
"6815",15832.394299989,-11326.9984948679,"x"
"6816",17881.3194579564,-14856.2051374363,"x"
"6817",17843.7709889957,-15573.3739629991,"x"
"6818",16233.1138129239,-12175.9764452296,"x"
"6819",17087.3574833402,-14635.6923001714,"x"
"6820",12163.2297938536,-1520.34562188057,"x"
"6821",15920.0840439177,-12125.3710400857,"x"
"6822",14338.4572013014,-7977.96604907827,"x"
"6823",15179.0332743797,-8734.76583323038,"x"
"6824",9906.1133999946,2809.97600630665,"x"
"6825",14768.6386643762,-8134.58776673626,"x"
"6826",15674.1581325226,-10979.3772987922,"x"
"6827",16503.0667942896,-13113.5440905584,"x"
"6828",16526.1291239547,-12950.7347074631,"x"
"6829",17476.0721116978,-14324.1850978401,"x"
"6830",11927.5651682836,726.374811996378,"x"
"6831",15312.8450207276,-8848.00269309018,"x"
"6832",14986.1445818596,-8824.54601527983,"x"
"6833",16567.9192852758,-12610.2555791527,"x"
"6834",15550.1813019229,-10030.5008226508,"x"
"6835",14898.8069306221,-10010.2154477356,"x"
"6836",15753.2455153767,-10783.7935000335,"x"
"6837",14184.1657565579,-8728.24188534398,"x"
"6838",13574.0510238052,-5664.85599937749,"x"
"6839",14721.6323727597,-7362.21306554024,"x"
"6840",17858.1762574213,-15653.4816305506,"x"
"6841",14396.6899246889,-7651.93073869421,"x"
"6842",15664.317210967,-10938.6056522929,"x"
"6843",16370.1294014654,-11439.5246199306,"x"
"6844",16603.6898256796,-12377.8526306838,"x"
"6845",16215.7451522112,-10892.0155414599,"x"
"6846",11097.1600226632,2016.49299613382,"x"
"6847",11708.2323107628,1125.74433702705,"x"
"6848",16778.5472847482,-12998.2391915367,"x"
"6849",13317.6639194981,-3208.23829057787,"x"
"6850",15369.1185669301,-10037.3130350955,"x"
"6851",14557.4385361641,-8636.2089543728,"x"
"6852",14167.0049743246,-5852.9402796349,"x"
"6853",16679.5893527412,-12379.8367026979,"x"
"6854",16205.1458602973,-12363.7174022551,"x"
"6855",15042.0115875456,-9614.15946448231,"x"
"6856",15226.214600627,-10465.105306033,"x"
"6857",16680.4815460595,-12767.3676602658,"x"
"6858",12856.2011927227,-4024.35024216615,"x"
"6859",16060.064553294,-12001.228342322,"x"
"6860",16612.9789891714,-13946.6267112582,"x"
"6861",14546.0886100134,-7992.71496594501,"x"
"6862",16998.2412639885,-13361.9820133368,"x"
"6863",10448.9503769444,3960.56594059194,"x"
"6864",15142.4740905759,-8992.99047337455,"x"
"6865",15831.5702142701,-10436.5861220354,"x"
"6866",16917.7692162502,-13136.0080289248,"x"
"6867",11378.6197926011,2824.6070280057,"x"
"6868",14876.996669855,-8406.39868584287,"x"
"6869",11882.5674539126,-571.969836898195,"x"
"6870",17569.2765861045,-15124.5455999531,"x"
"6871",16228.5273824371,-11852.4130282724,"x"
"6872",16708.0604358514,-12437.8015097587,"x"
"6873",15225.043404435,-8965.0429480582,"x"
"6874",15206.7232093712,-9330.75915387546,"x"
"6875",14791.8595052373,-8516.35973515852,"x"
"6876",14549.7358674028,-8782.70569883504,"x"
"6877",16776.0203957928,-13481.0204107455,"x"
"6878",14254.1834824802,-7830.72688328906,"x"
"6879",16869.4306059043,-12497.5154833766,"x"
"6880",16562.1829462271,-12954.838208104,"x"
"6881",16552.3528792847,-12335.4423396738,"x"
"6882",16342.745703274,-11593.8556007118,"x"
"6883",17282.4233262111,-14765.1376332227,"x"
"6884",15876.6152306449,-11164.8295477469,"x"
"6885",17120.6244503038,-15328.5685717709,"x"
"6886",15664.1666975037,-12283.8208067323,"x"
"6887",15368.9728189461,-9908.39520425782,"x"
"6888",17477.6304795718,-15794.9386181275,"x"
"6889",16372.4516633689,-12864.9034891333,"x"
"6890",17205.8810117862,-13913.5551779444,"x"
"6891",16034.0528839252,-12405.0655690492,"x"
"6892",16887.4699953221,-14263.5928309922,"x"
"6893",16103.66110909,-11817.9929323024,"x"
"6894",15632.6672925642,-10888.2391736573,"x"
"6895",17490.9035602349,-15161.5628119557,"x"
"6896",16908.8170250662,-13353.931705425,"x"
"6897",15217.5909322376,-10329.445940956,"x"
"6898",15295.9658921303,-10324.7547474893,"x"
"6899",16141.6234395565,-11831.6190252359,"x"
"6900",16043.979812694,-10505.3708136022,"x"
"6901",16272.148153079,-12438.8590241855,"x"
"6902",18472.1412506948,-16876.6838374814,"x"
"6903",14516.7715030714,-8783.42654624104,"x"
"6904",14722.0568997032,-7829.83861722043,"x"
"6905",17430.6691220816,-15250.3646937198,"x"
"6906",18331.2394912551,-16262.029921701,"x"
"6907",15153.1428862123,-9782.13657742198,"x"
"6908",12773.1098496065,-2264.19519204828,"x"
"6909",17756.4205276138,-14961.792662602,"x"
"6910",13110.3895859005,-4704.60053595949,"x"
"6911",13367.3282970888,-4029.49765405084,"x"
"6912",16318.9178147287,-12279.703675455,"x"
"6913",13732.5857304337,-3640.09411165946,"x"
"6914",16086.5798708301,-11879.9715573357,"x"
"6915",13542.5728387184,-6575.45296950881,"x"
"6916",16457.263731611,-12131.5368260113,"x"
"6917",15989.8133711981,-11020.7090351483,"x"
"6918",17401.467829845,-14362.0510169171,"x"
"6919",8613.08171570067,9001.1669298625,"x"
"6920",12734.0854551586,-2141.67073514661,"x"
"6921",10380.920085078,3834.24654763795,"x"
"6922",15380.1463478068,-10786.250969393,"x"
"6923",18044.5439073053,-15609.8715128197,"x"
"6924",16021.4701276844,-11152.3652930853,"x"
"6925",12519.4709728062,-3736.93951019376,"x"
"6926",18031.9400458262,-16031.472894322,"x"
"6927",17008.9280727277,-13907.3805981459,"x"
"6928",15991.6817278164,-12144.0658760386,"x"
"6929",16046.627009371,-11370.3519490686,"x"
"6930",15083.5822030609,-7869.34227936744,"x"
"6931",16140.656596414,-11715.6681549838,"x"
"6932",14905.6975247784,-8249.3990065176,"x"
"6933",15580.5027610224,-10814.4391663791,"x"
"6934",14029.3514309343,-7054.2859031258,"x"
"6935",16928.1399982511,-14422.5323356944,"x"
"6936",16756.0619980055,-12820.8118766294,"x"
"6937",14876.9473367512,-8773.99725426506,"x"
"6938",14547.7209814582,-8554.54187585314,"x"
"6939",17779.6226269817,-15007.2055780263,"x"
"6940",14889.4483685813,-7827.7298613905,"x"
"6941",13693.2792025744,-5824.36028024451,"x"
"6942",16881.0992337474,-12591.4135711516,"x"
"6943",17221.2953768441,-14205.539036111,"x"
"6944",15760.6236420465,-10197.6603921864,"x"
"6945",15361.7735654097,-9766.62977008089,"x"
"6946",14895.5489074923,-9020.40855058829,"x"
"6947",13326.266445702,-4873.30659117224,"x"
"6948",17261.5388393218,-13806.5264990454,"x"
"6949",15711.2213852116,-10312.1968976617,"x"
"6950",14245.2912662033,-6208.45715918102,"x"
"6951",14462.8812988924,-7321.48645295908,"x"
"6952",15095.329288114,-10390.050415912,"x"
"6953",13951.771846132,-5859.05453696742,"x"
"6954",17131.9917740829,-13868.8207754267,"x"
"6955",17895.6396156576,-15783.9174247716,"x"
"6956",17073.7056830918,-13954.1248121765,"x"
"6957",10838.8044898132,2049.29228723283,"x"
"6958",13594.1562608667,-5950.53194348202,"x"
"6959",12785.5203653041,-3685.39792305907,"x"
"6960",16177.4775552741,-12038.8951257351,"x"
"6961",15110.6030811818,-9989.63510292321,"x"
"6962",17886.6872838473,-16000.598733757,"x"
"6963",17944.8189649649,-15024.0927813996,"x"
"6964",16344.6056814403,-12791.4430179351,"x"
"6965",17370.7065283838,-14331.2593258364,"x"
"6966",16385.057268926,-12472.0387457476,"x"
"6967",14407.8873859697,-7162.89255810426,"x"
"6968",16789.178422536,-13190.7735672989,"x"
"6969",17962.2956177021,-16508.4241420781,"x"
"6970",13862.7830735956,-7206.68391926282,"x"
"6971",15676.9723971085,-11270.9472017001,"x"
"6972",16642.6242296849,-13146.9992534338,"x"
"6973",13885.5853103055,-6567.87130127906,"x"
"6974",15936.0635255043,-12122.5715108225,"x"
"6975",14002.3758733781,-7070.86486891879,"x"
"6976",15500.7598421457,-10957.4699912833,"x"
"6977",15859.3097911496,-10402.0524268234,"x"
"6978",15173.7678773527,-10068.338775352,"x"
"6979",18470.7890236137,-17347.6631430117,"x"
"6980",16356.3867921954,-11598.7519929994,"x"
"6981",7464.74371372741,14363.2228882028,"x"
"6982",15970.2096852502,-10845.7441037576,"x"
"6983",18921.6881072875,-17672.2054898999,"x"
"6984",15674.016066691,-10470.8407568041,"x"
"6985",13866.0876831007,-7709.60368422102,"x"
"6986",15845.9311568869,-11072.5407624051,"x"
"6987",12170.4676600953,-2009.76103607336,"x"
"6988",18425.1558882713,-16241.4537305867,"x"
"6989",13096.2865144326,-2751.07104901172,"x"
"6990",18153.2497229647,-15976.6339807191,"x"
"6991",13495.0431320908,-5314.04889603212,"x"
"6992",15618.4742345948,-11285.4064312054,"x"
"6993",17100.10245451,-13656.9916176845,"x"
"6994",12690.7534150669,-3480.70019676594,"x"
"6995",16176.4430859993,-11545.9814270599,"x"
"6996",17981.5856722876,-16047.3902816969,"x"
"6997",12693.6176591152,-4158.1039179867,"x"
"6998",16552.3791115853,-13150.2771715583,"x"
"6999",10422.6008198069,4701.35079847473,"x"
"7000",14762.2177608819,-8176.07864109172,"x"
"7001",15049.2046871714,-9821.9466459522,"x"
"7002",14769.2874524039,-9944.26956381871,"x"
"7003",18425.0923313648,-17321.2464379386,"x"
"7004",14948.6715565711,-8235.83940508873,"x"
"7005",15297.0180129532,-10449.6207958345,"x"
"7006",17610.0725831773,-14153.8263460281,"x"
"7007",16638.0113488517,-12905.6283944179,"x"
"7008",13531.658642306,-4129.90411499348,"x"
"7009",16361.5538584498,-12769.5628650563,"x"
"7010",17712.2764314581,-15337.4699049111,"x"
"7011",13016.6287860071,-4621.02960691776,"x"
"7012",15797.7241440943,-11020.8552639746,"x"
"7013",16911.2787492735,-14177.2301789807,"x"
"7014",11975.1914512014,-647.436952846436,"x"
"7015",15653.1994514374,-11157.5361186643,"x"
"7016",13933.0375816258,-6514.72942009485,"x"
"7017",18030.9203876796,-15483.0493921,"x"
"7018",9250.1254065454,8368.88040606062,"x"
"7019",17298.3899353201,-13718.0960913276,"x"
"7020",15748.1308769577,-11413.7474144685,"x"
"7021",15540.1129368156,-10411.8523246043,"x"
"7022",9292.64879223975,7346.60825154874,"x"
"7023",14301.0988564388,-8580.06939409861,"x"
"7024",17693.0007494861,-15061.0546046525,"x"
"7025",14272.1898584597,-7899.75085970922,"x"
"7026",10753.2136373351,3154.09596527619,"x"
"7027",17335.836144418,-14694.6645800189,"x"
"7028",15476.8358845659,-9872.33741085939,"x"
"7029",15334.1460815804,-10386.2554772139,"x"
"7030",16748.0065287996,-12755.8036600656,"x"
"7031",15753.1464505325,-10828.588004938,"x"
"7032",15970.1468714144,-11977.4163453627,"x"
"7033",15478.2440596014,-9854.88519562963,"x"
"7034",15260.3345684478,-10259.7406613706,"x"
"7035",14887.6674254082,-7489.320343546,"x"
"7036",14389.0310184165,-8500.27651738628,"x"
"7037",15440.7592419449,-11223.361608485,"x"
"7038",17006.6606644194,-13434.7813833491,"x"
"7039",15659.9718430556,-9618.57759232958,"x"
"7040",13834.478061098,-6154.49204732369,"x"
"7041",17807.0940652954,-14422.7595536034,"x"
"7042",13739.1647484885,-6092.72165991092,"x"
"7043",17321.0157421088,-14037.13816456,"x"
"7044",13887.3940513264,-6091.74322545806,"x"
"7045",17373.6301673967,-14417.5676038474,"x"
"7046",14325.7193334804,-8023.40485931965,"x"
"7047",15350.3882976354,-9554.42386780934,"x"
"7048",13468.6339156986,-4130.07535464505,"x"
"7049",14037.5157010389,-6805.30780498994,"x"
"7050",13499.1911930056,-5963.34806250598,"x"
"7051",17673.3243135326,-14597.7565917289,"x"
"7052",13913.5201194417,-7883.27176011449,"x"
"7053",10842.6027306109,3129.3236126393,"x"
"7054",16516.9520614998,-13140.3214365394,"x"
"7055",15502.8143494104,-12881.0319279172,"x"
"7056",15688.3230251756,-9567.76424824567,"x"
"7057",13882.8736100703,-6990.3672671529,"x"
"7058",15579.6791104547,-11630.9160687664,"x"
"7059",16897.3008864999,-13612.0758315901,"x"
"7060",10664.9768110024,1787.3153720885,"x"
"7061",15671.1711592234,-10912.9660214595,"x"
"7062",12109.340512959,-84.4909262910678,"x"
"7063",15296.5894963574,-10022.438372486,"x"
"7064",16466.8112719579,-12848.567433453,"x"
"7065",12352.8748518866,-1462.52078236872,"x"
"7066",13249.2839261726,-5193.68217211297,"x"
"7067",14203.7722008737,-7902.18712322772,"x"
"7068",17270.3110509644,-13343.3702347458,"x"
"7069",12627.0831169486,-2458.63844071664,"x"
"7070",15215.0576682333,-9771.07406375699,"x"
"7071",14370.7949420619,-7935.54137456105,"x"
"7072",13223.2362906152,-6121.07339905044,"x"
"7073",14549.6924851838,-7879.60894296992,"x"
"7074",18093.0228692316,-15563.5189366351,"x"
"7075",16803.5140076901,-13597.8932784836,"x"
"7076",14822.2950672497,-9282.74413646185,"x"
"7077",16195.4816601372,-11433.2582624893,"x"
"7078",17915.2384452693,-15817.9237407647,"x"
"7079",17182.9099660988,-14918.2019776383,"x"
"7080",8638.59207983907,9659.29578837504,"x"
"7081",13663.7728539644,-6806.60006297846,"x"
"7082",18012.9729208035,-15793.7734458569,"x"
"7083",17223.1602326975,-14871.360955045,"x"
"7084",15793.0471695123,-13010.2569568237,"x"
"7085",16166.7031146714,-12291.4203307517,"x"
"7086",14477.7086120637,-7154.21322598961,"x"
"7087",14673.4664183502,-7327.43863370193,"x"
"7088",14740.7551145014,-8764.56449835234,"x"
"7089",12836.1664429067,-2125.03809755298,"x"
"7090",15730.5190147847,-11007.3699233809,"x"
"7091",16485.0627620275,-11623.0425927049,"x"
"7092",18066.8104479358,-15612.2733036271,"x"
"7093",15166.0852470799,-8906.6236759582,"x"
"7094",14732.9572370162,-9058.77924537825,"x"
"7095",16039.7780814494,-11083.8491064562,"x"
"7096",14898.1075383441,-9328.70540417666,"x"
"7097",13155.123613629,-3638.82350685953,"x"
"7098",15509.9702590712,-9973.30568005605,"x"
"7099",15558.8206237221,-9150.93091121027,"x"
"7100",14060.8527626377,-7226.73464148757,"x"
"7101",14882.8854613088,-8658.54202946942,"x"
"7102",15734.830975301,-10074.2648818099,"x"
"7103",18614.9652615341,-16421.2192089728,"x"
"7104",16500.5561059873,-13327.5454581776,"x"
"7105",10114.3839739399,4833.33973557609,"x"
"7106",17880.2977730381,-16199.8912354097,"x"
"7107",15907.8752171773,-11386.6805716502,"x"
"7108",11025.7049482388,3289.00737672688,"x"
"7109",14783.0403480258,-8150.38409681287,"x"
"7110",14108.655297705,-5420.83317349616,"x"
"7111",16709.3396657051,-13333.3233650609,"x"
"7112",17695.4588363928,-15448.0101781889,"x"
"7113",16080.9860600458,-11348.0528820723,"x"
"7114",16388.9721057046,-13436.4159646849,"x"
"7115",11749.9516964308,-1126.94796223168,"x"
"7116",16105.9732793705,-11654.345974204,"x"
"7117",8728.23246407624,7306.61399998183,"x"
"7118",14488.7255175488,-7693.30024242835,"x"
"7119",17294.1712010054,-14545.2503298994,"x"
"7120",14014.7014878256,-6548.33092208122,"x"
"7121",11960.7448033945,-2082.25986009215,"x"
"7122",17736.9286585762,-14521.7094915157,"x"
"7123",17427.986212428,-15168.3601772268,"x"
"7124",17542.4964239164,-15049.0442182735,"x"
"7125",14576.6194896013,-8263.50331195353,"x"
"7126",14866.7652017369,-8080.10448159132,"x"
"7127",14105.9325597832,-5686.40534436499,"x"
"7128",14403.2370038865,-8157.51099801098,"x"
"7129",13343.5960882111,-5172.27975137589,"x"
"7130",17832.9322271388,-15401.5168425399,"x"
"7131",17309.9917462844,-14669.8173090612,"x"
"7132",16960.2453756807,-13478.9626997499,"x"
"7133",14818.3456214286,-7580.10566649128,"x"
"7134",13297.8627669221,-3993.03408440715,"x"
"7135",12974.6498000838,-2705.62785270391,"x"
"7136",11291.882984923,818.519681975029,"x"
"7137",18650.8630144214,-17816.4403441335,"x"
"7138",18717.8780674448,-17505.7503508274,"x"
"7139",16885.321490039,-13160.9396511365,"x"
"7140",13464.3343367261,-5086.09585173175,"x"
"7141",14627.9989368074,-6327.32536780721,"x"
"7142",11693.960667963,1429.33607050701,"x"
"7143",15946.7312699393,-10689.2879983621,"x"
"7144",15394.1605608077,-10356.8587602468,"x"
"7145",14767.8188947618,-8664.5281072322,"x"
"7146",14981.5127646751,-9225.86887301138,"x"
"7147",16122.8325559551,-12218.7443435737,"x"
"7148",16657.4100493386,-13734.7844722178,"x"
"7149",16242.056918654,-11917.2840404997,"x"
"7150",15033.9763789742,-9614.75888932013,"x"
"7151",15007.3813222883,-9731.99580880082,"x"
"7152",10814.9331319825,2200.58125417616,"x"
"7153",14942.4617793414,-9055.02970200077,"x"
"7154",17380.0353330769,-14051.469775438,"x"
"7155",12910.5976249932,-2381.50193089042,"x"
"7156",17250.6017017834,-14864.8962988352,"x"
"7157",17575.0702796459,-14920.9520284643,"x"
"7158",13045.4609058486,-3730.91072462472,"x"
"7159",16068.5483860442,-11749.8810586082,"x"
"7160",15512.8260362157,-9818.7407552379,"x"
"7161",15162.3560552029,-8293.06056841229,"x"
"7162",14784.9987887469,-11090.5878454273,"x"
"7163",12914.2383060178,-2438.3049331907,"x"
"7164",17899.8274928594,-15560.9223632919,"x"
"7165",13518.288265082,-6723.90963259896,"x"
"7166",13251.0143662615,-4276.53297866248,"x"
"7167",15227.6075878525,-9492.43093622258,"x"
"7168",16817.528103135,-13780.2878727481,"x"
"7169",14973.420884377,-10039.8504192443,"x"
"7170",16344.2343048992,-12042.6408736685,"x"
"7171",16536.677273777,-13344.5878764111,"x"
"7172",17418.2303633563,-14139.1792941584,"x"
"7173",12489.4133289297,-2091.83694034785,"x"
"7174",15081.0431252578,-10269.4493841081,"x"
"7175",17819.4927719851,-15319.0178079987,"x"
"7176",17630.9607589791,-15285.9477099477,"x"
"7177",11450.8117567468,977.462948649061,"x"
"7178",16660.4237826717,-13351.8554421329,"x"
"7179",14897.8708609995,-9482.22382636671,"x"
"7180",16614.108820413,-12206.7677037987,"x"
"7181",15325.1047174493,-10593.6230211086,"x"
"7182",16480.6061362953,-13370.8112744694,"x"
"7183",16018.7267290424,-11623.6685245679,"x"
"7184",18195.834844593,-16328.7262260578,"x"
"7185",13991.1469374508,-5562.55271819805,"x"
"7186",16432.545223516,-11733.0470594364,"x"
"7187",15561.0534552374,-9519.75174485276,"x"
"7188",15829.3102347066,-9888.73671443702,"x"
"7189",13664.3888724275,-6458.47780463216,"x"
"7190",16145.6815194872,-11745.659819049,"x"
"7191",14665.7467683632,-7815.34344278155,"x"
"7192",13299.8861125578,-6405.99168069025,"x"
"7193",15343.6836432991,-9489.31778256195,"x"
"7194",16823.036293319,-13682.3700569993,"x"
"7195",17729.7538259162,-15413.6045535315,"x"
"7196",15466.2320798703,-9815.8210027203,"x"
"7197",14906.3444688161,-8991.41681399955,"x"
"7198",16255.6171490212,-12586.2675103174,"x"
"7199",16852.2741264164,-13188.7080806024,"x"
"7200",16844.6555248296,-14208.2525430245,"x"
"7201",13469.6052289468,-4767.31236786108,"x"
"7202",15374.4587292898,-9058.99598915747,"x"
"7203",15840.4213826583,-10876.7174461822,"x"
"7204",15263.49272699,-10190.6903187375,"x"
"7205",13105.2301117829,-2531.89915115671,"x"
"7206",15424.9139029126,-10473.1181142187,"x"
"7207",13248.8799509508,-5067.83413916099,"x"
"7208",17925.5774292466,-15783.2121393178,"x"
"7209",16855.8075561731,-13523.4227239154,"x"
"7210",13125.1207622724,-1993.50937516256,"x"
"7211",11345.1085177159,3112.61428867752,"x"
"7212",15442.7523945344,-9170.95064418822,"x"
"7213",14881.3987965135,-7732.92389258089,"x"
"7214",13166.2577272074,-5130.82893865152,"x"
"7215",15495.6029536563,-9781.66570857958,"x"
"7216",15672.5569075531,-11266.9696304335,"x"
"7217",14951.4590250913,-8423.0087624965,"x"
"7218",14868.3897788074,-8491.71347493198,"x"
"7219",17404.3817280438,-14507.3524726764,"x"
"7220",15170.8005514106,-9637.51638672232,"x"
"7221",17751.1267112615,-15407.4552591972,"x"
"7222",16241.282241542,-13604.855118595,"x"
"7223",12993.7025777077,-4786.11052378087,"x"
"7224",17331.9982965446,-13727.1507726862,"x"
"7225",14009.7792765082,-6891.72598427078,"x"
"7226",12124.0439275944,-2137.18729078886,"x"
"7227",15439.9142006742,-8475.98280719379,"x"
"7228",13624.7065777923,-5907.15149642152,"x"
"7229",14631.317640302,-7778.26286947095,"x"
"7230",13786.8405078397,-4827.29459088488,"x"
"7231",14500.3269410786,-8952.02731393262,"x"
"7232",17943.6310531917,-15579.1037576554,"x"
"7233",16310.514587413,-12761.028722817,"x"
"7234",16824.6824232049,-12933.0515573486,"x"
"7235",16597.6507753362,-12821.9055309498,"x"
"7236",14043.384629039,-6143.11802950017,"x"
"7237",14609.4242847697,-7945.63833276844,"x"
"7238",14737.5052026718,-8893.53393207867,"x"
"7239",14571.9310049678,-8570.3521464101,"x"
"7240",15320.3272704781,-10595.9377714108,"x"
"7241",14979.3991153315,-8593.52362952107,"x"
"7242",15844.3440528025,-11411.2534641349,"x"
"7243",17401.3319932688,-14329.6314152822,"x"
"7244",15687.9236186175,-10520.5349688612,"x"
"7245",15851.741217548,-11369.1056836509,"x"
"7246",15869.659120951,-10613.609880782,"x"
"7247",15524.7878628981,-10661.3695670277,"x"
"7248",17624.0749833975,-15894.9755173713,"x"
"7249",15581.1258771339,-11435.6215198238,"x"
"7250",15924.7380405789,-11580.0217072689,"x"
"7251",16134.1348655907,-11927.6317573494,"x"
"7252",13781.666264442,-6626.97764068594,"x"
"7253",18090.992147631,-16427.0614453985,"x"
"7254",15454.9918216985,-9859.70404010585,"x"
"7255",14008.0439435398,-6278.61875050698,"x"
"7256",14609.393698509,-7280.96485943068,"x"
"7257",13156.1484213026,-3611.23701044273,"x"
"7258",15780.3261286925,-10575.7547743096,"x"
"7259",13892.5413700689,-5685.70369347624,"x"
"7260",17482.1563477357,-15049.1790431793,"x"
"7261",11212.8360996378,-81.5262644599516,"x"
"7262",14038.9938051736,-6125.44415567768,"x"
"7263",13038.919912604,-3659.66137943902,"x"
"7264",15439.6294340951,-10322.073828994,"x"
"7265",14967.9150722144,-9996.69764879193,"x"
"7266",13031.01655356,-4651.2420107153,"x"
"7267",17569.3543148179,-14858.660228971,"x"
"7268",14412.2168157923,-7197.28628098758,"x"
"7269",16142.9528561238,-11835.0716305868,"x"
"7270",12067.7124286533,566.189009384872,"x"
"7271",10238.7225745661,4307.18969821034,"x"
"7272",12270.2425997428,-1379.68595799681,"x"
"7273",15418.391376121,-9207.01938556073,"x"
"7274",17649.4236994593,-15570.822960814,"x"
"7275",16144.9493160589,-12496.852282792,"x"
"7276",12796.5495536115,-2794.38534794106,"x"
"7277",18006.3671062304,-15847.1737420644,"x"
"7278",15872.5764669521,-11536.1115144077,"x"
"7279",17160.4781973949,-13968.1889571197,"x"
"7280",17010.0426808973,-13716.9215460289,"x"
"7281",15582.8226781343,-10497.6074436589,"x"
"7282",14094.333869417,-6741.85592370403,"x"
"7283",12384.6106546777,-1225.70806982238,"x"
"7284",16916.1287643603,-13283.1823109253,"x"
"7285",17642.2483267938,-15586.3429376319,"x"
"7286",11748.9533179324,-1500.83278653024,"x"
"7287",16193.4659321043,-11309.4063757487,"x"
"7288",16213.0924122172,-11223.2589934722,"x"
"7289",12843.3336798055,-2508.14723670053,"x"
"7290",11848.2962318617,-680.423857484056,"x"
"7291",13574.8143926774,-4540.20272984521,"x"
"7292",13245.3760037664,-4793.45767672997,"x"
"7293",16302.3091255516,-11508.130136029,"x"
"7294",15161.1857137038,-9048.61291709489,"x"
"7295",15856.5121791465,-9321.07373290202,"x"
"7296",17167.4199291196,-13453.438848293,"x"
"7297",18348.6296142518,-16080.8976677361,"x"
"7298",15395.3003622185,-9506.13635050316,"x"
"7299",17909.045368794,-15957.6372354273,"x"
"7300",14240.9964526598,-6307.13755189288,"x"
"7301",15891.4373290397,-10383.1103999505,"x"
"7302",18127.9833752626,-16409.1974067475,"x"
"7303",17641.0742433965,-16622.1146436572,"x"
"7304",16789.8783350147,-12947.2422577395,"x"
"7305",15991.7807799121,-11205.2345386706,"x"
"7306",14965.7040851576,-10064.9824922815,"x"
"7307",15173.3603464747,-8186.01097281103,"x"
"7308",13844.1335084519,-5472.81589303282,"x"
"7309",18778.647612002,-17222.1182922125,"x"
"7310",16016.531373488,-11080.0729551176,"x"
"7311",15781.9771945726,-10662.8563193563,"x"
"7312",10669.3204923867,2823.0168284872,"x"
"7313",15766.3966721071,-11133.778235491,"x"
"7314",14364.3785100647,-7374.89254779177,"x"
"7315",15669.1804113499,-9723.48413815766,"x"
"7316",16350.4605729754,-12232.7399485061,"x"
"7317",16285.499845991,-11991.2158481495,"x"
"7318",13279.9534322566,-3460.0497596206,"x"
"7319",18495.882154914,-16699.4819751527,"x"
"7320",14836.1823851661,-7989.3063227872,"x"
"7321",18012.5955151385,-16239.6346532308,"x"
"7322",16813.9375474714,-13579.4680656451,"x"
"7323",15828.7798449569,-11521.9869977915,"x"
"7324",16857.2699131694,-14052.1355150702,"x"
"7325",16430.4663969659,-12594.7092179269,"x"
"7326",17009.2599073442,-13409.4100915661,"x"
"7327",17100.0393232943,-13449.378327112,"x"
"7328",17522.3114275377,-14407.3815012715,"x"
"7329",11665.6449675091,-3570.44078904378,"x"
"7330",12402.018625969,-2889.81172920228,"x"
"7331",16984.315545116,-14827.8021800003,"x"
"7332",17414.7534557916,-14265.026197941,"x"
"7333",13643.2913992148,-5611.62924678157,"x"
"7334",14307.347864834,-6652.586956289,"x"
"7335",15925.3748415311,-12982.7208289117,"x"
"7336",12570.5892451984,-3344.1185052156,"x"
"7337",13018.1815348705,-4330.82245737906,"x"
"7338",14918.2276453282,-9926.64236783334,"x"
"7339",17042.1105604887,-14327.5893527058,"x"
"7340",17012.4323286068,-12891.404751097,"x"
"7341",13119.0086766636,-2460.55375990377,"x"
"7342",17756.2901753982,-15232.1643591377,"x"
"7343",12673.7921432555,-1963.53060177785,"x"
"7344",14236.6464669166,-6900.52595469909,"x"
"7345",12182.2623536891,-1175.43032966169,"x"
"7346",14099.6834866222,-6653.86493299038,"x"
"7347",13019.3211583406,-3507.43670985515,"x"
"7348",15905.3914685862,-10464.02713949,"x"
"7349",18369.4132343508,-16649.0721552725,"x"
"7350",13725.4961747992,-5458.72071897385,"x"
"7351",14505.5270699155,-8172.34145209573,"x"
"7352",15287.4682800577,-9988.94899408861,"x"
"7353",12677.5894798395,-3893.67737533727,"x"
"7354",18698.5895883468,-17682.87625131,"x"
"7355",12321.1715045203,-3524.12575500804,"x"
"7356",15151.9690007566,-8232.29294004754,"x"
"7357",17045.5420593511,-14151.5699317583,"x"
"7358",15887.2901817189,-11895.1740937498,"x"
"7359",17438.4915171019,-14358.5704952076,"x"
"7360",13867.9718835343,-5771.20996951538,"x"
"7361",12960.2126576458,-3315.38513494558,"x"
"7362",17113.2263137636,-14490.6228096053,"x"
"7363",17708.0274074572,-15775.6762559667,"x"
"7364",12342.9606166852,-1338.53786023976,"x"
"7365",17568.0372636399,-15644.4797716424,"x"
"7366",13988.4073015248,-6891.7232339794,"x"
"7367",15033.5774847346,-9110.76297693977,"x"
"7368",16470.0599115848,-13247.2323498358,"x"
"7369",13131.5723924785,-5061.92281427914,"x"
"7370",17760.3745116555,-14895.7590643072,"x"
"7371",14069.5891254379,-6590.79362005199,"x"
"7372",15763.7909991975,-11083.0163886873,"x"
"7373",16661.5917097449,-12650.1563044657,"x"
"7374",13592.4610223094,-5896.00366445724,"x"
"7375",15213.0823203328,-10805.1500483158,"x"
"7376",13020.6196452014,-2068.77271047999,"x"
"7377",14341.3240803011,-8094.30107336739,"x"
"7378",14687.5175087651,-8578.22214945305,"x"
"7379",16832.6631422164,-13186.2044343867,"x"
"7380",15344.2707772362,-10473.3879042488,"x"
"7381",15731.5578257924,-10430.7177371338,"x"
"7382",17516.2709914399,-14129.3073958565,"x"
"7383",15075.6388820236,-8622.9680312555,"x"
"7384",15919.6248168885,-11602.0265364836,"x"
"7385",13937.2274575241,-7014.32374940056,"x"
"7386",17074.9026973364,-14551.2987148698,"x"
"7387",14931.2870079377,-8546.97368499908,"x"
"7388",16753.6404270333,-14012.1782580725,"x"
"7389",15991.0948277718,-10771.2657511256,"x"
"7390",13548.0740720862,-5849.05248533025,"x"
"7391",15687.3256811715,-10773.4508435743,"x"
"7392",16541.250009593,-12662.2587593438,"x"
"7393",18358.5438707422,-16725.844896361,"x"
"7394",13822.1904445584,-5884.38502522724,"x"
"7395",18105.3201768889,-15822.7905835222,"x"
"7396",18115.1878552953,-15980.8413871239,"x"
"7397",18033.7185469858,-16109.3009827987,"x"
"7398",15825.7143159452,-10678.5197271225,"x"
"7399",14318.8384991843,-6138.78430691418,"x"
"7400",17506.3545753061,-14591.7944447224,"x"
"7401",15913.3770409078,-11951.0945103165,"x"
"7402",10326.6453274826,5376.25979343457,"x"
"7403",17001.4640326136,-14070.5401621638,"x"
"7404",14589.9146961789,-7376.14671329679,"x"
"7405",17012.3175665888,-13744.6669739686,"x"
"7406",16018.3557682617,-11941.735746495,"x"
"7407",14793.316307393,-7593.09432260411,"x"
"7408",16543.8629450398,-12175.8032767898,"x"
"7409",15749.0546493824,-10320.2543488991,"x"
"7410",15910.4361800234,-10673.9234014877,"x"
"7411",15726.0070292628,-10351.216538644,"x"
"7412",13413.032321946,-4251.48292985323,"x"
"7413",13057.744232096,-3089.68566455488,"x"
"7414",18136.1091291886,-16035.4350523587,"x"
"7415",16796.8474025675,-13478.2119553171,"x"
"7416",15720.9734421026,-9918.6310963926,"x"
"7417",17048.8101767692,-13155.3543325884,"x"
"7418",16152.2762550318,-11753.7997600922,"x"
"7419",13641.6367368122,-3595.90449282344,"x"
"7420",14562.0235006006,-7436.54738501169,"x"
"7421",13775.8323512432,-5899.71820552002,"x"
"7422",13622.2322758219,-4446.82984432956,"x"
"7423",16226.4232764128,-12268.1807158654,"x"
"7424",17600.7576270535,-15455.7004282856,"x"
"7425",16896.919392742,-14315.1136220983,"x"
"7426",16294.7760548488,-12122.8599987656,"x"
"7427",18099.0604226118,-15962.1207157573,"x"
"7428",16940.7964435263,-13241.2373518522,"x"
"7429",13789.602722356,-6293.6313576995,"x"
"7430",14461.2799946645,-7731.87046640362,"x"
"7431",17243.509784919,-14314.2385083189,"x"
"7432",14836.4043527085,-8977.61437415116,"x"
"7433",14717.7090032236,-8197.14594508459,"x"
"7434",13338.2565476474,-5340.17138969463,"x"
"7435",16827.4560113826,-12741.1729086933,"x"
"7436",16687.6380702262,-12965.9438433686,"x"
"7437",15681.845422771,-11090.7544431683,"x"
"7438",18956.5746375509,-18444.1133067429,"x"
"7439",14695.1809143091,-7493.34391444568,"x"
"7440",11235.7912237674,-73.0758385824465,"x"
"7441",18140.1014822578,-15654.7858368878,"x"
"7442",13188.1110394488,-5210.56882935083,"x"
"7443",16576.8676604502,-13379.977199516,"x"
"7444",14844.1103797693,-7355.15293608685,"x"
"7445",14488.1410395818,-6324.33518230264,"x"
"7446",18330.6449168525,-16856.8936502923,"x"
"7447",15801.5221324086,-11233.7049215918,"x"
"7448",17327.717739301,-13436.9511204655,"x"
"7449",13840.8462842452,-5837.25071192115,"x"
"7450",12447.7547855964,-1355.85821838543,"x"
"7451",16357.6938567797,-11516.5969672968,"x"
"7452",13792.3338530057,-4955.75318071524,"x"
"7453",15441.1057349735,-9230.95310812076,"x"
"7454",15083.8356844351,-9657.91777664789,"x"
"7455",16088.9201439176,-11015.5667323656,"x"
"7456",16118.5390626532,-11377.4336543736,"x"
"7457",14515.051186758,-8784.18368292399,"x"
"7458",14850.4487655823,-8381.77451927324,"x"
"7459",14373.4759117793,-8358.98330814762,"x"
"7460",17060.2044208177,-15030.5205423083,"x"
"7461",14238.1067542204,-7673.85929789062,"x"
"7462",13135.7380543381,-3993.41177887318,"x"
"7463",17854.5872744196,-15549.7907029269,"x"
"7464",16407.6469988303,-12528.4069733673,"x"
"7465",14256.4020545521,-6590.23552511296,"x"
"7466",16376.0674393936,-12391.7135125947,"x"
"7467",15418.8299300067,-11082.3280030012,"x"
"7468",16906.6123173998,-13816.1098850048,"x"
"7469",15143.3910720428,-9841.13116454304,"x"
"7470",15216.6441324421,-9272.37331143533,"x"
"7471",15901.3465043347,-12609.3065134532,"x"
"7472",14897.6430924113,-8814.88447708438,"x"
"7473",16486.9538725924,-12314.3697048479,"x"
"7474",15456.9971000951,-9978.35413430855,"x"
"7475",15588.2536126405,-10729.5625189717,"x"
"7476",16300.4849226629,-12277.7830197348,"x"
"7477",17895.4586032764,-15698.8169548056,"x"
"7478",14811.9119716392,-6738.19210123879,"x"
"7479",16294.5850895719,-12421.3039315596,"x"
"7480",12952.0039635572,-1693.04816859726,"x"
"7481",18349.1878635813,-16279.877165437,"x"
"7482",16858.030761751,-13641.7631351619,"x"
"7483",15355.0358097906,-9311.1470919825,"x"
"7484",12646.0948442662,-2175.14570015132,"x"
"7485",13366.0484195985,-3971.05445719553,"x"
"7486",15599.8849393599,-10384.2874231969,"x"
"7487",14872.6805938587,-8676.49243429781,"x"
"7488",12796.4132890242,-2733.37220177655,"x"
"7489",12586.7827625382,-2513.18505621965,"x"
"7490",13870.8244900415,-5333.32561388714,"x"
"7491",16122.9079954493,-11442.9648226014,"x"
"7492",12180.0161625821,-418.968125016989,"x"
"7493",16040.9529049899,-12428.4121326833,"x"
"7494",14384.7076115634,-7573.83978818744,"x"
"7495",11850.6102397036,1053.22426944893,"x"
"7496",17938.5762168596,-17012.4809228628,"x"
"7497",14567.8738532765,-8860.69110934461,"x"
"7498",15980.7558754589,-10997.2953242662,"x"
"7499",17468.6126497618,-14704.8151643162,"x"
"7500",14286.2454588133,-7203.28805170489,"x"
"7501",16730.528584821,-13080.4137764281,"x"
"7502",15679.441535131,-10405.2314968439,"x"
"7503",16227.2231541666,-12573.5138992123,"x"
"7504",15222.4545014588,-9758.63711076635,"x"
"7505",14351.9327413069,-7040.69927601382,"x"
"7506",12415.729215763,-4051.52495737042,"x"
"7507",14296.0586123503,-7000.59273654313,"x"
"7508",16174.1108896363,-11914.933793043,"x"
"7509",14944.4378012716,-8601.1601110568,"x"
"7510",17917.6281222844,-15400.3757563518,"x"
"7511",15553.3761581027,-10765.6052584013,"x"
"7512",17794.6171904749,-15276.5311167482,"x"
"7513",15704.824663114,-11292.0476756442,"x"
"7514",18165.6257441563,-15968.1303461269,"x"
"7515",15800.3875181057,-11354.4830879754,"x"
"7516",16620.1407490533,-13163.951311636,"x"
"7517",15852.5369958284,-10675.6709274075,"x"
"7518",15351.1735339872,-10184.4510131984,"x"
"7519",18274.0525133885,-16188.3252857694,"x"
"7520",15502.1401460445,-11200.0185967597,"x"
"7521",14961.4597756913,-8400.18164001128,"x"
"7522",16743.806792191,-13148.1303951986,"x"
"7523",13359.8521008784,-6040.06609811799,"x"
"7524",16807.6872802026,-13260.0300221969,"x"
"7525",15851.5506200674,-8909.68102722742,"x"
"7526",14555.5382621915,-9164.70929987821,"x"
"7527",15362.8099200426,-10206.0588881346,"x"
"7528",15767.4859891892,-9968.08317174148,"x"
"7529",17826.369232973,-15024.013055663,"x"
"7530",12066.199775209,-360.746703652036,"x"
"7531",13088.3734556922,-4978.74497632212,"x"
"7532",11445.6788820981,1503.24222807984,"x"
"7533",13158.3174511332,-5495.59637073638,"x"
"7534",17132.3714562017,-14297.3984930256,"x"
"7535",15303.7365226273,-9660.92547318029,"x"
"7536",12860.2352042744,-5172.18539680536,"x"
"7537",15820.6202271698,-10861.6846807356,"x"
"7538",16234.8179583967,-13043.619434068,"x"
"7539",14299.6291592302,-7623.88033527719,"x"
"7540",16729.1982890443,-14023.6073811426,"x"
"7541",17734.7073809483,-15490.6865371783,"x"
"7542",13577.0019249453,-5690.18549933313,"x"
"7543",18167.6269429371,-16154.4328553376,"x"
"7544",11930.8063924034,-790.344790178187,"x"
"7545",15160.6886912407,-9537.25006540118,"x"
"7546",17273.089871897,-14915.3030125082,"x"
"7547",17382.4120423186,-14749.4887434925,"x"
"7548",15675.8314911225,-10858.923709664,"x"
"7549",11616.5450941742,-1060.77907139122,"x"
"7550",15433.5967194346,-10335.0789387199,"x"
"7551",16012.7982403718,-11504.6120578165,"x"
"7552",14478.6085006086,-7525.52202934091,"x"
"7553",11259.7577497627,3335.95452925508,"x"
"7554",17252.7736239943,-15018.2136446904,"x"
"7555",14978.385905113,-9153.53446134219,"x"
"7556",14992.3114086036,-9558.29336364345,"x"
"7557",15951.1796471381,-11696.2095662634,"x"
"7558",16851.1372174969,-13111.7743202718,"x"
"7559",14408.5112213783,-9235.56651055029,"x"
"7560",15463.6408735011,-11100.8429504094,"x"
"7561",15330.5109929686,-9666.33886169773,"x"
"7562",11547.9947062712,-507.600125634253,"x"
"7563",17949.8537540293,-15413.0343561496,"x"
"7564",16899.1920990476,-14247.6176018503,"x"
"7565",15766.121355895,-10890.2489128424,"x"
"7566",17070.4033108974,-14011.9764445411,"x"
"7567",14889.7270998829,-9036.73888785174,"x"
"7568",17472.887883114,-14114.8187895139,"x"
"7569",18137.6679362897,-16136.4636102137,"x"
"7570",18063.9455261925,-15689.0210989604,"x"
"7571",17468.1394041514,-16602.3665197232,"x"
"7572",16378.9851410606,-12240.3260259045,"x"
"7573",10993.0692411461,1466.21607205021,"x"
"7574",12444.5642007644,-2917.97341452777,"x"
"7575",13849.6247161013,-5078.85740511126,"x"
"7576",17513.5162911614,-15114.8575165308,"x"
"7577",15798.187588191,-13522.4343537702,"x"
"7578",18211.2349597614,-15920.6291680172,"x"
"7579",13817.5927317719,-5520.61922612818,"x"
"7580",14841.7675000232,-9006.84451424537,"x"
"7581",16268.4810803694,-12307.5642884887,"x"
"7582",15200.3533099266,-9891.34722492762,"x"
"7583",16413.8809929694,-12947.5305338123,"x"
"7584",16250.3096221158,-11860.0457922923,"x"
"7585",15490.7282194443,-10617.3230362674,"x"
"7586",14848.8447998658,-8942.82549293782,"x"
"7587",16322.8468081793,-11304.9970652947,"x"
"7588",15302.708183167,-10283.2752075853,"x"
"7589",13717.7826752345,-4635.26544302935,"x"
"7590",12963.1167780871,-2994.28850316797,"x"
"7591",15182.3780259468,-9667.3939582792,"x"
"7592",14243.9521031219,-7654.84835882063,"x"
"7593",18236.5014859078,-16403.87784255,"x"
"7594",16404.4956278757,-11948.6235500096,"x"
"7595",16789.2081609266,-13960.352990109,"x"
"7596",15841.7482777295,-11469.4975677465,"x"
"7597",17563.7137468809,-14130.3524465594,"x"
"7598",18478.8081949552,-16833.236636281,"x"
"7599",15052.1865373465,-9152.18882845356,"x"
"7600",11883.683142635,-334.622186028735,"x"
"7601",15203.7742493083,-10348.0354960795,"x"
"7602",16229.3399691827,-11955.8859191877,"x"
"7603",13982.6235346083,-7415.51334041594,"x"
"7604",17838.2932838267,-15440.3261914474,"x"
"7605",14687.9881057737,-7771.7056758587,"x"
"7606",14993.7969638755,-9697.09292342908,"x"
"7607",18304.020065339,-16594.5223779332,"x"
"7608",16533.0120090826,-12048.841936202,"x"
"7609",15303.6911601713,-9869.06243403413,"x"
"7610",15510.9749858731,-10030.4187208666,"x"
"7611",9623.84875333065,7280.58911503532,"x"
"7612",16832.5210475244,-12829.4857456476,"x"
"7613",15944.7196373427,-11584.9001305433,"x"
"7614",16094.2794224838,-11459.1528992889,"x"
"7615",13530.6285394856,-4333.60115357113,"x"
"7616",11176.9629080674,2167.50339904858,"x"
"7617",13629.6837167551,-4674.85721911464,"x"
"7618",14927.4662307573,-7358.17798028735,"x"
"7619",14176.9542774089,-6753.66880057142,"x"
"7620",17285.0113781892,-13603.5798210185,"x"
"7621",14557.6267454363,-7954.54543755261,"x"
"7622",15009.6325276267,-8523.60051957499,"x"
"7623",13710.350762064,-5492.27511005788,"x"
"7624",17109.6414790307,-13979.7794821691,"x"
"7625",17250.6465714057,-13875.1788161582,"x"
"7626",13929.3172407157,-6300.06363900274,"x"
"7627",10445.1500412946,3255.93256638649,"x"
"7628",15681.6195758828,-10849.5816485092,"x"
"7629",11291.7671582286,487.716101984253,"x"
"7630",15657.6360000798,-9553.06975121585,"x"
"7631",12372.7163688379,-2400.17908948827,"x"
"7632",16654.1393171974,-12800.3112666053,"x"
"7633",15996.4713450521,-11130.9193185557,"x"
"7634",15956.269588454,-10879.5715064196,"x"
"7635",12824.7158391489,-3670.4075243679,"x"
"7636",13766.3823006369,-7243.74806380802,"x"
"7637",16015.1464112053,-11839.023317661,"x"
"7638",15844.9316217831,-9637.73489179632,"x"
"7639",16174.4038491981,-12025.6745968117,"x"
"7640",17341.6933145964,-14288.143698454,"x"
"7641",16020.3037532683,-12171.7167312055,"x"
"7642",15880.6620298583,-12040.5164803053,"x"
"7643",12934.7815995249,-2389.99881866657,"x"
"7644",14839.1883507337,-8663.05705085268,"x"
"7645",14559.9721581888,-8406.0916856402,"x"
"7646",16305.4062411686,-11882.1544959937,"x"
"7647",17042.2518191964,-13580.4975552415,"x"
"7648",12934.6020434576,-4476.44372318955,"x"
"7649",15635.3396419193,-10852.4389170799,"x"
"7650",14934.3648475097,-8369.53930207064,"x"
"7651",13452.8902535607,-5761.91755814207,"x"
"7652",13802.2743345632,-4334.24626073261,"x"
"7653",14478.7605314147,-8915.4708353421,"x"
"7654",13781.8007388052,-6478.48834425019,"x"
"7655",17947.7271153941,-15518.2848918203,"x"
"7656",16441.9339909064,-12031.2835237316,"x"
"7657",11196.9981273909,1889.74837660258,"x"
"7658",12809.4214448694,-3543.02646024124,"x"
"7659",14455.7990207355,-7910.46384086669,"x"
"7660",14756.5278233647,-8872.4892657959,"x"
"7661",16987.2182718927,-14088.7421277566,"x"
"7662",14310.5223942459,-7108.927351463,"x"
"7663",16991.4028951805,-13553.2731656663,"x"
"7664",17112.2540245397,-14478.0319192791,"x"
"7665",13553.339883851,-5399.99751710531,"x"
"7666",17709.8492515362,-14930.0733296645,"x"
"7667",17164.4998598205,-12479.6437781046,"x"
"7668",17131.0979235484,-13892.025721537,"x"
"7669",16785.5164417837,-12606.1480134943,"x"
"7670",14978.2990240397,-10396.0401529573,"x"
"7671",17562.7571023459,-14905.6004545835,"x"
"7672",16672.1263323533,-13302.9864227875,"x"
"7673",14485.1580432531,-8156.48069374631,"x"
"7674",18058.0369507636,-15501.0593795989,"x"
"7675",14610.878218716,-7514.04159989509,"x"
"7676",15644.3245092921,-11324.6893600414,"x"
"7677",14121.3674215469,-6576.36602776722,"x"
"7678",16212.1440795478,-11322.4133352175,"x"
"7679",14767.8927791246,-8543.37012558515,"x"
"7680",16342.1047102214,-11608.4391684606,"x"
"7681",14575.3566276806,-8350.19579944032,"x"
"7682",16168.2169755147,-13070.2354742711,"x"
"7683",12406.0231378996,-2142.06038269107,"x"
"7684",17262.8448124394,-14206.0080498356,"x"
"7685",16588.4132946049,-12256.9810942146,"x"
"7686",16846.5931213032,-13629.7629869283,"x"
"7687",12553.5936229825,-1718.52802223261,"x"
"7688",14469.8292532941,-7178.13069526012,"x"
"7689",10118.9126148028,5484.78008271298,"x"
"7690",16441.4786979723,-12993.8374253148,"x"
"7691",14045.9232605687,-6393.31183812797,"x"
"7692",11291.1680544904,-314.095644127279,"x"
"7693",14858.0662536929,-8644.83555261365,"x"
"7694",17059.8908016197,-13278.5438961686,"x"
"7695",12893.5419367533,-3753.16803213022,"x"
"7696",15891.92602025,-10965.1033255375,"x"
"7697",11784.9447303201,-1079.42354448835,"x"
"7698",17428.7554455199,-14377.6389043536,"x"
"7699",9522.26992776639,9561.10081501948,"x"
"7700",17883.1966069832,-16263.0662329955,"x"
"7701",15282.3413599018,-10120.2369126594,"x"
"7702",13282.0844598397,-6242.379942923,"x"
"7703",16163.1821582984,-11724.6952400235,"x"
"7704",10734.0791177642,3927.84563470702,"x"
"7705",12458.8773916714,-3015.59717805796,"x"
"7706",14257.7410177767,-7603.03433736997,"x"
"7707",14618.9410520327,-9434.15745371504,"x"
"7708",14217.7427378575,-6548.26594107618,"x"
"7709",16938.3949778736,-13498.9847233401,"x"
"7710",14011.1234048205,-5415.32873685974,"x"
"7711",13872.1135580376,-6336.14375542727,"x"
"7712",16359.3450995285,-12584.845686135,"x"
"7713",14890.9495555952,-8908.30981537582,"x"
"7714",14941.7589314619,-9531.66769536327,"x"
"7715",13926.0894704374,-6816.02415275707,"x"
"7716",15879.4401032283,-10983.1885807974,"x"
"7717",14798.1266883439,-8811.50262910634,"x"
"7718",14256.1479651242,-7711.61973326884,"x"
"7719",16149.8655832968,-11902.1717009749,"x"
"7720",13941.8408837049,-5732.98201739633,"x"
"7721",16786.210138077,-13553.1295607842,"x"
"7722",15396.7654255112,-11507.6549628576,"x"
"7723",16404.202020601,-11874.7826138721,"x"
"7724",18673.5812095576,-17875.4312110307,"x"
"7725",12083.3257622394,-1651.20157981221,"x"
"7726",14764.7152536006,-8581.03565144648,"x"
"7727",16480.4594061117,-12519.2783446434,"x"
"7728",11382.0953994043,1780.48340970731,"x"
"7729",18577.0527769938,-17600.194347468,"x"
"7730",16423.9609441664,-12657.3460749235,"x"
"7731",14539.9022421801,-8742.09513720994,"x"
"7732",14265.6623853461,-7114.4237779603,"x"
"7733",12712.9683706118,-3535.70250095533,"x"
"7734",12568.5925629764,-2108.44435669109,"x"
"7735",11568.0697534587,933.586060922837,"x"
"7736",16835.0100940827,-13183.9941723993,"x"
"7737",15779.2337824785,-10561.8463016641,"x"
"7738",17149.248641313,-14219.6270078334,"x"
"7739",15516.0227170728,-10129.3694336862,"x"
"7740",15112.6219428418,-9455.15223910799,"x"
"7741",13982.6629208923,-5916.64019747264,"x"
"7742",15691.931825398,-11078.5362864091,"x"
"7743",11645.868386046,-798.994219554064,"x"
"7744",14372.1322774154,-8098.0186889741,"x"
"7745",16989.7234845399,-13890.9082299726,"x"
"7746",16226.9623408754,-11276.4843637496,"x"
"7747",12801.6427948985,-3493.95019168727,"x"
"7748",11402.9367163258,2383.46315779208,"x"
"7749",14258.6796796872,-8070.16846699391,"x"
"7750",18233.0355612062,-16634.9381791603,"x"
"7751",15171.5516568995,-9914.35767213399,"x"
"7752",17689.4061017519,-14692.49488144,"x"
"7753",14105.8534719708,-7695.84556070519,"x"
"7754",15949.4763069124,-11246.0503864613,"x"
"7755",16944.0023646379,-13851.2502151503,"x"
"7756",15565.5517801631,-10982.8260226819,"x"
"7757",15739.7954649725,-11051.7934040781,"x"
"7758",13837.8618611149,-5392.05449341212,"x"
"7759",15136.6201362417,-11038.9994215392,"x"
"7760",16363.2384947351,-12341.9430905283,"x"
"7761",15047.9997574969,-9980.55509016123,"x"
"7762",16746.2723163052,-13735.1035777999,"x"
"7763",12325.2364573988,-1228.98442735163,"x"
"7764",13772.2738779196,-5619.85999781058,"x"
"7765",16686.4043885693,-13386.1922355033,"x"
"7766",11481.7150574441,-165.303450516038,"x"
"7767",15023.821868494,-10116.0541251321,"x"
"7768",18332.5890418364,-16477.3959977597,"x"
"7769",12017.5070114448,19.1637343812163,"x"
"7770",15893.8340628946,-11384.5301898737,"x"
"7771",13921.9768565471,-5751.24281102564,"x"
"7772",16531.2984001003,-13385.3966118566,"x"
"7773",15326.5302594337,-9550.18900724746,"x"
"7774",14608.806706386,-8457.01954048839,"x"
"7775",16931.3780236489,-13561.7388262038,"x"
"7776",15117.2300300811,-9499.80909809147,"x"
"7777",18177.1167320588,-16055.9946533804,"x"
"7778",15540.1319677727,-11527.7421085897,"x"
"7779",16276.6459994769,-12662.2199798714,"x"
"7780",13006.9848568345,-1515.09219518837,"x"
"7781",16440.7197540184,-11963.2680208784,"x"
"7782",12804.5211150722,-3027.3911854061,"x"
"7783",13513.8911825026,-6771.54309896947,"x"
"7784",16339.049379432,-12070.5247153047,"x"
"7785",15904.5221480035,-11282.5106590171,"x"
"7786",16877.8507174811,-13067.8897065443,"x"
"7787",18551.0434567893,-17240.9880132451,"x"
"7788",17444.4243271792,-13917.7514077503,"x"
"7789",17330.5478413069,-14661.0615806146,"x"
"7790",13998.2403098941,-7117.51088106515,"x"
"7791",15790.2790559372,-11210.7088965842,"x"
"7792",15006.0337776902,-9661.94273567381,"x"
"7793",17396.7642198074,-14936.0454842486,"x"
"7794",17102.2123633287,-13261.7936629612,"x"
"7795",15693.5106637878,-11114.2820471729,"x"
"7796",14072.64131124,-7689.31503112124,"x"
"7797",17720.6418646496,-15428.6619056501,"x"
"7798",18331.1465199051,-17138.8244066588,"x"
"7799",15929.0217374865,-10297.1367953811,"x"
"7800",16265.9017796082,-12262.7694225425,"x"
"7801",14630.8441336723,-8262.69035570773,"x"
"7802",17008.673486473,-13511.2247308587,"x"
"7803",14446.9474496854,-6526.83742728015,"x"
"7804",14312.7305447094,-7563.96115515951,"x"
"7805",17735.1696861656,-15017.0981410361,"x"
"7806",13068.8688299837,-2803.66812177952,"x"
"7807",11516.2923332142,840.956980330449,"x"
"7808",16185.3199471957,-11576.8750447136,"x"
"7809",16606.7983284236,-12993.3578967223,"x"
"7810",14408.5180779025,-7804.25643287022,"x"
"7811",11321.8426683052,-1222.48145881701,"x"
"7812",17986.7353380641,-16106.8416643182,"x"
"7813",17564.9547685433,-14833.4590592866,"x"
"7814",11179.9322419368,1473.80059777431,"x"
"7815",15789.0612760834,-10490.7139161795,"x"
"7816",15146.0653963176,-8879.38224199274,"x"
"7817",14123.2388185354,-6016.17065176975,"x"
"7818",15475.5391494222,-10556.9261381861,"x"
"7819",16189.7672262256,-10972.4792784693,"x"
"7820",16966.696179275,-14174.7490241269,"x"
"7821",17285.0511502967,-14318.3002687715,"x"
"7822",15354.1086288464,-9321.3979102739,"x"
"7823",18220.716932944,-16474.3787326956,"x"
"7824",15346.7099685622,-10982.1288812526,"x"
"7825",12839.3166683046,-2890.18981533023,"x"
"7826",17734.8130503986,-15381.0346463782,"x"
"7827",13619.7736301838,-5642.13966019928,"x"
"7828",17716.2015145422,-15317.133703893,"x"
"7829",16388.5374907256,-12026.2337639878,"x"
"7830",15011.9099457063,-8711.22117315266,"x"
"7831",16544.1008995885,-12484.8138734162,"x"
"7832",16184.8126947997,-11759.3565541448,"x"
"7833",16476.5764045151,-12280.7045865642,"x"
"7834",12966.4225686293,-3757.39559096681,"x"
"7835",13766.4921463639,-5309.30981750367,"x"
"7836",12153.939098438,-1236.86378067449,"x"
"7837",15128.9953567836,-9240.79446598686,"x"
"7838",13385.8060487975,-6301.43673466122,"x"
"7839",12019.6336993005,-871.65667633691,"x"
"7840",13691.3692883627,-5412.43319970036,"x"
"7841",14546.4209574152,-8615.63329664948,"x"
"7842",17133.0832774034,-13624.516865222,"x"
"7843",15702.1503001118,-10102.054945146,"x"
"7844",12714.7307242765,-2329.09647641581,"x"
"7845",16333.087251754,-12361.275778455,"x"
"7846",15216.6138371188,-10645.6248666318,"x"
"7847",17123.0617788234,-14595.2112632812,"x"
"7848",12966.4400178285,-2037.02490161278,"x"
"7849",14209.3428523635,-6691.00780948582,"x"
"7850",15791.3025635721,-12747.8543436227,"x"
"7851",15892.810824869,-10801.6632229064,"x"
"7852",14215.540534852,-6681.58680507664,"x"
"7853",12995.5486467485,-2526.60837309161,"x"
"7854",14403.6743262412,-8810.60793703345,"x"
"7855",14929.4692763607,-8437.04752404058,"x"
"7856",14750.7845352242,-8141.35980860296,"x"
"7857",9773.66262760558,8172.48656051867,"x"
"7858",14230.9775047646,-7488.01274930604,"x"
"7859",14488.8132089787,-8068.62837358413,"x"
"7860",17543.4182471376,-14649.3440263847,"x"
"7861",15011.5808635586,-8277.19472699947,"x"
"7862",13501.2172947321,-4408.62564387744,"x"
"7863",14940.517557221,-9177.12530012811,"x"
"7864",15945.650894274,-11529.4016267313,"x"
"7865",15214.4914413209,-8469.9767294155,"x"
"7866",16422.6140874285,-12468.3465915831,"x"
"7867",17464.3238493013,-14622.1428415624,"x"
"7868",17488.7527239174,-14807.3980267349,"x"
"7869",17339.7182562663,-14198.8367436961,"x"
"7870",14204.655998511,-8000.67555275169,"x"
"7871",15248.2286740624,-9578.53116666414,"x"
"7872",13978.9002242742,-7972.30528944961,"x"
"7873",17996.0642352213,-16028.4463036588,"x"
"7874",16352.1440370506,-11829.1425625763,"x"
"7875",14748.0503214527,-8801.66348199925,"x"
"7876",11613.1252512826,-1252.12146938908,"x"
"7877",15044.8222481554,-8336.32270973191,"x"
"7878",12632.5945253908,-3583.91492492233,"x"
"7879",16732.8562177245,-13061.0338352043,"x"
"7880",12082.6312587175,-1552.00221552592,"x"
"7881",13136.6121803199,-4562.66584266277,"x"
"7882",13057.4210372938,-5580.29540041293,"x"
"7883",18179.8251264212,-16300.3652185283,"x"
"7884",14492.4330100586,-8610.898363664,"x"
"7885",16035.1096353411,-12159.9133465044,"x"
"7886",15035.4466013475,-8285.23844550575,"x"
"7887",14808.7553998902,-8872.98214021907,"x"
"7888",17539.2810749287,-13727.586366671,"x"
"7889",12973.6055578835,-4564.03603806173,"x"
"7890",16089.2614618707,-11782.0132702244,"x"
"7891",15539.7006175947,-10000.7938592158,"x"
"7892",16635.7106723535,-11499.7594897515,"x"
"7893",15212.7488060347,-9098.09745576953,"x"
"7894",17565.3684316778,-15594.7241068906,"x"
"7895",15139.0544439891,-9349.49938806345,"x"
"7896",16921.799494657,-13463.2897407896,"x"
"7897",11286.1305660385,1887.04882737997,"x"
"7898",14191.963716575,-8528.5728726803,"x"
"7899",12221.1046686057,-1636.79665364193,"x"
"7900",13960.7677197787,-4430.11058846918,"x"
"7901",15209.6656407824,-9046.30944495104,"x"
"7902",12675.3739843685,-2532.6434316231,"x"
"7903",16571.4084900775,-13262.3687488448,"x"
"7904",16756.3318926979,-13418.9788164935,"x"
"7905",16395.8126428043,-12243.0007720898,"x"
"7906",15718.9010691945,-10385.1576210728,"x"
"7907",14739.4599296131,-8179.10168470822,"x"
"7908",16858.1615291104,-14835.6109626428,"x"
"7909",18333.2944820019,-16043.0123319035,"x"
"7910",16174.6277478924,-11395.1262442337,"x"
"7911",15840.568697526,-12448.0291281565,"x"
"7912",12087.1978582469,-883.74596152463,"x"
"7913",16924.0324886921,-13086.7145523056,"x"
"7914",16626.1850076729,-13588.7060480372,"x"
"7915",17441.453249862,-13995.1193369092,"x"
"7916",16499.711342062,-11878.5692680928,"x"
"7917",15516.2814184593,-9219.01708891896,"x"
"7918",16740.2042028747,-12995.1911580364,"x"
"7919",14464.766296025,-7989.32329595677,"x"
"7920",14021.5884509314,-6404.50927853028,"x"
"7921",16508.9655395612,-13022.6750090361,"x"
"7922",17994.3768567191,-15835.2661899244,"x"
"7923",16124.3970657795,-12092.9414899664,"x"
"7924",15284.6036522116,-8540.10214297954,"x"
"7925",17733.2960901577,-15277.2495300249,"x"
"7926",13968.7157169233,-5916.11549240009,"x"
"7927",14287.2705168302,-7601.29242860183,"x"
"7928",11687.0245259859,-2676.33712083527,"x"
"7929",14658.5537467294,-7524.07369305121,"x"
"7930",15211.4660836205,-8729.57437307696,"x"
"7931",14568.8036013527,-7632.90040608706,"x"
"7932",17570.8792801022,-14917.6895854273,"x"
"7933",14384.6776221007,-6187.76485666246,"x"
"7934",17999.577492129,-15809.3453662821,"x"
"7935",15848.7242259887,-9672.44138512942,"x"
"7936",13482.7534198892,-4904.65400870888,"x"
"7937",13436.4965847474,-5140.82203316402,"x"
"7938",13755.1836437992,-5634.55923552769,"x"
"7939",15846.4201219501,-10903.3013663035,"x"
"7940",14565.134210077,-7801.24689243482,"x"
"7941",15951.7263130525,-10799.9222339776,"x"
"7942",15190.5184668469,-8850.45482968392,"x"
"7943",12554.3614300238,-2279.84183787758,"x"
"7944",14715.2919703962,-8258.41312262385,"x"
"7945",14557.8031795199,-8741.43291352877,"x"
"7946",12413.2921912334,-2401.91657590282,"x"
"7947",16263.0669323287,-11951.902758878,"x"
"7948",16825.8619151264,-13219.9681019084,"x"
"7949",16198.4276145073,-11645.6161037659,"x"
"7950",12435.5852544853,-3899.80757742789,"x"
"7951",15078.9321810637,-7416.32581824178,"x"
"7952",13082.4424402526,-5012.95373300075,"x"
"7953",13700.1407752381,-5842.95136182955,"x"
"7954",9010.34626575307,8405.63049088471,"x"
"7955",18226.9296978635,-16158.3268590593,"x"
"7956",16428.1724719561,-12757.4360084593,"x"
"7957",16430.3972623407,-12473.678210831,"x"
"7958",14833.6468414813,-9150.68451383034,"x"
"7959",13957.7930014567,-6585.3709898003,"x"
"7960",17169.7729493286,-14398.0618160248,"x"
"7961",18584.7486264613,-16314.7193824731,"x"
"7962",14095.0917519488,-7082.656144702,"x"
"7963",13658.1866588209,-5239.21469238027,"x"
"7964",13463.9731057672,-4533.98829614039,"x"
"7965",13285.9804540539,-4317.66872543826,"x"
"7966",13901.7905472049,-5775.02838636709,"x"
"7967",15632.2372993334,-11587.1283305203,"x"
"7968",15712.2656845447,-12268.870136598,"x"
"7969",17037.4189972461,-14654.9359182989,"x"
"7970",17880.5541056538,-15683.1488827353,"x"
"7971",14209.8279808954,-5122.11986115107,"x"
"7972",13332.9669547907,-4397.61964313991,"x"
"7973",14079.7682785841,-7851.654952447,"x"
"7974",12825.7916405913,-3257.31353250677,"x"
"7975",14083.5599685677,-7782.20888470879,"x"
"7976",17410.6040273013,-14506.8685249824,"x"
"7977",18486.3537070314,-16624.4008858586,"x"
"7978",17222.4380986487,-13569.4075628501,"x"
"7979",14612.1456371649,-8043.68649891797,"x"
"7980",13338.7849433515,-5693.80194343785,"x"
"7981",13372.541998714,-5584.47699651854,"x"
"7982",15937.2550831893,-11617.0581302114,"x"
"7983",16064.4656011309,-12400.0353703734,"x"
"7984",16051.728041555,-11428.9654385674,"x"
"7985",15032.7599821907,-9819.96925436877,"x"
"7986",12746.1877304153,-3883.52269348468,"x"
"7987",17791.4438967673,-15644.3225863722,"x"
"7988",17122.6759086369,-14562.7028347955,"x"
"7989",15466.5222940091,-10402.5093976423,"x"
"7990",14884.0797045325,-9833.61399676453,"x"
"7991",17924.4708825152,-15073.560217757,"x"
"7992",8917.55608660817,8968.8204606465,"x"
"7993",17301.5725642688,-14272.5875499233,"x"
"7994",14636.9254851551,-9338.55825258757,"x"
"7995",11689.3052252954,1998.81125694033,"x"
"7996",16888.8514098433,-13895.8099855538,"x"
"7997",16137.549040236,-12520.8293984463,"x"
"7998",14535.9627310947,-7602.81389934169,"x"
"7999",16906.1689035275,-13029.6536881026,"x"
"8000",13765.83217477,-6219.11264482157,"x"
"8001",14495.2068940432,-7156.38809212441,"x"
"8002",14395.6315289035,-6678.93588352035,"x"
"8003",14256.0708971412,-6876.37298867134,"x"
"8004",13259.6181122472,-4133.18128265998,"x"
"8005",16020.2768336768,-11013.6368103238,"x"
"8006",14200.100145376,-7951.08967615536,"x"
"8007",14144.6817192894,-5457.67067201103,"x"
"8008",15940.7876537709,-11531.9018486883,"x"
"8009",17412.5419860768,-13976.5997451739,"x"
"8010",14526.2006074524,-5181.22018529465,"x"
"8011",14482.9647466312,-7632.63384342357,"x"
"8012",16547.1004866011,-14450.7822053814,"x"
"8013",14994.9827868287,-7930.20463455378,"x"
"8014",18253.5002456217,-16315.3693571028,"x"
"8015",11414.0353973678,15.2769716399671,"x"
"8016",14506.5538647865,-7304.05326166048,"x"
"8017",13919.2024163439,-7554.45771239439,"x"
"8018",17339.7003310489,-14143.6996441586,"x"
"8019",14707.0186786521,-8737.160756523,"x"
"8020",15738.213679093,-10572.7882727516,"x"
"8021",14387.836728657,-7005.01949869366,"x"
"8022",14927.914482125,-8140.62005854315,"x"
"8023",17266.6582631591,-14177.0172739162,"x"
"8024",16080.7998746056,-11642.8721000521,"x"
"8025",13503.7752355288,-7172.46410609804,"x"
"8026",17032.7516905367,-13102.7426340119,"x"
"8027",12999.9686209191,-4662.94564796342,"x"
"8028",17922.4412839456,-16655.823373941,"x"
"8029",14863.4668730362,-9546.3320432687,"x"
"8030",10362.5291703667,5702.79225456089,"x"
"8031",17191.9224704194,-14616.8016739163,"x"
"8032",10521.2637281416,3089.50849347492,"x"
"8033",13961.3805760455,-5540.49689938062,"x"
"8034",16943.3198464613,-13520.8613046354,"x"
"8035",17071.0954907281,-14980.4317856853,"x"
"8036",18063.0921896179,-16281.7304655295,"x"
"8037",16292.7157423713,-11722.2268986616,"x"
"8038",15096.2475326259,-9930.43960402858,"x"
"8039",11586.9348876435,-286.390802247854,"x"
"8040",14218.4473494371,-7387.15977135556,"x"
"8041",17713.9233079646,-15452.5378769662,"x"
"8042",15725.8377342699,-10211.8309322753,"x"
"8043",15806.9098769849,-10396.706898083,"x"
"8044",15223.9866964978,-10018.3372328629,"x"
"8045",12372.2590415381,-1526.86897371347,"x"
"8046",18428.6495529846,-16383.5871311241,"x"
"8047",14954.963988186,-10225.4360668118,"x"
"8048",14734.8897910305,-8270.66033521313,"x"
"8049",10049.7829932857,3417.0276891163,"x"
"8050",15410.6932830369,-9082.49952634856,"x"
"8051",14626.3157761535,-7336.28257842152,"x"
"8052",17605.0215846913,-14049.9548057022,"x"
"8053",13607.2110782879,-4771.90944638757,"x"
"8054",13962.8542653329,-7198.71846588727,"x"
"8055",16607.1341231359,-11977.7644532304,"x"
"8056",13590.4516441312,-5260.77832473496,"x"
"8057",15876.7983071541,-11013.5336886497,"x"
"8058",16730.2374134773,-12871.4143546438,"x"
"8059",15853.2752237669,-11413.7551224793,"x"
"8060",18501.760917883,-17651.7320165342,"x"
"8061",15374.86541455,-10114.2942042991,"x"
"8062",16553.0729747426,-13093.2190349956,"x"
"8063",17528.2457500902,-14533.3529026063,"x"
"8064",12771.0599173619,-2783.4343500788,"x"
"8065",15975.2795201054,-11282.5068591761,"x"
"8066",18226.1943491784,-16504.0681960669,"x"
"8067",15142.1668525587,-9960.17117498325,"x"
"8068",11231.9804635688,457.716747121682,"x"
"8069",14189.8484178311,-6954.01250850999,"x"
"8070",17916.6863372573,-15412.3879577662,"x"
"8071",17328.3405647665,-14167.8258014424,"x"
"8072",18852.4660622583,-18124.7379108027,"x"
"8073",13682.3765580916,-5686.32552081197,"x"
"8074",15083.9807015289,-9361.10702538741,"x"
"8075",14493.6475335378,-8602.15443714085,"x"
"8076",16998.6465992781,-13038.792807572,"x"
"8077",14525.4598540113,-7678.08042259734,"x"
"8078",17408.4518096123,-14507.2245203818,"x"
"8079",15754.3405994629,-10853.0445977726,"x"
"8080",15919.0667218256,-10879.3115645884,"x"
"8081",12782.0979477132,-1662.56944093266,"x"
"8082",15675.0984993785,-10319.9942274187,"x"
"8083",16505.0867968248,-12438.3552007389,"x"
"8084",18433.6417130564,-16751.2557325222,"x"
"8085",17259.1424006389,-15365.2550125447,"x"
"8086",12782.5147569574,-4884.85909836456,"x"
"8087",14024.7906814455,-5674.41051394128,"x"
"8088",14538.2254708781,-7656.50521923087,"x"
"8089",11541.8338367187,-638.213351944545,"x"
"8090",15068.2073144231,-8120.76279136753,"x"
"8091",15086.0870491799,-9704.2123395757,"x"
"8092",17318.7882086093,-13658.7543513889,"x"
"8093",14999.9625770151,-9042.68093289315,"x"
"8094",15946.5102987371,-11820.9225660335,"x"
"8095",15901.9439489385,-10658.3231142873,"x"
"8096",17715.2074568137,-15386.759036968,"x"
"8097",13440.6307628056,-6148.07679821138,"x"
"8098",13345.0006595344,-3978.1363167654,"x"
"8099",11986.5924470416,235.942541335458,"x"
"8100",14352.3517507969,-4887.29755001544,"x"
"8101",17760.7794113113,-14300.0032990306,"x"
"8102",17849.9651141187,-14638.9058764257,"x"
"8103",16151.5549349114,-12016.5892813331,"x"
"8104",17652.9640642062,-15075.3628108861,"x"
"8105",15818.366617466,-10664.0524403867,"x"
"8106",13521.4033715709,-4404.60488290171,"x"
"8107",16841.6336969272,-13192.0616616345,"x"
"8108",18517.5549770967,-17180.9861015559,"x"
"8109",17735.9544047577,-15776.6718773955,"x"
"8110",14389.677989563,-7850.30939810856,"x"
"8111",16345.2197728338,-12088.1063161332,"x"
"8112",16057.8710843044,-12619.6429479989,"x"
"8113",18877.1617821292,-17653.4978498317,"x"
"8114",16519.9695351934,-13065.6587394371,"x"
"8115",16385.3156877503,-11767.911069164,"x"
"8116",17410.4746268953,-14109.567548213,"x"
"8117",15778.7807156568,-10955.843811512,"x"
"8118",17236.4936084456,-14946.6089332555,"x"
"8119",18050.4157022859,-15581.9831058747,"x"
"8120",12302.5571365573,-4592.93118970116,"x"
"8121",16721.2053951127,-13933.7526256023,"x"
"8122",15198.6409009068,-8196.8101613131,"x"
"8123",17652.563772323,-14921.2129149556,"x"
"8124",15904.5680632585,-11495.9759928299,"x"
"8125",17709.448510728,-14943.1006908062,"x"
"8126",17805.423708433,-15495.5742705719,"x"
"8127",12722.3993805714,-5150.08769779956,"x"
"8128",17291.9030742635,-13999.0258028399,"x"
"8129",15949.9217611316,-11145.4443851362,"x"
"8130",16018.3780214661,-10994.4949398629,"x"
"8131",14913.7830925976,-10490.3982041921,"x"
"8132",13045.6169147419,-4135.35772407558,"x"
"8133",16699.869964652,-12680.3048334012,"x"
"8134",15531.2848455608,-10587.8210239486,"x"
"8135",16930.8550798114,-13907.8462205769,"x"
"8136",16793.0978960792,-13342.3636465014,"x"
"8137",14129.0286796188,-6844.0940382832,"x"
"8138",15138.4546242059,-7923.60171133853,"x"
"8139",15415.0562722437,-10043.5278145659,"x"
"8140",17801.4821948842,-15258.2955625885,"x"
"8141",12790.8868537652,-2777.99923707848,"x"
"8142",17858.6411194139,-15452.5891958119,"x"
"8143",12478.8680931412,-1785.09217767844,"x"
"8144",13573.8283597221,-4743.05152501474,"x"
"8145",16143.2972589159,-11281.5127116193,"x"
"8146",12355.1018576061,248.058560202186,"x"
"8147",16176.2517065215,-11086.7103083581,"x"
"8148",12971.6294498829,-3646.69623917256,"x"
"8149",16517.6507948093,-12384.339321311,"x"
"8150",17717.6868769304,-14736.9228161925,"x"
"8151",16874.8616027566,-13775.249530967,"x"
"8152",15673.3576867278,-10910.4454634093,"x"
"8153",15972.9495512674,-12466.1478034129,"x"
"8154",18042.4739046828,-15842.8704731073,"x"
"8155",14427.2899416942,-7691.23739612188,"x"
"8156",13567.352926646,-4837.16833897725,"x"
"8157",13512.4982722773,-4526.32972227667,"x"
"8158",15334.9826911561,-9753.8034239477,"x"
"8159",13888.3869229321,-3698.33385380108,"x"
"8160",12850.3685090737,-1955.24077821237,"x"
"8161",14842.4905672116,-7524.97170231246,"x"
"8162",17103.7517259264,-13661.52936023,"x"
"8163",13272.7405355669,-4582.68875651617,"x"
"8164",16360.70636111,-12205.4611913361,"x"
"8165",13341.2428031969,-4768.57356450701,"x"
"8166",16874.7417881442,-13631.4432115664,"x"
"8167",14772.4464738031,-7433.70423165594,"x"
"8168",18164.7884675253,-15738.0513614155,"x"
"8169",13345.7103548641,-4912.03601770986,"x"
"8170",15849.2331751033,-11791.8555599332,"x"
"8171",17467.703485664,-14588.0937881776,"x"
"8172",13328.8029188989,-5071.8664018224,"x"
"8173",14931.5029678496,-9076.62335527705,"x"
"8174",17496.6411150865,-14294.3621604801,"x"
"8175",14409.8304440184,-7303.25319916917,"x"
"8176",14676.4874287165,-8032.78964110567,"x"
"8177",9625.72191496141,7005.70480409628,"x"
"8178",16313.9331717682,-12838.1923147645,"x"
"8179",15454.0811785039,-11861.1876738834,"x"
"8180",16042.2728446916,-11926.9673248813,"x"
"8181",16624.6413713042,-13120.0374881232,"x"
"8182",15118.9244540927,-9635.93452928479,"x"
"8183",12414.9153264919,-2308.30235085337,"x"
"8184",16327.027943187,-11087.3109111009,"x"
"8185",13717.3982230611,-7386.95874170477,"x"
"8186",13735.7004245423,-6515.30919114096,"x"
"8187",16324.6019806446,-11653.4835593068,"x"
"8188",14801.6244468646,-7976.44703592464,"x"
"8189",17733.3570337377,-15147.2817520643,"x"
"8190",9364.08771898857,5176.87947595378,"x"
"8191",13640.7527004488,-5673.28828991079,"x"
"8192",16934.1715666599,-12836.3443127146,"x"
"8193",13869.399991133,-4145.64730224202,"x"
"8194",15879.7610905112,-11496.9905856082,"x"
"8195",15466.0072477736,-10644.5950276457,"x"
"8196",17142.9124009042,-13755.6000194649,"x"
"8197",12704.9000887771,-2359.75263254348,"x"
"8198",12354.0996279645,-2024.11934376281,"x"
"8199",17531.294082843,-13865.8096850268,"x"
"8200",16257.5677509484,-12634.4899937288,"x"
"8201",14345.8499034434,-7750.32683942084,"x"
"8202",15001.8273445554,-8469.38672908684,"x"
"8203",17394.3938472267,-14582.9083093795,"x"
"8204",14878.2104839027,-9266.23954164179,"x"
"8205",14050.7329998605,-6875.54850146877,"x"
"8206",13751.6192082962,-7093.29147577766,"x"
"8207",17869.7100691385,-16832.5505175332,"x"
"8208",15386.3279791126,-9433.95698043222,"x"
"8209",15026.3163168478,-8608.88461989607,"x"
"8210",13948.200734038,-5931.8383406955,"x"
"8211",16524.7612743049,-12131.9546299001,"x"
"8212",14025.7190891236,-6375.34981650523,"x"
"8213",15689.5772870349,-10923.7447327642,"x"
"8214",13548.1155821188,-3330.45303687052,"x"
"8215",16443.4769454269,-12932.0805569019,"x"
"8216",17134.0248595489,-14385.856311055,"x"
"8217",18468.8871954008,-16132.1063520551,"x"
"8218",12702.222359305,-2602.09406148503,"x"
"8219",16462.6490617753,-11793.836841518,"x"
"8220",16218.2229819754,-12430.7528190546,"x"
"8221",13382.6204747461,-2685.66990532183,"x"
"8222",10388.933820993,6775.0089584974,"x"
"8223",16615.8824417092,-12979.3770526656,"x"
"8224",15486.5020476765,-10658.8184690415,"x"
"8225",17162.1302543311,-14008.3136855294,"x"
"8226",13393.9154033802,-6142.95534940269,"x"
"8227",17651.3528327461,-14105.7010713107,"x"
"8228",17453.6790791454,-14325.6469450303,"x"
"8229",14630.0785246294,-7041.85078037821,"x"
"8230",16042.0248176439,-11355.8990179423,"x"
"8231",17955.9321756338,-15360.5134584961,"x"
"8232",15511.4558525865,-10383.1868631221,"x"
"8233",15685.0896111397,-9345.53136090698,"x"
"8234",15111.4841305757,-9628.01537637238,"x"
"8235",15610.3790178953,-10173.6247483392,"x"
"8236",14837.7629117252,-8784.77083146052,"x"
"8237",16253.0041482438,-12647.5236860031,"x"
"8238",16812.4799845076,-13426.1161027938,"x"
"8239",14497.9370521142,-7839.71884966526,"x"
"8240",14598.0916099943,-7272.75099003731,"x"
"8241",13297.5675114436,-3017.95996516477,"x"
"8242",13439.9599183283,-5362.60026722325,"x"
"8243",16042.2475810909,-11973.7151016091,"x"
"8244",14334.9470254456,-7538.74288008457,"x"
"8245",17565.2395104624,-15010.9813205085,"x"
"8246",11557.0398286348,-642.04747039,"x"
"8247",9762.35865354475,3957.49295303988,"x"
"8248",15674.8471808984,-10960.0968437552,"x"
"8249",16263.16395454,-13683.3424675007,"x"
"8250",14557.243237396,-9572.39090737899,"x"
"8251",17047.6860015947,-13495.5324238781,"x"
"8252",12863.616931982,-4018.93354482569,"x"
"8253",12996.129324674,-4510.34886855427,"x"
"8254",18371.6373585513,-16921.4514350319,"x"
"8255",12001.3432470046,-2609.33284542585,"x"
"8256",16608.2955666729,-12254.0383607984,"x"
"8257",15134.6606409261,-10124.5925655317,"x"
"8258",14835.8479436939,-8433.86011646878,"x"
"8259",13319.7132616073,-4989.53394646043,"x"
"8260",15107.9330789431,-8760.12775535886,"x"
"8261",13185.0633965666,-1757.77278763612,"x"
"8262",14803.5365247971,-8347.48066704855,"x"
"8263",16341.9312138873,-13104.2169232898,"x"
"8264",12858.2593459742,-4191.30890026799,"x"
"8265",15590.4437663598,-10822.9736359644,"x"
"8266",14875.1094106537,-9368.15068937677,"x"
"8267",15915.1546408583,-11019.2020571742,"x"
"8268",15334.6964317761,-9516.04241881094,"x"
"8269",14945.3601634607,-8740.23249468735,"x"
"8270",16416.52541548,-12172.265419821,"x"
"8271",13758.1630953054,-6452.0875387642,"x"
"8272",15569.992318454,-9861.59451642734,"x"
"8273",14588.1775385322,-8411.59507608959,"x"
"8274",13005.6443106174,-2512.8755920086,"x"
"8275",18423.9666801824,-16666.5112144464,"x"
"8276",17200.7386462301,-14327.6441378746,"x"
"8277",15018.3490259705,-8450.9409324066,"x"
"8278",15483.6107155317,-9193.48751796308,"x"
"8279",15408.6019817588,-11443.2457508687,"x"
"8280",10312.8562753197,6578.2411509118,"x"
"8281",10568.7736429188,2789.38693538011,"x"
"8282",14081.9444278857,-6226.81045717419,"x"
"8283",9275.98430043947,8840.37692868305,"x"
"8284",15989.7260088663,-12317.739212442,"x"
"8285",16825.3793035842,-13613.7001366062,"x"
"8286",17599.7138157468,-14831.359215307,"x"
"8287",17067.3088002253,-14628.6454261845,"x"
"8288",15200.2609112056,-10237.3277379568,"x"
"8289",16454.8402500796,-13119.0886932264,"x"
"8290",18689.0957148493,-17108.0461495591,"x"
"8291",13684.5005406727,-6886.28617646843,"x"
"8292",14676.2022542552,-7282.90849723232,"x"
"8293",12907.3668417221,-2589.97816615407,"x"
"8294",17407.132466274,-14884.3372967999,"x"
"8295",15684.6734085068,-10897.9034623446,"x"
"8296",15146.6932899625,-9477.89568228342,"x"
"8297",15890.0532723696,-12256.2074654144,"x"
"8298",14509.3551453027,-8050.27593294791,"x"
"8299",15467.7016947786,-10156.9138464491,"x"
"8300",14602.699945427,-8533.10024598695,"x"
"8301",17027.4783948273,-13370.6235040345,"x"
"8302",18712.3839923376,-17406.1881311336,"x"
"8303",17032.9767150375,-14451.1073741377,"x"
"8304",17240.0129583345,-13185.7169825384,"x"
"8305",14791.6904438794,-8461.6383247283,"x"
"8306",14453.4362347695,-8400.41853360722,"x"
"8307",17221.3088606933,-14095.9488374424,"x"
"8308",15581.6132054302,-10728.6519637922,"x"
"8309",14395.1477590166,-7801.31444346947,"x"
"8310",14437.0132108225,-8855.27563970866,"x"
"8311",15038.6441519476,-8760.88234659955,"x"
"8312",15579.1444643916,-11114.9311158855,"x"
"8313",18278.570141976,-16105.7503821154,"x"
"8314",15668.5954991503,-11381.5333304248,"x"
"8315",14500.472285272,-8542.88644536926,"x"
"8316",12860.992071335,-3622.45776139978,"x"
"8317",11974.3909903231,165.341816513977,"x"
"8318",16476.4140564767,-13613.3570352314,"x"
"8319",14312.8821252291,-6457.04006596853,"x"
"8320",10767.071657048,1433.10548647581,"x"
"8321",12306.5044296673,-1859.86974218117,"x"
"8322",13787.2348512826,-5851.35774197927,"x"
"8323",16720.8578908585,-12463.1775038874,"x"
"8324",13139.9878949881,-3814.06619822347,"x"
"8325",13257.0793288153,-4905.89574449615,"x"
"8326",15630.2596302366,-9752.74658920342,"x"
"8327",15122.5801461122,-9682.2584908539,"x"
"8328",15087.9469639703,-9776.28441302262,"x"
"8329",13384.8393230887,-4722.98629273344,"x"
"8330",16754.259150296,-13043.0851703345,"x"
"8331",16160.9672728988,-12360.2113402492,"x"
"8332",12056.554243409,-774.765947185337,"x"
"8333",13081.4600218138,-4120.03443252452,"x"
"8334",17020.5296817709,-13716.351377645,"x"
"8335",15301.3721872089,-10105.9642218877,"x"
"8336",16620.3842786435,-13632.9398273018,"x"
"8337",17957.296035202,-15113.6648705167,"x"
"8338",15533.7459319109,-11460.9666182765,"x"
"8339",15107.9077992595,-9195.07400573966,"x"
"8340",15016.5267807069,-9376.15651567282,"x"
"8341",16943.2776539952,-13592.5256828043,"x"
"8342",15910.2805616078,-11247.8348172919,"x"
"8343",14758.1080137053,-8373.58481694633,"x"
"8344",17272.6800581116,-13731.8897478079,"x"
"8345",13977.404836781,-7834.82833397194,"x"
"8346",16773.0632298292,-12846.7200346298,"x"
"8347",13940.2827975221,-6554.50802371899,"x"
"8348",11008.0742640262,1172.34505262628,"x"
"8349",13157.6297580057,-4255.80598462855,"x"
"8350",12677.2240814589,-3582.05987933411,"x"
"8351",15589.4091925646,-11639.847483725,"x"
"8352",14827.4004344952,-8845.76406340058,"x"
"8353",14119.7898900835,-6700.77069813458,"x"
"8354",14868.8970847623,-8892.38536491193,"x"
"8355",13847.8145696645,-6764.11478749893,"x"
"8356",15523.7475100834,-9731.41307380745,"x"
"8357",15560.6725062387,-10394.376700515,"x"
"8358",15640.241136432,-11008.9401134538,"x"
"8359",18258.7773924369,-16170.2163223189,"x"
"8360",17567.1495338966,-14936.4968902171,"x"
"8361",15615.8036858347,-10308.0637501101,"x"
"8362",15835.7325485017,-10537.0596662705,"x"
"8363",18235.5953338781,-15942.7420803566,"x"
"8364",17109.1942490363,-14942.2278542691,"x"
"8365",14743.8963154251,-7973.08092517982,"x"
"8366",15333.7980462358,-8552.02018411374,"x"
"8367",11570.2534413198,1952.0127827028,"x"
"8368",16481.8385274943,-13095.1239860158,"x"
"8369",17841.8108204907,-15618.8647346115,"x"
"8370",16502.3390419585,-12836.5002847798,"x"
"8371",17705.8588295102,-14731.5247082726,"x"
"8372",13343.1178372291,-5692.45220215399,"x"
"8373",15059.8142935325,-9214.13849117798,"x"
"8374",13932.8870464499,-5894.80890901207,"x"
"8375",15461.7177081195,-9843.88876884816,"x"
"8376",18000.2782402549,-15393.4115239682,"x"
"8377",15188.3163619542,-9723.95970378595,"x"
"8378",17624.9795276914,-15708.3840792387,"x"
"8379",17320.8448824672,-14193.1443601015,"x"
"8380",14256.8046933118,-9308.43606851216,"x"
"8381",14744.3549451608,-10150.7641782192,"x"
"8382",15170.0519802449,-9551.82265600459,"x"
"8383",18457.88487659,-16660.9774920082,"x"
"8384",18652.3839943957,-16820.1354320801,"x"
"8385",17242.7508012298,-14108.4706317097,"x"
"8386",9584.76748138042,5918.38823768852,"x"
"8387",17486.4374049685,-14017.5822161943,"x"
"8388",14027.6094554986,-7876.32858648902,"x"
"8389",12509.1239897382,-2604.75938887445,"x"
"8390",13997.506805003,-6447.45669619213,"x"
"8391",17117.8748896682,-13733.6272579841,"x"
"8392",13966.8219186149,-7078.57443469253,"x"
"8393",12267.1033921044,300.465471829008,"x"
"8394",18097.6913089269,-15869.6150017612,"x"
"8395",15913.1772535559,-10681.940393278,"x"
"8396",17243.8013339315,-13997.7471431462,"x"
"8397",16557.3373819886,-11630.5553323629,"x"
"8398",17133.299529038,-13759.7404242506,"x"
"8399",16196.5531281694,-11574.064843051,"x"
"8400",15992.087395878,-10733.099589233,"x"
"8401",16482.2172767125,-12263.5523489123,"x"
"8402",17471.9367214328,-14820.8146125371,"x"
"8403",18315.0194934973,-17056.0533497574,"x"
"8404",10575.4703812058,3439.02508598082,"x"
"8405",16470.4289785074,-12449.3309110345,"x"
"8406",16652.403713911,-13104.3364667882,"x"
"8407",16213.9473195223,-11455.86061576,"x"
"8408",15687.5023404539,-10453.5928931462,"x"
"8409",13462.5009727522,-5080.42067319648,"x"
"8410",13282.3489264051,-4992.86948817666,"x"
"8411",15971.5841337704,-11128.9331766664,"x"
"8412",13747.8308123294,-5148.62490751192,"x"
"8413",17975.9655146671,-15732.827378354,"x"
"8414",13098.2389120723,-4486.1508164925,"x"
"8415",16332.0863431816,-12218.7387272179,"x"
"8416",14758.0247266033,-8687.037144732,"x"
"8417",15748.4661862714,-9566.68745431666,"x"
"8418",16626.4033677906,-12792.907657252,"x"
"8419",17083.3743570938,-13741.1608095843,"x"
"8420",14987.1245966668,-10375.1579126139,"x"
"8421",13317.3264630247,-5502.52851312043,"x"
"8422",16130.3029358148,-11463.5124514204,"x"
"8423",15361.2755715496,-10269.7862811405,"x"
"8424",14922.80695749,-8229.29509588761,"x"
"8425",12533.6302245488,-2965.22808922492,"x"
"8426",18771.0145488188,-17497.6897550647,"x"
"8427",15547.8833864225,-10181.5977131341,"x"
"8428",13664.4318732315,-5423.35390338979,"x"
"8429",14261.7811823091,-6940.74199216913,"x"
"8430",12243.9995040251,-651.11601511958,"x"
"8431",15476.0901012363,-11305.878479529,"x"
"8432",15550.3471769585,-11465.291636412,"x"
"8433",12484.0168483852,-2621.56954657587,"x"
"8434",14503.149611422,-7824.73902686069,"x"
"8435",16472.9325767822,-13270.8201374478,"x"
"8436",13764.1669519614,-5208.21030355316,"x"
"8437",15620.9526183183,-12047.9222554589,"x"
"8438",15265.7485318415,-9760.19240838833,"x"
"8439",17928.6310172235,-16082.6795406254,"x"
"8440",13018.9778477442,-3022.99608860034,"x"
"8441",17526.7010977949,-15229.3252655768,"x"
"8442",15886.0259008077,-11295.4832107048,"x"
"8443",17170.8368354315,-14289.4917436161,"x"
"8444",16578.9170764135,-12837.8000101217,"x"
"8445",17134.1583106029,-14054.8826833151,"x"
"8446",18450.8688662185,-16669.2128755146,"x"
"8447",13864.9346368143,-6006.90289364672,"x"
"8448",17104.4556559129,-13240.4816202144,"x"
"8449",14788.7307280201,-8538.27013365612,"x"
"8450",13375.9392386022,-7025.75420704559,"x"
"8451",14471.5753361887,-8561.21008456172,"x"
"8452",15326.045991612,-9463.78439114113,"x"
"8453",14034.2531067971,-6945.29621585658,"x"
"8454",17653.5191386109,-15287.5622220731,"x"
"8455",16283.2860900138,-12080.4759423866,"x"
"8456",16065.0854020797,-12658.7401610093,"x"
"8457",15271.314250778,-8893.28904861139,"x"
"8458",14416.5632602092,-8929.50658093018,"x"
"8459",11259.0660148779,-189.139345951377,"x"
"8460",17730.7494132284,-15753.0821137994,"x"
"8461",15607.0661909225,-10554.6846497378,"x"
"8462",14738.5583028932,-8219.93709275288,"x"
"8463",13134.7128046418,-3803.13576960099,"x"
"8464",16237.385977988,-12719.6670614656,"x"
"8465",17966.8211079615,-16179.3475585161,"x"
"8466",16211.8516270182,-12143.7715937754,"x"
"8467",17230.336711995,-14083.4796111506,"x"
"8468",15104.7402626866,-9163.09271450083,"x"
"8469",16025.586320743,-12423.946682814,"x"
"8470",14974.3572817353,-9142.74126103414,"x"
"8471",17716.3229811241,-14797.4536650074,"x"
"8472",14406.0079015962,-7921.67650269828,"x"
"8473",16774.3198414343,-13565.655036464,"x"
"8474",15941.3825526041,-11596.8948068745,"x"
"8475",18141.6213873361,-16049.6745967958,"x"
"8476",13431.7483782815,-5382.70453966554,"x"
"8477",13576.5235550627,-5262.90925360717,"x"
"8478",14663.4682733112,-7844.67264688138,"x"
"8479",13602.6852158373,-4611.00410975194,"x"
"8480",15177.1955437257,-9027.89641245097,"x"
"8481",10860.4422300518,5197.71250205923,"x"
"8482",18254.386297896,-16034.1332200284,"x"
"8483",12156.3889718737,335.643452151384,"x"
"8484",16649.8142308013,-12242.5391837997,"x"
"8485",17451.2385941164,-14601.7467227874,"x"
"8486",13885.2413661043,-6529.85356862741,"x"
"8487",16355.2526953298,-12729.2441717113,"x"
"8488",18606.6787016933,-17081.811268993,"x"
"8489",16744.6528096692,-13066.5566645072,"x"
"8490",17789.0658308776,-15082.814029733,"x"
"8491",16880.4772336635,-13502.6778191751,"x"
"8492",16796.5089389495,-13131.9814164624,"x"
"8493",16924.2755882352,-13456.6640172533,"x"
"8494",17737.4829634933,-15670.8540617573,"x"
"8495",13866.8825411661,-7348.8873731105,"x"
"8496",13205.8462772823,-5086.21823178676,"x"
"8497",14223.9266109252,-7608.09170717589,"x"
"8498",17768.3768199305,-14990.9703920092,"x"
"8499",15526.0429542816,-9476.73768636152,"x"
"8500",13880.8883875632,-6698.54101854552,"x"
"8501",13387.4577356509,-4848.88731113016,"x"
"8502",18582.042739302,-17594.9370353889,"x"
"8503",12183.9766951908,-1493.55114118866,"x"
"8504",17718.2529927365,-14823.8948472717,"x"
"8505",15477.6372092397,-9698.35431442089,"x"
"8506",13874.0808927931,-5213.68288089435,"x"
"8507",13848.3659524636,-5707.87294853853,"x"
"8508",10995.7663995155,875.690702665963,"x"
"8509",12787.5846312484,-4066.3456688729,"x"
"8510",15043.6049251975,-9555.034633069,"x"
"8511",14361.5846075354,-5720.70586518106,"x"
"8512",17938.8881998094,-15337.8184840554,"x"
"8513",12646.9474132834,-2232.86910333315,"x"
"8514",16560.8552669509,-13087.8278947022,"x"
"8515",13355.1358393786,-5741.7634315133,"x"
"8516",16864.5150166263,-13969.1508892553,"x"
"8517",16814.116791326,-14137.3816784482,"x"
"8518",16025.7557519434,-11585.1346734855,"x"
"8519",14816.4005038151,-8335.2367384508,"x"
"8520",13324.3920042988,-5409.43454794583,"x"
"8521",18318.9955951357,-16287.0039577956,"x"
"8522",11785.7034202267,-1390.80128222644,"x"
"8523",15171.2636676956,-10813.5399923805,"x"
"8524",17847.4738250472,-15572.6920956778,"x"
"8525",16597.1971609468,-12666.3487931307,"x"
"8526",12957.5637819937,-3111.51833786029,"x"
"8527",14612.4073882528,-7850.54917521472,"x"
"8528",15297.9014167421,-8724.72248830644,"x"
"8529",14765.0034734462,-8695.15520405075,"x"
"8530",14556.0121595994,-8164.04072064587,"x"
"8531",14046.5669092242,-6783.34373789286,"x"
"8532",16029.2782496053,-11639.9126623705,"x"
"8533",15991.0215564004,-11066.5600196051,"x"
"8534",16572.0307920454,-13706.492810207,"x"
"8535",16266.5156111946,-12230.443611048,"x"
"8536",10640.1725731676,3804.46981885708,"x"
"8537",11859.4206979001,-62.2922677473525,"x"
"8538",17750.3492314112,-15873.0730199752,"x"
"8539",15804.9206188318,-10357.0782490681,"x"
"8540",17252.3442930386,-13316.8911366349,"x"
"8541",17212.441729999,-14582.1766629983,"x"
"8542",15078.4720751445,-9514.89524537332,"x"
"8543",13583.3333183391,-5617.29681671746,"x"
"8544",11782.628295349,1553.17280870847,"x"
"8545",15146.4239934205,-8881.09405178798,"x"
"8546",15552.574932717,-10214.3754347988,"x"
"8547",16067.2961011274,-11505.5867881908,"x"
"8548",13963.0089154386,-6971.56051906844,"x"
"8549",18321.4048428272,-17139.0893743838,"x"
"8550",13147.1196180892,-3660.72068056445,"x"
"8551",17309.0502671808,-13845.3597337878,"x"
"8552",16929.6064733502,-13006.9367671347,"x"
"8553",14354.2049141318,-6432.61113406994,"x"
"8554",11893.4460076026,-1309.43946528346,"x"
"8555",16790.3705779515,-13557.6122112536,"x"
"8556",15106.4792309317,-9260.60751683784,"x"
"8557",15196.1584263354,-9065.024202096,"x"
"8558",17014.8331370074,-13835.0193226427,"x"
"8559",16864.3917737198,-13311.0097321363,"x"
"8560",18090.9180630072,-16027.6840028718,"x"
"8561",15620.4619954501,-10804.785368372,"x"
"8562",12904.7137449204,-5024.58282192438,"x"
"8563",16373.2724489403,-12129.7122009857,"x"
"8564",14030.4572113871,-6074.03007047941,"x"
"8565",17045.7922591389,-14279.1996352551,"x"
"8566",17475.1014274046,-14439.992969374,"x"
"8567",14082.8314500617,-7072.43924957177,"x"
"8568",13580.2151461858,-6734.8367492662,"x"
"8569",13540.9757936944,-5403.70764244101,"x"
"8570",16384.0276920849,-12730.0575657974,"x"
"8571",18192.9254980087,-16208.2541820642,"x"
"8572",14007.6797981327,-7296.00553690705,"x"
"8573",17025.4677386623,-13938.6920868837,"x"
"8574",14983.1346435091,-9107.93309898189,"x"
"8575",13411.6851384359,-4945.02777900742,"x"
"8576",16686.0501095345,-13600.0023917076,"x"
"8577",18132.3780913891,-16494.3078920524,"x"
"8578",16278.4208086419,-11334.4752339127,"x"
"8579",13162.4999571177,-1740.95576205259,"x"
"8580",15050.5009336816,-9053.71818315906,"x"
"8581",13283.18047499,-4564.34874482543,"x"
"8582",14394.7868276503,-6179.47897066995,"x"
"8583",16922.2085726514,-12727.3624045871,"x"
"8584",11259.7962196939,1777.85375598531,"x"
"8585",12003.3765454608,-1481.26285162803,"x"
"8586",12686.5014169457,-3462.94884408278,"x"
"8587",15944.22743336,-11216.9883010251,"x"
"8588",14332.6849604356,-5222.67697723891,"x"
"8589",14095.8454297446,-7171.51822396974,"x"
"8590",15449.3717933082,-11163.8780961917,"x"
"8591",18364.0957440813,-16348.0286847432,"x"
"8592",15990.6584087281,-10763.7419019683,"x"
"8593",13266.1253799928,-5354.885449052,"x"
"8594",15451.7920522528,-10695.7053358659,"x"
"8595",14070.3085892349,-3447.73210281808,"x"
"8596",15118.6757410024,-8604.03873794823,"x"
"8597",13560.6226929167,-5308.96564473956,"x"
"8598",12983.5211078941,-4341.04069149977,"x"
"8599",17041.1867139854,-13881.2061578955,"x"
"8600",17689.7743263069,-15277.178437019,"x"
"8601",17235.9303114078,-14068.1183322923,"x"
"8602",15583.0689044616,-9241.80790058999,"x"
"8603",17873.6956288077,-14892.115127169,"x"
"8604",17731.1183575794,-16163.7564670939,"x"
"8605",16555.2794696497,-12928.6520538874,"x"
"8606",15673.1086670203,-11434.4227668968,"x"
"8607",16799.6852287016,-12906.6561277008,"x"
"8608",14327.9222055515,-7273.64113360966,"x"
"8609",15708.2702219505,-10446.758897467,"x"
"8610",15328.2876553476,-9829.34629087288,"x"
"8611",10900.1750846956,4804.84681299432,"x"
"8612",14869.4390484085,-8118.15691688586,"x"
"8613",16455.2553758447,-12915.8611107023,"x"
"8614",16000.7541871593,-11393.205475022,"x"
"8615",16226.2824705641,-12465.0703611113,"x"
"8616",16001.3281923518,-11104.7424889645,"x"
"8617",16827.8008448743,-13556.6813566426,"x"
"8618",14910.5816721786,-8479.58529424726,"x"
"8619",14443.4213419795,-7501.96270545598,"x"
"8620",18435.7276984256,-16554.1431764365,"x"
"8621",15305.3559122522,-10676.0878999688,"x"
"8622",16329.295623205,-12083.6269191957,"x"
"8623",14750.4334263006,-9160.75187691961,"x"
"8624",13685.4964204591,-6694.95120643802,"x"
"8625",16882.7615181608,-13136.1923972155,"x"
"8626",17410.3704783838,-14793.7743687709,"x"
"8627",15491.9809016873,-10012.8965668822,"x"
"8628",15174.4943609483,-9569.60394648266,"x"
"8629",15426.0491636926,-10189.3795079802,"x"
"8630",16101.847833343,-11255.3218905159,"x"
"8631",14195.9689647018,-7980.87150030882,"x"
"8632",17559.471280561,-14337.305522489,"x"
"8633",13618.4888975284,-5144.56531977794,"x"
"8634",17551.7611438879,-15106.828665735,"x"
"8635",16281.6599403768,-12695.4419718131,"x"
"8636",17805.6547562188,-15272.9620938727,"x"
"8637",14093.2407682303,-6416.21295981924,"x"
"8638",17944.6696677653,-15615.7528647713,"x"
"8639",18549.479751061,-16385.4115248878,"x"
"8640",16669.7034238145,-12712.8064185922,"x"
"8641",18020.6417669317,-15774.0355173546,"x"
"8642",16719.6391218042,-13270.0395999518,"x"
"8643",14661.3746574566,-7217.54834142434,"x"
"8644",17218.9804157857,-14485.3848806473,"x"
"8645",14217.9346246109,-8237.98790869292,"x"
"8646",16567.3823171491,-12142.1785501602,"x"
"8647",13011.069888344,-4713.70014189893,"x"
"8648",13973.9358247893,-5505.38508954712,"x"
"8649",17315.664750174,-13893.3740656291,"x"
"8650",17841.3264910242,-15842.6051657396,"x"
"8651",16208.3241934462,-12205.0898903354,"x"
"8652",16076.4065409753,-12586.7583762787,"x"
"8653",15604.5869434819,-10954.6809699023,"x"
"8654",16076.6241292896,-11154.6170263783,"x"
"8655",15537.4845682149,-9661.481885246,"x"
"8656",16103.2452416306,-11988.9436407289,"x"
"8657",16731.5428518829,-13178.0669387622,"x"
"8658",13637.9174956472,-5353.35074133469,"x"
"8659",17036.4634509222,-13253.7317402854,"x"
"8660",16695.1205065318,-12820.2258449627,"x"
"8661",12046.3130417687,-2620.60205486235,"x"
"8662",17094.852549616,-14332.3702254944,"x"
"8663",14577.1555092748,-8291.33073939097,"x"
"8664",13946.974824992,-5591.70695332008,"x"
"8665",14061.1951658224,-6469.11704301328,"x"
"8666",14212.6121030931,-6784.89237623259,"x"
"8667",13122.3966933886,-3539.59112698341,"x"
"8668",14017.3259612353,-6512.83512286053,"x"
"8669",15905.2613479889,-12095.2106576449,"x"
"8670",17333.4758171691,-14967.8742325052,"x"
"8671",14730.4961860117,-7757.42398258431,"x"
"8672",17328.8055077053,-14380.6663827721,"x"
"8673",16446.2530987563,-13827.800608951,"x"
"8674",16508.1708451483,-12418.06375646,"x"
"8675",16654.8784906253,-12362.4150845217,"x"
"8676",13100.3612736785,-6070.37776856709,"x"
"8677",13570.2533043455,-5320.20207090938,"x"
"8678",16167.3447130653,-12346.8461285395,"x"
"8679",18346.4302077026,-16598.1429681188,"x"
"8680",14969.9615272692,-8627.14490542357,"x"
"8681",12296.1875591756,-1261.72876802426,"x"
"8682",17481.8854550411,-15117.8908382839,"x"
"8683",17012.5975396221,-14494.0689530249,"x"
"8684",14569.3224786173,-7436.05805188739,"x"
"8685",14303.4654039596,-6975.47114462745,"x"
"8686",15366.458261143,-10631.458501463,"x"
"8687",17617.2887790261,-15954.452788272,"x"
"8688",16540.6129604803,-14031.6666717439,"x"
"8689",10151.8109425856,4449.61112840664,"x"
"8690",16975.6337716918,-13703.2184881109,"x"
"8691",17597.8439497925,-14443.5032880248,"x"
"8692",15374.8997309527,-9290.23959538053,"x"
"8693",15817.1238014826,-10956.4921286627,"x"
"8694",15101.2801750855,-9174.43236534541,"x"
"8695",17082.445983265,-14126.846916605,"x"
"8696",15058.1140279672,-8896.78088761175,"x"
"8697",15441.3793978569,-8931.63150145113,"x"
"8698",15128.6382624076,-9409.99537645436,"x"
"8699",15334.7991652314,-9665.96980475887,"x"
"8700",13915.9465244859,-5996.10444514859,"x"
"8701",10514.5410179701,2243.02782276474,"x"
"8702",13340.827315153,-2548.55256858837,"x"
"8703",17880.6227763457,-15067.7714331611,"x"
"8704",14669.2420340349,-8672.8608956847,"x"
"8705",13816.7703069674,-5608.04716978776,"x"
"8706",15811.4850756035,-11634.5870203869,"x"
"8707",16763.627730835,-13625.3988040647,"x"
"8708",16402.5099224552,-12264.5475739251,"x"
"8709",14515.4175063976,-6365.13433054523,"x"
"8710",16826.7343677523,-13988.7939773595,"x"
"8711",11940.3373026891,-979.221464433598,"x"
"8712",17965.8708755785,-15539.8757283657,"x"
"8713",15855.5851176154,-11150.1286808892,"x"
"8714",14397.4495336401,-7093.81029015644,"x"
"8715",14020.7965236197,-6146.60091371281,"x"
"8716",11964.9396671796,-1307.84225428839,"x"
"8717",14857.7904707646,-8607.01445418724,"x"
"8718",14646.1946621243,-8248.32460011684,"x"
"8719",14398.4561647661,-7594.82013496139,"x"
"8720",12272.7020747359,-417.357258369539,"x"
"8721",16609.6263854373,-12138.1847683716,"x"
"8722",14954.3209696763,-9054.03952288636,"x"
"8723",14076.6906325421,-8453.67758794673,"x"
"8724",16402.7867671959,-13581.2798360836,"x"
"8725",14329.8089429678,-6511.4058292312,"x"
"8726",18451.0100159125,-17491.3054835893,"x"
"8727",12283.6419834544,-2076.66197097745,"x"
"8728",18769.1427238444,-17480.0367422607,"x"
"8729",15890.0044460491,-11353.3320687328,"x"
"8730",15097.409570931,-9873.36096725848,"x"
"8731",16523.4461784653,-12339.7974455331,"x"
"8732",17604.2992347579,-15080.6688850262,"x"
"8733",17062.8437942933,-13687.2650316045,"x"
"8734",14753.9419070707,-7556.84100495837,"x"
"8735",12731.2729680807,-3913.56647358173,"x"
"8736",12861.0504918769,-2341.98884681865,"x"
"8737",17337.3535870181,-13425.1653041089,"x"
"8738",12752.9607454522,-2274.3248178391,"x"
"8739",14441.3921076857,-7224.14025255872,"x"
"8740",14210.1683319901,-6109.88642727199,"x"
"8741",13981.4298040887,-6882.25520208109,"x"
"8742",14614.3996990639,-7768.63276783668,"x"
"8743",12397.8830172979,-2385.28612381009,"x"
"8744",15772.5061726366,-10941.2661000371,"x"
"8745",14226.9858934172,-9091.90085515611,"x"
"8746",14096.8644736264,-7700.20016154754,"x"
"8747",18681.1967993024,-17554.4793727176,"x"
"8748",17023.2535229188,-13128.344019568,"x"
"8749",10614.9288380492,2943.65237316969,"x"
"8750",15563.5069920141,-10677.6130605594,"x"
"8751",18653.1093008926,-17131.25640945,"x"
"8752",14844.0498477847,-7578.96972259624,"x"
"8753",12541.9325206905,199.745186059627,"x"
"8754",14929.1169383113,-8803.7873176294,"x"
"8755",15619.7240690646,-10492.0907719662,"x"
"8756",14555.0980611424,-8257.76265897377,"x"
"8757",17673.4130989439,-14970.2474989064,"x"
"8758",11574.6473437695,823.916417444843,"x"
"8759",16302.666232956,-12979.6495389018,"x"
"8760",17011.500886846,-13665.2737893316,"x"
"8761",12989.8136902923,-5385.87239695205,"x"
"8762",15863.8899765331,-11353.2168826061,"x"
"8763",15760.6503228972,-11893.5003760466,"x"
"8764",15734.8321566945,-10903.3634963329,"x"
"8765",7760.73545888516,11591.7056234548,"x"
"8766",13032.2934219825,-4589.30299193875,"x"
"8767",13553.2541546257,-5478.90132735218,"x"
"8768",16864.1486924827,-13423.0236111767,"x"
"8769",15575.6372894678,-9971.69709773484,"x"
"8770",16462.1346577518,-13322.3564312104,"x"
"8771",15270.5692559903,-9762.8691928314,"x"
"8772",17069.4161638589,-13665.1993163655,"x"
"8773",14548.7584287488,-8115.03580261302,"x"
"8774",11775.7563795053,923.762261315591,"x"
"8775",17782.844823734,-15165.853409853,"x"
"8776",15965.3127077432,-11847.5342578434,"x"
"8777",16941.9444536774,-13209.3000015953,"x"
"8778",14142.0674598743,-6163.96001303533,"x"
"8779",15525.4989793991,-10432.8350185676,"x"
"8780",14439.6251585333,-7045.10270600451,"x"
"8781",17093.431662213,-13840.4047827175,"x"
"8782",13892.5164986947,-6193.86033637794,"x"
"8783",18284.3687998422,-15932.2099025028,"x"
"8784",13411.9514745628,-4742.03519203064,"x"
"8785",15893.4957229996,-10549.476833938,"x"
"8786",16919.3030787544,-13423.915019983,"x"
"8787",15125.8182904302,-10646.1296522817,"x"
"8788",14218.7132966347,-6857.87584377078,"x"
"8789",13582.0945927974,-5377.44222725239,"x"
"8790",14478.3192825343,-7053.17947492525,"x"
"8791",18129.5684044095,-16120.812401638,"x"
"8792",11286.8546785931,2105.24072263699,"x"
"8793",14733.2408054061,-7926.37914191847,"x"
"8794",12506.9459522011,-1078.75798732814,"x"
"8795",14353.9077376221,-6562.63106377983,"x"
"8796",13457.6357196245,-5914.88273707011,"x"
"8797",15332.6970518649,-9795.47507752722,"x"
"8798",14926.2970738402,-8948.46489475736,"x"
"8799",14957.8406422524,-8751.79992980228,"x"
"8800",13815.8753157462,-5019.71498172607,"x"
"8801",13298.0288217258,-5545.89832113322,"x"
"8802",16566.4692542427,-12733.1080317964,"x"
"8803",15174.4986387555,-9799.91781176451,"x"
"8804",12055.2833657849,-2939.66405730114,"x"
"8805",14847.3479397068,-8540.63970852593,"x"
"8806",12782.0574625856,-4670.49811374714,"x"
"8807",15847.5277773958,-11566.5824630843,"x"
"8808",13109.0202855477,-4528.22128350276,"x"
"8809",16403.91074824,-12709.9360261186,"x"
"8810",16194.5497306549,-13129.2393010715,"x"
"8811",16510.1511564474,-12564.9468515228,"x"
"8812",15576.0381581996,-10529.8604032572,"x"
"8813",14961.0533802086,-9463.2689176546,"x"
"8814",10962.842009077,993.879655184044,"x"
"8815",17111.9930178559,-15046.7627947211,"x"
"8816",15863.9364865876,-11128.9681769268,"x"
"8817",16740.155272314,-13677.5120751076,"x"
"8818",16604.4830583922,-13285.1161200268,"x"
"8819",15919.8313910663,-11172.4107318372,"x"
"8820",16981.5487839484,-14030.560693264,"x"
"8821",14385.5939248569,-7042.77248246541,"x"
"8822",15197.1132626264,-10951.7088457384,"x"
"8823",16674.8137574315,-13478.0647108972,"x"
"8824",15881.2150760302,-11753.7738719557,"x"
"8825",14729.8797848218,-8341.84370472184,"x"
"8826",15132.3594073572,-10753.9502469206,"x"
"8827",17016.3809239033,-13092.4769355212,"x"
"8828",16161.2144512067,-12458.5346298021,"x"
"8829",14118.9127188997,-6865.93038606692,"x"
"8830",18076.4201332921,-15864.3356148199,"x"
"8831",13095.0930538359,-3138.1633378827,"x"
"8832",14097.8451325591,-4571.36221816025,"x"
"8833",17378.5213391939,-13821.8055861661,"x"
"8834",13986.4922586172,-6180.90833958376,"x"
"8835",17564.6756199293,-14826.2629034297,"x"
"8836",14018.1763235988,-5705.01940691962,"x"
"8837",16508.5479062385,-14007.8718727968,"x"
"8838",16932.814520244,-13240.9675582194,"x"
"8839",18069.1370370555,-15651.1483083217,"x"
"8840",15196.4340619229,-9553.48703909301,"x"
"8841",16524.2351488938,-11987.7336469198,"x"
"8842",15838.2132306125,-11925.655892612,"x"
"8843",17258.7321870243,-14179.1501268578,"x"
"8844",14466.58050458,-8750.89024600664,"x"
"8845",14551.9086266597,-9717.12776475146,"x"
"8846",17395.1146620914,-14875.069623936,"x"
"8847",15616.9060781385,-10869.8099616931,"x"
"8848",11220.0721105577,-11.2065548732353,"x"
"8849",16171.4575375388,-11452.4449582548,"x"
"8850",15708.0674020836,-11597.6737015168,"x"
"8851",11541.2908871622,-578.466823468656,"x"
"8852",15074.4781395264,-8739.44867970421,"x"
"8853",15026.708875196,-8989.04774096557,"x"
"8854",15747.2916027952,-10788.5750972083,"x"
"8855",13541.3585174187,-5977.77500000273,"x"
"8856",15449.6655182112,-11436.3312732312,"x"
"8857",16286.7263294432,-11921.4029932477,"x"
"8858",9479.93118719204,5314.41709763328,"x"
"8859",11519.9174283324,-337.635004878435,"x"
"8860",16428.2955393948,-11927.882020335,"x"
"8861",14063.6623112914,-7623.95674998027,"x"
"8862",14155.0655494843,-6646.19445091563,"x"
"8863",15710.5955880857,-11976.6601013638,"x"
"8864",17394.798408748,-14207.0539268667,"x"
"8865",17927.9384182959,-16097.2678348712,"x"
"8866",17848.112761747,-14492.4469396791,"x"
"8867",16944.763017502,-12672.6137275944,"x"
"8868",15936.3107267172,-12290.2094474504,"x"
"8869",12968.560538373,-5063.53832211852,"x"
"8870",17765.4274733424,-14745.0244704304,"x"
"8871",16496.0065115528,-13178.3472326007,"x"
"8872",17178.0944036394,-14390.9794653611,"x"
"8873",14394.4429664553,-8276.78696482647,"x"
"8874",11268.1094391422,-359.490131893483,"x"
"8875",17090.8631747599,-14123.5474061327,"x"
"8876",13235.3332408813,-6604.48076929835,"x"
"8877",14630.2231323837,-8033.80255064402,"x"
"8878",16504.2420885609,-12193.3168034592,"x"
"8879",17406.4166665663,-15124.1885116198,"x"
"8880",17543.2003444468,-14163.7977735534,"x"
"8881",17446.9467470657,-14815.265014058,"x"
"8882",13033.3299747189,-4232.31507881356,"x"
"8883",16491.5449576686,-12419.3755237096,"x"
"8884",14967.7875964172,-8238.68839594478,"x"
"8885",13690.6034410653,-5893.95057331389,"x"
"8886",13808.2664287963,-7135.83433727232,"x"
"8887",16333.8530166314,-12689.2607590408,"x"
"8888",17845.1975608747,-15633.311804045,"x"
"8889",16802.6046848565,-13594.1954767156,"x"
"8890",9197.379597262,10687.1221722573,"x"
"8891",13358.4088266533,-3640.32014987287,"x"
"8892",16321.6290660579,-11726.2229611746,"x"
"8893",10711.032065201,3073.56290314677,"x"
"8894",16668.2571177101,-13423.6147992102,"x"
"8895",15770.1562343309,-11830.5456792771,"x"
"8896",16170.7644126711,-11555.4338842756,"x"
"8897",15404.5936444993,-10768.82789959,"x"
"8898",16265.143782343,-12001.9416058406,"x"
"8899",16313.6467378348,-12885.3889986434,"x"
"8900",17822.781565113,-15205.0786313779,"x"
"8901",12984.7198912395,-3248.79614738466,"x"
"8902",13554.980621324,-5704.78153572447,"x"
"8903",10748.1541930193,2697.99117089609,"x"
"8904",15748.7186700296,-11595.2357862123,"x"
"8905",15598.6605795072,-11566.3426697684,"x"
"8906",13508.7596573196,-6066.14003814796,"x"
"8907",10179.7444843697,6966.03450125186,"x"
"8908",13872.0572354416,-7036.28044620952,"x"
"8909",15557.2299482222,-11104.8397432873,"x"
"8910",16108.2696042809,-11442.4521094182,"x"
"8911",15682.7353491039,-10541.1219878482,"x"
"8912",15359.0658217071,-10595.9972927833,"x"
"8913",16321.3130875641,-13318.3655781176,"x"
"8914",16652.3137207923,-12720.3362332708,"x"
"8915",13949.1641456003,-6458.3295552552,"x"
"8916",13663.4932971206,-4873.05419461395,"x"
"8917",17709.0631597512,-15872.7550510801,"x"
"8918",15007.3964894965,-10318.9863929803,"x"
"8919",17108.8033770965,-14363.5383400351,"x"
"8920",14992.203182157,-8665.03238720451,"x"
"8921",16868.5075002602,-13453.6711928767,"x"
"8922",16876.453996539,-13902.496359385,"x"
"8923",16225.239806651,-12190.4096502004,"x"
"8924",16363.5531145134,-12057.146288431,"x"
"8925",16275.284551787,-11343.588139278,"x"
"8926",16542.1911307081,-13169.0142333634,"x"
"8927",16263.3612474814,-12427.5946619918,"x"
"8928",17868.5432088164,-15077.868918723,"x"
"8929",15134.9773606671,-10542.9835323269,"x"
"8930",11260.7029569954,2412.28752091739,"x"
"8931",15670.4726682919,-11555.3085361474,"x"
"8932",15513.121090585,-10725.879434978,"x"
"8933",10638.9434709936,2227.57713291327,"x"
"8934",12326.0576490524,-2010.56055354112,"x"
"8935",14733.5704182998,-7062.57106525784,"x"
"8936",13698.2051605493,-5686.57009871092,"x"
"8937",14103.0534918084,-8341.62269010488,"x"
"8938",17636.6621724125,-14700.4789457181,"x"
"8939",14256.5228383014,-7357.27103081384,"x"
"8940",12830.4051523648,-3597.02286660987,"x"
"8941",14722.2507505293,-8661.72658070573,"x"
"8942",18444.4588878965,-17000.6196310575,"x"
"8943",14661.1734694157,-7547.97593691263,"x"
"8944",15648.7890846657,-10993.2903315799,"x"
"8945",14388.6817321153,-8386.51757195301,"x"
"8946",15218.8821854949,-9381.38717690921,"x"
"8947",13665.247896684,-4324.46953394976,"x"
"8948",16251.6245108414,-11533.742500285,"x"
"8949",17215.1466675248,-14627.4600241197,"x"
"8950",11230.6151551013,3248.09016769145,"x"
"8951",16602.8656420474,-12603.683792724,"x"
"8952",14212.1344825116,-6406.17825863733,"x"
"8953",14828.5921864167,-9253.06503365192,"x"
"8954",16128.4700196949,-12653.407464891,"x"
"8955",14409.1392263451,-6977.55702976772,"x"
"8956",14104.8080736729,-6748.34071853584,"x"
"8957",14062.6337996394,-6101.75063322919,"x"
"8958",16072.396242773,-12124.6351255953,"x"
"8959",17052.1663539009,-14072.0785342757,"x"
"8960",15446.1987283447,-10707.1958632376,"x"
"8961",14781.1145609364,-9636.42763942126,"x"
"8962",13721.352032992,-7836.62352119505,"x"
"8963",15924.462314629,-10518.2174945064,"x"
"8964",18484.5240848373,-16176.9806979183,"x"
"8965",14116.1229798591,-7096.59268606183,"x"
"8966",17572.1345150658,-14952.4816365578,"x"
"8967",14436.642320666,-7247.94796875818,"x"
"8968",17509.105946845,-14373.6460113258,"x"
"8969",17564.4568588819,-14704.4304581982,"x"
"8970",15662.5536285241,-11554.3377522218,"x"
"8971",16851.5014181262,-13193.0915808592,"x"
"8972",17187.4572325541,-13434.5525191312,"x"
"8973",14006.8298636025,-6514.48025376906,"x"
"8974",15741.5816402303,-11534.5513480241,"x"
"8975",15155.6772917196,-10836.9724034282,"x"
"8976",16224.0606879862,-12505.2644016195,"x"
"8977",15556.2524840345,-10851.2286176638,"x"
"8978",14382.4308737662,-7834.57530468197,"x"
"8979",12079.7162530062,902.680434989532,"x"
"8980",17902.7949364435,-15158.655373367,"x"
"8981",17161.2649375516,-15189.9520138796,"x"
"8982",14729.4777456632,-8019.17502597452,"x"
"8983",17272.5929814459,-15655.2296859626,"x"
"8984",14324.5573138911,-7729.31084937074,"x"
"8985",16523.7052339073,-13175.1645597953,"x"
"8986",15897.985523175,-11796.9935690878,"x"
"8987",15089.1232480521,-9167.05676144069,"x"
"8988",16024.8468733069,-11062.8266105956,"x"
"8989",15246.7264357654,-9330.59707819812,"x"
"8990",8957.91073229414,10011.6240520743,"x"
"8991",16128.422862205,-12437.0035824222,"x"
"8992",14202.1701729763,-7958.45300172053,"x"
"8993",11845.4714932441,-133.480100212177,"x"
"8994",15257.5236389498,-10628.0702662218,"x"
"8995",16569.2165294105,-12458.7529780285,"x"
"8996",15179.4110439881,-9968.95480660024,"x"
"8997",14572.6600038767,-11281.4968630933,"x"
"8998",16091.9791583767,-11210.5235670849,"x"
"8999",14790.4298044957,-7781.21723012495,"x"
"9000",15476.4677288536,-9817.8775941767,"x"
"9001",16345.4162090844,-12772.1713705695,"x"
"9002",12308.8193027651,-1097.68794580106,"x"
"9003",14702.7486664812,-8552.23648181654,"x"
"9004",15998.1599850313,-10710.0217696056,"x"
"9005",11952.5504762776,-1320.86666690857,"x"
"9006",16801.5116623189,-13655.1980944586,"x"
"9007",15768.0694481992,-11347.7412690199,"x"
"9008",16749.7728656921,-11348.7599342111,"x"
"9009",16556.7182654027,-12921.4203337672,"x"
"9010",12748.2199374031,-3374.70995569865,"x"
"9011",13794.5868103568,-6257.93538780321,"x"
"9012",17174.8733023973,-13706.2786426909,"x"
"9013",17882.7188375706,-16347.8810610177,"x"
"9014",9630.45941804588,5441.78017742569,"x"
"9015",17041.3286952689,-13207.115740649,"x"
"9016",13969.4812454528,-8270.5419079547,"x"
"9017",16480.0926282145,-12889.3377875156,"x"
"9018",13355.6957188659,-6041.77504346273,"x"
"9019",13832.3287080436,-7372.31139373262,"x"
"9020",14874.6101158156,-7728.43290077424,"x"
"9021",15673.1140418904,-10236.739744714,"x"
"9022",15348.3898483045,-10419.653005211,"x"
"9023",16122.8151804685,-11634.2737468685,"x"
"9024",14149.2525576304,-7084.29297568016,"x"
"9025",16212.3859439469,-12019.2053431478,"x"
"9026",12234.1155709601,-3590.50807453707,"x"
"9027",17057.9709213683,-13709.4182040342,"x"
"9028",16512.2641683133,-12916.423304661,"x"
"9029",14814.1177303843,-10011.7315222411,"x"
"9030",13700.5314267212,-3949.00593940487,"x"
"9031",15009.1415538075,-9031.50836109351,"x"
"9032",17411.0025163719,-14077.2868183872,"x"
"9033",15611.2735271485,-10154.7513818234,"x"
"9034",16275.0788628393,-12091.5509774406,"x"
"9035",13726.4725930399,-5821.32101563118,"x"
"9036",14814.8555459017,-8211.91786300155,"x"
"9037",15567.5050469255,-10125.7862283496,"x"
"9038",13541.968674174,-5376.94959824467,"x"
"9039",14914.9523910558,-7884.10503163492,"x"
"9040",15623.2371952469,-10749.2998924766,"x"
"9041",12673.8587467567,-2424.17809314612,"x"
"9042",12427.016342551,-2865.85738809378,"x"
"9043",13943.2746827665,-5409.56810192489,"x"
"9044",16675.2047968117,-13265.3023861587,"x"
"9045",11450.3333880868,1316.65162649418,"x"
"9046",14668.9047596168,-8772.01507949878,"x"
"9047",10946.0012637937,2837.2123109614,"x"
"9048",14107.8880405958,-7871.18318858391,"x"
"9049",15070.3582749084,-9100.85510687887,"x"
"9050",16266.2455282331,-11642.0691684069,"x"
"9051",11426.8985911961,-602.955890276024,"x"
"9052",15671.1563803936,-11313.9427418531,"x"
"9053",14715.8183580137,-8779.62872433245,"x"
"9054",13251.3493022836,-4654.24507644519,"x"
"9055",17061.6861160623,-14094.8877713478,"x"
"9056",13358.9337539027,-5358.00969584006,"x"
"9057",14769.3360543109,-7313.59945092714,"x"
"9058",14167.3448900253,-8066.45340450821,"x"
"9059",16550.012194288,-12452.182319198,"x"
"9060",18825.7898249731,-17426.343032729,"x"
"9061",17318.6757435164,-13805.1271763405,"x"
"9062",17115.1003101466,-13900.8005409023,"x"
"9063",16350.1825922812,-11764.6224345833,"x"
"9064",14315.9427368666,-7582.90074290332,"x"
"9065",17144.801612576,-13772.5008763854,"x"
"9066",18145.087709821,-15607.8803830088,"x"
"9067",17284.3482048102,-13867.3573366821,"x"
"9068",13011.0780987574,-4534.20160680325,"x"
"9069",15729.1263982168,-11169.5891264838,"x"
"9070",14374.9302798786,-8349.60407585446,"x"
"9071",17053.2141411454,-13389.3316724496,"x"
"9072",16071.9470488359,-11432.6308995126,"x"
"9073",18311.8745202065,-16373.9086093458,"x"
"9074",16782.9322604761,-13044.4691632351,"x"
"9075",15088.2527403525,-10035.3808618941,"x"
"9076",16031.0434374464,-11541.1382959952,"x"
"9077",13096.2375004052,-2950.46218604192,"x"
"9078",16397.0569140361,-11244.8828799275,"x"
"9079",15139.3146619053,-8287.52513330254,"x"
"9080",16471.4998417104,-12143.9922238914,"x"
"9081",15127.5943366597,-10119.6842953791,"x"
"9082",15119.369901634,-10412.0039113752,"x"
"9083",17199.7548670486,-14421.740418226,"x"
"9084",17544.8882202042,-15369.3268804197,"x"
"9085",17984.3196504293,-15573.2295756555,"x"
"9086",17350.5831512536,-14722.1241499235,"x"
"9087",16356.276871584,-12480.7348373801,"x"
"9088",14080.5614159204,-5918.46492874627,"x"
"9089",17562.4933992027,-14680.5448223621,"x"
"9090",17379.6373997646,-14368.8934088017,"x"
"9091",17770.1449269838,-14993.2252847201,"x"
"9092",17084.9106969997,-13836.747848943,"x"
"9093",15702.0437247777,-9839.6504287311,"x"
"9094",15352.3641932842,-10526.3034766177,"x"
"9095",14360.2051180024,-7317.9271832284,"x"
"9096",15342.6427302889,-11122.1937601739,"x"
"9097",16753.5493689787,-13084.0240072399,"x"
"9098",13068.5356367537,-3534.93591668082,"x"
"9099",14210.4592482515,-9627.94969677544,"x"
"9100",9171.041662621,7599.95917121264,"x"
"9101",17056.8232443435,-13931.8349849018,"x"
"9102",14034.621063391,-6110.32387933487,"x"
"9103",12159.5848625891,569.083286149553,"x"
"9104",8544.49044767667,7821.86659399416,"x"
"9105",17099.8257217841,-13603.0768448362,"x"
"9106",14530.2391605445,-8475.62527914898,"x"
"9107",14011.5983450123,-7820.40764781067,"x"
"9108",16507.5957907395,-12801.1570340533,"x"
"9109",17842.7941705278,-15438.7187903878,"x"
"9110",14656.0082082667,-7815.53638580709,"x"
"9111",15923.7174291466,-11330.1454515941,"x"
"9112",12118.9261583755,-1178.96379696181,"x"
"9113",13138.9113882198,-2948.26272085544,"x"
"9114",10702.836441442,2422.86719216766,"x"
"9115",15910.419144379,-11119.9670256516,"x"
"9116",13534.5434265173,-4593.70299706815,"x"
"9117",16113.71630796,-13267.0311845842,"x"
"9118",15062.9120699773,-9548.77670722949,"x"
"9119",16348.1246089659,-12363.9600067474,"x"
"9120",11827.9854734992,113.659607821235,"x"
"9121",14160.6813851709,-7418.28939181632,"x"
"9122",16915.7118245072,-12898.6885224594,"x"
"9123",17827.2247048303,-15371.7540320526,"x"
"9124",13671.0391399353,-7358.05815229656,"x"
"9125",15636.4084161914,-10887.411957993,"x"
"9126",13761.9739826149,-5546.01546200096,"x"
"9127",15058.4734861036,-8516.63414142264,"x"
"9128",16747.0784758363,-12912.6372673185,"x"
"9129",18044.9253862796,-15418.9700057428,"x"
"9130",11551.6584863725,1831.83538519246,"x"
"9131",15720.4963692876,-11855.2464676531,"x"
"9132",15101.5673816855,-9614.33407890078,"x"
"9133",14274.6251145468,-6579.91145337506,"x"
"9134",16878.5319815087,-14254.6315552456,"x"
"9135",15708.7988588638,-11138.2317630676,"x"
"9136",12260.9394728553,-1369.85699093862,"x"
"9137",16936.3793929853,-13035.5088919628,"x"
"9138",13353.9888586876,-4146.42575973098,"x"
"9139",13170.6974081441,-3685.64005250034,"x"
"9140",11491.7264771039,2113.05663507184,"x"
"9141",14821.4845316805,-8657.41364332045,"x"
"9142",13842.2172362129,-6395.04425044667,"x"
"9143",14632.7361899814,-9690.21299608111,"x"
"9144",17780.2147398355,-15195.6493748356,"x"
"9145",18041.643964328,-15197.0942138083,"x"
"9146",13853.1913368514,-6572.15354730418,"x"
"9147",17938.0503152189,-15671.6075790748,"x"
"9148",13549.8683404277,-5330.08234563179,"x"
"9149",15995.284652835,-11776.6652742975,"x"
"9150",11775.8794418077,-1520.72456520366,"x"
"9151",10950.7906271247,3253.79752278912,"x"
"9152",14278.9797679936,-7776.64099903358,"x"
"9153",15042.2892461502,-9857.70993907797,"x"
"9154",14663.4242770728,-9241.20427898792,"x"
"9155",13720.4353993365,-6072.63188275261,"x"
"9156",14316.0440504186,-7617.69613498128,"x"
"9157",14378.8045930015,-7154.34356746143,"x"
"9158",16150.9636712868,-11368.6595303225,"x"
"9159",14670.1850972949,-7891.97413278431,"x"
"9160",15842.0892930002,-11671.8497024528,"x"
"9161",12255.1065343126,-596.946583946356,"x"
"9162",13784.8448655927,-6440.01510902616,"x"
"9163",17700.1951952616,-15062.4029337279,"x"
"9164",14321.8724898048,-8346.51778525932,"x"
"9165",14696.6199464367,-7569.87529079226,"x"
"9166",9954.77100221669,4757.34217219494,"x"
"9167",15706.904130465,-10994.1164533852,"x"
"9168",16947.2979123581,-14452.5794236849,"x"
"9169",13077.0958563325,-3334.40573715097,"x"
"9170",13959.7946869773,-6623.35559844775,"x"
"9171",14138.5793951246,-7233.67371651674,"x"
"9172",12134.4046395637,-1907.31833694129,"x"
"9173",16534.020077418,-12883.9469432676,"x"
"9174",11107.6677006783,1993.74531515064,"x"
"9175",16806.4214876281,-13961.6484777642,"x"
"9176",14678.3939754301,-7656.74236852461,"x"
"9177",16454.1663519516,-13021.7479231731,"x"
"9178",17755.1935604573,-15286.4616296719,"x"
"9179",15410.5639970239,-10231.2458269395,"x"
"9180",7546.70007621867,10408.6227117937,"x"
"9181",14686.4193656017,-8893.93557260312,"x"
"9182",16955.8135989651,-13711.1401860907,"x"
"9183",18114.3658837508,-16125.6769385044,"x"
"9184",17027.1535804836,-13909.9090443494,"x"
"9185",13001.5654537548,-1462.34487794699,"x"
"9186",15705.3852896531,-10797.9707352294,"x"
"9187",16047.149532474,-11938.5867781309,"x"
"9188",14135.1108204099,-5626.79986991516,"x"
"9189",16575.1707339125,-12809.1146450949,"x"
"9190",18234.8533057618,-15776.2978116076,"x"
"9191",15637.387575706,-12247.2425383565,"x"
"9192",18141.9858415122,-16186.2300595884,"x"
"9193",12596.9686891989,-4642.14500168214,"x"
"9194",10189.7092075295,1688.15786957177,"x"
"9195",16518.9184525566,-12628.4491086977,"x"
"9196",15922.2280466675,-10791.3031252881,"x"
"9197",13834.5938635202,-6103.92364288155,"x"
"9198",16360.9837565511,-14021.8227423031,"x"
"9199",11402.9664901806,286.540514214294,"x"
"9200",11734.121760529,1860.15207520817,"x"
"9201",13767.6815314359,-5357.46186678119,"x"
"9202",16204.7573688669,-11185.381330898,"x"
"9203",12190.5784902636,-3615.62980910639,"x"
"9204",13561.4787103058,-6029.68158260508,"x"
"9205",14778.0376759714,-8838.6714521746,"x"
"9206",12103.0394699564,-1668.9330636649,"x"
"9207",18292.5567999523,-16986.1765674387,"x"
"9208",16852.7261262485,-13333.9285059558,"x"
"9209",16324.7239938749,-11796.8943569631,"x"
"9210",17015.8796111814,-12838.3993572462,"x"
"9211",17840.9593559074,-15320.1930773934,"x"
"9212",13884.0560875502,-6673.85405743295,"x"
"9213",17803.480161154,-16559.8215916646,"x"
"9214",14224.7095673977,-6489.31618187336,"x"
"9215",15693.7552326679,-10747.8033927707,"x"
"9216",14551.7902926514,-8786.43106312513,"x"
"9217",15739.7645956874,-10704.4206261681,"x"
"9218",13533.4429334276,-4172.30581711097,"x"
"9219",11795.2052878235,1553.54636663597,"x"
"9220",12663.7993769934,-1777.63105383216,"x"
"9221",16025.8154563296,-10266.4142638478,"x"
"9222",14345.5286180387,-7616.11454760321,"x"
"9223",16111.7123804016,-11652.5849701359,"x"
"9224",18480.8260071227,-16971.9087754178,"x"
"9225",14759.5268148961,-8804.84267048603,"x"
"9226",14613.9768836081,-9382.80268618068,"x"
"9227",18312.0178819457,-15986.7350449975,"x"
"9228",12138.9151780962,-1671.0341757767,"x"
"9229",12620.287191988,-1658.6572675702,"x"
"9230",12546.1497264718,-2766.00814301448,"x"
"9231",12766.7638107559,-1839.03438814538,"x"
"9232",15624.3345429252,-11227.5747567919,"x"
"9233",15926.635533301,-11101.1568286599,"x"
"9234",14189.8246862386,-7056.09095230242,"x"
"9235",18370.0350461184,-16656.8263166384,"x"
"9236",14237.6095334219,-6672.69985540037,"x"
"9237",18443.2908026232,-16620.6199428138,"x"
"9238",16570.74693594,-12590.2556499114,"x"
"9239",15362.706740462,-9801.35639901448,"x"
"9240",17384.4435912247,-13317.8811485236,"x"
"9241",13013.4938828941,-4261.15726895458,"x"
"9242",13019.90435551,-4834.38191758396,"x"
"9243",13436.68297019,-5873.85148404115,"x"
"9244",14565.9035831416,-8064.26988265596,"x"
"9245",12067.8946788135,-137.184041221775,"x"
"9246",16800.579659467,-12735.2014849976,"x"
"9247",14760.0733605835,-8024.14136264966,"x"
"9248",16867.680709116,-13161.3584204295,"x"
"9249",13413.4118795022,-5286.59975175749,"x"
"9250",14609.2348616943,-6801.18529359642,"x"
"9251",17018.6837680945,-13885.063667138,"x"
"9252",17140.2214413574,-14167.6643799768,"x"
"9253",13116.2183307512,-3904.88625953527,"x"
"9254",13613.9049275625,-6479.17778838952,"x"
"9255",17387.4861422105,-14339.6145180751,"x"
"9256",13720.0585221552,-4049.32505226532,"x"
"9257",14984.7473268054,-8994.06487564977,"x"
"9258",13325.8090196104,-4964.21205900048,"x"
"9259",16329.7361406444,-12303.5299256689,"x"
"9260",12438.0775538452,-218.582394637502,"x"
"9261",12235.0323217687,-558.502292943285,"x"
"9262",16595.1661041812,-12066.7022345004,"x"
"9263",15242.2792177578,-9167.33618165624,"x"
"9264",14073.1648203901,-7191.01687187637,"x"
"9265",14789.6039152499,-8448.99094683314,"x"
"9266",16791.3863485773,-13032.595091173,"x"
"9267",15396.4499191392,-10512.3860400369,"x"
"9268",14071.1587708543,-7772.2407660773,"x"
"9269",12420.5800907392,-1712.92180631442,"x"
"9270",15574.8426896299,-10485.5954090234,"x"
"9271",9891.2244316325,4884.60231773293,"x"
"9272",14949.5415955768,-8552.85131374872,"x"
"9273",17356.223773979,-14119.207177998,"x"
"9274",15707.3333662674,-11596.3372199,"x"
"9275",16518.1535071834,-12445.5797542607,"x"
"9276",15402.0041938513,-10396.9214962644,"x"
"9277",15001.1232463058,-9602.1061302421,"x"
"9278",11854.897612328,-1685.70296230506,"x"
"9279",14104.3355567039,-6792.11067994095,"x"
"9280",16976.3429888271,-14356.155309251,"x"
"9281",15937.9583808726,-11428.7613275276,"x"
"9282",11772.8967301933,-222.636513495707,"x"
"9283",15269.2507782481,-9484.56783216116,"x"
"9284",14721.5568647838,-8899.26177359986,"x"
"9285",17708.958807751,-15126.3071866518,"x"
"9286",17937.426983645,-15993.9775963017,"x"
"9287",15924.2302941975,-11618.3280940592,"x"
"9288",17170.9841391558,-13607.439747551,"x"
"9289",12681.0438566238,-2475.18308871848,"x"
"9290",12020.940126727,-732.809601862211,"x"
"9291",16296.0964733616,-12364.3353250756,"x"
"9292",15153.629813899,-8891.28238597694,"x"
"9293",16865.3487392076,-13680.0652852439,"x"
"9294",13135.9195847971,-4899.85285564868,"x"
"9295",14998.2847614747,-8702.02460459858,"x"
"9296",13011.1591001137,-3864.19185023787,"x"
"9297",18679.9265509777,-17532.1899923412,"x"
"9298",13406.4058669844,-3543.80105215242,"x"
"9299",15627.4776733496,-11395.7547586465,"x"
"9300",16199.7980463393,-12044.4093044252,"x"
"9301",15431.0513408539,-10034.5813654913,"x"
"9302",15521.4477926538,-9813.46925846465,"x"
"9303",17159.3687203695,-14178.9661553138,"x"
"9304",14330.9484693203,-6069.49228506376,"x"
"9305",15770.9830603767,-11418.062900136,"x"
"9306",16988.6813112071,-13454.6349599144,"x"
"9307",14410.9684467194,-8081.53784520362,"x"
"9308",14832.1032222234,-7360.78767518649,"x"
"9309",13636.3503825256,-4671.30729780424,"x"
"9310",14004.843158916,-5723.10046370486,"x"
"9311",16429.8140314956,-13212.640680961,"x"
"9312",12883.9981040253,-3927.24937957045,"x"
"9313",16960.447143065,-14525.559845401,"x"
"9314",16580.0785922253,-12474.2570931709,"x"
"9315",11917.4417638929,259.917230262014,"x"
"9316",14269.5605651914,-6274.33933146214,"x"
"9317",17519.7164189977,-14844.587878942,"x"
"9318",14728.8725069323,-8626.8886299923,"x"
"9319",13342.5092987197,-3417.72247374873,"x"
"9320",17391.2514108883,-14748.872468407,"x"
"9321",15025.8782266096,-8663.43595765182,"x"
"9322",14775.8176931291,-10122.5373459395,"x"
"9323",14853.5372333953,-8001.05746360234,"x"
"9324",18338.594546347,-16423.4479125465,"x"
"9325",12859.9174468653,-3970.60203745541,"x"
"9326",11752.4561829961,-1599.74530183096,"x"
"9327",15853.1046418774,-11382.7862371848,"x"
"9328",14095.3910080518,-6352.87696507591,"x"
"9329",18326.7922558548,-16884.9463638215,"x"
"9330",15161.5456391288,-9933.53629555275,"x"
"9331",16789.4334500133,-13951.8866169145,"x"
"9332",16537.4661447967,-13750.8860671441,"x"
"9333",17935.9746591576,-15201.6941525031,"x"
"9334",14388.0949896258,-7969.46833453419,"x"
"9335",15777.2063848215,-11430.7580291903,"x"
"9336",17554.0689650294,-14501.1558073259,"x"
"9337",17174.5878292282,-14204.645249295,"x"
"9338",17281.4324732597,-13583.733809322,"x"
"9339",15224.3214775568,-9713.97450012357,"x"
"9340",15555.5680267491,-10180.5067333463,"x"
"9341",15220.1620574759,-10767.9485869516,"x"
"9342",16483.0749176576,-13033.5539199628,"x"
"9343",16749.9555042478,-12847.0117957759,"x"
"9344",16528.948108239,-14191.4111645048,"x"
"9345",11108.0353881137,-1202.17261025593,"x"
"9346",15568.2069316068,-10188.2513392853,"x"
"9347",15835.6755200933,-10096.0637484088,"x"
"9348",14118.2504660821,-6989.1251691188,"x"
"9349",15359.5478344952,-10333.9851109773,"x"
"9350",18163.2317939065,-15903.7325538362,"x"
"9351",17715.4788273776,-15225.5763919974,"x"
"9352",16938.1805735734,-13663.2593717545,"x"
"9353",15115.9714536293,-9977.32815842929,"x"
"9354",12106.5920854536,-1182.21368368823,"x"
"9355",16811.2393592526,-13603.5145541817,"x"
"9356",14059.1950153427,-6795.65337651692,"x"
"9357",15942.800515168,-11597.2289458715,"x"
"9358",12893.6971477791,-2982.80177424068,"x"
"9359",16562.6261887851,-12575.4227804092,"x"
"9360",11671.2168282196,-1743.57899126732,"x"
"9361",16295.038432709,-12437.077907006,"x"
"9362",13511.0469295054,-5833.980088675,"x"
"9363",17994.2554235366,-15694.8325050025,"x"
"9364",17212.1579009453,-15057.7982221655,"x"
"9365",12062.4740835524,-682.016608738846,"x"
"9366",11261.2980963076,2356.79583283686,"x"
"9367",14981.4632710416,-8892.31414348494,"x"
"9368",15608.435901008,-12020.7602157857,"x"
"9369",18669.7777332211,-17693.636257503,"x"
"9370",15368.040895429,-9937.90872328766,"x"
"9371",16779.9482337961,-14228.0801151947,"x"
"9372",18457.2404536894,-17272.2773848595,"x"
"9373",15386.2175442247,-11071.673342381,"x"
"9374",15197.6536068544,-10067.7546458083,"x"
"9375",13562.0537948699,-5754.30583760654,"x"
"9376",14839.3710821269,-7150.92215899057,"x"
"9377",15230.6920412279,-9890.58831843594,"x"
"9378",16705.572437888,-12911.5251699792,"x"
"9379",17275.1010134246,-15839.0266807278,"x"
"9380",15800.2842032715,-10876.5992752156,"x"
"9381",17122.0931425214,-12578.4718311336,"x"
"9382",16477.2260864861,-13042.4517885635,"x"
"9383",15373.5477592396,-9091.92173799768,"x"
"9384",13922.8540755461,-5780.81088740427,"x"
"9385",15928.5442235856,-11826.3727690309,"x"
"9386",13710.3828042019,-4670.30819939829,"x"
"9387",15291.2743189061,-9014.09203218197,"x"
"9388",14076.2087534098,-6531.1167365583,"x"
"9389",13094.1635084896,-3638.53883598528,"x"
"9390",15051.4932275766,-9414.85736039357,"x"
"9391",14902.2239592426,-8057.40448407687,"x"
"9392",12451.6090066177,-1234.72983207219,"x"
"9393",13333.9570657858,-5595.69922397194,"x"
"9394",16396.1389889488,-12894.9552806155,"x"
"9395",16767.060906465,-12975.1072679724,"x"
"9396",15326.2113268966,-10658.2371028146,"x"
"9397",13263.4572337111,-4998.21845044103,"x"
"9398",14209.2649479581,-6622.53950971574,"x"
"9399",13523.3302551458,-7221.88185342572,"x"
"9400",15639.1241549749,-11014.6123413627,"x"
"9401",16075.7603230056,-11657.7633225025,"x"
"9402",12423.0342146614,-1107.85577452944,"x"
"9403",15490.0168384806,-9166.28295173368,"x"
"9404",12078.8212134661,-595.542209913476,"x"
"9405",15364.755364997,-9725.42766046832,"x"
"9406",14743.3561490561,-7493.72333735526,"x"
"9407",16132.3947572847,-12575.5494929625,"x"
"9408",12465.0904076288,-1970.93721283399,"x"
"9409",13118.5230069822,-3882.64390576026,"x"
"9410",16564.5840356009,-13529.3499621072,"x"
"9411",14494.9238875904,-7738.38065736392,"x"
"9412",14548.671010568,-8357.98906631558,"x"
"9413",11759.5064415072,906.289444816954,"x"
"9414",15594.8023071554,-10602.8049045544,"x"
"9415",15026.2724174056,-9354.03254848205,"x"
"9416",12392.529328348,-2169.00140519047,"x"
"9417",16421.7717203772,-12901.834694358,"x"
"9418",16619.2710082772,-12627.4795999239,"x"
"9419",15703.0259522534,-11771.7098565274,"x"
"9420",13794.7355547934,-6226.62360959728,"x"
"9421",15195.8057438596,-9826.24378905097,"x"
"9422",14439.2355086074,-9513.47918245713,"x"
"9423",16791.3774023881,-13105.2093755529,"x"
"9424",17958.3854982383,-16083.2061921258,"x"
"9425",15270.5179914703,-10340.2768163146,"x"
"9426",14871.8846677289,-7885.594808953,"x"
"9427",14786.1047502358,-8884.85935847219,"x"
"9428",13147.3678568875,-3839.79316305982,"x"
"9429",16421.8193006169,-12293.3210437787,"x"
"9430",18260.1679452762,-16238.4071553529,"x"
"9431",16507.4339388451,-12373.5205122073,"x"
"9432",15812.7163824586,-10842.713884869,"x"
"9433",15920.6636813843,-11569.6828640709,"x"
"9434",12740.6132260892,-3803.33191717564,"x"
"9435",11698.1003347584,-50.7120823578352,"x"
"9436",15871.6189484384,-11319.9031809063,"x"
"9437",14687.1740372325,-6671.32170571028,"x"
"9438",14872.5557663029,-7481.7251861154,"x"
"9439",15326.3564344485,-9450.67157624788,"x"
"9440",15089.536991812,-9713.59488590672,"x"
"9441",12311.3283177692,-4695.7673501229,"x"
"9442",15307.6748057974,-9885.07830369723,"x"
"9443",15762.283694513,-11503.7225831404,"x"
"9444",17376.2237122008,-15060.7484786275,"x"
"9445",17450.3854032676,-13800.5349477067,"x"
"9446",11006.9777635994,3531.60829402744,"x"
"9447",12940.9451778145,-3468.27747611404,"x"
"9448",15610.8042658042,-10843.5949998768,"x"
"9449",17276.9257554352,-14784.7436395385,"x"
"9450",16295.2680313547,-12450.1783603777,"x"
"9451",15968.0898944716,-12150.1088528919,"x"
"9452",12535.6642239464,-3101.73557252385,"x"
"9453",14592.2890474538,-9289.38337427959,"x"
"9454",11097.8937642122,2773.72012371422,"x"
"9455",11440.2757695765,2102.27604047672,"x"
"9456",13480.6538078028,-5856.4774383233,"x"
"9457",12266.3686636689,-233.294040285478,"x"
"9458",15516.9203325042,-10067.9632780973,"x"
"9459",14953.1677507897,-9105.9897575246,"x"
"9460",17451.0985382836,-13741.1536318792,"x"
"9461",14803.7683606747,-8394.57449689485,"x"
"9462",15700.6943982938,-11498.8769250271,"x"
"9463",16675.4408036833,-12352.4985240632,"x"
"9464",13680.4408239962,-5257.82832398761,"x"
"9465",14870.3608530244,-8556.34341371576,"x"
"9466",17511.8638987439,-14681.3741956964,"x"
"9467",12656.8476174138,-1165.51815750831,"x"
"9468",17474.6655193712,-14364.3422050512,"x"
"9469",14113.3474132905,-7412.45078128414,"x"
"9470",11463.2967657846,1143.77559785249,"x"
"9471",15002.2067213225,-8278.63937770268,"x"
"9472",16161.6448559685,-11888.2191409164,"x"
"9473",14922.8987065775,-8580.24641254814,"x"
"9474",13171.7531303464,-3735.25321769295,"x"
"9475",15732.8800841486,-11134.057590624,"x"
"9476",17890.1512383424,-15794.1509823988,"x"
"9477",13558.9056031841,-5022.62526848384,"x"
"9478",16016.0332443445,-12065.0991592378,"x"
"9479",14227.5646738028,-6677.13111340734,"x"
"9480",10913.5005296399,1308.31111837608,"x"
"9481",13356.59509613,-5048.14800533167,"x"
"9482",17248.131830829,-14139.0363484532,"x"
"9483",14334.3937517609,-7566.08388351723,"x"
"9484",13546.7047039528,-5047.96854715137,"x"
"9485",17809.7025583329,-15420.990044161,"x"
"9486",15153.3570239278,-9087.5774041251,"x"
"9487",14194.1165023618,-6325.19560056328,"x"
"9488",15619.538106626,-10577.6895805821,"x"
"9489",16325.6706628528,-12139.113048643,"x"
"9490",14061.007620381,-7325.17311199431,"x"
"9491",12615.1042998537,-1342.90717895089,"x"
"9492",14736.2147200603,-8297.08387060573,"x"
"9493",15868.4159974155,-11297.9437261099,"x"
"9494",15692.2546454036,-13715.0241579052,"x"
"9495",13851.3780146363,-5619.56389438806,"x"
"9496",16533.7474816605,-12239.5941977969,"x"
"9497",15726.0247461225,-10253.9322462371,"x"
"9498",17359.0776507517,-13782.7331038644,"x"
"9499",14934.1636343906,-8359.22068799444,"x"
"9500",15101.5973385784,-8623.75249681505,"x"
"9501",16811.343829433,-13564.9365982474,"x"
"9502",15514.667059652,-8495.25027596361,"x"
"9503",13646.6443620343,-5287.06191935947,"x"
"9504",14755.4160096426,-9699.56006480595,"x"
"9505",16660.018560946,-12860.3155983966,"x"
"9506",16146.623303854,-11194.2243765465,"x"
"9507",14830.1417332756,-8062.17285952404,"x"
"9508",15564.7530991321,-11155.9105041473,"x"
"9509",15440.6788399101,-9740.32173168585,"x"
"9510",15684.7583573542,-12019.9598452879,"x"
"9511",15795.3915811469,-11328.0463311329,"x"
"9512",13450.33890581,-4043.04828969683,"x"
"9513",17779.3459654945,-14826.3117526457,"x"
"9514",17411.8211705924,-14207.8326901816,"x"
"9515",16663.3411109685,-12663.1649014442,"x"
"9516",14437.4753571624,-8383.95223177576,"x"
"9517",14158.8825399785,-6861.90643981611,"x"
"9518",16702.5809008371,-12710.5124284539,"x"
"9519",16100.8546838794,-11628.7889802245,"x"
"9520",11500.8931204243,107.710356068617,"x"
"9521",16821.3044349877,-13717.6945632357,"x"
"9522",17009.3276301641,-13368.1478225931,"x"
"9523",16088.2855464384,-11984.0216097975,"x"
"9524",17243.9668140781,-14856.8435954076,"x"
"9525",15722.3943095358,-10550.2862261502,"x"
"9526",16308.6778209239,-12718.4786656041,"x"
"9527",15833.887447371,-11141.281755256,"x"
"9528",11873.503856701,-1382.65414218517,"x"
"9529",17176.7356038994,-14158.9312218186,"x"
"9530",17203.4676647501,-14781.9238425487,"x"
"9531",15941.6124626724,-11507.8228023971,"x"
"9532",13918.0714270548,-6714.66735770615,"x"
"9533",12067.4677428829,-549.362970560956,"x"
"9534",14389.5350389346,-7538.0480430713,"x"
"9535",17564.5468997174,-14824.1342746964,"x"
"9536",16635.6831669854,-13023.2681471311,"x"
"9537",17905.5824453769,-15353.6913117667,"x"
"9538",14493.6387969337,-7317.03746500206,"x"
"9539",17242.0284976252,-14937.4529912615,"x"
"9540",15134.696873721,-9982.55775521121,"x"
"9541",18208.9076416204,-16066.1219370847,"x"
"9542",15549.1557961061,-10771.9383334409,"x"
"9543",12899.682497643,-5961.13415887257,"x"
"9544",15649.1562366419,-10452.324984205,"x"
"9545",16463.6608800683,-12605.431966639,"x"
"9546",11167.6962874149,634.892779640397,"x"
"9547",17926.7822145675,-15554.1779025216,"x"
"9548",16570.8543566762,-12073.2380121436,"x"
"9549",13000.9914703186,-2830.39335293136,"x"
"9550",14733.1232927345,-9129.51846898028,"x"
"9551",13525.038169541,-4722.48128813475,"x"
"9552",18570.6145242144,-16842.2036598835,"x"
"9553",15299.651319471,-10914.8915512414,"x"
"9554",15247.5568004398,-8045.53979544825,"x"
"9555",17878.1872045923,-15418.0853675941,"x"
"9556",15921.7977447967,-11166.8387073547,"x"
"9557",12283.7032780126,-753.485484594479,"x"
"9558",14494.16699951,-8375.05427884454,"x"
"9559",13818.8211707416,-5408.1593106997,"x"
"9560",17061.1740736133,-13900.9648765453,"x"
"9561",14346.1675209268,-7044.74986136765,"x"
"9562",17029.7854859726,-13759.7740603328,"x"
"9563",13593.3891336907,-6017.25761822229,"x"
"9564",16744.0869131798,-13074.4153165346,"x"
"9565",17383.5585941596,-14491.7176894601,"x"
"9566",15492.9244274367,-11097.5259189387,"x"
"9567",14090.5065996457,-6231.24417123554,"x"
"9568",15736.8691038143,-10619.1375014808,"x"
"9569",16479.3858044661,-13157.1035091661,"x"
"9570",14028.0942162865,-5896.14353247599,"x"
"9571",17130.6330816682,-13820.0038986748,"x"
"9572",14111.477657674,-7178.09881408107,"x"
"9573",15514.1032047552,-9574.20103139952,"x"
"9574",17653.4496982305,-15455.4502063638,"x"
"9575",17311.5907023396,-14670.4450839299,"x"
"9576",12911.9322038092,-3244.09249051461,"x"
"9577",16637.5284577214,-12131.3731648935,"x"
"9578",15944.5218815373,-11622.7989166055,"x"
"9579",16540.5482294311,-12662.7256111311,"x"
"9580",15030.5469575241,-9400.98194962127,"x"
"9581",16815.5022215112,-12667.8833583702,"x"
"9582",17752.8401249584,-14979.5406213352,"x"
"9583",14444.7301555587,-7648.69719811468,"x"
"9584",14786.3057206182,-8680.9303180367,"x"
"9585",16989.6022378857,-13396.1751988358,"x"
"9586",13688.0651112719,-5194.65754479941,"x"
"9587",15976.9186008596,-11587.3691245034,"x"
"9588",17906.6925281653,-15540.6030239381,"x"
"9589",12811.0267619461,-4120.74923138744,"x"
"9590",15432.9624931149,-9685.78812367768,"x"
"9591",16992.4239817813,-14908.1374930587,"x"
"9592",15145.1726061096,-9705.66817553436,"x"
"9593",18264.9986376029,-17392.1728209195,"x"
"9594",14568.0658812551,-9843.44674615435,"x"
"9595",15697.3051467837,-10981.0572158257,"x"
"9596",14377.0618327223,-6886.25964549024,"x"
"9597",14618.3375999662,-6854.5808431049,"x"
"9598",17031.5781875998,-14155.9936603316,"x"
"9599",13797.0237558309,-6007.82022481643,"x"
"9600",13697.142252613,-6581.02430962974,"x"
"9601",14730.7885203983,-8738.20408376363,"x"
"9602",17879.5549406556,-15565.5536787756,"x"
"9603",13529.840984518,-4268.55220768952,"x"
"9604",9809.29247686016,4606.99956041726,"x"
"9605",15006.5792757841,-8142.52746579677,"x"
"9606",15098.4983212954,-9358.92487356145,"x"
"9607",14169.9344430751,-7096.72960843328,"x"
"9608",15983.951058445,-12116.0360264641,"x"
"9609",16798.9230365018,-15102.5260089186,"x"
"9610",14820.7795492101,-7787.53083843357,"x"
"9611",17281.5557965073,-15082.8038300718,"x"
"9612",18429.079009765,-16905.4564696247,"x"
"9613",13476.4811619564,-5094.83383192185,"x"
"9614",15079.0394599127,-9022.82385796775,"x"
"9615",15530.0372166104,-9981.48694496645,"x"
"9616",11659.1848998555,-1127.66305087918,"x"
"9617",17841.7334775017,-14976.5505074664,"x"
"9618",15737.3791928535,-11335.6721426169,"x"
"9619",14035.1502061926,-7519.12740332609,"x"
"9620",13677.247897099,-5625.02301731361,"x"
"9621",13140.421039962,-4693.44271625755,"x"
"9622",10922.9466596967,2762.19398678842,"x"
"9623",11763.6738763635,868.188362122355,"x"
"9624",14582.8692533729,-8245.15443530229,"x"
"9625",16220.1197726919,-11903.946825084,"x"
"9626",16350.5606891485,-12016.3566669084,"x"
"9627",12536.4440846282,-1954.50223889143,"x"
"9628",17265.521124835,-14627.5402059915,"x"
"9629",16280.2771842623,-12265.9613175852,"x"
"9630",16754.3756050271,-13193.3226741395,"x"
"9631",15705.3077375863,-11626.4815409958,"x"
"9632",12663.3935394177,-2796.66284756606,"x"
"9633",16801.9737404905,-13094.5819543556,"x"
"9634",13194.7289994241,-4094.93076186357,"x"
"9635",15351.3961875711,-9997.31536320782,"x"
"9636",16853.668098319,-13281.4988522462,"x"
"9637",13480.6280939166,-3911.69907172617,"x"
"9638",16918.7159693149,-13642.3419626125,"x"
"9639",15491.8410507774,-8970.24918862569,"x"
"9640",18446.295906794,-16681.7758562748,"x"
"9641",16846.6212741635,-13708.6680018823,"x"
"9642",16345.6104888126,-12435.0908032154,"x"
"9643",18553.9334729303,-16863.9354342861,"x"
"9644",14688.4535015666,-7849.19702099183,"x"
"9645",15333.9440848487,-9992.1064940272,"x"
"9646",15699.1710445744,-10288.2276805596,"x"
"9647",16520.4625710427,-12417.7553896064,"x"
"9648",16171.5772077487,-11512.4843378417,"x"
"9649",13443.9095836055,-4440.77399734351,"x"
"9650",18182.8536158449,-16389.5806122729,"x"
"9651",12450.5728015277,-2316.56509350834,"x"
"9652",16932.5561679399,-13077.838021129,"x"
"9653",14019.4859573635,-6773.45404508423,"x"
"9654",14093.6088348733,-7704.6221899964,"x"
"9655",18289.9803681358,-16203.3734071503,"x"
"9656",13577.51814362,-5400.16994270408,"x"
"9657",11922.4313031607,232.120619914025,"x"
"9658",12729.7611136547,-2747.59207591483,"x"
"9659",14356.4599767712,-8121.18874156059,"x"
"9660",13780.8198610238,-7316.88847683506,"x"
"9661",14807.4416566991,-8931.61491285339,"x"
"9662",15853.3653673206,-10929.4471142062,"x"
"9663",18174.0318873675,-16228.3930191621,"x"
"9664",14306.5247223244,-8306.30133070102,"x"
"9665",14636.5917192896,-8936.66333689769,"x"
"9666",14234.9274305781,-6605.64707417758,"x"
"9667",11046.7585540176,1661.48042233467,"x"
"9668",13072.7500808457,-4220.27530423393,"x"
"9669",15358.7942524754,-9951.60237378407,"x"
"9670",15700.126056815,-10258.2894574111,"x"
"9671",17127.7793036532,-14261.1208596518,"x"
"9672",13877.3561939684,-5945.82799516421,"x"
"9673",14931.1756178158,-9557.56721521334,"x"
"9674",16462.7838830985,-12510.4670498858,"x"
"9675",11935.1682700887,-478.544825665971,"x"
"9676",15572.2104728198,-11117.211119346,"x"
"9677",13183.3204108639,-4035.95240891576,"x"
"9678",16414.6644915422,-12735.0821469336,"x"
"9679",14727.5822360009,-8134.95893507811,"x"
"9680",14960.4864936452,-9378.65560869195,"x"
"9681",14892.7871062029,-7544.12004657343,"x"
"9682",14405.1129573674,-9542.53189132307,"x"
"9683",17524.5899416489,-14824.7383137603,"x"
"9684",17491.6795351266,-14394.2248935828,"x"
"9685",18278.6006015071,-16413.111008718,"x"
"9686",15974.3978163853,-11345.6558929276,"x"
"9687",16894.4756638339,-13902.8210506977,"x"
"9688",14384.1487165319,-7202.92181819205,"x"
"9689",12360.6672765285,-989.748091555799,"x"
"9690",16486.223450176,-12551.9914788205,"x"
"9691",15521.7834479885,-10134.2771403538,"x"
"9692",12863.4833000451,-4682.58662640748,"x"
"9693",11356.9595274865,693.536775196304,"x"
"9694",14957.6799546723,-9194.70455984323,"x"
"9695",15824.4267678406,-11020.3695348862,"x"
"9696",12341.6841161466,-2564.29834729952,"x"
"9697",12869.0141300422,-2423.85018396525,"x"
"9698",13883.3617778395,-6531.81833043597,"x"
"9699",15943.5559137175,-11563.1495478854,"x"
"9700",16248.4384303025,-11420.0099085429,"x"
"9701",11290.4760574686,1408.91856237604,"x"
"9702",16398.4354731572,-13043.4862331554,"x"
"9703",15589.664766646,-11286.5178188623,"x"
"9704",17045.6112668422,-14201.4629197815,"x"
"9705",14712.5946485908,-8726.05473729425,"x"
"9706",16428.8393388508,-12293.2572092863,"x"
"9707",14666.3816922265,-8186.648030432,"x"
"9708",13526.3374090575,-5350.34876164753,"x"
"9709",15078.8664404345,-8892.50234903492,"x"
"9710",17725.4516310648,-14766.4564996485,"x"
"9711",12110.5953468987,-1324.78943620577,"x"
"9712",15507.6361911966,-11015.0501618612,"x"
"9713",15995.1842688333,-10715.4757662008,"x"
"9714",12790.4280737956,-2808.34723326935,"x"
"9715",13693.7146463694,-4236.79549600111,"x"
"9716",13034.3562571753,-4903.61973256293,"x"
"9717",17430.937283962,-14216.1193857279,"x"
"9718",12255.1166223898,-3474.25883085571,"x"
"9719",14571.4993640964,-8205.70158778867,"x"
"9720",14305.0388791582,-6838.30778973297,"x"
"9721",18196.9699137184,-16333.2529051709,"x"
"9722",15193.7874219727,-9311.32764773606,"x"
"9723",15920.6244343463,-11129.7648002666,"x"
"9724",15489.7217248447,-10845.3810165446,"x"
"9725",14596.4758334549,-9229.6061235743,"x"
"9726",15438.085766289,-11543.3345772192,"x"
"9727",17597.6050732063,-14596.9474794427,"x"
"9728",15560.3902988205,-10104.0536993464,"x"
"9729",17277.6397197911,-15155.6569403874,"x"
"9730",16996.5601922047,-13855.0433320445,"x"
"9731",17000.6825663962,-13791.3315803935,"x"
"9732",17009.1819739312,-13903.9865023312,"x"
"9733",17009.7892111177,-13627.3431749926,"x"
"9734",12669.4157792498,-2936.20235572505,"x"
"9735",17945.692775861,-16192.9582599213,"x"
"9736",12748.7459707598,-2518.16568331253,"x"
"9737",18512.7555906964,-17606.5141813381,"x"
"9738",14459.7866417813,-7214.79156204527,"x"
"9739",16087.5937497233,-11630.3568736522,"x"
"9740",15961.7536613795,-11570.4267649668,"x"
"9741",16439.6712724988,-11954.912179842,"x"
"9742",17101.9162579895,-13771.7150943645,"x"
"9743",9377.21591811764,7985.82192993841,"x"
"9744",12954.3639387834,-3710.66767205415,"x"
"9745",16240.0561562952,-11841.7393664618,"x"
"9746",13719.0641121228,-5043.56570912446,"x"
"9747",17129.8918445324,-13169.6712352552,"x"
"9748",17499.8258765008,-14539.4421955725,"x"
"9749",14567.9375814079,-8973.00507540596,"x"
"9750",17560.3559797287,-14915.931726775,"x"
"9751",12396.038672845,-1338.05023443509,"x"
"9752",13478.2874130691,-5578.68694861815,"x"
"9753",11464.9455864113,-152.633246802472,"x"
"9754",16323.3299053098,-12074.7365746768,"x"
"9755",15660.8437937129,-10690.1543370153,"x"
"9756",13797.8238673505,-6539.82021599019,"x"
"9757",17591.0605613069,-14397.5136015239,"x"
"9758",15718.2260605039,-10639.9109635887,"x"
"9759",16804.4746933101,-12983.5508838379,"x"
"9760",16213.4182215191,-12296.5018118903,"x"
"9761",15782.5193172667,-10951.3560783152,"x"
"9762",16005.1330273396,-11169.2105505906,"x"
"9763",13832.7133854573,-5164.7596965882,"x"
"9764",14046.4749567694,-6155.41788878081,"x"
"9765",17309.7285848124,-14337.3043601088,"x"
"9766",12396.2918906837,-815.461678247657,"x"
"9767",15677.6208022649,-10432.8309062871,"x"
"9768",15699.2158732438,-10863.3784579022,"x"
"9769",15382.8823665835,-10148.3255371607,"x"
"9770",15348.461371697,-9628.88674105283,"x"
"9771",15722.1797572654,-11030.5878145858,"x"
"9772",16345.0260718467,-11902.8726557454,"x"
"9773",15192.0026119609,-10858.7702918803,"x"
"9774",15107.2444478875,-9372.31345142539,"x"
"9775",14486.7195110439,-7673.66555417554,"x"
"9776",13969.2830306144,-5875.24444923683,"x"
"9777",16856.9809865042,-13112.5166171935,"x"
"9778",18066.5561946937,-16129.2482879206,"x"
"9779",11276.9678786523,2879.72856602575,"x"
"9780",16833.4941503573,-13340.9911874257,"x"
"9781",14746.3253776417,-7661.33599599769,"x"
"9782",14397.6792174257,-7387.8557192842,"x"
"9783",14823.2869940941,-8249.57080420089,"x"
"9784",15219.0223557537,-10295.5823091013,"x"
"9785",12514.8640378955,-1412.8393646364,"x"
"9786",17526.3069300271,-15606.9052013077,"x"
"9787",16637.7100543652,-13041.8710888411,"x"
"9788",13472.167096843,-5867.64529166186,"x"
"9789",16261.6877633426,-11441.6038346618,"x"
"9790",15567.6295240637,-9952.52004742715,"x"
"9791",14786.8748668954,-10174.3911186736,"x"
"9792",14703.2644373715,-9510.61057650444,"x"
"9793",15414.7922829816,-10022.5843544627,"x"
"9794",15873.2292820041,-11639.0332755746,"x"
"9795",17551.1055381104,-14854.2261201759,"x"
"9796",13538.4194157781,-4305.83212824261,"x"
"9797",15772.0551598651,-11715.7713587604,"x"
"9798",14666.0029023871,-6078.80857033251,"x"
"9799",15356.2714192656,-9897.06065639534,"x"
"9800",15712.7572734986,-10653.5771378373,"x"
"9801",15139.9984829885,-9838.67225074655,"x"
"9802",16114.7266575517,-11689.184027943,"x"
"9803",14333.8064051779,-5911.54366661924,"x"
"9804",14885.8487651506,-9092.61001910893,"x"
"9805",17608.6370689848,-15076.5569196726,"x"
"9806",14756.2149121314,-9342.82857174209,"x"
"9807",16838.5023479838,-13293.6842329926,"x"
"9808",14494.5103120934,-8321.42441669119,"x"
"9809",17899.7312481102,-16487.0198625854,"x"
"9810",16422.3972358612,-12824.9224955321,"x"
"9811",15144.242455453,-10561.7722103935,"x"
"9812",17441.0097561676,-14150.7881953618,"x"
"9813",17925.1190935902,-15038.0062129935,"x"
"9814",16296.8412899828,-12083.5930368055,"x"
"9815",13342.8905393003,-5871.34731327074,"x"
"9816",16599.7120393045,-13069.4200870805,"x"
"9817",14344.5095747357,-7499.98140272847,"x"
"9818",16255.8164856287,-12416.0918500187,"x"
"9819",12898.9128681119,-2029.72534563892,"x"
"9820",16274.7947338986,-12301.0313360715,"x"
"9821",12525.3573287577,-2780.86035888079,"x"
"9822",14729.9325061553,-7783.76630414396,"x"
"9823",13903.0576044332,-6451.38255436808,"x"
"9824",14499.1640335849,-8007.5500443233,"x"
"9825",11791.5515882424,-1682.63285048585,"x"
"9826",16398.2427433341,-12192.6049209715,"x"
"9827",16643.9615198536,-13087.6131695705,"x"
"9828",14751.4170996198,-7251.3440601607,"x"
"9829",15251.1206977854,-11001.6214741417,"x"
"9830",14840.7112948146,-9013.10006554564,"x"
"9831",14263.7629624184,-7843.84330715383,"x"
"9832",11905.2085054845,-1736.87566066675,"x"
"9833",15127.9813055824,-8600.51115289542,"x"
"9834",15406.0889413388,-10297.6782234356,"x"
"9835",15123.8270984318,-9507.97867302033,"x"
"9836",13022.0705351908,-3652.14865335031,"x"
"9837",15790.3217313389,-11032.3054944884,"x"
"9838",16718.198572155,-13460.6006724767,"x"
"9839",17171.1087583832,-14200.44700745,"x"
"9840",15793.4893733939,-10355.0247693466,"x"
"9841",16785.052828167,-12239.7926635439,"x"
"9842",13571.1841716342,-5761.88046869521,"x"
"9843",14917.7774528074,-7037.88452048845,"x"
"9844",15144.7867580203,-11033.4270099807,"x"
"9845",11837.0239396611,695.891280518441,"x"
"9846",15860.2935739387,-10783.143516363,"x"
"9847",17364.0862852437,-14281.4059818713,"x"
"9848",12634.7156341543,-3786.59572778608,"x"
"9849",15044.0441440744,-9103.04057138454,"x"
"9850",17117.3937664027,-13727.7477335438,"x"
"9851",12968.2753373276,-2249.46371769676,"x"
"9852",14493.6880619454,-8236.00421631186,"x"
"9853",17710.182572541,-14771.0204090018,"x"
"9854",16037.9895199277,-10898.2438268511,"x"
"9855",13861.0168175547,-4758.88146726521,"x"
"9856",15973.8046055415,-11220.6867465501,"x"
"9857",11967.020750393,917.115083414103,"x"
"9858",12361.2679565183,-1611.30832592191,"x"
"9859",15541.9672297689,-9265.15940804424,"x"
"9860",16095.1471886429,-12015.805763065,"x"
"9861",14252.6875321113,-6668.92053437397,"x"
"9862",14374.0064256499,-7533.22058802774,"x"
"9863",16993.0174168281,-14014.486303214,"x"
"9864",14201.1377412046,-7275.49481561947,"x"
"9865",16872.8862404436,-13549.6067936696,"x"
"9866",15010.7118104781,-8422.96438277509,"x"
"9867",15339.2045866774,-10042.3876957719,"x"
"9868",15298.7054441421,-9079.4515957365,"x"
"9869",11748.5144768153,-941.502022272771,"x"
"9870",12768.484940028,-2250.09939565204,"x"
"9871",16863.1489360835,-13801.5014407021,"x"
"9872",13286.3890751678,-4195.74043965443,"x"
"9873",17194.0287925197,-13658.5652993908,"x"
"9874",12043.1243363302,-791.961632213664,"x"
"9875",14992.0090615225,-8507.5556353024,"x"
"9876",13601.8898075561,-3484.88573779669,"x"
"9877",15851.309003757,-10483.0401148766,"x"
"9878",17566.2385222895,-13949.2404185259,"x"
"9879",17165.4242691786,-14622.2511384513,"x"
"9880",16540.4892028377,-13225.1523171038,"x"
"9881",13351.5228267186,-4331.64553345832,"x"
"9882",14131.810845172,-6599.41279359322,"x"
"9883",17079.5866333302,-13469.7393629228,"x"
"9884",13979.9623344306,-6698.09706095035,"x"
"9885",13785.0210172499,-5920.55316664881,"x"
"9886",17490.8001809782,-14368.1143777004,"x"
"9887",17600.3344390959,-14848.6026978867,"x"
"9888",15692.9703023973,-9663.42633013018,"x"
"9889",14403.161927707,-4941.42015464665,"x"
"9890",13317.9495548012,-4709.15601742658,"x"
"9891",12993.4224541963,-3055.78632574742,"x"
"9892",14917.8944014473,-9004.13014469335,"x"
"9893",16006.7525374362,-11720.2605686224,"x"
"9894",15931.9112571092,-12176.8447053773,"x"
"9895",14095.9887635653,-7320.08035465974,"x"
"9896",13939.8474812147,-5988.50324795612,"x"
"9897",14881.0310647311,-8249.50359776266,"x"
"9898",15754.476700075,-12500.3168476439,"x"
"9899",18456.4914172488,-16266.1104070816,"x"
"9900",12703.5605061913,-2697.01343277655,"x"
"9901",17400.7857972647,-14517.8165319001,"x"
"9902",13993.5084744803,-6280.39519193762,"x"
"9903",14813.4455733113,-8473.69883574483,"x"
"9904",14535.098275154,-8449.28869247521,"x"
"9905",14866.7254362533,-9458.34847819869,"x"
"9906",18022.3067745451,-16018.6152907889,"x"
"9907",12063.9210515949,-287.988875262005,"x"
"9908",15164.887999048,-9124.58688244228,"x"
"9909",13604.7665072974,-5320.10818176206,"x"
"9910",11171.8890066703,2064.00041812764,"x"
"9911",13404.8187873684,-5432.03457606596,"x"
"9912",14499.5907690279,-6950.15353175432,"x"
"9913",18411.3078870428,-16194.603312293,"x"
"9914",13183.6120110597,-2812.06003087928,"x"
"9915",16218.4254565124,-11584.0487060744,"x"
"9916",14936.5884577913,-9302.95553024394,"x"
"9917",12752.3459988128,-3563.78676689477,"x"
"9918",17483.8595879526,-14415.886944474,"x"
"9919",14944.8061800423,-9109.11340156871,"x"
"9920",16141.8014146713,-11408.1000630476,"x"
"9921",14954.5576058805,-8152.13415944275,"x"
"9922",14678.1321249087,-8157.41148697643,"x"
"9923",15248.7132590437,-11116.2736686449,"x"
"9924",14124.408901021,-5841.72520230652,"x"
"9925",13392.6308844731,-4239.61946147149,"x"
"9926",14139.5047087345,-6154.56107806264,"x"
"9927",14112.2882820941,-7342.44459290008,"x"
"9928",13820.0934678936,-7587.70085799877,"x"
"9929",15590.8529104035,-10823.1142924972,"x"
"9930",13556.0553835082,-6633.4028979732,"x"
"9931",15019.4834495029,-9226.40502461482,"x"
"9932",17466.2336730551,-14035.9530457442,"x"
"9933",9713.69306619394,4372.57000627654,"x"
"9934",9268.94513482554,4595.06160059982,"x"
"9935",14631.134245851,-7974.52261039428,"x"
"9936",14070.5967182437,-7408.37285103271,"x"
"9937",15958.383947118,-13462.0415373961,"x"
"9938",12615.6825368212,-2547.83584978453,"x"
"9939",13633.3584990291,-4904.14513707571,"x"
"9940",14083.465922463,-8323.17762664367,"x"
"9941",13810.3165420007,-6119.53771549182,"x"
"9942",15731.8343747934,-11214.145819197,"x"
"9943",15167.4583132593,-9102.25075082538,"x"
"9944",14008.1868606505,-6517.90908680339,"x"
"9945",16569.6003942448,-12220.4546994449,"x"
"9946",13124.4188353929,-4839.25569177237,"x"
"9947",16016.0551764438,-11253.8323632926,"x"
"9948",16929.9199579357,-13309.4148018372,"x"
"9949",15233.0354385324,-10055.039376067,"x"
"9950",14648.0349144987,-8333.1247231709,"x"
"9951",12784.1621446563,-3383.99046728077,"x"
"9952",16540.0271517139,-12331.6944730873,"x"
"9953",15138.432025234,-9022.65168368069,"x"
"9954",13993.3696986862,-6973.65125818113,"x"
"9955",16342.8797369173,-11635.8547254072,"x"
"9956",12461.0216630904,-1183.13201714508,"x"
"9957",16470.5914426919,-12081.8682301392,"x"
"9958",15786.7195204711,-11133.3577008747,"x"
"9959",17392.7164852632,-14287.6122851951,"x"
"9960",16289.2682316471,-12249.5999198827,"x"
"9961",17233.5646613886,-14412.8248184147,"x"
"9962",17100.4616587602,-13784.7775618437,"x"
"9963",17212.7701143679,-14238.6221238245,"x"
"9964",13398.4427799042,-5537.67061418841,"x"
"9965",13571.8465349872,-4999.15437797219,"x"
"9966",15731.1553928057,-10274.463807383,"x"
"9967",14859.1016825118,-8696.72866855346,"x"
"9968",16724.4512034597,-13984.0798949088,"x"
"9969",16348.3552041023,-12328.4774723662,"x"
"9970",13983.1284248711,-7423.32652388227,"x"
"9971",14592.3790769007,-7735.0921668221,"x"
"9972",16250.5293683329,-12206.9954208204,"x"
"9973",16421.4881383041,-13054.3845422741,"x"
"9974",16829.4935936497,-14792.0094409234,"x"
"9975",16364.1176600947,-12247.4865999994,"x"
"9976",16666.2027902275,-11812.0355417695,"x"
"9977",11020.5322309793,1853.00441841606,"x"
"9978",15057.6941855929,-8879.01537115183,"x"
"9979",16260.2754229219,-11717.9567104859,"x"
"9980",14914.376821901,-8286.43222451517,"x"
"9981",14886.8616859558,-8879.41675969318,"x"
"9982",14247.8193915655,-7636.8795291375,"x"
"9983",13305.2159395165,-6123.92777402541,"x"
"9984",16906.4535697175,-14477.3234004252,"x"
"9985",14378.3132290401,-7829.96602226811,"x"
"9986",14207.0145362194,-8131.29287400371,"x"
"9987",15795.5547926179,-11101.9297741117,"x"
"9988",17585.1098533901,-15364.1286624246,"x"
"9989",13899.648947255,-6628.3783008001,"x"
"9990",15851.5549610689,-11297.5177952,"x"
"9991",13184.6501779329,-3265.82033730122,"x"
"9992",13506.8078607455,-4929.2100149819,"x"
"9993",16367.6288842313,-12670.716135817,"x"
"9994",15480.6535298574,-10741.7673164821,"x"
"9995",14638.2296071774,-9090.17229434452,"x"
"9996",16180.0456239009,-11457.6847886044,"x"
"9997",16356.0537036248,-13767.9011679841,"x"
"9998",14652.6986646615,-7091.98566289353,"x"
"9999",12403.0545526025,-3065.47318893104,"x"
"10000",18580.5871533376,-16898.7407322096,"x"
