"","Estimate","upperCI","Cul"
"1",9512.92262022216,-7700.27106417238,"x"
"2",10401.1008018827,-9952.16751965453,"x"
"3",9472.16699748558,-7774.92858081405,"x"
"4",9935.5506191298,-8649.5959822418,"x"
"5",9491.63083303726,-7679.02346458429,"x"
"6",9861.96487833291,-8493.84620104623,"x"
"7",10050.0482959814,-9027.01821271028,"x"
"8",9880.96735758146,-8842.49072234122,"x"
"9",9746.22371981646,-8224.63982596311,"x"
"10",10105.6004726895,-8986.84021869129,"x"
"11",9570.00072399774,-7951.27615235615,"x"
"12",9529.75341683798,-7771.25732470097,"x"
"13",9922.28495493776,-8730.51224339947,"x"
"14",10304.4620962787,-9522.01954081517,"x"
"15",10206.840766308,-9433.90013075297,"x"
"16",10041.8388689559,-8867.47911140385,"x"
"17",9923.49843982044,-8635.34832928229,"x"
"18",9672.521077254,-8089.19737840446,"x"
"19",9310.29104475592,-7262.43939545735,"x"
"20",9922.81705030345,-8714.26326885951,"x"
"21",10357.6405074093,-9480.59133256912,"x"
"22",9799.82252352057,-8370.24291047866,"x"
"23",9476.06396166312,-7603.14343605206,"x"
"24",10064.124903006,-8881.98937733355,"x"
"25",9501.24738399249,-7757.91557882352,"x"
"26",9596.8000340176,-7889.96812796933,"x"
"27",9524.47540736318,-7692.5643164528,"x"
"28",10033.7552819128,-8818.09876442706,"x"
"29",9059.71142498928,-6664.66647395683,"x"
"30",10126.4581575726,-8972.31923727957,"x"
"31",9634.3622574432,-8140.46403918992,"x"
"32",10331.4680353868,-9590.61864427298,"x"
"33",9804.47079624383,-8330.82307772221,"x"
"34",9918.0318084879,-8655.7896953652,"x"
"35",9945.59631574966,-8626.47992017499,"x"
"36",9769.69009978432,-8357.26951334418,"x"
"37",9595.72176817514,-7825.39799669234,"x"
"38",9618.08011102175,-7816.65402700207,"x"
"39",9774.68360113232,-8308.86785206516,"x"
"40",9733.8922242992,-8425.12963552502,"x"
"41",9887.17060910405,-8692.89931832491,"x"
"42",9978.34886172809,-8779.7277414768,"x"
"43",10115.2595221591,-8957.44625151776,"x"
"44",9707.94672127613,-8183.1443034975,"x"
"45",9240.340448192,-7107.2306604626,"x"
"46",10286.9199705093,-9396.20622995462,"x"
"47",10211.4755805416,-9404.03688990104,"x"
"48",10022.069744936,-8785.65542326253,"x"
"49",9680.85341837525,-8010.7580111647,"x"
"50",9695.38150485261,-8121.67764848369,"x"
"51",9659.42705123308,-8187.97486205754,"x"
"52",9724.96674763646,-8208.7431015095,"x"
"53",10276.2761276631,-9595.97538542934,"x"
"54",10125.3867276663,-9205.08361359692,"x"
"55",9668.27781237977,-8089.36697162882,"x"
"56",10014.0725648289,-8861.96512049221,"x"
"57",9442.85711853594,-7598.05409515272,"x"
"58",9848.98142511527,-8498.84156516098,"x"
"59",9694.70400646025,-8205.95412972066,"x"
"60",8747.99754033859,-6081.89406120481,"x"
"61",10257.1545290091,-9488.64857230597,"x"
"62",9736.57472979287,-8332.13992976837,"x"
"63",9260.97036885177,-7229.89857978276,"x"
"64",9702.14956444998,-8347.01302145563,"x"
"65",9438.21247097213,-7575.08456041209,"x"
"66",9022.78675062403,-6665.00863063069,"x"
"67",10065.759396504,-8905.70043229299,"x"
"68",9640.59436042405,-8103.50050990221,"x"
"69",9903.3758735353,-8606.41248851732,"x"
"70",9655.77142737739,-8007.3833660887,"x"
"71",9668.33355486386,-8256.26877247386,"x"
"72",10143.362517019,-9142.5871109956,"x"
"73",9519.80199654078,-7903.6000924522,"x"
"74",10359.2079694533,-9589.28181854967,"x"
"75",9925.82565774345,-8525.69015110652,"x"
"76",10077.3362189938,-8916.66043390365,"x"
"77",9952.84468405818,-8669.3172090619,"x"
"78",9141.78347570833,-6951.03831882435,"x"
"79",10103.247300734,-9052.88422181049,"x"
"80",10102.0982125376,-9213.74660853282,"x"
"81",9969.93709993644,-8785.16576821656,"x"
"82",8832.97089206116,-6230.44139442642,"x"
"83",9274.05021232993,-7207.32709403673,"x"
"84",10040.7337785184,-8902.94870382829,"x"
"85",9319.74347812759,-7145.17160275949,"x"
"86",10024.7010981401,-8878.29627871272,"x"
"87",10214.4679078147,-9355.57126821319,"x"
"88",9204.62541536917,-6886.24898296391,"x"
"89",10138.4759460116,-9332.91370124669,"x"
"90",9344.83319274266,-7325.43667157779,"x"
"91",9359.10286345198,-7363.70277911317,"x"
"92",9776.16750664797,-8211.21398116374,"x"
"93",9574.96717080587,-7834.75685324103,"x"
"94",10134.5906795164,-9433.20093648134,"x"
"95",10168.5470589048,-9264.12972174419,"x"
"96",9829.29576160577,-8531.06762716925,"x"
"97",9951.28058681817,-8591.16571792898,"x"
"98",9894.90551378738,-8785.59306989787,"x"
"99",9779.21812585328,-8202.6131259809,"x"
"100",9998.46552236165,-8879.3249196572,"x"
"101",9533.72540447684,-7941.66796702415,"x"
"102",10661.9715069332,-10181.2524900321,"x"
"103",9709.94827002781,-8178.1525126018,"x"
"104",9336.39743801562,-7384.36316946501,"x"
"105",9368.6036340674,-7426.24532884414,"x"
"106",9920.56215144531,-8644.54701412725,"x"
"107",9971.77460078022,-8684.65697419702,"x"
"108",10078.5869570071,-9078.36998227219,"x"
"109",10148.96823255,-9058.35697151457,"x"
"110",9490.60249245641,-7581.1460633512,"x"
"111",10139.6439332844,-9120.5832239449,"x"
"112",9353.57241936705,-7211.76242977829,"x"
"113",9581.08337527757,-7945.20418947562,"x"
"114",10025.5920345074,-8924.28256892062,"x"
"115",9657.42530325746,-8082.71527807336,"x"
"116",9802.92743777961,-8415.72451069615,"x"
"117",10081.9063650335,-9082.89289139989,"x"
"118",9851.45401238671,-8427.25645482373,"x"
"119",9872.45247806952,-8582.63299654838,"x"
"120",9507.57347597417,-7605.22754930415,"x"
"121",10146.2622990717,-9296.76837139885,"x"
"122",9932.1855205576,-8749.55310914149,"x"
"123",10285.4823164669,-9960.05423645381,"x"
"124",9465.38301695705,-7672.98650388452,"x"
"125",9432.81742430681,-7523.75194559867,"x"
"126",10147.4403244364,-9090.84145449661,"x"
"127",10010.2758825815,-8772.46651240915,"x"
"128",10079.8924312753,-8944.87332614696,"x"
"129",9711.30280016524,-8316.9145425114,"x"
"130",9895.42318964091,-8451.4254197429,"x"
"131",9515.73826952049,-7784.09135736224,"x"
"132",10044.7038539501,-8899.05606760601,"x"
"133",9637.09987149179,-8058.50619015812,"x"
"134",9499.73685459611,-7743.33660131133,"x"
"135",9717.27629159909,-8234.58299474936,"x"
"136",9864.18189266039,-8639.11231006517,"x"
"137",10072.8834853641,-8854.21107890565,"x"
"138",9743.02092113738,-8399.62957857994,"x"
"139",9897.5400424091,-8545.24222252247,"x"
"140",9593.37517532205,-7917.47986526313,"x"
"141",9338.30750505619,-7344.98238641014,"x"
"142",9761.30573056264,-8248.6586331671,"x"
"143",9607.21142420652,-7858.26632586788,"x"
"144",9921.03429162135,-8760.82842263229,"x"
"145",9737.10142262705,-8208.64321924351,"x"
"146",10165.3573562992,-9034.971048679,"x"
"147",9328.45143677212,-7224.24057773244,"x"
"148",9869.76824789066,-8728.51687067614,"x"
"149",10317.6113635967,-9541.91755535078,"x"
"150",9964.04925780236,-8779.14964309254,"x"
"151",9432.42239408702,-7529.02816567198,"x"
"152",9821.10477097834,-8541.47919674294,"x"
"153",9869.90267726365,-8571.13942363003,"x"
"154",10179.8567274808,-9111.59863265056,"x"
"155",10263.6828404731,-9461.49720564863,"x"
"156",9856.43924342709,-8574.18319946184,"x"
"157",9460.36193419329,-7597.90555460919,"x"
"158",10030.0883459099,-8905.51120786379,"x"
"159",9474.00156813034,-7690.76589651015,"x"
"160",8983.01936157785,-6616.75226555599,"x"
"161",9678.09916897717,-8134.84002859259,"x"
"162",10194.6141385679,-9207.68174122003,"x"
"163",9344.27089950052,-7144.97767044894,"x"
"164",8990.70617065389,-6610.91663266989,"x"
"165",9263.75387523115,-7141.80421842363,"x"
"166",8935.47204948551,-6462.02874444494,"x"
"167",10337.4538724616,-9776.51131599786,"x"
"168",9495.92359707205,-7631.98267236334,"x"
"169",9895.69328832164,-8571.46090470205,"x"
"170",9794.02392504936,-8390.48170209307,"x"
"171",9763.08407109403,-8335.38314663148,"x"
"172",9269.01687130116,-7105.19087644076,"x"
"173",9937.40605090899,-8735.57144288995,"x"
"174",9752.77977254622,-8219.40973269936,"x"
"175",9778.2668752452,-8341.03478149019,"x"
"176",9443.91254096833,-7546.30583723769,"x"
"177",9419.87775354036,-7584.57611780919,"x"
"178",9493.90486719524,-7725.15496802022,"x"
"179",9926.21344197513,-8693.49830890694,"x"
"180",10006.6963435883,-8908.88932573533,"x"
"181",9204.45337650603,-6947.99306443025,"x"
"182",9973.91554350739,-8830.685808063,"x"
"183",9228.01104614966,-7053.74614328102,"x"
"184",9877.46407134571,-8624.66976754994,"x"
"185",10094.7907398758,-9201.45094852294,"x"
"186",8537.22391050094,-5198.6492918892,"x"
"187",10157.7681055129,-9215.18895312784,"x"
"188",10098.533779392,-8896.69709366677,"x"
"189",9949.67147057048,-8892.44398504418,"x"
"190",9193.72624151316,-6953.82720507289,"x"
"191",10039.3971248974,-8865.07845507051,"x"
"192",9749.39542938266,-8096.49170409289,"x"
"193",8828.46820027964,-6152.07817120795,"x"
"194",9614.30865081166,-7912.66083971423,"x"
"195",9945.72579830405,-8637.89830273294,"x"
"196",9792.18521539095,-8315.46232744679,"x"
"197",9204.73397629427,-7053.19553684209,"x"
"198",10004.7854032806,-8827.65625683649,"x"
"199",9813.73101712249,-8349.14684884556,"x"
"200",9344.61167785274,-7395.43981772168,"x"
"201",9560.35673906136,-7841.94338238564,"x"
"202",9402.45598056873,-7461.42224389573,"x"
"203",9708.75077216913,-8079.68612438488,"x"
"204",9346.35400026716,-7384.71359390063,"x"
"205",9778.49360090445,-8324.26256229615,"x"
"206",9669.21187081815,-8051.85390315664,"x"
"207",9903.02516314323,-8562.67638874867,"x"
"208",10111.1287958541,-9164.45113361757,"x"
"209",9411.23333465536,-7655.885528897,"x"
"210",10299.1549936527,-9603.79856114388,"x"
"211",9667.19101166168,-8058.59795816903,"x"
"212",9792.84870838197,-8413.57581064723,"x"
"213",9781.01879376702,-8333.23692442803,"x"
"214",9741.7328721643,-8365.77189438272,"x"
"215",9866.78655419697,-8603.21717976973,"x"
"216",9849.56565233664,-8366.71265966245,"x"
"217",9645.07382676963,-8040.90942557575,"x"
"218",10021.7127864976,-9165.77678677047,"x"
"219",10093.8770397933,-9056.83915458421,"x"
"220",9826.05938726884,-8465.26708414817,"x"
"221",9896.87449781924,-8423.99333386893,"x"
"222",9781.28037454975,-8286.91587271647,"x"
"223",9707.14078876947,-8202.77535253666,"x"
"224",9318.92269504984,-7228.03695069096,"x"
"225",9490.67654712649,-7763.76609766133,"x"
"226",9368.20697205255,-7522.4804788911,"x"
"227",9881.15449465675,-8658.52214657667,"x"
"228",9683.7837346189,-8103.17092062626,"x"
"229",9499.48312716505,-7792.49531557535,"x"
"230",9059.60365035494,-6692.08145545704,"x"
"231",9831.08371585802,-8426.15181516412,"x"
"232",9748.3476419917,-8238.26412591602,"x"
"233",9375.9388027709,-7535.31512030961,"x"
"234",10370.8418553847,-9816.55334933389,"x"
"235",9624.4907785508,-8049.32411361031,"x"
"236",8954.49737566713,-6412.45776555167,"x"
"237",9853.61059648819,-8426.23083286529,"x"
"238",9567.7574787157,-7828.92074708969,"x"
"239",9536.46938785412,-7954.39536261955,"x"
"240",9953.72978643489,-8784.74342888115,"x"
"241",9662.03875126888,-8147.6170863175,"x"
"242",9015.78084962517,-6803.88089206092,"x"
"243",9190.44529055999,-7072.13417390064,"x"
"244",9181.84957006728,-6807.09954023346,"x"
"245",9387.37867828817,-7395.59078047893,"x"
"246",9784.06560094713,-8212.53900986337,"x"
"247",9831.71436946511,-8491.95734254077,"x"
"248",9334.89039341304,-7440.7078419369,"x"
"249",10045.0322409872,-8902.17077874351,"x"
"250",10080.1782489055,-8874.52050804682,"x"
"251",9503.70744512191,-7719.16321353962,"x"
"252",10189.7698439904,-9102.86385142618,"x"
"253",10162.498020396,-9080.74153569353,"x"
"254",9688.08253000343,-8190.40757313481,"x"
"255",8862.56310645481,-6303.92705810343,"x"
"256",9793.8373679742,-8311.57747483958,"x"
"257",9248.23882211386,-7037.74967420966,"x"
"258",9867.01724502839,-8474.11322527683,"x"
"259",10172.7451181632,-9206.52912652854,"x"
"260",9719.56707035501,-8198.08398142049,"x"
"261",9937.87716192445,-8663.88846846077,"x"
"262",8843.09460275506,-6274.45125951049,"x"
"263",10284.150236329,-9511.8278444898,"x"
"264",9577.65269826405,-7856.86700623619,"x"
"265",9329.14551644487,-7395.76079507792,"x"
"266",10031.7824476555,-8983.56442761255,"x"
"267",10129.1890767706,-9204.75690744632,"x"
"268",9969.54566877828,-8923.72770133034,"x"
"269",9641.03091281863,-8156.91708255047,"x"
"270",10310.695363836,-9431.3576263643,"x"
"271",9085.75620698607,-6909.82229900125,"x"
"272",9626.1550078128,-8100.96760338094,"x"
"273",10422.9768896969,-9938.1570559135,"x"
"274",10335.6196007411,-9492.70362595242,"x"
"275",9700.84492539847,-8275.66815406559,"x"
"276",9292.10309656736,-7191.41139612017,"x"
"277",9606.35432593552,-8034.73980177793,"x"
"278",9881.61127261113,-8801.49059496481,"x"
"279",9648.44796425231,-7998.31198831853,"x"
"280",10146.3963177247,-9180.04563840877,"x"
"281",10127.1823111167,-9347.33391705796,"x"
"282",9696.36830182181,-8161.12254973739,"x"
"283",9903.48171350002,-8740.89713528223,"x"
"284",8940.57983503696,-6548.80158186195,"x"
"285",9289.51897898567,-7263.86088892057,"x"
"286",9759.81190563448,-8125.96195877321,"x"
"287",9716.08000237296,-8165.30128200939,"x"
"288",9863.28960418973,-8420.8805256044,"x"
"289",9329.12699811795,-7317.04295223699,"x"
"290",9704.13601360678,-8187.00787009126,"x"
"291",9213.84740701705,-7128.13768659794,"x"
"292",10258.939698185,-9430.20285586177,"x"
"293",9919.42753605543,-8603.70605020217,"x"
"294",9870.14323530112,-8622.9696759296,"x"
"295",10055.705968252,-8931.78022536431,"x"
"296",9756.87038530737,-8175.12898885247,"x"
"297",10001.2600419298,-8826.54813652905,"x"
"298",9911.33401094035,-8492.77484315856,"x"
"299",8949.31442167178,-6264.80802199134,"x"
"300",9641.09000892812,-8019.59120834242,"x"
"301",9721.93487305562,-8205.24954352514,"x"
"302",10023.5487112218,-8834.05199218204,"x"
"303",10290.632842027,-9755.84896043022,"x"
"304",9610.03253597584,-8091.45374203734,"x"
"305",9677.92328429685,-8015.88781959883,"x"
"306",9423.84073864634,-7512.12724065051,"x"
"307",9919.99444245805,-8873.75807193088,"x"
"308",9428.73118759122,-7489.33418057129,"x"
"309",10316.933554951,-9555.41055438531,"x"
"310",9297.92407892089,-7412.40598545044,"x"
"311",9813.75488614015,-8397.39179639148,"x"
"312",9883.8755345328,-8660.84109657431,"x"
"313",9501.63431273713,-7714.19600153465,"x"
"314",9458.71649298157,-7722.47018681063,"x"
"315",9206.90339622492,-7135.57086721697,"x"
"316",9871.49442044246,-8604.5160622194,"x"
"317",9962.38356076941,-8783.77626104069,"x"
"318",9996.1532508441,-9080.32974419142,"x"
"319",10035.8934447022,-8841.8830333777,"x"
"320",9658.16284742708,-8120.43014324182,"x"
"321",9526.57201660546,-7865.27358881572,"x"
"322",9836.08487325614,-8342.47262921561,"x"
"323",9801.03363495292,-8337.96198631382,"x"
"324",9729.44847853476,-8197.71194753121,"x"
"325",9928.9282742783,-8830.61019098012,"x"
"326",9944.2789170696,-8644.9227266974,"x"
"327",9376.40973299159,-7426.22305720357,"x"
"328",9342.98605269191,-7445.15043772358,"x"
"329",9127.13719773411,-7031.44935324545,"x"
"330",9411.73351973231,-7549.3235624877,"x"
"331",9606.91896140489,-7915.52171965951,"x"
"332",9758.02838908552,-8326.52334979722,"x"
"333",9730.09795304455,-8337.6152133173,"x"
"334",10092.3573669312,-9223.17931818787,"x"
"335",9586.96022225946,-7816.88540146737,"x"
"336",10043.7827216633,-8872.83319806827,"x"
"337",9398.76695152274,-7525.08833505502,"x"
"338",10030.1453472735,-8966.0218244138,"x"
"339",9975.00405167276,-8802.33365754403,"x"
"340",9342.25510960554,-7408.6982204226,"x"
"341",9593.7833040024,-7891.98809558124,"x"
"342",10246.2433073036,-9368.896633632,"x"
"343",9788.73769409627,-8315.13770241016,"x"
"344",10421.5326063222,-9777.4996316431,"x"
"345",9760.22815544795,-8336.32849293483,"x"
"346",10050.7666543414,-8786.84284305644,"x"
"347",9963.83606007214,-8701.38892446312,"x"
"348",9724.51738624673,-8256.03322599458,"x"
"349",9145.13021929018,-7041.52372022097,"x"
"350",9099.18090696886,-6911.39433474646,"x"
"351",9847.23822968644,-8473.94505459815,"x"
"352",9773.92565363259,-8412.81545497201,"x"
"353",9302.42393405357,-7381.66863549105,"x"
"354",9976.58563602821,-8639.35501679388,"x"
"355",9678.31427869104,-7987.60953217443,"x"
"356",10176.9567846039,-9225.7471159366,"x"
"357",9379.22388411145,-7453.47269125362,"x"
"358",9685.43934352763,-8160.06516831591,"x"
"359",9287.52898507025,-7208.06571930254,"x"
"360",9481.4760517417,-7636.10688202481,"x"
"361",9603.33995973527,-7870.35904506597,"x"
"362",9638.42909532493,-8037.35133531142,"x"
"363",9646.8838556223,-8074.45835782216,"x"
"364",10188.7738259428,-9204.87520508546,"x"
"365",9539.07717868531,-7759.94615440202,"x"
"366",9990.80452128971,-8737.80638888031,"x"
"367",9417.81609252175,-7543.54890608183,"x"
"368",9214.92322852896,-6969.84471014456,"x"
"369",9715.67951681694,-8258.18516445362,"x"
"370",9725.06005779448,-8185.95980424092,"x"
"371",9414.42059816354,-7541.35512734937,"x"
"372",9904.38563600141,-8572.50877288102,"x"
"373",9901.29989926066,-8696.8099817372,"x"
"374",9233.97607429158,-7184.92220900625,"x"
"375",10086.8231275455,-9064.06963038942,"x"
"376",9135.84485898029,-6821.87543318429,"x"
"377",9057.22221652715,-6844.6501437919,"x"
"378",9798.86426526927,-8398.47689271018,"x"
"379",9795.99728511565,-8545.74268311517,"x"
"380",9164.72566159703,-7086.61967521748,"x"
"381",10035.7127083631,-8872.63217992889,"x"
"382",9878.28981362453,-8650.23441091111,"x"
"383",10119.6890500228,-9061.2887585652,"x"
"384",9795.771621354,-8321.01048969721,"x"
"385",9925.31772675648,-8685.81303076082,"x"
"386",9257.10346486014,-7063.0405886192,"x"
"387",9844.95618579307,-8559.26243540659,"x"
"388",10154.5109980232,-9208.47139752318,"x"
"389",9887.17832833584,-8669.4474070607,"x"
"390",9808.4007194953,-8390.97280681735,"x"
"391",9053.06768225466,-6707.30443343109,"x"
"392",9503.22140774653,-7714.49657282262,"x"
"393",9140.58569195372,-6787.75134826912,"x"
"394",10117.2780795898,-9066.13458351102,"x"
"395",9385.98002380798,-7292.84080550928,"x"
"396",10137.8231481763,-9230.6975040032,"x"
"397",9844.4958007542,-8295.31250958333,"x"
"398",10070.7337573504,-9262.55699001318,"x"
"399",9511.39777634835,-7809.56530237204,"x"
"400",8996.24576919249,-6661.17467508525,"x"
"401",9876.5136576874,-8565.97306059267,"x"
"402",10501.987903326,-9970.51782082551,"x"
"403",9687.42893685928,-8089.42157392065,"x"
"404",9490.36436213502,-7791.01681121674,"x"
"405",10045.7395673664,-8810.1975979082,"x"
"406",9875.49328280003,-8878.30885486888,"x"
"407",9749.4020193015,-8222.13146927249,"x"
"408",9823.88044360017,-8547.04099007471,"x"
"409",9756.82754958534,-8313.26459793921,"x"
"410",9787.26558481632,-8324.06770252178,"x"
"411",10131.0096828769,-9050.65224526953,"x"
"412",9645.85031373053,-8042.97952993589,"x"
"413",9843.39339618437,-8539.91742944111,"x"
"414",10157.014284085,-9224.2412367633,"x"
"415",9829.63656170064,-8491.98420239187,"x"
"416",9439.61215002449,-7599.06849322115,"x"
"417",9969.18907756381,-8894.27080329481,"x"
"418",9932.6178150564,-8743.20623096922,"x"
"419",9917.29393938377,-8648.7076099847,"x"
"420",10165.8912654042,-9300.73375966068,"x"
"421",10110.4093438221,-9198.78352737686,"x"
"422",10082.5399934322,-9008.02567655132,"x"
"423",9365.14963084025,-7404.19320336858,"x"
"424",9673.52103195018,-8059.71395520833,"x"
"425",9578.83465876648,-7851.68397953484,"x"
"426",9799.98486908183,-8316.44064486075,"x"
"427",9486.56174277088,-7627.27941024624,"x"
"428",9255.58343421797,-7130.8629417309,"x"
"429",9814.6093544912,-8329.99225727058,"x"
"430",9970.78226568222,-8705.79072820968,"x"
"431",10303.5897277307,-9451.44912462898,"x"
"432",9076.40860164844,-6862.0718124461,"x"
"433",10168.6200703457,-9230.70583981643,"x"
"434",9722.17444301273,-8282.93902151146,"x"
"435",9822.51503453937,-8498.31554843542,"x"
"436",9718.46123846183,-8116.05333258738,"x"
"437",9660.27188234415,-8166.12850233086,"x"
"438",9695.92723051918,-8108.2626399692,"x"
"439",9190.5784125017,-6975.08100578838,"x"
"440",9550.8288950004,-7818.80193269661,"x"
"441",9831.68858853202,-8490.94688470026,"x"
"442",9558.62184942023,-7784.39090887665,"x"
"443",9784.77078002206,-8176.81861465714,"x"
"444",9792.54338366113,-8303.06994757252,"x"
"445",9918.8812713646,-8645.3940521598,"x"
"446",9577.4808584957,-7933.17252627975,"x"
"447",9961.25596095006,-8673.41320571745,"x"
"448",10106.3681016232,-9248.23374215512,"x"
"449",9947.04860647405,-8742.40810166099,"x"
"450",9421.3710974074,-7484.56002682123,"x"
"451",10026.0490923616,-8888.80610706534,"x"
"452",9919.65419564181,-8602.73766331428,"x"
"453",10075.1117891916,-9029.91172981038,"x"
"454",10072.7923422191,-9399.16953590884,"x"
"455",9769.18973508474,-8282.19493627065,"x"
"456",9778.63649751991,-8328.18702413387,"x"
"457",9444.55004966889,-7567.81669009922,"x"
"458",9976.95772552623,-8701.51254855889,"x"
"459",10120.9787292277,-9069.2523971453,"x"
"460",9899.11853312371,-8797.36318688429,"x"
"461",10156.6764921327,-9168.23123198797,"x"
"462",9557.19251996169,-7942.35398718518,"x"
"463",10036.6141699255,-8896.73360852731,"x"
"464",9850.90129100624,-8409.52159561495,"x"
"465",9264.94713168479,-7219.76636342246,"x"
"466",9198.72099966652,-7059.16826940501,"x"
"467",9475.68820536088,-7647.21428815531,"x"
"468",9204.84136124952,-6930.16814812625,"x"
"469",9934.59541762946,-8721.91716014155,"x"
"470",9239.0781017728,-7051.15727192158,"x"
"471",10437.9840348964,-9757.35963462559,"x"
"472",9503.00505130525,-7760.54387040345,"x"
"473",9656.51734146,-8112.48799895906,"x"
"474",9701.24317951214,-8223.10035488602,"x"
"475",8742.89466383931,-6098.77595060019,"x"
"476",9706.85584675887,-8166.1981239351,"x"
"477",9272.61608466015,-7190.81802306231,"x"
"478",9860.69127748668,-8599.7844799994,"x"
"479",9592.09117500825,-8017.07379987258,"x"
"480",9962.7400984108,-8809.10082929684,"x"
"481",9550.74739817786,-7866.53253643329,"x"
"482",9412.63832031677,-7399.53653592671,"x"
"483",9662.60522548907,-8028.43315397434,"x"
"484",10176.909355616,-9295.74823124303,"x"
"485",9559.77894526108,-7787.91948987023,"x"
"486",9701.91587327302,-8237.05879865296,"x"
"487",10278.4760490029,-9424.55333539861,"x"
"488",9856.39561746057,-8390.3151293646,"x"
"489",9106.099654767,-6942.3512769194,"x"
"490",9949.12787491984,-8578.29525499238,"x"
"491",9993.69500471082,-8851.25316827238,"x"
"492",9304.28083493615,-7235.97739496856,"x"
"493",9713.53694161685,-8212.25764587337,"x"
"494",9871.68914440725,-8575.94305714579,"x"
"495",9440.89377185892,-7653.45986305826,"x"
"496",9626.59356306077,-8018.96848961597,"x"
"497",9464.03008381535,-7609.6926075392,"x"
"498",9737.25676226752,-8389.20959876444,"x"
"499",9530.28952820109,-7806.66586603465,"x"
"500",9737.6761795446,-8313.34620163715,"x"
"501",9465.75522999891,-7509.77890268225,"x"
"502",9486.50928412771,-7661.98625132608,"x"
"503",9485.88375801371,-7761.05236484408,"x"
"504",9797.7833193458,-8394.57206778053,"x"
"505",10330.6350605226,-9630.65890610791,"x"
"506",8767.89248309543,-6074.25719078249,"x"
"507",9582.1942803764,-7800.23722679337,"x"
"508",9857.05786031873,-8470.77608114866,"x"
"509",10080.1781214311,-8958.87231747106,"x"
"510",9982.75839208613,-8744.96375297895,"x"
"511",9811.64134187252,-8343.2091687578,"x"
"512",9914.13211582969,-8661.45115352961,"x"
"513",9986.92517404746,-8807.78682955927,"x"
"514",9595.81700961081,-8089.02406571453,"x"
"515",9960.8938899981,-8811.19842368636,"x"
"516",9483.32797201182,-7648.07174793038,"x"
"517",10007.5954817864,-8775.05036877289,"x"
"518",10227.8058305864,-9406.7277470932,"x"
"519",9709.24135796059,-8168.33083141596,"x"
"520",10112.3757118277,-9023.25235419257,"x"
"521",10214.6418251576,-9378.69837818308,"x"
"522",9349.48111706247,-7440.74609786424,"x"
"523",9885.67951024371,-8522.48982600192,"x"
"524",10008.1294773258,-8965.99936630066,"x"
"525",9472.71700803041,-7650.9762990556,"x"
"526",9697.64949188829,-8247.78103627466,"x"
"527",9743.2824125065,-8178.82030284215,"x"
"528",9536.02391172051,-7817.61841326864,"x"
"529",9681.68759652497,-8200.36638516364,"x"
"530",9657.47649885874,-8102.19255697749,"x"
"531",9701.00510527431,-8134.39950942126,"x"
"532",9853.12761032723,-8458.92308428236,"x"
"533",9528.45275938076,-7816.77218410985,"x"
"534",9846.05758372565,-8603.32282667152,"x"
"535",10102.3224297358,-9149.32971992506,"x"
"536",9923.73801965535,-8448.0551702896,"x"
"537",9347.23220295144,-7440.6273952724,"x"
"538",9325.04944984476,-7311.30804013761,"x"
"539",9742.40984982493,-8296.15531188344,"x"
"540",9268.71544564868,-7013.7488372767,"x"
"541",9463.75944363288,-7567.93873791514,"x"
"542",9388.55586619549,-7516.94763314707,"x"
"543",9158.22757535628,-6918.58667599357,"x"
"544",10087.8982396644,-8863.65228531833,"x"
"545",9890.41279813279,-8410.32261543709,"x"
"546",9607.61190099338,-7946.2254808418,"x"
"547",9775.13619185918,-8505.25456052797,"x"
"548",9946.0240956292,-8393.74059909178,"x"
"549",9415.84369587511,-7495.94088939341,"x"
"550",9261.45199885566,-7109.85133902113,"x"
"551",9369.65088278513,-7558.07807683511,"x"
"552",9873.97388578368,-8626.26136069216,"x"
"553",9788.64469764254,-8343.0094041914,"x"
"554",10028.2873694964,-8928.51731580376,"x"
"555",9613.6600736981,-7885.90938587298,"x"
"556",10289.5505799155,-9551.30169291747,"x"
"557",9734.70960898429,-8019.54548801775,"x"
"558",9373.17538909251,-7463.92072981846,"x"
"559",10024.4240155071,-8848.07711889611,"x"
"560",9890.59396674828,-8499.44001928738,"x"
"561",9385.85121429101,-7690.82652737923,"x"
"562",9715.04329870906,-8256.28956126717,"x"
"563",9635.06514191672,-7940.59896327875,"x"
"564",9358.37315129496,-7411.49457927302,"x"
"565",9978.95666943731,-8726.4591097794,"x"
"566",9430.25041816031,-7477.45848427313,"x"
"567",9907.45501665559,-8578.894679953,"x"
"568",10222.8490663179,-9440.72044639272,"x"
"569",9687.86292463423,-8037.56031040931,"x"
"570",8996.81227048842,-6537.26689823409,"x"
"571",9460.88663902636,-7611.1552272617,"x"
"572",9765.82282908156,-8272.43579877745,"x"
"573",10176.403841674,-9301.12709011855,"x"
"574",10062.0679885097,-8849.36078709215,"x"
"575",9468.01681962257,-7756.1264071001,"x"
"576",10033.3018955327,-8761.76824201815,"x"
"577",9670.64834373698,-8130.39045199722,"x"
"578",10070.4759677963,-8972.56985104616,"x"
"579",10029.3442202215,-8801.52203998835,"x"
"580",9227.15097397303,-7077.13258909146,"x"
"581",10090.3007389452,-8926.64361166224,"x"
"582",10323.5763686612,-9741.07565049222,"x"
"583",9696.07066828603,-8130.41875118258,"x"
"584",9652.42045107058,-8158.63263167225,"x"
"585",10180.1191157867,-9245.09111521835,"x"
"586",9682.44424067814,-8137.45756691871,"x"
"587",10150.7365766761,-8925.10349043847,"x"
"588",9933.5933451636,-8805.61961258206,"x"
"589",10186.5737167541,-9291.76466002045,"x"
"590",9251.37435829225,-7207.17138456186,"x"
"591",9831.09900686866,-8424.59605693882,"x"
"592",9441.46690504937,-7562.88831449022,"x"
"593",9863.81751196993,-8492.42691657257,"x"
"594",9512.80229591079,-7673.36342141675,"x"
"595",9840.31944158312,-8460.38858711298,"x"
"596",10282.3943726946,-9498.18800091381,"x"
"597",9919.37130620138,-8663.19629642416,"x"
"598",9440.88136887181,-7534.73685477396,"x"
"599",9803.0605992749,-8395.02297020903,"x"
"600",9905.85228605741,-8513.3880271158,"x"
"601",9414.64951163875,-7447.49499244952,"x"
"602",10077.8939597741,-9068.79658499438,"x"
"603",10060.2534949614,-8858.981775827,"x"
"604",9682.56534199477,-8084.51974784196,"x"
"605",9975.95182394224,-8745.81541283482,"x"
"606",9896.81299823275,-8635.49973921289,"x"
"607",9715.19414770507,-8205.31448029004,"x"
"608",9865.54371597887,-8514.02886146094,"x"
"609",9754.00918731095,-8223.16013896086,"x"
"610",9601.14983438682,-7891.62432854222,"x"
"611",9598.3342057728,-8110.15830305084,"x"
"612",10374.5947472804,-9836.89618872656,"x"
"613",9063.50046233424,-6952.2495044811,"x"
"614",10177.6642536867,-9251.6338063673,"x"
"615",9775.13871372816,-8154.12470652911,"x"
"616",9331.40783563016,-7484.10699602067,"x"
"617",10320.5516507718,-9576.80621186566,"x"
"618",9594.00845282993,-7975.98055627071,"x"
"619",10033.685861216,-8904.99151535117,"x"
"620",10075.4282728626,-8917.92790427875,"x"
"621",10240.6233392492,-9463.44359042584,"x"
"622",9710.79794023445,-8140.98944646746,"x"
"623",9895.64806194442,-8653.89750729265,"x"
"624",10145.9548210302,-9058.35198411549,"x"
"625",10109.614955454,-8879.80816649339,"x"
"626",9799.33796155344,-8470.84949665435,"x"
"627",9243.73454054044,-7093.20882680963,"x"
"628",9706.47799612595,-8199.34155634168,"x"
"629",10212.9590910285,-9241.2614866585,"x"
"630",9963.07517762688,-8704.89928511874,"x"
"631",10105.3406329633,-9450.83687984639,"x"
"632",9355.09880820872,-7413.28013144897,"x"
"633",9522.13556349614,-7800.44120466772,"x"
"634",9789.01742283002,-8254.06080201524,"x"
"635",9913.28932268649,-8653.38145678132,"x"
"636",10128.0307071906,-8970.39954347436,"x"
"637",9844.54793574875,-8505.36106682349,"x"
"638",9817.38869842317,-8496.72262218374,"x"
"639",9972.47320309703,-8839.49844680818,"x"
"640",10156.8060251028,-9053.29057065487,"x"
"641",9300.70788802179,-7351.11765172983,"x"
"642",9682.30910426432,-8014.25957956005,"x"
"643",10105.6824221706,-9083.463897939,"x"
"644",10333.7262550406,-9720.90003860001,"x"
"645",9704.16643829512,-8167.12232521187,"x"
"646",10199.7805614928,-9161.042041111,"x"
"647",10069.3143235308,-8854.7504097917,"x"
"648",9592.44220930396,-7804.70254507504,"x"
"649",9648.33373461891,-8018.11413998617,"x"
"650",9880.76418722502,-8486.52207781621,"x"
"651",10022.1314864955,-8858.12286955702,"x"
"652",9955.76127702377,-8660.62688933337,"x"
"653",9495.34905084094,-7640.32872687876,"x"
"654",9750.80794042014,-8417.97143127177,"x"
"655",10026.6638910241,-8988.95486598431,"x"
"656",9579.14473260437,-7794.3412170649,"x"
"657",9948.40523252751,-8724.66638052669,"x"
"658",9382.02635885876,-7497.32470540038,"x"
"659",10134.8458748137,-9112.76460880417,"x"
"660",10120.9975915092,-9275.41257768113,"x"
"661",9441.38212249362,-7575.0862079586,"x"
"662",9710.58202311325,-8238.33274907636,"x"
"663",10234.5841203246,-9441.28465098001,"x"
"664",9898.85065744442,-8679.52797561889,"x"
"665",9637.83282783961,-8021.530868179,"x"
"666",9548.93590115086,-7809.41654792972,"x"
"667",9630.62592760603,-8153.19049805774,"x"
"668",9556.80224688573,-7851.60732015948,"x"
"669",9788.77057605331,-8337.6965913282,"x"
"670",9892.88785528266,-8623.24208731521,"x"
"671",9849.23840331012,-8518.50570801949,"x"
"672",10009.0735934598,-8819.68547021819,"x"
"673",9693.99808705441,-8158.24626664579,"x"
"674",9350.93815225361,-7361.51967636461,"x"
"675",9900.95161206299,-8636.43907035114,"x"
"676",10033.6057675009,-8928.71077566084,"x"
"677",9944.41395007861,-8840.48400433833,"x"
"678",9627.50832411582,-8015.34179054813,"x"
"679",9634.60905762174,-7989.0062171802,"x"
"680",9364.98480254481,-7456.35623109277,"x"
"681",10009.6276717232,-8985.729590331,"x"
"682",9482.02239441243,-7505.40987983865,"x"
"683",9060.58447629903,-6807.12655485992,"x"
"684",9693.52085633525,-8185.54054744074,"x"
"685",9932.69363228516,-8727.09101522014,"x"
"686",10324.1022664907,-9664.27601722735,"x"
"687",10115.1841586483,-9083.91920756502,"x"
"688",9437.86891580437,-7459.99108288689,"x"
"689",9512.46634805892,-7685.87806482619,"x"
"690",9967.83679806908,-8692.47028685983,"x"
"691",9165.18728826177,-7041.12760714427,"x"
"692",9830.18911644645,-8395.87596504516,"x"
"693",9403.96959498718,-7687.073592357,"x"
"694",9811.28175288998,-8490.35171086041,"x"
"695",9570.10910608758,-7977.56846290708,"x"
"696",9374.34289426966,-7328.33578651175,"x"
"697",9667.60722842054,-8185.18283241335,"x"
"698",9658.08034580122,-8073.54521744114,"x"
"699",10022.1151562658,-8845.71064676978,"x"
"700",10133.6607862638,-9244.44878563265,"x"
"701",9004.6184763725,-6427.3195578363,"x"
"702",9702.56644206989,-8138.5612522133,"x"
"703",9026.56225168038,-6612.33327004465,"x"
"704",9250.23203202269,-7110.20124608128,"x"
"705",10328.4009945229,-9577.48935483168,"x"
"706",10064.7295065807,-8816.29023370677,"x"
"707",9598.57386927918,-7942.90557808642,"x"
"708",9309.93994346058,-7393.88886911827,"x"
"709",9872.83734827243,-8715.82885640006,"x"
"710",10102.6714255082,-9230.00830645672,"x"
"711",10089.0769746127,-9193.99573669261,"x"
"712",9632.79891018805,-7976.20708920993,"x"
"713",9938.03011272642,-8667.15246970793,"x"
"714",9941.81235345664,-8870.59006942643,"x"
"715",9045.14250978747,-6775.3407362701,"x"
"716",9603.06952798346,-7913.05713727592,"x"
"717",9952.71592839968,-8758.76920438844,"x"
"718",10024.9512151824,-8898.29388818248,"x"
"719",10276.3894796279,-9637.5048261716,"x"
"720",9869.52724795893,-8435.96461791571,"x"
"721",10178.0159005018,-9241.27612121514,"x"
"722",9917.95878780046,-8560.88267413909,"x"
"723",10099.926255594,-9199.77486566672,"x"
"724",9800.99760546841,-8137.50946035192,"x"
"725",10120.0101525166,-9037.56617946742,"x"
"726",10274.5330530429,-9506.93398208919,"x"
"727",10029.5304657155,-8893.96556167095,"x"
"728",10131.8008740726,-9005.06175098473,"x"
"729",9946.88523808143,-8677.60622201162,"x"
"730",9930.63752822381,-8710.63239813536,"x"
"731",9639.16678399889,-7959.85771241379,"x"
"732",10285.8815056535,-9404.90305550571,"x"
"733",10081.5360343035,-8953.48959969711,"x"
"734",9134.37717125142,-6888.03612369031,"x"
"735",9696.93763172045,-8216.18893310296,"x"
"736",10136.0376032029,-9145.38856536613,"x"
"737",9177.28042562822,-7044.46269876123,"x"
"738",9202.53802182902,-6991.88528150835,"x"
"739",9715.73413074115,-8158.58685289947,"x"
"740",9457.59280426946,-7617.84107777937,"x"
"741",9906.22389425118,-8538.25752835943,"x"
"742",10074.1138014404,-9112.05350314519,"x"
"743",9433.28863776147,-7601.68618060754,"x"
"744",9854.12009691779,-8423.8743898364,"x"
"745",9945.9246567201,-8671.34974987037,"x"
"746",9656.8890952648,-8233.85292702109,"x"
"747",10311.1554534597,-9421.77925875929,"x"
"748",9425.06668302228,-7456.15338735196,"x"
"749",10262.8808496203,-9486.37072037123,"x"
"750",9611.23518624222,-7794.11237213852,"x"
"751",9961.49239862712,-8793.29587681696,"x"
"752",9607.05187656791,-8047.53361942834,"x"
"753",9879.9337510492,-8537.06396677563,"x"
"754",10133.9985292944,-9083.74839252754,"x"
"755",8820.05046665472,-6291.03527976637,"x"
"756",9658.53680731648,-8133.53193267392,"x"
"757",10228.7788691994,-9567.44774313397,"x"
"758",9896.66866799735,-8587.49085728031,"x"
"759",9763.39417029009,-8259.56487020508,"x"
"760",9303.87938539342,-7312.65035135814,"x"
"761",10077.9823925352,-8932.15408659761,"x"
"762",9995.61672844605,-8839.94506770152,"x"
"763",10070.7868412802,-8940.29009151072,"x"
"764",9868.28659518194,-8521.12075171847,"x"
"765",9729.12519736478,-8273.18145817952,"x"
"766",9607.15744015807,-7979.69393363665,"x"
"767",9647.88081092375,-7940.26571064084,"x"
"768",9914.52472969618,-8906.6059033364,"x"
"769",9986.23649408037,-8685.02919317633,"x"
"770",9522.76742328555,-7733.38267999911,"x"
"771",9305.18707359727,-7270.74412066525,"x"
"772",9869.2449115718,-8544.12977976278,"x"
"773",9599.5980552324,-7994.60948517136,"x"
"774",9327.82346595374,-7374.67415247097,"x"
"775",9482.77225249707,-7575.0293668079,"x"
"776",10126.5955330854,-9143.93188919135,"x"
"777",9819.24374891629,-8338.81183118023,"x"
"778",10193.3608531574,-9168.90973535564,"x"
"779",9743.1354617357,-8222.3326969255,"x"
"780",9142.98059824149,-6743.41689433208,"x"
"781",10272.903748876,-9496.22430627149,"x"
"782",9782.27869470987,-8308.1581315813,"x"
"783",9886.273135362,-8667.43503432972,"x"
"784",9388.56096015626,-7555.69086715611,"x"
"785",10074.0232509266,-9088.86306301471,"x"
"786",9151.62642961982,-6661.88802113169,"x"
"787",9818.11699791325,-8482.7273604814,"x"
"788",9252.611147372,-7169.36377325436,"x"
"789",9127.43094635861,-6943.98389559917,"x"
"790",9439.98482030661,-7659.14241790863,"x"
"791",9963.07809431994,-8854.57116687507,"x"
"792",10343.5646571594,-9700.94041611382,"x"
"793",9707.27377528546,-8201.76283124101,"x"
"794",10020.1929069773,-8898.87111078701,"x"
"795",9671.55164790907,-8049.74350624975,"x"
"796",10022.9523825666,-8790.29529837186,"x"
"797",9344.33012701034,-7322.26775330738,"x"
"798",9378.25656232236,-7313.10416353095,"x"
"799",9324.4281309893,-7424.36946455119,"x"
"800",9752.62688835507,-8256.99167588868,"x"
"801",9909.32842565367,-8561.34168606362,"x"
"802",9605.68711787996,-7903.61063618196,"x"
"803",9281.45915209681,-7123.47777486663,"x"
"804",9384.78586336934,-7475.30697303933,"x"
"805",10321.2667434318,-9664.21653231964,"x"
"806",9326.97644198677,-7366.31263980778,"x"
"807",9573.70399894033,-7951.97295354715,"x"
"808",9471.74484788107,-7658.99946197618,"x"
"809",9734.98073393022,-8106.30554565033,"x"
"810",9581.408916296,-7873.94036285771,"x"
"811",9506.92384482201,-7863.45951362828,"x"
"812",9983.86945117126,-8758.74633817099,"x"
"813",9486.88532187827,-7727.10618059202,"x"
"814",9517.46098709894,-7867.03943143955,"x"
"815",10014.5818720125,-8921.26486889417,"x"
"816",8906.95467112351,-6460.53366294968,"x"
"817",9906.87237162035,-8372.96980326366,"x"
"818",9684.25849411137,-8049.9750221497,"x"
"819",9819.2461967932,-8381.24458300455,"x"
"820",9660.19307418794,-8088.76888452707,"x"
"821",9677.21284107056,-8196.63954780436,"x"
"822",9102.87582589814,-6837.15910984277,"x"
"823",9975.68941179391,-8824.92600667757,"x"
"824",9189.99739587515,-6717.92135589215,"x"
"825",9832.16863351301,-8376.79055711961,"x"
"826",9817.95198779216,-8419.59295027418,"x"
"827",9683.57211469446,-8207.96908308681,"x"
"828",10100.5306243553,-9028.60702676787,"x"
"829",10292.5066802823,-9316.21126051191,"x"
"830",9870.34041836245,-8572.03051732715,"x"
"831",9650.95139393111,-7934.94189852221,"x"
"832",9714.81038990134,-8068.52155864002,"x"
"833",9199.09217879983,-6938.76250779578,"x"
"834",10001.5740429951,-8844.86021578366,"x"
"835",10330.3748255427,-9527.83366646119,"x"
"836",9721.870932322,-8180.13747325727,"x"
"837",9123.20898568773,-6823.2432300283,"x"
"838",9892.00221975767,-8540.74343841881,"x"
"839",9931.51265821779,-8756.39624070407,"x"
"840",10115.8093893537,-9035.95482008775,"x"
"841",10162.6342128654,-9375.86400484264,"x"
"842",9914.19757937735,-8680.80696674728,"x"
"843",9758.56773505346,-8257.87936187299,"x"
"844",10146.2198990824,-9217.96588684689,"x"
"845",10286.8978947653,-9541.69292312384,"x"
"846",10019.441166558,-8945.85969085757,"x"
"847",8969.886003736,-6530.367338809,"x"
"848",9384.60828683015,-7607.55111139517,"x"
"849",9696.87736906812,-8071.93362030439,"x"
"850",10038.3534439093,-8729.75337261265,"x"
"851",9895.46721337362,-8597.22869583495,"x"
"852",9987.97041466698,-8830.14335420818,"x"
"853",10430.3201139296,-9620.71131225545,"x"
"854",9692.43293175631,-8268.709529685,"x"
"855",9605.76248550623,-8059.60450329918,"x"
"856",10231.9612100783,-9316.61901065333,"x"
"857",9237.42362409526,-7164.69840012697,"x"
"858",10394.2496518159,-9893.7937676406,"x"
"859",9508.67013324433,-7645.4854505553,"x"
"860",10001.5585609898,-8850.83686601092,"x"
"861",9551.14200812221,-7790.40864991141,"x"
"862",9510.59437570158,-7810.36950155243,"x"
"863",10119.6066089024,-9097.88090433937,"x"
"864",9275.74876424736,-7317.7709177492,"x"
"865",10149.3062317745,-8962.13513693687,"x"
"866",9377.08446245559,-7435.41688030485,"x"
"867",9666.09896530668,-8164.61591868369,"x"
"868",9781.74038445919,-8418.40733115797,"x"
"869",9646.52864720255,-8055.09989005307,"x"
"870",9969.7365370677,-8816.71488038366,"x"
"871",9526.94813847272,-7820.56338896685,"x"
"872",9923.87246077417,-8476.74228851457,"x"
"873",9841.62735425844,-8484.00927130825,"x"
"874",9971.00663244585,-8941.92398613311,"x"
"875",9721.45407283087,-8127.74613646074,"x"
"876",10184.4802325146,-9664.26735014697,"x"
"877",10116.3012892396,-9019.21988073282,"x"
"878",8894.95844218423,-6344.74201560441,"x"
"879",10346.154022363,-9725.2856050656,"x"
"880",10112.4641731033,-9331.95883079883,"x"
"881",9713.79946713394,-8193.55803145825,"x"
"882",10199.781796534,-9198.71766569999,"x"
"883",9748.94861268128,-8323.6947967045,"x"
"884",9951.70150850212,-8759.30797898391,"x"
"885",9603.36257255234,-7901.48739166242,"x"
"886",9944.69651706267,-8724.63961400144,"x"
"887",10187.3517277527,-9305.10046363904,"x"
"888",10318.7742302229,-9534.66949803399,"x"
"889",9324.05005913593,-7510.92514515255,"x"
"890",10195.5726309278,-9388.92518625343,"x"
"891",9415.64662288058,-7616.10675309327,"x"
"892",9227.19568876332,-7168.8397484635,"x"
"893",9957.82108747405,-8801.37198392484,"x"
"894",10123.3785915908,-9035.75119340229,"x"
"895",9627.82661562038,-8077.36304837828,"x"
"896",10084.9513695283,-9173.39010475242,"x"
"897",9704.8287745042,-8091.00879949572,"x"
"898",9735.30558012103,-8359.03758360769,"x"
"899",9446.87096809368,-7508.0453751774,"x"
"900",9332.51569527528,-7399.13512106635,"x"
"901",9899.90517908781,-8474.76585657878,"x"
"902",9438.00227871611,-7560.2895238204,"x"
"903",9485.79395155677,-7552.6260051614,"x"
"904",9817.87242154819,-8483.42797101162,"x"
"905",10190.4264974268,-9248.35745746219,"x"
"906",9354.06065377236,-7412.33690407295,"x"
"907",10132.3858961251,-9083.93068891628,"x"
"908",10206.4706135793,-9450.37426827411,"x"
"909",10033.1408536046,-9070.75329027376,"x"
"910",9451.35834370001,-7682.86913498234,"x"
"911",9697.86830529461,-8038.7879850446,"x"
"912",10203.5489841102,-9208.32966885477,"x"
"913",9387.73953340238,-7415.99365573968,"x"
"914",9802.43639024074,-8397.23433988101,"x"
"915",9740.01159330264,-8378.44743577013,"x"
"916",9949.19419691017,-8580.09710914906,"x"
"917",9724.26182654987,-8127.58342691115,"x"
"918",9420.50765381608,-7589.65043578636,"x"
"919",9883.77351920052,-8596.07050897464,"x"
"920",9044.25407282966,-6706.89163233363,"x"
"921",9983.10117292827,-9077.52547118284,"x"
"922",9656.75316223245,-8088.35080499061,"x"
"923",10088.4380097491,-9012.48845493798,"x"
"924",10035.6128955942,-8806.41459790027,"x"
"925",9996.2108425814,-8822.13838968865,"x"
"926",9424.07884738153,-7335.57355988673,"x"
"927",9942.6011255379,-8702.22073118887,"x"
"928",9859.61331911718,-8469.05247793146,"x"
"929",9125.69658666839,-6755.02939852516,"x"
"930",9984.35914113466,-8759.84562607232,"x"
"931",9684.49894379328,-8096.73648315072,"x"
"932",10069.7261439371,-9181.70502991758,"x"
"933",9812.63649782161,-8460.28147619502,"x"
"934",9544.06594095723,-7721.09883744093,"x"
"935",9725.08827457152,-8186.51455580766,"x"
"936",9469.15643655179,-7692.48273724597,"x"
"937",9006.09512818764,-6707.5911191102,"x"
"938",9089.82480538672,-6828.45485793355,"x"
"939",10300.0470930131,-9710.53695918205,"x"
"940",9896.18723157204,-8517.78877254101,"x"
"941",10091.8127236685,-9273.09831402508,"x"
"942",10023.7440864878,-8888.76465865975,"x"
"943",10043.3634383997,-8883.04363635362,"x"
"944",9450.88520764847,-7663.95394915228,"x"
"945",9849.69161986557,-8400.4775494662,"x"
"946",9795.78937129958,-8418.28892494649,"x"
"947",9598.93687155739,-7750.34234118291,"x"
"948",10276.7400435614,-9471.30962148524,"x"
"949",9473.19520553156,-7626.62247043231,"x"
"950",9869.40335134646,-8501.11512986608,"x"
"951",9665.10024358236,-8100.76930936823,"x"
"952",9679.50472831824,-8162.33860427177,"x"
"953",9869.44059720767,-8345.6391701092,"x"
"954",9517.4489158135,-7776.80003704014,"x"
"955",9984.12158512783,-8882.63918359983,"x"
"956",9372.20172389384,-7509.1698970161,"x"
"957",10082.276053005,-8981.0632504302,"x"
"958",9350.03796532429,-7550.95899339197,"x"
"959",9763.72910256417,-8302.9956591497,"x"
"960",9932.05538101808,-8872.26809059468,"x"
"961",9384.95470793036,-7547.8607697998,"x"
"962",9480.67646258204,-7618.43743876805,"x"
"963",9116.44031998118,-6787.34064846403,"x"
"964",9179.56045736582,-6871.76757453706,"x"
"965",8888.17266821497,-6375.37313031695,"x"
"966",8876.47523054796,-6188.25319628038,"x"
"967",10070.7235881381,-8938.54820205712,"x"
"968",9318.82226741454,-7324.03649494052,"x"
"969",9531.80260910876,-7853.60350526755,"x"
"970",9702.27037865453,-8217.17047268815,"x"
"971",9913.68407368172,-8713.00042248065,"x"
"972",9990.12703608162,-8937.86596062731,"x"
"973",9993.00916166784,-8871.80298998296,"x"
"974",9232.14247305569,-7157.9538055525,"x"
"975",9789.84711476672,-8469.48189671756,"x"
"976",9810.4567629375,-8559.17179897362,"x"
"977",9718.32703845745,-8144.36373615555,"x"
"978",10309.2156563898,-9596.47714439999,"x"
"979",9529.17775202918,-7783.74977738436,"x"
"980",9932.71505204663,-8731.78888248579,"x"
"981",9901.6666017142,-8444.86794433915,"x"
"982",10029.8693132728,-8993.68285900245,"x"
"983",9698.36830723924,-8135.91664830395,"x"
"984",9532.08083622705,-7895.97008848592,"x"
"985",9500.62141501639,-7648.87517689139,"x"
"986",10058.9627784308,-8975.00037550893,"x"
"987",10082.9735192935,-9331.5037092463,"x"
"988",9707.33381799691,-8043.78262763484,"x"
"989",10094.2681359437,-9174.3600801022,"x"
"990",10074.9477549865,-9075.32577077681,"x"
"991",9451.57590489466,-7622.82110806085,"x"
"992",9747.19653920813,-8268.62602280477,"x"
"993",10407.6211964816,-9668.0094486785,"x"
"994",9780.95788610452,-8386.02762087795,"x"
"995",9799.44025218265,-8427.09406705951,"x"
"996",9538.2671410584,-7802.4798317409,"x"
"997",9966.09975903902,-8563.0256895819,"x"
"998",9690.16431270141,-8277.84117763288,"x"
"999",9071.71397284366,-6769.37579071327,"x"
"1000",9751.29683601146,-8302.53477276399,"x"
"1001",9932.45770769494,-8485.71595268503,"x"
"1002",9706.204773912,-8224.94641777986,"x"
"1003",9509.33408995011,-7561.52157177339,"x"
"1004",10047.675240484,-9094.95090936713,"x"
"1005",10175.2409807425,-9345.45337257711,"x"
"1006",9714.7339793214,-8118.21539211982,"x"
"1007",9512.5603594831,-7737.17193431612,"x"
"1008",9483.98549034138,-7661.34936554429,"x"
"1009",9305.80623123299,-7327.48965204435,"x"
"1010",9714.30391538876,-8170.83065447009,"x"
"1011",9671.75818816188,-8029.79022511781,"x"
"1012",9500.22833501902,-7724.20656375554,"x"
"1013",8913.47475158378,-6430.698852187,"x"
"1014",9853.3584449551,-8646.17309594083,"x"
"1015",9945.61235933824,-8680.17208901128,"x"
"1016",9722.6993888907,-8111.01771738375,"x"
"1017",9244.63975114416,-7129.44277308953,"x"
"1018",10014.2450104115,-8946.28526095523,"x"
"1019",10057.7688961115,-9097.06300347952,"x"
"1020",9610.73562291289,-8029.18615455967,"x"
"1021",10108.7400823681,-9075.53644466024,"x"
"1022",9715.39504304097,-8142.34393124189,"x"
"1023",10034.4063072966,-8743.40374663353,"x"
"1024",9439.55387841151,-7505.14244956497,"x"
"1025",9577.99889382667,-7871.68986071668,"x"
"1026",9469.5962000922,-7598.57404817945,"x"
"1027",10008.5795551758,-8766.69402086128,"x"
"1028",10021.8151351026,-8772.79137326215,"x"
"1029",8603.96821223784,-5662.20022218114,"x"
"1030",9775.89777839015,-8414.84310023523,"x"
"1031",10198.2636294076,-9526.13353126096,"x"
"1032",9937.68373052417,-8594.37738768729,"x"
"1033",10136.7653681386,-9297.7092934295,"x"
"1034",9767.79640799435,-8338.0810704558,"x"
"1035",9555.78693159822,-7833.61717166613,"x"
"1036",9644.24465406302,-7895.1174706056,"x"
"1037",10029.5563327472,-8989.78623292175,"x"
"1038",9429.74197091247,-7536.70289050084,"x"
"1039",9794.51617266333,-8455.26096742574,"x"
"1040",10162.2097264209,-9235.17829962239,"x"
"1041",10009.7836574351,-8815.1610866766,"x"
"1042",10144.7313954016,-9127.47510720047,"x"
"1043",9940.69992809955,-8695.56182748375,"x"
"1044",10149.176953439,-9062.43988609874,"x"
"1045",10146.0170246673,-9076.86265131683,"x"
"1046",9305.31333330068,-7400.49492886059,"x"
"1047",9404.7014494877,-7423.26850579971,"x"
"1048",9193.75947943155,-7123.72168137735,"x"
"1049",9192.66679540122,-7087.44907861663,"x"
"1050",9095.13990112337,-6835.01157534728,"x"
"1051",10033.9220478328,-8890.9554684747,"x"
"1052",9719.40655564806,-8267.39042224037,"x"
"1053",9176.72374829952,-7010.27411021832,"x"
"1054",9945.18873511062,-8599.60070613756,"x"
"1055",9747.65782972452,-8232.80068364145,"x"
"1056",10459.0897146944,-9801.49340863659,"x"
"1057",9414.61291043856,-7542.71435253164,"x"
"1058",9592.62931438118,-7833.68818803832,"x"
"1059",10066.7775349689,-8789.1367949391,"x"
"1060",9562.37618192515,-7963.72619640301,"x"
"1061",9767.8750796693,-8280.63624194736,"x"
"1062",10007.3057310693,-8694.93888327944,"x"
"1063",10079.1469507873,-9056.29622935862,"x"
"1064",9545.68668297089,-7786.95456538245,"x"
"1065",9584.8580636221,-8051.97681213656,"x"
"1066",10038.8956262632,-8855.5892202054,"x"
"1067",9950.5745122577,-8699.77160782734,"x"
"1068",9409.95047685748,-7599.22621643693,"x"
"1069",9700.37909978838,-8121.21852144912,"x"
"1070",9556.46484810052,-7932.78033102694,"x"
"1071",9758.02032815354,-8248.41614242005,"x"
"1072",9589.45999959822,-7870.35631209315,"x"
"1073",9905.4496208336,-8574.30359032336,"x"
"1074",9239.16377515638,-7163.24665626568,"x"
"1075",9451.7172552123,-7580.97946944011,"x"
"1076",9852.6959938558,-8623.91777202825,"x"
"1077",9957.56294138378,-8834.32783717402,"x"
"1078",9382.3050229328,-7316.90072504067,"x"
"1079",9837.27339488843,-8396.71523497804,"x"
"1080",10149.8961114361,-9249.21530340994,"x"
"1081",9471.05118693761,-7569.46443360095,"x"
"1082",10189.4244718141,-9467.95882693473,"x"
"1083",9949.84530904143,-8700.89856004315,"x"
"1084",9690.89505697121,-8224.86915795766,"x"
"1085",9737.51886828753,-8229.0403220356,"x"
"1086",9867.86386777047,-8374.50412043363,"x"
"1087",9743.69685328247,-8292.04319743808,"x"
"1088",9574.4533861915,-7927.28099332585,"x"
"1089",9085.40320320802,-6686.1244896247,"x"
"1090",10221.2902237349,-9321.81281643854,"x"
"1091",9932.9924753709,-8801.47502126872,"x"
"1092",9732.46521734575,-8317.80074937104,"x"
"1093",8888.12974364142,-6471.50936715102,"x"
"1094",9134.30638557784,-6855.31690548388,"x"
"1095",9640.05077574157,-8160.80014140072,"x"
"1096",9880.82231436868,-8517.33978285073,"x"
"1097",9994.1436976009,-8822.81600763452,"x"
"1098",9650.43550060449,-8012.67744620378,"x"
"1099",9833.75649138811,-8454.81358284762,"x"
"1100",10343.1179893344,-9624.066025783,"x"
"1101",9915.85669962613,-8669.00118222176,"x"
"1102",9574.09354763215,-7903.77626406012,"x"
"1103",10026.3581949286,-8743.65012180013,"x"
"1104",9511.07817568589,-7697.63206245157,"x"
"1105",10195.8193475976,-9182.93084075223,"x"
"1106",9631.38921567611,-7926.7910611253,"x"
"1107",9831.05561494958,-8599.7345194428,"x"
"1108",9574.46412195414,-7898.49782289059,"x"
"1109",10136.5111215284,-9249.15824626809,"x"
"1110",9820.66110206881,-8557.58918859801,"x"
"1111",9953.94346090498,-8759.92872897838,"x"
"1112",10178.6060725955,-9235.21013414694,"x"
"1113",10030.0756838814,-8963.67791345882,"x"
"1114",10314.3710146459,-9590.16452413812,"x"
"1115",9856.99201555585,-8496.53579114647,"x"
"1116",9995.05049607985,-9000.88588293458,"x"
"1117",9820.70301551031,-8316.25156187562,"x"
"1118",9844.2659997474,-8361.12983835832,"x"
"1119",10074.2318421635,-8944.98873314902,"x"
"1120",9038.8575495311,-6690.74820336694,"x"
"1121",9518.55651990002,-7591.85730068418,"x"
"1122",9390.39216147544,-7460.4848828658,"x"
"1123",10059.2732939712,-8899.89644163349,"x"
"1124",9966.41421570374,-8775.90017337668,"x"
"1125",10177.2685546464,-9504.88322753661,"x"
"1126",9946.06108116916,-8788.19101004634,"x"
"1127",10069.3260364232,-9021.32433625359,"x"
"1128",9881.8309389908,-8606.59906252547,"x"
"1129",9951.83233353804,-8622.27785630762,"x"
"1130",10135.2748952638,-9320.19806501164,"x"
"1131",10173.9007027553,-9421.54648030344,"x"
"1132",9514.15298224953,-7679.94100374249,"x"
"1133",9814.4981197786,-8419.4773944596,"x"
"1134",9360.99815798378,-7334.40441954056,"x"
"1135",9408.77751122761,-7482.09675948146,"x"
"1136",9738.42805283753,-8284.91611159983,"x"
"1137",10082.8168140291,-8973.21350821672,"x"
"1138",10241.6596426506,-9392.39455569557,"x"
"1139",9880.06989418073,-8574.70959510838,"x"
"1140",9861.64786796304,-8698.88649891023,"x"
"1141",9184.09759690745,-6963.90183267646,"x"
"1142",9630.55284297407,-8028.1306494643,"x"
"1143",10462.7046322842,-9875.54442959815,"x"
"1144",10056.6621529486,-8836.39810310605,"x"
"1145",9584.99126757378,-7920.57601494028,"x"
"1146",10046.0457987694,-8923.51498712044,"x"
"1147",9526.61436318408,-7690.5190296345,"x"
"1148",9445.35118558293,-7649.78284030534,"x"
"1149",9594.12811938238,-7945.35227651079,"x"
"1150",8994.17429017407,-6463.46609591186,"x"
"1151",9514.0884389517,-7719.04343411693,"x"
"1152",10287.3876686845,-9391.4557020145,"x"
"1153",10027.8783702565,-8864.22380634245,"x"
"1154",9998.64445380423,-8829.51741166352,"x"
"1155",9666.59392216303,-7992.62946182628,"x"
"1156",9962.03884933981,-8839.12012040102,"x"
"1157",10110.4686818622,-8948.39229423577,"x"
"1158",9586.8887594794,-7847.82111835989,"x"
"1159",9846.23997186132,-8588.62338952624,"x"
"1160",9997.93057299131,-8895.0955096398,"x"
"1161",10082.9807020654,-8986.98768149262,"x"
"1162",9842.65603680205,-8383.36900883332,"x"
"1163",9543.20731162485,-7749.28864831184,"x"
"1164",9927.20753264641,-8591.51509826973,"x"
"1165",9288.7181759158,-7287.20692477466,"x"
"1166",9271.30016272674,-7067.2200160726,"x"
"1167",9554.57549755806,-7992.07759582448,"x"
"1168",9929.48965610008,-8821.01397690951,"x"
"1169",10091.1020380391,-9047.11159511469,"x"
"1170",9258.71034399,-7190.28362407442,"x"
"1171",9176.96700117287,-7006.76281175618,"x"
"1172",9472.13140362117,-7602.51610316881,"x"
"1173",9317.66992826399,-7249.21626378425,"x"
"1174",9569.00943285082,-7887.29164925935,"x"
"1175",9679.03569807209,-8242.85167719816,"x"
"1176",9776.48582016188,-8223.93942924953,"x"
"1177",9957.77018422814,-8642.05541520316,"x"
"1178",9835.9329091298,-8450.0655006719,"x"
"1179",10007.3780253528,-8898.99119466934,"x"
"1180",9861.35382467603,-8681.28671904674,"x"
"1181",9605.94468070642,-8002.31712248268,"x"
"1182",9687.44374722022,-8358.28784490883,"x"
"1183",9934.29835888932,-8659.24515007072,"x"
"1184",9886.75616401675,-8599.62974872739,"x"
"1185",10098.256083602,-8984.79711484976,"x"
"1186",9941.67796957694,-8657.35739993356,"x"
"1187",9352.5656628994,-7583.93611249865,"x"
"1188",10239.2017675652,-9242.79614619785,"x"
"1189",9568.9464096505,-7931.56446783535,"x"
"1190",9980.34698942223,-8712.30152831403,"x"
"1191",8953.40923653507,-6378.50826471684,"x"
"1192",10050.9551491114,-8797.27435009368,"x"
"1193",9896.77182819046,-8648.48682906091,"x"
"1194",10042.7456885628,-8938.31053295529,"x"
"1195",9932.77609048988,-8743.56768023259,"x"
"1196",9436.79097484858,-7644.13162433636,"x"
"1197",9763.22703305374,-8193.15418566544,"x"
"1198",9777.32301671514,-8328.58422375006,"x"
"1199",9684.32545429761,-8132.96280549803,"x"
"1200",9411.17070936897,-7427.46674113274,"x"
"1201",9666.58191314587,-8041.35373066445,"x"
"1202",9840.19221548681,-8471.03176420418,"x"
"1203",8930.5566145033,-6281.49951895025,"x"
"1204",9296.54761307902,-7141.28403344163,"x"
"1205",10173.1670776308,-9193.44257820442,"x"
"1206",9525.96191985933,-7825.89605410242,"x"
"1207",9721.06219944876,-8314.86369789442,"x"
"1208",10054.340241497,-9022.32500747253,"x"
"1209",9563.43247874876,-7892.83546613516,"x"
"1210",9472.70432571562,-7763.91593674043,"x"
"1211",10080.1311037653,-8961.27510040816,"x"
"1212",9750.36655940636,-8312.17639510233,"x"
"1213",9797.95278770142,-8446.91765121681,"x"
"1214",9815.12065442036,-8368.2263913032,"x"
"1215",9831.77277199246,-8391.13308855024,"x"
"1216",9549.89291518894,-7927.77439735063,"x"
"1217",9551.88423074827,-7831.29843359132,"x"
"1218",9945.17944273779,-8838.49941844353,"x"
"1219",9920.72440112848,-8575.12722485038,"x"
"1220",10096.268597227,-8992.80056059508,"x"
"1221",9663.25250429366,-7815.97764276849,"x"
"1222",8813.41947622281,-6396.9461440892,"x"
"1223",9799.41531809971,-8145.11506536218,"x"
"1224",10107.4614872282,-8937.0083895901,"x"
"1225",9471.00087838856,-7451.40701449128,"x"
"1226",9785.98522009956,-8495.48037726108,"x"
"1227",9287.23438415432,-7349.37133030605,"x"
"1228",9350.57219595374,-7351.17922550758,"x"
"1229",9692.46408456349,-8166.91572658375,"x"
"1230",9724.05188038624,-8154.65062794127,"x"
"1231",9794.05956668083,-8289.93836540575,"x"
"1232",9289.50881374238,-7164.90083736275,"x"
"1233",10304.9892145804,-9504.72911733592,"x"
"1234",9768.75112876434,-8298.04873200749,"x"
"1235",9486.49179554136,-7777.97006271371,"x"
"1236",9455.52137363698,-7758.47048755945,"x"
"1237",9855.21742287161,-8680.0145120419,"x"
"1238",10258.1998867671,-9298.14304771134,"x"
"1239",10180.1889301375,-9453.19884361327,"x"
"1240",9445.84409168013,-7732.71580228717,"x"
"1241",9434.49971851333,-7535.55625725884,"x"
"1242",9027.18398151927,-6564.44393518093,"x"
"1243",9742.33285912278,-8368.20643454994,"x"
"1244",10068.6377189488,-8964.05235238937,"x"
"1245",9429.55009270783,-7566.71919506743,"x"
"1246",9949.51652548254,-8757.1501328299,"x"
"1247",9656.06779495389,-8071.90620148688,"x"
"1248",10069.894616475,-9119.08012147553,"x"
"1249",9078.94290058203,-6876.43054730206,"x"
"1250",9378.17519046137,-7515.58744637136,"x"
"1251",9693.87144709969,-8078.32218668526,"x"
"1252",9896.75205117631,-8545.48915166435,"x"
"1253",9407.33252123656,-7383.84011842587,"x"
"1254",9155.63404797289,-6914.12034326857,"x"
"1255",10247.3565661705,-9372.49775008494,"x"
"1256",9979.1932213917,-8849.89851711206,"x"
"1257",9590.4432042426,-8056.9413620957,"x"
"1258",9561.65603788314,-7854.14195971684,"x"
"1259",9919.41971796503,-8577.52109864531,"x"
"1260",9109.37985478799,-6843.91866713025,"x"
"1261",9597.85018873957,-7968.12802512917,"x"
"1262",10151.2537997466,-9112.90476618444,"x"
"1263",10106.8310026175,-9001.66309255609,"x"
"1264",9946.1684635885,-8784.23163848388,"x"
"1265",10161.9448877925,-9251.18294493331,"x"
"1266",10225.8278055809,-9267.92993471737,"x"
"1267",9191.959961147,-7146.52986541693,"x"
"1268",9809.63740716705,-8358.12802629502,"x"
"1269",9751.8730941839,-8228.80553923029,"x"
"1270",9936.41150072616,-8787.49064704977,"x"
"1271",9326.21840026796,-7264.09114086767,"x"
"1272",10189.2846360651,-9257.16601724178,"x"
"1273",10110.1626618164,-9020.01956545679,"x"
"1274",9920.23048820272,-8647.54830820249,"x"
"1275",9432.20449028786,-7661.83721839397,"x"
"1276",10063.7719194903,-9061.49660026245,"x"
"1277",9706.83357772884,-8226.93374259268,"x"
"1278",9482.21763089858,-7740.74033813087,"x"
"1279",10112.7275257941,-9113.78952377289,"x"
"1280",9854.70366511902,-8469.70108000382,"x"
"1281",10311.6435845705,-9603.09696466358,"x"
"1282",9490.23405199961,-7692.04059283264,"x"
"1283",9740.08342463938,-8220.71647145066,"x"
"1284",9810.62942833785,-8430.94409632631,"x"
"1285",9459.58288459851,-7694.40514695806,"x"
"1286",9600.77502021162,-7941.96728608201,"x"
"1287",10148.316559231,-9139.94202113719,"x"
"1288",9508.22962409278,-7650.35610565604,"x"
"1289",9919.98317302314,-8927.91219896844,"x"
"1290",9595.2344071347,-8186.32552639601,"x"
"1291",9620.37873586098,-7942.0741863461,"x"
"1292",9539.65872480658,-7773.06446413757,"x"
"1293",10030.0902839895,-8846.1265753842,"x"
"1294",9677.31950298229,-8110.62391630472,"x"
"1295",10030.2637454111,-9067.86236617939,"x"
"1296",10025.5490103551,-9029.31692396784,"x"
"1297",10048.1468322522,-8961.19224833288,"x"
"1298",9246.71603554024,-7480.99903994974,"x"
"1299",9441.95601551087,-7561.04384656389,"x"
"1300",9293.5561475312,-7320.65749170343,"x"
"1301",9377.94097145909,-7598.04694325864,"x"
"1302",10037.4810307849,-8751.12664978889,"x"
"1303",10342.7044611662,-9793.56152077686,"x"
"1304",10243.3549746671,-9427.54666971197,"x"
"1305",10103.1997016872,-8799.83044953181,"x"
"1306",9601.82716833909,-7872.63184973598,"x"
"1307",9273.40450180071,-7140.70441018591,"x"
"1308",9114.41343285268,-6712.70381125947,"x"
"1309",9542.94243677079,-7870.63732862565,"x"
"1310",9397.0869995146,-7435.82957037069,"x"
"1311",9699.14404228366,-8086.29908584032,"x"
"1312",9777.94953290737,-8358.95322846452,"x"
"1313",9265.25376848881,-7134.44832971132,"x"
"1314",9356.1993521798,-7391.87715424473,"x"
"1315",10034.0561260191,-8852.92555611125,"x"
"1316",9956.51825777831,-8774.91308836727,"x"
"1317",10095.3146011534,-8963.79089388583,"x"
"1318",9978.55777496824,-8572.94615312336,"x"
"1319",9358.69350111824,-7431.12909640558,"x"
"1320",9674.79045560421,-8049.00297245437,"x"
"1321",9225.14801573388,-7180.51803772549,"x"
"1322",9063.03001880786,-6685.23124927602,"x"
"1323",9957.30854109383,-8683.09720153978,"x"
"1324",9264.28457939846,-7153.43889059134,"x"
"1325",9697.965431552,-8060.60969466423,"x"
"1326",10201.2690925892,-9433.22619473209,"x"
"1327",10178.3861958348,-9246.02145211406,"x"
"1328",9634.93207716031,-7953.20565053659,"x"
"1329",9823.06837520672,-8417.11974038382,"x"
"1330",10167.87878934,-9034.40553903385,"x"
"1331",9719.77910561636,-8266.30367508811,"x"
"1332",9701.06495763681,-8234.87133887988,"x"
"1333",10091.9249366582,-9133.29100835322,"x"
"1334",10140.8589194444,-8987.03357630961,"x"
"1335",10044.4063190611,-8900.37281964125,"x"
"1336",9164.90386030254,-6917.99579759704,"x"
"1337",9639.73876036891,-8062.25877586408,"x"
"1338",9692.59192556359,-8051.39304853542,"x"
"1339",9492.73332764952,-7558.18412837353,"x"
"1340",9839.84014070007,-8378.74471683546,"x"
"1341",8981.05936745626,-6415.14726157438,"x"
"1342",10068.6595763745,-9025.13075118519,"x"
"1343",10149.9883828393,-9199.00167785746,"x"
"1344",9418.19991489751,-7596.04298509533,"x"
"1345",9814.3277956205,-8412.59372539568,"x"
"1346",10222.9082128739,-9309.94637923918,"x"
"1347",9858.07310909565,-8555.74962419318,"x"
"1348",9792.0306215306,-8269.35732403243,"x"
"1349",9330.61711299877,-7299.23878518063,"x"
"1350",10488.1541647524,-9918.36362721755,"x"
"1351",9360.19958424408,-7450.28074964213,"x"
"1352",10194.123596088,-9298.37565736003,"x"
"1353",10000.7207131625,-8963.22751723655,"x"
"1354",9808.42850040768,-8377.13743573907,"x"
"1355",9376.03393615071,-7375.78294391601,"x"
"1356",10188.1401661115,-9197.39444280046,"x"
"1357",9788.45060411083,-8359.32039636093,"x"
"1358",10138.2676282664,-9145.02707063352,"x"
"1359",9634.26307367879,-7965.27748768042,"x"
"1360",10064.951434675,-9092.17001752952,"x"
"1361",9693.6130934291,-8044.8674044759,"x"
"1362",9745.28829508674,-8294.42810430008,"x"
"1363",9851.29076563323,-8589.51705417742,"x"
"1364",10050.2235743213,-8866.92126612771,"x"
"1365",9468.45949480059,-7451.55786303396,"x"
"1366",9650.91803292095,-7889.89832946165,"x"
"1367",9511.11007262215,-7644.09821250159,"x"
"1368",9890.85425371106,-8635.66555695179,"x"
"1369",9973.24625658623,-8643.07724065657,"x"
"1370",10073.8511780503,-8945.29305173044,"x"
"1371",9670.40990747478,-8034.07159677206,"x"
"1372",10023.0551419963,-8878.07146261881,"x"
"1373",10188.0619217766,-9294.57494648813,"x"
"1374",9645.9387333485,-7960.67239938331,"x"
"1375",9565.27662616348,-7925.83488376731,"x"
"1376",10136.1317342266,-9094.58125907042,"x"
"1377",10096.6403353855,-9196.6814930263,"x"
"1378",10023.0119623093,-8817.70722793866,"x"
"1379",9966.55905632748,-8758.08528370959,"x"
"1380",10166.3566826445,-9163.69269894111,"x"
"1381",9495.9292012674,-7704.23975128589,"x"
"1382",9476.23258900682,-7652.94395303104,"x"
"1383",9510.67860692417,-7757.33966950211,"x"
"1384",9942.32851902243,-8649.77841232757,"x"
"1385",9815.50057633122,-8485.52572704362,"x"
"1386",9544.84427984585,-7739.59978172161,"x"
"1387",9927.80560051529,-8634.47964770971,"x"
"1388",9471.64433868665,-7584.95661349959,"x"
"1389",9382.34493620799,-7429.27813835276,"x"
"1390",9794.99798169554,-8340.77154759351,"x"
"1391",10101.6479019734,-9026.19773525534,"x"
"1392",9753.47878807036,-8215.9704733783,"x"
"1393",9241.01930433994,-7090.99318744078,"x"
"1394",10323.7731600911,-9538.18368921967,"x"
"1395",10044.4808474332,-8838.75960885998,"x"
"1396",10277.0624418453,-9549.05882758003,"x"
"1397",9536.41576011747,-7751.33917917449,"x"
"1398",9944.34310419907,-8663.74083376039,"x"
"1399",9565.84570248834,-7812.71883135874,"x"
"1400",9618.30249105926,-7893.90074484644,"x"
"1401",9369.02704738639,-7374.99944611304,"x"
"1402",9972.08126364492,-8776.08560350935,"x"
"1403",10232.2819214169,-9463.70308498767,"x"
"1404",9912.3058619824,-8491.02739628982,"x"
"1405",9242.50319117241,-7063.51937238808,"x"
"1406",10052.8881270813,-8926.4679929629,"x"
"1407",9988.51590271521,-8882.04678551285,"x"
"1408",9982.5043922657,-8712.72869606905,"x"
"1409",10017.2442250923,-8829.7227827609,"x"
"1410",9745.00780082718,-8191.08953533827,"x"
"1411",10188.0764677809,-9201.60840721237,"x"
"1412",10205.6946855124,-9354.77010545427,"x"
"1413",10141.7136448583,-9362.16280640024,"x"
"1414",9759.39932784058,-8153.35442085789,"x"
"1415",10042.9585847243,-8984.84714940751,"x"
"1416",9882.87949399582,-8736.24358883743,"x"
"1417",10181.2909620172,-9338.42431601638,"x"
"1418",9345.29567764353,-7429.88722896401,"x"
"1419",9922.02915860245,-8603.15136076351,"x"
"1420",10281.9452738559,-9439.34221614192,"x"
"1421",9345.56133756857,-7428.4389583213,"x"
"1422",10154.1203831978,-9204.92702776403,"x"
"1423",10236.0483011299,-9553.69199481213,"x"
"1424",10338.5366633011,-9432.12756320284,"x"
"1425",10095.6123266352,-9115.75434419575,"x"
"1426",9834.1244083109,-8430.62058811692,"x"
"1427",9616.90187536027,-7905.28146590347,"x"
"1428",8664.77100960427,-5700.15569550509,"x"
"1429",9942.42304964277,-8678.36334594586,"x"
"1430",9860.93890160616,-8461.28724186502,"x"
"1431",9766.02695509682,-8239.78526304289,"x"
"1432",9633.86960112859,-8326.78754645349,"x"
"1433",9413.77615944174,-7524.93844473874,"x"
"1434",9485.84675040822,-7771.44691943879,"x"
"1435",9891.39588192762,-8620.83399653231,"x"
"1436",10274.6275037801,-9526.30446012074,"x"
"1437",9913.22853026348,-8570.04721341585,"x"
"1438",9422.97366820897,-7593.97036671644,"x"
"1439",9904.61581092148,-8697.10407381847,"x"
"1440",9891.16401003761,-8506.56492119249,"x"
"1441",9684.11502362019,-8182.57044663051,"x"
"1442",9480.55323516671,-7601.9401232681,"x"
"1443",9268.06237023705,-6977.807132798,"x"
"1444",10310.000420874,-9609.45315584747,"x"
"1445",9544.4975123335,-7700.2187362459,"x"
"1446",10028.3671940191,-8954.26418164141,"x"
"1447",9863.25223945822,-8373.64268604057,"x"
"1448",9521.21026371734,-7827.42116723133,"x"
"1449",9473.82699543896,-7768.67178034264,"x"
"1450",9520.38832606286,-7844.80348852993,"x"
"1451",9608.0602693459,-7882.49354875592,"x"
"1452",10232.2758823023,-9192.23801225263,"x"
"1453",10173.3981124631,-9337.2446188629,"x"
"1454",9677.30650610733,-8043.92342996965,"x"
"1455",9765.40596860878,-8425.60659399492,"x"
"1456",10235.1764456501,-9300.27954992636,"x"
"1457",9891.41924018659,-8507.70304481893,"x"
"1458",10060.6999855717,-8918.49862283589,"x"
"1459",9659.51522594931,-7968.27581849313,"x"
"1460",10101.9622361399,-9276.28626183873,"x"
"1461",9691.44655673575,-8184.38560959618,"x"
"1462",10016.815010922,-8896.27787554819,"x"
"1463",9774.5629829767,-8342.3706322791,"x"
"1464",9612.23175089301,-7996.71397066228,"x"
"1465",9641.79487091364,-8211.29975547025,"x"
"1466",9863.47358172272,-8511.49841043433,"x"
"1467",10065.155971262,-9091.70946289528,"x"
"1468",8943.41231838383,-6254.07246425729,"x"
"1469",10081.9568619826,-8893.29285936902,"x"
"1470",8971.52885466433,-6450.27853430801,"x"
"1471",10086.4506021056,-9064.00738332571,"x"
"1472",9344.31344220499,-7358.34203428735,"x"
"1473",9103.5240293622,-6906.29138426563,"x"
"1474",9432.35403457402,-7629.32838196977,"x"
"1475",9639.20812861545,-8016.48333874575,"x"
"1476",9527.42688588898,-7865.77590827226,"x"
"1477",9495.08784869067,-7701.92933326139,"x"
"1478",8912.05905710064,-6291.14412757961,"x"
"1479",9405.57823616559,-7412.59076518504,"x"
"1480",10102.3005691854,-9094.132072971,"x"
"1481",9959.52188750753,-8842.47475178616,"x"
"1482",9274.14963194516,-7189.41765648503,"x"
"1483",10410.2249170982,-9797.43274521277,"x"
"1484",9992.7242133735,-8862.49229459962,"x"
"1485",9574.51859284113,-7832.61226846638,"x"
"1486",9938.96941031978,-8725.18756564121,"x"
"1487",9873.72354790625,-8541.98775820764,"x"
"1488",9393.17335367205,-7412.12537839836,"x"
"1489",9608.79046426884,-8007.11030281371,"x"
"1490",9575.83210711079,-7848.46608033017,"x"
"1491",10078.3434871406,-9250.1526944816,"x"
"1492",10083.9757725853,-9081.17317506986,"x"
"1493",10121.191692073,-9182.54144232349,"x"
"1494",9959.52230881968,-8637.5140548403,"x"
"1495",9602.9431434046,-7837.9233090515,"x"
"1496",9709.87431884212,-8300.08089217076,"x"
"1497",9468.27724762134,-7568.95951458137,"x"
"1498",10305.2600560278,-9399.34351082757,"x"
"1499",9991.65231875573,-8715.7193795158,"x"
"1500",10156.2178868654,-9307.69744349303,"x"
"1501",9254.50602658024,-7167.16896587511,"x"
"1502",9870.76001313018,-8569.88724592595,"x"
"1503",9602.2295697437,-7883.44494988805,"x"
"1504",8901.54466185876,-6397.4269803155,"x"
"1505",10136.0314963021,-9201.5290628644,"x"
"1506",9862.88797755711,-8492.50136891317,"x"
"1507",9449.58348902676,-7646.01343286626,"x"
"1508",9830.66236260615,-8508.26634041461,"x"
"1509",9736.22806012234,-8289.70956812187,"x"
"1510",9595.56646779909,-7982.04521266553,"x"
"1511",9955.94473008909,-8678.37881287296,"x"
"1512",9870.32103497812,-8656.67140393236,"x"
"1513",9424.63899075265,-7652.98989201377,"x"
"1514",9848.55318597305,-8430.3698809335,"x"
"1515",9733.81168465905,-8159.09318343519,"x"
"1516",9548.70871784251,-7896.42501170925,"x"
"1517",10317.9886471176,-9475.1348883179,"x"
"1518",9981.02811211521,-8742.68904012262,"x"
"1519",10205.2790707819,-9350.75972619523,"x"
"1520",10067.7506251587,-8769.9745661569,"x"
"1521",9854.76870783746,-8550.15663219275,"x"
"1522",9184.15065364928,-6918.79647755107,"x"
"1523",10367.1045241446,-9714.72559110756,"x"
"1524",9906.33223790902,-8679.80266323882,"x"
"1525",9727.56590625819,-8086.6279584767,"x"
"1526",9934.82011512858,-8580.2776825666,"x"
"1527",10036.1744187821,-9143.21363432441,"x"
"1528",9320.74277304216,-7397.90311922948,"x"
"1529",9465.05034302211,-7624.00067499793,"x"
"1530",9301.95227175997,-7152.71424368634,"x"
"1531",10214.1189227409,-9235.61274713524,"x"
"1532",9267.39087868752,-7004.5536040477,"x"
"1533",10044.5556509892,-8940.93409555157,"x"
"1534",10196.6335520821,-9300.14198342995,"x"
"1535",9827.17170446623,-8530.29496810915,"x"
"1536",9716.22711987448,-8171.73638486141,"x"
"1537",9920.72812628755,-8437.74336152105,"x"
"1538",9513.68074312072,-7765.81252289238,"x"
"1539",9694.10065781242,-8172.72824372467,"x"
"1540",9246.1016573092,-7299.19270462116,"x"
"1541",9792.22616640827,-8245.71926094301,"x"
"1542",9362.06235816361,-7456.46568317525,"x"
"1543",9211.15325190708,-7185.84976466978,"x"
"1544",9200.85660569315,-7034.15052071202,"x"
"1545",9425.04468133095,-7593.7438427066,"x"
"1546",9504.8065420013,-7621.12782604607,"x"
"1547",9865.80932335335,-8539.38597269375,"x"
"1548",9986.24441127425,-8734.81558658888,"x"
"1549",9745.84312188951,-8323.6400642531,"x"
"1550",9825.14594778235,-8321.27378146724,"x"
"1551",9475.58630603103,-7580.28667774532,"x"
"1552",10216.0746437865,-9306.77028184997,"x"
"1553",10348.8980304786,-9830.26475885634,"x"
"1554",10079.5917859334,-9238.57218040184,"x"
"1555",10280.1980681576,-9540.72584854419,"x"
"1556",9893.13349319031,-8459.74760657824,"x"
"1557",9899.52305442982,-8627.86464745684,"x"
"1558",8968.73612736514,-6376.87227572172,"x"
"1559",10006.2908172021,-8888.42994477678,"x"
"1560",9945.73406061602,-8845.49039209475,"x"
"1561",9631.08971198753,-7886.49083175235,"x"
"1562",9491.58794340885,-7772.8550366222,"x"
"1563",9647.1589533375,-8009.77531246193,"x"
"1564",10044.807593314,-9142.16680886565,"x"
"1565",9833.55578612028,-8527.46783272537,"x"
"1566",10212.8268549217,-9462.85842306516,"x"
"1567",9413.04490936657,-7553.76093642023,"x"
"1568",10139.5432390447,-9298.69869354329,"x"
"1569",9766.64553876239,-8164.85193320661,"x"
"1570",9767.83144933052,-8317.91082858925,"x"
"1571",9093.5329026518,-6881.24180246807,"x"
"1572",9691.02499646258,-8220.28817395933,"x"
"1573",10111.430186463,-9135.78732437804,"x"
"1574",10147.2642569793,-9077.1794127886,"x"
"1575",9445.67024907278,-7601.34628051229,"x"
"1576",9587.51575296707,-7934.61394366856,"x"
"1577",9831.70680379038,-8451.3560951379,"x"
"1578",10036.7289989384,-8991.76152486636,"x"
"1579",9592.49212133364,-8024.01413140613,"x"
"1580",9272.90600280494,-7334.9288356915,"x"
"1581",9910.80905771274,-8640.54143806864,"x"
"1582",9727.9419510622,-8116.31159986587,"x"
"1583",10278.5510679658,-9268.24680074636,"x"
"1584",9921.65148451617,-8692.91416907651,"x"
"1585",9958.9033860209,-8781.0732683821,"x"
"1586",10061.6477140938,-9001.79908074912,"x"
"1587",10109.4064486917,-9084.26830868272,"x"
"1588",9789.54530391339,-8384.3814943492,"x"
"1589",9901.62773669143,-8581.72370668848,"x"
"1590",9456.13585805804,-7664.52866777465,"x"
"1591",9436.20629916689,-7634.55593789606,"x"
"1592",9817.26036765851,-8430.22539308955,"x"
"1593",9122.29239247786,-6820.165551526,"x"
"1594",9837.36340199594,-8585.98206738485,"x"
"1595",9250.63815652607,-7182.66930950603,"x"
"1596",9668.70219497558,-8021.46240242586,"x"
"1597",10354.266032947,-9488.04226769656,"x"
"1598",9724.72427084652,-8216.89400323286,"x"
"1599",9822.1537139649,-8517.46936809725,"x"
"1600",10211.0587392773,-9229.08896936501,"x"
"1601",9408.86561309277,-7577.86961331178,"x"
"1602",10191.902931876,-9158.06749283339,"x"
"1603",10109.5199005584,-9225.69151394927,"x"
"1604",9961.66452259131,-8575.76787043812,"x"
"1605",9484.36455771094,-7762.07366344069,"x"
"1606",9217.10857318285,-7032.96211566957,"x"
"1607",9492.15976534939,-7586.82528568601,"x"
"1608",8973.86885116788,-6489.59896188313,"x"
"1609",9180.34588551505,-6816.06233673258,"x"
"1610",10072.4485410753,-8927.10482424469,"x"
"1611",9352.44620147323,-7317.60727694516,"x"
"1612",10116.655371101,-8952.51774104047,"x"
"1613",9522.34810222694,-7735.98784389209,"x"
"1614",9967.30253253184,-8768.28169321417,"x"
"1615",10045.1001556662,-9158.15397717542,"x"
"1616",10067.6712446415,-8929.19523847494,"x"
"1617",9731.2846486045,-8159.9828160782,"x"
"1618",10160.1628482463,-9350.31199902056,"x"
"1619",10192.9624153999,-9299.89743433067,"x"
"1620",9329.80084829155,-7416.52663039086,"x"
"1621",10015.7129106951,-8899.60926578875,"x"
"1622",10223.3314256095,-9357.61617088101,"x"
"1623",10169.3163208439,-8982.18922475328,"x"
"1624",9422.77823233589,-7540.96384673858,"x"
"1625",9433.9262436704,-7592.66167181609,"x"
"1626",9486.54111649765,-7766.85293487695,"x"
"1627",10043.4632592478,-8908.66186367129,"x"
"1628",9544.40171589836,-7852.4999151833,"x"
"1629",9222.10700480039,-7191.82104460945,"x"
"1630",9731.34226397738,-8285.34726703039,"x"
"1631",9745.56619882324,-8253.90233262733,"x"
"1632",9925.1605519163,-8597.32436958091,"x"
"1633",10032.8626704566,-9158.84960327627,"x"
"1634",9481.64124991689,-7654.56043421334,"x"
"1635",9694.85046477853,-8216.3590322869,"x"
"1636",9633.68102543991,-7952.95175529799,"x"
"1637",9155.8334672204,-6869.2381540929,"x"
"1638",9651.34997385924,-7958.79849612316,"x"
"1639",9659.62745237867,-8127.89769001866,"x"
"1640",9700.02609214697,-8074.67800258334,"x"
"1641",9539.40154406466,-7647.4332019276,"x"
"1642",10345.8437137085,-9888.33785831569,"x"
"1643",9659.74288557569,-8100.94267779683,"x"
"1644",9275.1422929063,-7305.25159496621,"x"
"1645",9532.68901107028,-7654.28276927947,"x"
"1646",9671.8578727268,-8138.59142926483,"x"
"1647",9717.12998565114,-8273.79680555904,"x"
"1648",9813.11811284844,-8339.76350669867,"x"
"1649",9880.48328067056,-8352.0766983931,"x"
"1650",9881.12269395096,-8704.4956059261,"x"
"1651",9651.82464599144,-8131.75613721384,"x"
"1652",9275.75617018705,-7179.6843623668,"x"
"1653",10079.4661632936,-9002.05499045001,"x"
"1654",9258.71480653194,-7264.87974345185,"x"
"1655",10000.8347593199,-8831.98802206595,"x"
"1656",9030.10085930619,-6657.08844187979,"x"
"1657",9772.46607736086,-8324.12831500136,"x"
"1658",9184.05421307782,-6995.1657106431,"x"
"1659",9819.63018585271,-8319.49454801825,"x"
"1660",9943.68618613152,-8590.81060348556,"x"
"1661",9695.54243782162,-8132.88818281984,"x"
"1662",9980.19746188949,-8822.40528626809,"x"
"1663",9645.94100511377,-8015.71691381337,"x"
"1664",10181.4082964988,-9199.40905460073,"x"
"1665",9947.42665619964,-8827.1389319929,"x"
"1666",9973.71966303939,-8756.40999403865,"x"
"1667",9934.10797987865,-8638.49913301651,"x"
"1668",9888.02948777445,-8610.71894846458,"x"
"1669",10317.9001055661,-9647.29004588004,"x"
"1670",9270.15944051273,-7291.2307168584,"x"
"1671",9602.19303343335,-7965.81603773406,"x"
"1672",10269.1083659683,-9477.68001408808,"x"
"1673",9950.52061408171,-8936.69942927438,"x"
"1674",10001.9314577808,-8917.51844336774,"x"
"1675",10119.5052642788,-9136.14871618861,"x"
"1676",10085.024884735,-9026.54302288849,"x"
"1677",9782.0161429617,-8429.17864359834,"x"
"1678",9618.93262932866,-7821.95344041102,"x"
"1679",9939.55688621718,-8729.10589007969,"x"
"1680",9026.98518845216,-6651.4899673911,"x"
"1681",9874.2349657641,-8518.50632366888,"x"
"1682",9788.34232992412,-8377.50957990707,"x"
"1683",9704.64870768739,-7971.40536499142,"x"
"1684",9237.53145777338,-7005.89545489586,"x"
"1685",9195.78830517967,-7211.73396089846,"x"
"1686",9599.56741643865,-7916.03364948077,"x"
"1687",9711.30132268989,-8300.41396084153,"x"
"1688",9698.05469818392,-8174.63410777879,"x"
"1689",9744.09959040316,-8008.53618043458,"x"
"1690",10109.9012065465,-8987.7695559529,"x"
"1691",10112.2074072716,-9089.59424266283,"x"
"1692",9955.53248573021,-8788.27054929907,"x"
"1693",9343.44492614235,-7359.75158810767,"x"
"1694",9837.367918946,-8633.86929731419,"x"
"1695",10288.4731446559,-9676.37814130196,"x"
"1696",10107.690740907,-8982.11183481469,"x"
"1697",10040.2369430127,-9204.78053138928,"x"
"1698",9726.82663691196,-8121.42625870149,"x"
"1699",9763.73840415174,-8260.7207514253,"x"
"1700",9510.26267827724,-7560.65814752192,"x"
"1701",10169.8417163929,-9298.67432481207,"x"
"1702",9187.39034680545,-7067.71844920447,"x"
"1703",9914.58001707436,-8768.44584232227,"x"
"1704",9395.32457537444,-7470.05392058317,"x"
"1705",9402.32849241757,-7571.97932014562,"x"
"1706",9746.36021340285,-8264.44912451352,"x"
"1707",10158.1476905218,-9166.03043780124,"x"
"1708",9729.70894649895,-8217.44017961559,"x"
"1709",9772.61409481572,-8343.06723936289,"x"
"1710",9818.78848726413,-8461.70066414651,"x"
"1711",9536.67544756047,-7856.28412546282,"x"
"1712",9955.2501514302,-8762.52710161481,"x"
"1713",9741.23885447566,-8190.6326890773,"x"
"1714",9859.67695694052,-8442.04389447364,"x"
"1715",9284.41354936744,-7214.87326866742,"x"
"1716",10284.8197876947,-9446.73863458357,"x"
"1717",9594.21752036978,-7898.28301641116,"x"
"1718",9882.3831181622,-8581.11656565449,"x"
"1719",9453.10071674427,-7604.12837620085,"x"
"1720",9445.61101592548,-7631.62305696582,"x"
"1721",9133.50644482881,-6991.81943598106,"x"
"1722",10002.3373018631,-8707.29837490533,"x"
"1723",10059.4251438174,-9094.65231638327,"x"
"1724",9019.15626210318,-6546.54030724077,"x"
"1725",10171.1596052239,-9399.87266408486,"x"
"1726",9752.6597315366,-8206.31353276266,"x"
"1727",9642.57673441582,-8008.55311630492,"x"
"1728",9325.48776208667,-7340.34278441469,"x"
"1729",9216.53906568561,-6879.64783063622,"x"
"1730",9994.38167057459,-8757.37222959332,"x"
"1731",9741.8973297289,-8221.46944440825,"x"
"1732",9331.76448695963,-7301.31058846499,"x"
"1733",9479.97375816457,-7609.13791428949,"x"
"1734",10100.1305539395,-9046.25217975563,"x"
"1735",9476.03284789667,-7577.01986245255,"x"
"1736",10033.8168080456,-9043.49289326404,"x"
"1737",9989.66771823399,-8830.74953821395,"x"
"1738",10154.2202233631,-9395.302148848,"x"
"1739",9958.32216161272,-8836.10568906242,"x"
"1740",9404.74910453994,-7618.73346198758,"x"
"1741",10009.1217657751,-8851.40108314474,"x"
"1742",9875.58393982016,-8534.08773746986,"x"
"1743",9649.62880584975,-8072.92373843096,"x"
"1744",9881.6804421861,-8699.50540857645,"x"
"1745",9799.8797691052,-8421.96859048969,"x"
"1746",9976.44430849148,-8723.44500333969,"x"
"1747",10077.1570869934,-8931.32055227532,"x"
"1748",9237.96855204166,-7118.6109227008,"x"
"1749",9572.94000108831,-7794.21560176972,"x"
"1750",9996.8529827319,-8879.56290012519,"x"
"1751",9463.2913142149,-7644.76915938353,"x"
"1752",9705.93846864257,-8102.57738766201,"x"
"1753",9599.90541956576,-8012.85792277886,"x"
"1754",9843.58341848602,-8442.44074105293,"x"
"1755",9532.91530513609,-7744.76343465026,"x"
"1756",10408.7766673861,-9558.4015570735,"x"
"1757",9817.74197844279,-8451.06824993762,"x"
"1758",10168.2825924445,-9328.2876572974,"x"
"1759",10002.6615802544,-8729.71264805635,"x"
"1760",9732.53265076793,-8393.32005642479,"x"
"1761",9816.86836470991,-8330.85229999116,"x"
"1762",10142.6390435688,-9047.85333923388,"x"
"1763",9792.23444651733,-8444.1644096161,"x"
"1764",9920.33642514804,-8636.22008674045,"x"
"1765",9934.67357297004,-8797.31763885861,"x"
"1766",9411.1902251655,-7499.28181150055,"x"
"1767",9962.60158866966,-8743.42864545535,"x"
"1768",9937.09831496994,-8480.09364455235,"x"
"1769",9718.49955007726,-8122.36048726005,"x"
"1770",10109.958429631,-9133.94455966028,"x"
"1771",9792.23083659575,-8307.57318873616,"x"
"1772",9928.89957090715,-8805.06910336394,"x"
"1773",10042.9888713494,-8920.84960080473,"x"
"1774",9936.68608526356,-8708.24757293683,"x"
"1775",9813.15918784375,-8367.33338149442,"x"
"1776",9310.10657575503,-7196.77836255423,"x"
"1777",9785.73153693127,-8266.8097480528,"x"
"1778",9549.74519741534,-7747.87539551161,"x"
"1779",9753.50378895127,-8214.96066651584,"x"
"1780",9669.34103248409,-8147.91960064971,"x"
"1781",9245.6693763705,-7274.41816394936,"x"
"1782",10422.5034203506,-9694.98650777131,"x"
"1783",9639.20743582783,-8113.11134095075,"x"
"1784",9579.16015162272,-7786.76845347352,"x"
"1785",9994.42151028825,-8879.11786723967,"x"
"1786",9857.83039401433,-8491.8283649352,"x"
"1787",9879.32214383697,-8597.33689464883,"x"
"1788",9540.93760180742,-7905.37966637664,"x"
"1789",10093.298523855,-9183.82013503522,"x"
"1790",10112.4204911489,-8909.69050521799,"x"
"1791",9384.64706925432,-7574.12449419837,"x"
"1792",9065.53719592687,-6753.49091280788,"x"
"1793",9775.61247299713,-8313.55905061416,"x"
"1794",9347.42176799537,-7412.1919135058,"x"
"1795",9468.94340945487,-7580.1576697611,"x"
"1796",9906.49442837759,-8584.74642047786,"x"
"1797",9931.52499649097,-8747.38535517971,"x"
"1798",9898.52913525756,-8743.92360456204,"x"
"1799",9980.21894019066,-8688.47961831144,"x"
"1800",9375.06090402491,-7399.63440593392,"x"
"1801",9996.03106198435,-8986.18831858307,"x"
"1802",9302.40756062348,-7217.04476979434,"x"
"1803",10021.688227893,-8805.42308124568,"x"
"1804",9427.93394128637,-7596.09243488505,"x"
"1805",9882.56701247196,-8642.08104665458,"x"
"1806",9859.10588346535,-8538.07540587619,"x"
"1807",8995.79831918014,-6508.09075827268,"x"
"1808",9570.06032450841,-7892.88104867947,"x"
"1809",9757.56904616499,-8210.4272692415,"x"
"1810",10261.074926799,-9729.0349053541,"x"
"1811",8884.95413066637,-6171.10022609824,"x"
"1812",10081.470650696,-9104.98794763491,"x"
"1813",9998.86459601603,-8895.64653600139,"x"
"1814",10201.4608723358,-9251.92602096939,"x"
"1815",9795.17181193063,-8335.58374380166,"x"
"1816",9585.26979413111,-7839.51689546645,"x"
"1817",9859.00406166226,-8500.83317442643,"x"
"1818",9369.7759824318,-7402.88673371644,"x"
"1819",9899.31559020828,-8754.71559068996,"x"
"1820",9453.19254520011,-7701.09395956002,"x"
"1821",9640.44736181591,-8078.68512735314,"x"
"1822",9691.3864106956,-8272.99080019275,"x"
"1823",10067.7687868602,-8812.32648678191,"x"
"1824",9698.62604766281,-8141.86315789184,"x"
"1825",9965.06030367411,-8819.11359340431,"x"
"1826",9857.18550344717,-8376.4361652776,"x"
"1827",9819.90718363427,-8543.56659851846,"x"
"1828",10224.63004521,-9504.75645652346,"x"
"1829",9649.13611256697,-8008.62691958929,"x"
"1830",9290.20758490477,-7282.33960754656,"x"
"1831",9416.71756233519,-7610.5199849181,"x"
"1832",9986.91846840618,-8686.3552123661,"x"
"1833",9782.23232351152,-8499.49297727773,"x"
"1834",10089.8814451407,-8863.24036029293,"x"
"1835",9834.28572744944,-8400.01978222134,"x"
"1836",9603.37307719918,-7829.23896477293,"x"
"1837",9408.92717597095,-7474.18814390541,"x"
"1838",9602.62762005629,-8043.21262439207,"x"
"1839",9578.72316180286,-7807.56110147318,"x"
"1840",9137.47854529113,-6836.48714347095,"x"
"1841",10271.8436073217,-9635.55652492528,"x"
"1842",9479.70703952288,-7683.65113799914,"x"
"1843",9527.68715966793,-7768.72468490001,"x"
"1844",9906.86727713177,-8592.95897936438,"x"
"1845",9705.00245898495,-8096.92664947863,"x"
"1846",9812.1479258561,-8573.60084940543,"x"
"1847",10040.5189493687,-8850.59654663236,"x"
"1848",9615.2728170691,-7945.32265438048,"x"
"1849",10054.6172656195,-9241.69753134591,"x"
"1850",9947.252919565,-8588.27801784113,"x"
"1851",9570.63759712235,-7947.29808909824,"x"
"1852",9867.98363156595,-8454.30362868996,"x"
"1853",9893.50749109565,-8360.17314561914,"x"
"1854",10016.5991835743,-9007.25640912861,"x"
"1855",9555.72116864099,-7753.91139879682,"x"
"1856",9700.05731653199,-8167.9969553046,"x"
"1857",9440.07548356181,-7602.91585692987,"x"
"1858",9697.61129701206,-8102.80910392809,"x"
"1859",9124.99727689676,-6835.93550322183,"x"
"1860",9734.7090487313,-8183.78035052318,"x"
"1861",9111.20903711093,-6831.01766607461,"x"
"1862",9466.88062772566,-7697.99209968844,"x"
"1863",10188.2474409169,-9281.86882079044,"x"
"1864",10183.4470025727,-9117.84429481349,"x"
"1865",9383.4355959431,-7444.3923665389,"x"
"1866",9974.30218702956,-8849.97044433336,"x"
"1867",9614.943937797,-8038.77961603975,"x"
"1868",9587.47005950247,-7927.70029867827,"x"
"1869",9822.65353039097,-8494.45323895616,"x"
"1870",9818.77374671425,-8551.49119784885,"x"
"1871",9920.93938450989,-8787.34367476594,"x"
"1872",9265.07026099993,-7262.94070047648,"x"
"1873",9956.74389257384,-8671.46864747663,"x"
"1874",9474.25158556572,-7726.80018213843,"x"
"1875",9938.41251894639,-8770.140608629,"x"
"1876",9894.40624159255,-8645.85967846702,"x"
"1877",9146.04447947585,-6986.06203580077,"x"
"1878",9442.7707295351,-7557.28989046102,"x"
"1879",9106.91839874918,-6877.15710544229,"x"
"1880",9693.52228707835,-8156.01866572406,"x"
"1881",9955.2659011125,-8614.63288030917,"x"
"1882",10231.5528175312,-9246.92131665783,"x"
"1883",10152.7967605837,-9224.79799832235,"x"
"1884",9843.26811547029,-8610.23044354288,"x"
"1885",10024.4474210916,-8670.15263337826,"x"
"1886",9965.79063301155,-8626.65122875741,"x"
"1887",10330.1062225744,-9502.66592264295,"x"
"1888",9827.02391571536,-8399.06285300857,"x"
"1889",10325.1422261111,-9627.07960589234,"x"
"1890",9803.99016855717,-8301.33119112141,"x"
"1891",9970.41112450943,-8647.28199633578,"x"
"1892",9562.12436453792,-7920.78205690932,"x"
"1893",9806.15672576206,-8422.31286001764,"x"
"1894",9877.37132573283,-8493.35273069694,"x"
"1895",9347.12009003315,-7244.73906236667,"x"
"1896",9264.37368389669,-7240.27704868785,"x"
"1897",10212.5515282352,-9351.57471971822,"x"
"1898",10182.4188852046,-9191.42269044798,"x"
"1899",9636.04356967083,-7967.58468635641,"x"
"1900",9477.61909746297,-7713.89210638158,"x"
"1901",9805.86285136917,-8371.25833506004,"x"
"1902",9629.87222781153,-8043.04995954626,"x"
"1903",9792.34455702466,-8490.93352452913,"x"
"1904",10202.0056572171,-9112.70285052354,"x"
"1905",10009.1336915803,-8839.67584804155,"x"
"1906",9269.43646493295,-7203.51811533652,"x"
"1907",10392.0863901015,-9765.36725476501,"x"
"1908",10136.7341875176,-8961.6467331616,"x"
"1909",10263.4605557202,-9553.21854104447,"x"
"1910",9890.14804459448,-8534.48411993205,"x"
"1911",9898.4693244022,-8565.86376024716,"x"
"1912",9586.43356332323,-7945.27981019101,"x"
"1913",9671.27928737398,-8125.84875403843,"x"
"1914",10137.1903538911,-9243.33573953866,"x"
"1915",9876.60281795388,-8616.2446095904,"x"
"1916",9991.01508956083,-8756.64340822117,"x"
"1917",9947.93001782936,-8735.50332899787,"x"
"1918",9809.88373484842,-8446.48301680392,"x"
"1919",9319.79647545954,-7211.04499901874,"x"
"1920",9926.65961322535,-8765.74474265133,"x"
"1921",9929.74434564249,-8712.293196775,"x"
"1922",9513.69998043521,-7863.06747490292,"x"
"1923",9816.67593707947,-8411.65637159692,"x"
"1924",9891.74379551704,-8820.78396043778,"x"
"1925",9990.18995316675,-8756.1158820122,"x"
"1926",10054.8685721456,-9090.16217404407,"x"
"1927",9894.76826444035,-8737.97758008454,"x"
"1928",9755.32800224863,-8235.97108780777,"x"
"1929",9664.51101988909,-8112.95826614928,"x"
"1930",8857.08455810871,-6166.9408529354,"x"
"1931",9296.11778093147,-7159.37169329795,"x"
"1932",9634.51317535386,-8020.15439194086,"x"
"1933",9787.47462876494,-8328.42006011973,"x"
"1934",9790.22720057792,-8351.3456843702,"x"
"1935",10104.9991190063,-9199.5758209865,"x"
"1936",9714.13856397902,-8107.45853594761,"x"
"1937",9729.27063893949,-8136.08899875822,"x"
"1938",10221.7385036467,-9695.66783006881,"x"
"1939",10011.6129116672,-8935.93683945249,"x"
"1940",10180.8705463737,-9300.9553006509,"x"
"1941",9481.82560355507,-7748.96825267141,"x"
"1942",9653.12255043243,-8138.45983043749,"x"
"1943",9892.71276846596,-8636.63858182498,"x"
"1944",10069.483481936,-8933.81931259999,"x"
"1945",9633.50053461887,-8119.92820771565,"x"
"1946",9622.89265802223,-7897.18615942001,"x"
"1947",10101.6584155149,-9047.31099071175,"x"
"1948",9156.43997251295,-6772.54438687197,"x"
"1949",9909.37751067465,-8643.61881550819,"x"
"1950",9589.35128237355,-7915.30962449171,"x"
"1951",9164.00316513066,-6913.348937398,"x"
"1952",9631.91853716297,-7979.52518137331,"x"
"1953",9274.30456309604,-7107.75325351256,"x"
"1954",9524.71592711242,-7934.52398356585,"x"
"1955",8616.77445687256,-5576.11060901652,"x"
"1956",8980.77379637254,-6564.42485247185,"x"
"1957",9797.18365998973,-8348.29280167589,"x"
"1958",9906.33934210513,-8563.08025722852,"x"
"1959",9357.4166424276,-7415.24678810823,"x"
"1960",10016.7843754914,-8757.77937985963,"x"
"1961",10018.0845325359,-8847.78312819962,"x"
"1962",9602.60824866853,-8015.79917298489,"x"
"1963",9223.13979739808,-6979.32809363477,"x"
"1964",9667.19625960728,-8061.33818887664,"x"
"1965",9860.39784493572,-8626.325134263,"x"
"1966",10066.9727647074,-8997.6615022966,"x"
"1967",10326.3248141332,-9416.08018880721,"x"
"1968",9513.66495513164,-7850.04727890498,"x"
"1969",9441.85074127556,-7556.77882639393,"x"
"1970",9805.31343631684,-8433.31524425713,"x"
"1971",9640.77257911302,-8169.87725883274,"x"
"1972",9608.38581684583,-7929.92107895145,"x"
"1973",9331.81536926279,-7315.16909975766,"x"
"1974",9818.10892332091,-8470.6863091851,"x"
"1975",9354.28520112495,-7323.95062801695,"x"
"1976",9884.02149989442,-8584.13712641441,"x"
"1977",10212.2040418124,-9293.52426625405,"x"
"1978",10141.4030308725,-9345.08506018645,"x"
"1979",10139.8242683726,-9137.06688950054,"x"
"1980",10217.5507957285,-9155.44442077445,"x"
"1981",10175.3329837668,-9407.3807900463,"x"
"1982",8912.31182329925,-6375.98207391397,"x"
"1983",8970.69866327935,-6350.61043522486,"x"
"1984",10227.1309815997,-9323.65125515296,"x"
"1985",9758.15499612407,-8246.86163732615,"x"
"1986",9149.02716822127,-7077.83244655155,"x"
"1987",9787.54635421985,-8339.9384213248,"x"
"1988",10193.6674098449,-9257.03660753876,"x"
"1989",9722.31283625771,-8200.14830158572,"x"
"1990",9329.88951875229,-7383.01513861767,"x"
"1991",10088.4581653578,-9285.52650024672,"x"
"1992",9970.91770313325,-8962.79480435707,"x"
"1993",9082.05216826432,-6793.63492490157,"x"
"1994",10063.9997512362,-8907.65213809811,"x"
"1995",10017.6908203444,-8885.17783444335,"x"
"1996",9291.65794722547,-7253.5605033302,"x"
"1997",9396.48790062118,-7586.56129776899,"x"
"1998",8568.34771646476,-5299.58146951921,"x"
"1999",10170.4075135996,-9401.3681062815,"x"
"2000",9403.77682819378,-7614.81493585728,"x"
"2001",9605.73513781041,-8110.75264710837,"x"
"2002",9979.9977861621,-8694.42043415392,"x"
"2003",9884.48487092317,-8632.55038430923,"x"
"2004",10350.6551822944,-9518.4660396353,"x"
"2005",9464.28396167535,-7595.52478563708,"x"
"2006",10177.844149865,-9417.69009853632,"x"
"2007",9832.9295383694,-8453.46025009819,"x"
"2008",9919.5136628834,-8554.49422680034,"x"
"2009",9695.39846148164,-8066.63529348346,"x"
"2010",9832.2820290448,-8584.42434891748,"x"
"2011",9405.85873744603,-7464.20038330214,"x"
"2012",9953.2958434285,-9017.12118262003,"x"
"2013",9330.16779879989,-7427.530788325,"x"
"2014",9647.61862494005,-8061.6256902846,"x"
"2015",9151.3945852922,-6890.1404803656,"x"
"2016",10118.9109361877,-9255.97633442739,"x"
"2017",9196.40184245752,-7068.54277411505,"x"
"2018",9104.96230442641,-6904.5763795149,"x"
"2019",9971.80278224275,-8726.03772752255,"x"
"2020",9863.74708410646,-8518.14791834832,"x"
"2021",9826.35551464077,-8526.66239045232,"x"
"2022",10185.000923103,-9404.94094886056,"x"
"2023",9535.00244922274,-7827.79196328885,"x"
"2024",9812.31546195487,-8430.77428683581,"x"
"2025",8959.70424308202,-6477.90539002893,"x"
"2026",9994.80149079637,-8789.10143458475,"x"
"2027",9454.32039207504,-7741.19221122908,"x"
"2028",10101.6754345473,-9022.17530537906,"x"
"2029",9055.22128920432,-6790.04605413666,"x"
"2030",9740.44087651626,-8178.40219391635,"x"
"2031",9600.72101948061,-7930.55366036175,"x"
"2032",9805.81657089902,-8400.68502310636,"x"
"2033",9967.58047308136,-8700.81213253308,"x"
"2034",10312.9219394829,-9689.70842808843,"x"
"2035",9189.69408989725,-6901.84416524385,"x"
"2036",9608.33175792522,-7893.92404117905,"x"
"2037",10177.6686846521,-9184.10666994131,"x"
"2038",9992.88094287351,-8577.0265941429,"x"
"2039",9687.93195506892,-8189.03903058614,"x"
"2040",10024.2830677895,-8982.12993892968,"x"
"2041",9763.25064400075,-8290.51103548513,"x"
"2042",10191.3709240121,-9110.97173189019,"x"
"2043",9961.13389011011,-8707.54195296995,"x"
"2044",10275.1321950504,-9794.45571544773,"x"
"2045",9472.89333150956,-7582.36714675646,"x"
"2046",9386.3573733173,-7584.64073801325,"x"
"2047",10130.8972913056,-9260.74858314721,"x"
"2048",9411.79920306231,-7414.7526425423,"x"
"2049",10051.4085736611,-8789.13968314081,"x"
"2050",10188.5646807491,-9141.85350727148,"x"
"2051",10165.0336838413,-9089.03047346893,"x"
"2052",8996.47537311296,-6746.21910426662,"x"
"2053",9428.63756792224,-7794.05312647163,"x"
"2054",9634.15650826543,-8020.17430564106,"x"
"2055",9239.40993529204,-7180.22732937297,"x"
"2056",9741.42297841841,-8371.32980462701,"x"
"2057",9445.74074223618,-7634.28343380108,"x"
"2058",9194.255162605,-6937.23004021597,"x"
"2059",10203.7269089173,-9260.00644186973,"x"
"2060",9154.40232638733,-7127.85661330576,"x"
"2061",9096.77300495637,-6829.78239254793,"x"
"2062",10008.2765958296,-8846.00938333898,"x"
"2063",9892.75733859843,-8513.18856545423,"x"
"2064",10059.0764221974,-8996.85082629003,"x"
"2065",10102.9858009245,-9036.31390490109,"x"
"2066",10189.5678674179,-9081.4769193108,"x"
"2067",9701.30105893505,-8213.7850131731,"x"
"2068",10168.1497236698,-9188.72870982171,"x"
"2069",9679.85243172253,-8139.58678199546,"x"
"2070",8693.72929183659,-5876.29286607416,"x"
"2071",8873.39425317702,-6321.44823051888,"x"
"2072",10081.4705890809,-8867.24599856385,"x"
"2073",10098.1189819668,-8973.27702750787,"x"
"2074",9981.36826226261,-8680.81001415704,"x"
"2075",10106.5487298157,-9079.32261683944,"x"
"2076",9333.55078613027,-7206.87268732246,"x"
"2077",9988.82855558584,-8649.63284525774,"x"
"2078",9996.65072761027,-9081.67747314719,"x"
"2079",9807.87990112623,-8368.33172291448,"x"
"2080",10021.3918950027,-8895.59853610033,"x"
"2081",9324.50082130098,-7246.17185581722,"x"
"2082",10133.9087935722,-9091.19947530507,"x"
"2083",10074.4691889098,-8983.02839281587,"x"
"2084",9621.61672893121,-7893.71176061453,"x"
"2085",10190.8889309525,-9248.60002604656,"x"
"2086",10085.6285359613,-8979.99804130168,"x"
"2087",9720.19174045562,-8373.60128299247,"x"
"2088",10179.0886884496,-9560.35957006315,"x"
"2089",9630.48035740493,-8102.64890529335,"x"
"2090",9555.00444504392,-7837.68269032273,"x"
"2091",9110.8110184881,-6988.93235028642,"x"
"2092",9957.25639258819,-8822.44236375126,"x"
"2093",9656.2395743291,-8188.26697126725,"x"
"2094",9379.49354012947,-7356.30408832426,"x"
"2095",10089.325303845,-9000.43640324735,"x"
"2096",9617.73287778081,-7993.78382848461,"x"
"2097",9673.56808860091,-8156.98273083714,"x"
"2098",9740.21030697805,-8219.89613115362,"x"
"2099",9612.17934902522,-7895.53176456225,"x"
"2100",9990.18698160583,-8687.3332329237,"x"
"2101",9431.9802316802,-7666.96372102145,"x"
"2102",9439.98682254359,-7600.0322495673,"x"
"2103",9980.32973759936,-8790.33847125173,"x"
"2104",9709.16381281551,-8204.19552200535,"x"
"2105",9838.27736143613,-8471.75433377042,"x"
"2106",10196.4119415375,-9340.2026648331,"x"
"2107",8997.45407332835,-6389.69241918575,"x"
"2108",10159.8934146251,-9222.24905310911,"x"
"2109",10032.6009656312,-8827.74627507358,"x"
"2110",10285.7805729586,-9460.92882926767,"x"
"2111",9652.02091368481,-8163.42363960194,"x"
"2112",9117.73889436063,-6910.87092007969,"x"
"2113",9874.72630412338,-8505.5346709802,"x"
"2114",9746.36941084613,-8261.26024608118,"x"
"2115",9578.0474280529,-7890.74555329854,"x"
"2116",9583.4978128106,-7957.01098683945,"x"
"2117",9955.12672349565,-8791.77611473819,"x"
"2118",8739.94531343103,-6101.50291370331,"x"
"2119",10097.0069508843,-8884.16321048057,"x"
"2120",9594.09021270949,-7844.95886185703,"x"
"2121",9323.80785225466,-7423.97335854283,"x"
"2122",10210.3385600233,-9413.45741214447,"x"
"2123",9440.46057684051,-7657.58830241182,"x"
"2124",9972.04624946487,-8799.34699320403,"x"
"2125",9587.7156722272,-7833.80089331808,"x"
"2126",9264.89114684856,-7322.97941979876,"x"
"2127",9538.94252289518,-7769.55310519643,"x"
"2128",9966.29229362536,-8679.40188782579,"x"
"2129",9477.22420731606,-7670.27235308818,"x"
"2130",9659.45869398517,-8090.75123714111,"x"
"2131",9669.43214143453,-8076.52846822664,"x"
"2132",9623.92972810475,-8117.49926733161,"x"
"2133",10047.2043081888,-9039.96925415438,"x"
"2134",9806.96512974486,-8353.89248669109,"x"
"2135",9665.13413952296,-8171.82808017295,"x"
"2136",9686.24111241045,-8225.84791543169,"x"
"2137",9978.47948055626,-8669.61852655853,"x"
"2138",9485.47635701983,-7722.81258121657,"x"
"2139",9050.49080476618,-6575.54821022802,"x"
"2140",10129.1867808229,-8912.66906933219,"x"
"2141",9901.26092519102,-8440.21093988807,"x"
"2142",9703.64155472684,-8152.79826012142,"x"
"2143",9300.79327206988,-7284.91655837658,"x"
"2144",9490.70429042684,-7559.38692821143,"x"
"2145",10285.2873865205,-9374.20564872168,"x"
"2146",9746.69786719279,-8159.74540120797,"x"
"2147",9814.34963214408,-8296.30121170615,"x"
"2148",9304.11889859281,-7224.20216332357,"x"
"2149",9696.7474117019,-8141.80020328788,"x"
"2150",9997.66111374848,-8846.50441028103,"x"
"2151",8924.63923806239,-6273.66523833424,"x"
"2152",8826.38445143082,-6158.73665031953,"x"
"2153",9530.37421903253,-7882.48428193084,"x"
"2154",9701.32313884997,-8219.47241252072,"x"
"2155",9849.11294898062,-8444.37298384648,"x"
"2156",10220.2218003105,-9482.12922529618,"x"
"2157",10283.1323743851,-9646.21077899039,"x"
"2158",9170.82141049985,-6902.11736629397,"x"
"2159",9522.6278862972,-7722.33919283415,"x"
"2160",10145.1638939846,-9308.54513432375,"x"
"2161",10447.8773145482,-9808.18489250881,"x"
"2162",9904.41750812889,-8583.16673693798,"x"
"2163",9796.31588628859,-8454.48032488977,"x"
"2164",9108.72612029994,-6925.83563128976,"x"
"2165",10194.5314912775,-9179.14602711588,"x"
"2166",9669.32669473777,-8108.33423482719,"x"
"2167",10017.3718602031,-8858.42882954308,"x"
"2168",9490.88063220309,-7731.57277100025,"x"
"2169",9698.22872156701,-8217.63052561908,"x"
"2170",9364.51403332587,-7336.85275205821,"x"
"2171",9771.22127130763,-8184.71176671512,"x"
"2172",9961.17195098596,-8746.40386956919,"x"
"2173",9270.0039933235,-7168.215673637,"x"
"2174",9403.42055009942,-7341.83444524477,"x"
"2175",9277.61979212946,-7011.21216244289,"x"
"2176",9456.25649122011,-7575.16129857402,"x"
"2177",9956.20942509999,-8640.21947647282,"x"
"2178",10334.2906170871,-9783.54340676062,"x"
"2179",9541.0473964317,-7895.32694102559,"x"
"2180",9747.86046467255,-8259.39677997113,"x"
"2181",9732.50361008533,-8301.17216465923,"x"
"2182",9477.88741987523,-7741.98428581499,"x"
"2183",9529.30242673221,-7761.47187090528,"x"
"2184",9704.42332544669,-8113.50293384899,"x"
"2185",10119.2275182216,-9094.00863046686,"x"
"2186",9738.70955449976,-8124.8900405671,"x"
"2187",9853.69815108374,-8585.90937515782,"x"
"2188",9831.76994531094,-8474.3795193919,"x"
"2189",9816.76767683281,-8490.27942665275,"x"
"2190",9062.19468343007,-6709.97514807513,"x"
"2191",9710.15552943132,-8256.26216623369,"x"
"2192",9563.93515302224,-7897.48394173276,"x"
"2193",9950.81283524306,-8735.80760327307,"x"
"2194",9654.55442548968,-8105.16880409289,"x"
"2195",9646.01073846058,-8123.59380284239,"x"
"2196",8701.64655606903,-5764.88999358318,"x"
"2197",10221.5208042124,-9256.44516342819,"x"
"2198",9468.82376750055,-7714.47231805371,"x"
"2199",9693.45905906372,-8234.6550246626,"x"
"2200",9865.56969177728,-8491.28223036279,"x"
"2201",8546.99939972176,-5597.2605149532,"x"
"2202",9772.39168560662,-8345.58873426451,"x"
"2203",9535.00554261456,-7798.41997203119,"x"
"2204",9542.214328699,-7854.85582576589,"x"
"2205",10101.810076298,-9054.60657086565,"x"
"2206",9877.08673474758,-8621.2034486992,"x"
"2207",9057.29926331903,-6667.60041846285,"x"
"2208",9343.31203968433,-7418.47090107486,"x"
"2209",9491.13119759056,-7750.56387093865,"x"
"2210",10150.5638215461,-9231.70510744457,"x"
"2211",9882.13174930948,-8656.82315877402,"x"
"2212",9538.20075628052,-7941.9658950623,"x"
"2213",10128.4700694799,-9036.33998295849,"x"
"2214",9681.90982610561,-8255.80114102199,"x"
"2215",10175.500576676,-9173.5908104008,"x"
"2216",9219.33332566865,-7179.52221827752,"x"
"2217",10318.6937538895,-9426.7159400416,"x"
"2218",9980.80854004086,-8781.84211562504,"x"
"2219",9843.5925219757,-8680.52854186505,"x"
"2220",10150.4271625404,-9281.10676746956,"x"
"2221",9519.12346564786,-7642.45933345606,"x"
"2222",9833.35990126116,-8431.22587548994,"x"
"2223",10028.4261338362,-8927.41808717556,"x"
"2224",9736.78790332436,-8469.06983453921,"x"
"2225",9951.82613190135,-8653.56296158653,"x"
"2226",9272.23068667267,-7191.21499518648,"x"
"2227",9068.61467749504,-6650.38243434349,"x"
"2228",10283.3210821731,-9537.81236130048,"x"
"2229",9790.24797013305,-8335.70392517457,"x"
"2230",9970.6887466938,-8660.73062316055,"x"
"2231",9616.63209681315,-8049.55683775604,"x"
"2232",9927.95797455905,-8785.71964589892,"x"
"2233",9812.51038341174,-8390.59199909769,"x"
"2234",10020.9672860559,-8717.6748861733,"x"
"2235",10346.8313340367,-9455.26009638236,"x"
"2236",9744.30394858691,-8133.84809194513,"x"
"2237",9734.87180737221,-8195.75432230297,"x"
"2238",9694.73805237482,-8153.86238654505,"x"
"2239",9889.14593636416,-8673.31845187704,"x"
"2240",9918.92196922561,-8543.09694504135,"x"
"2241",9755.05527040403,-8280.26536509628,"x"
"2242",9444.88944357686,-7613.07294305031,"x"
"2243",9614.28277399671,-8164.73520137659,"x"
"2244",10130.0896295414,-9190.08571265421,"x"
"2245",10086.1240100456,-8971.99021937787,"x"
"2246",9591.9324603759,-7964.14293355959,"x"
"2247",9683.86621314958,-8024.17345106609,"x"
"2248",9623.03712601598,-7889.10097320344,"x"
"2249",9746.11275995102,-8315.14932923948,"x"
"2250",9696.98418554627,-8117.70624947988,"x"
"2251",9780.70309508262,-8222.26286091772,"x"
"2252",9194.33331656644,-6920.16403363122,"x"
"2253",9021.1775364089,-6516.34707166098,"x"
"2254",9125.50815123626,-6740.84934328127,"x"
"2255",9858.61696654695,-8538.0680577442,"x"
"2256",9710.76678143837,-8164.28710272172,"x"
"2257",9188.33979607859,-6828.30822614248,"x"
"2258",9921.77425524519,-8704.160382132,"x"
"2259",9816.08778166316,-8354.66108063132,"x"
"2260",10160.425698082,-9302.95899738597,"x"
"2261",9822.49498984377,-8449.34176129408,"x"
"2262",10279.9542250326,-9439.80100140398,"x"
"2263",9585.11990092301,-7901.69610468473,"x"
"2264",10203.3036795273,-9187.50586527719,"x"
"2265",9158.01102861925,-6820.0915638966,"x"
"2266",10465.9121794931,-9930.34832925731,"x"
"2267",9891.84107938327,-8669.783142801,"x"
"2268",9798.17505192827,-8381.14663992648,"x"
"2269",10041.3889003336,-8854.87148136979,"x"
"2270",10025.3267864121,-8899.91189795151,"x"
"2271",9918.45471531313,-8758.5720689068,"x"
"2272",9733.25161870825,-8394.32133240494,"x"
"2273",10281.4884325592,-9552.72026617031,"x"
"2274",9447.27313310398,-7746.01914080893,"x"
"2275",9549.36923160901,-7853.38805050584,"x"
"2276",9759.58263916642,-8259.9997450339,"x"
"2277",9605.23856768046,-7970.70635994476,"x"
"2278",9098.2977100355,-6812.54418674998,"x"
"2279",9501.67152341442,-7789.47662461064,"x"
"2280",9850.83144610269,-8486.04031649454,"x"
"2281",9190.25028294777,-7030.88789658759,"x"
"2282",9611.28729748992,-8085.60637784865,"x"
"2283",10099.0157356595,-8924.68096687544,"x"
"2284",10014.6050169995,-8812.34468251668,"x"
"2285",9579.52976327081,-7837.43754618626,"x"
"2286",9804.29473290028,-8422.1227033585,"x"
"2287",9409.90401565063,-7543.65571594283,"x"
"2288",9761.43829729013,-8340.4859765317,"x"
"2289",9801.20402689065,-8326.95215760033,"x"
"2290",9307.21140470476,-7195.47229731404,"x"
"2291",10067.2372656886,-8933.99047850801,"x"
"2292",9436.91277407618,-7663.06921886347,"x"
"2293",9684.95852861436,-8147.78621782964,"x"
"2294",9880.30530558671,-8443.46769625813,"x"
"2295",9558.98887591761,-8037.79990260674,"x"
"2296",9490.0195317921,-7484.66739881066,"x"
"2297",9217.65528143506,-7082.07115028225,"x"
"2298",9782.19627984246,-8299.76077586048,"x"
"2299",9310.84828079763,-7295.83355004949,"x"
"2300",9907.24104141961,-8509.50882762064,"x"
"2301",9900.53429970272,-8676.08590234861,"x"
"2302",9711.71921251184,-8345.11577859053,"x"
"2303",10161.0140413501,-9187.57266334052,"x"
"2304",9521.38091434303,-7740.65355444703,"x"
"2305",10181.9539067967,-9323.87461580652,"x"
"2306",10048.9780924492,-8999.26615496709,"x"
"2307",9640.67847619491,-7945.5193869722,"x"
"2308",9438.22055240438,-7691.09879697394,"x"
"2309",8856.69653405364,-6207.61542995053,"x"
"2310",9288.38683866992,-7364.74317688052,"x"
"2311",9671.60383652289,-7872.72688981656,"x"
"2312",9310.82153385839,-7339.02436153763,"x"
"2313",9886.97584791418,-8695.09710769822,"x"
"2314",9936.25798934935,-8630.6677875561,"x"
"2315",9545.24984652242,-7803.07865130508,"x"
"2316",9931.66059148803,-8652.31708189244,"x"
"2317",10104.1765988366,-9046.56177319458,"x"
"2318",9886.47262239641,-8717.95019764805,"x"
"2319",9581.10564707677,-7947.08070431276,"x"
"2320",10049.6981685458,-8815.24639627864,"x"
"2321",9342.22273896326,-7351.17189968185,"x"
"2322",9260.31654199334,-7187.18279221333,"x"
"2323",9250.77518746404,-7111.00868116365,"x"
"2324",9581.81592443275,-7926.79642678308,"x"
"2325",9583.95062278577,-7951.09750198069,"x"
"2326",10138.3759990889,-9054.83112015789,"x"
"2327",9741.90931782269,-8116.06070538462,"x"
"2328",9754.68743075922,-8253.1449299516,"x"
"2329",9895.10267945627,-8614.79630122133,"x"
"2330",9570.6330469991,-7907.94817436026,"x"
"2331",9708.93084133473,-8214.76595078855,"x"
"2332",9809.31296854658,-8299.35360133158,"x"
"2333",9513.74280639512,-7822.09962002603,"x"
"2334",10362.0719249341,-9794.41011251375,"x"
"2335",10135.6222198039,-9002.81174483314,"x"
"2336",9671.01390369846,-8040.93669173446,"x"
"2337",9620.8404651105,-7946.96204327259,"x"
"2338",9822.62653984958,-8438.01060801837,"x"
"2339",9528.36983058242,-7825.28611207787,"x"
"2340",9705.32158695667,-8030.81128785253,"x"
"2341",9604.99583866445,-8018.66525640844,"x"
"2342",9728.25234358023,-8207.09071847528,"x"
"2343",9592.73829992028,-7840.67848722069,"x"
"2344",9948.61166703331,-8720.86716068047,"x"
"2345",10007.7605223596,-8948.15780807685,"x"
"2346",9356.30020888946,-7446.46675943645,"x"
"2347",9535.00041697474,-7912.40298383803,"x"
"2348",9846.06769428862,-8566.43804741181,"x"
"2349",9639.06060172452,-7990.00695284057,"x"
"2350",9741.47236782703,-8310.35577634588,"x"
"2351",9664.24126527421,-7994.27739761857,"x"
"2352",9126.06022430961,-6843.53748332109,"x"
"2353",10190.9356356731,-9326.438162503,"x"
"2354",9806.16719106543,-8422.2737437915,"x"
"2355",9361.37033860212,-7495.99081366672,"x"
"2356",9992.68607840251,-8733.28443461117,"x"
"2357",10365.4681438277,-9611.19869869501,"x"
"2358",10177.1737893668,-9340.41441941572,"x"
"2359",9369.17104944838,-7447.17142373988,"x"
"2360",9653.05950053633,-8040.19422889749,"x"
"2361",9642.78696764899,-8064.73073795308,"x"
"2362",10195.1702218625,-9169.49791769973,"x"
"2363",9866.66289544262,-8580.91342083825,"x"
"2364",9360.13645216068,-7371.86408898525,"x"
"2365",9292.53592489343,-7209.60480338296,"x"
"2366",9540.1729905785,-7712.44592675998,"x"
"2367",9496.25115119868,-7768.25788152845,"x"
"2368",10082.8491785482,-8946.97747242589,"x"
"2369",9650.99352745464,-7955.13776660724,"x"
"2370",9527.00144276861,-7736.39530069401,"x"
"2371",9701.90908267871,-8402.62365467178,"x"
"2372",9764.58288250468,-8270.10631083633,"x"
"2373",9429.38062316007,-7647.36799287465,"x"
"2374",10074.2589898931,-8942.92077007136,"x"
"2375",10001.9307763395,-8757.5452132853,"x"
"2376",9419.50840927112,-7501.81843541936,"x"
"2377",9428.71223194775,-7534.25545999646,"x"
"2378",10219.1460342002,-9353.30098274823,"x"
"2379",10190.6770313407,-9351.36455274992,"x"
"2380",10097.2078149785,-8877.4143905712,"x"
"2381",9708.01496600086,-8263.70759031082,"x"
"2382",9302.40228219709,-7213.83549924614,"x"
"2383",10074.5573083434,-8788.21709936733,"x"
"2384",9539.41986766301,-7843.6728955733,"x"
"2385",10008.8812219723,-8905.4807483169,"x"
"2386",10109.9066198905,-9029.33821853956,"x"
"2387",9551.90426118567,-7757.97797773222,"x"
"2388",9857.2965206673,-8382.06118469941,"x"
"2389",9356.32311193379,-7210.92822013968,"x"
"2390",9627.01237304066,-8021.16889983122,"x"
"2391",10313.3878883049,-9716.47783133014,"x"
"2392",9101.30416719364,-6811.40860266592,"x"
"2393",9032.02547511088,-6472.01175421845,"x"
"2394",9604.60369717532,-7935.69695756476,"x"
"2395",9939.00004161019,-8856.71790710951,"x"
"2396",9641.0695783346,-8129.09862528317,"x"
"2397",9494.72181865901,-7665.70729653694,"x"
"2398",10309.8465904902,-9468.8066343261,"x"
"2399",9151.24864232431,-6937.83988560267,"x"
"2400",10246.277067155,-9560.39097994417,"x"
"2401",9439.0998991189,-7576.39442286397,"x"
"2402",9792.55347819077,-8263.97026399528,"x"
"2403",9376.77245217972,-7285.03641424277,"x"
"2404",9937.77102780194,-8688.75555252757,"x"
"2405",9500.71515960499,-7715.09289744327,"x"
"2406",10472.403740156,-9964.76290428239,"x"
"2407",9273.36122799736,-7225.00572807025,"x"
"2408",9307.96857622023,-7254.31336871066,"x"
"2409",9908.68967845192,-8730.57821238828,"x"
"2410",10427.8980964447,-9713.83400428323,"x"
"2411",9403.41106992947,-7483.77130578345,"x"
"2412",8901.59615235504,-6352.94425766096,"x"
"2413",10110.8155866872,-8925.75597363437,"x"
"2414",10207.7070011941,-9394.32392290552,"x"
"2415",10033.9252175992,-8940.74518128378,"x"
"2416",9769.43753924134,-8300.4696347923,"x"
"2417",9346.08856367202,-7368.01678686152,"x"
"2418",10273.017752918,-9660.58420175289,"x"
"2419",9738.48339289309,-8220.80318367733,"x"
"2420",10181.4062730525,-9101.52261475272,"x"
"2421",9593.47421157257,-7923.6311996801,"x"
"2422",9432.00026806303,-7642.867104897,"x"
"2423",10103.2390838185,-9206.14982833635,"x"
"2424",9630.09721530109,-8057.62574392754,"x"
"2425",10347.2287113046,-9784.57054351966,"x"
"2426",9464.43856419538,-7705.89896196186,"x"
"2427",9624.49630701453,-7964.41797465831,"x"
"2428",9126.56506051947,-6853.7350443197,"x"
"2429",9889.51482016547,-8533.94449124777,"x"
"2430",9345.52979816061,-7480.30589370872,"x"
"2431",9631.41082387494,-7914.54005220315,"x"
"2432",10163.0670459833,-9001.28477194511,"x"
"2433",9820.92507127326,-8482.41196384151,"x"
"2434",9771.88344565868,-8449.23908392475,"x"
"2435",9956.09019308746,-8789.44034641388,"x"
"2436",9483.40293046149,-7676.39218736503,"x"
"2437",9588.74986455529,-7907.19691128172,"x"
"2438",9522.64864095725,-7667.81661075837,"x"
"2439",9070.99980052904,-6770.15957018486,"x"
"2440",9609.31186759386,-8114.17604501666,"x"
"2441",9748.4331481948,-8100.12189142685,"x"
"2442",10181.1971279521,-9280.17063237919,"x"
"2443",9599.50110172162,-7767.27663268385,"x"
"2444",9600.37869308745,-8036.90853075552,"x"
"2445",10195.9187631959,-9229.30795357608,"x"
"2446",9777.69096544142,-8429.9652632111,"x"
"2447",9937.67644664366,-8647.47678671859,"x"
"2448",9743.45516844321,-8223.63652543836,"x"
"2449",9510.08677465638,-7550.58196741139,"x"
"2450",9864.09752824417,-8672.14133769399,"x"
"2451",9855.95212410681,-8478.82570107807,"x"
"2452",10007.4175191649,-8864.49130101658,"x"
"2453",9385.80466826875,-7480.36142632676,"x"
"2454",9434.53635597888,-7546.5302241465,"x"
"2455",9523.59849599999,-7920.42351324106,"x"
"2456",9323.52361795486,-7330.31751482528,"x"
"2457",10049.8777160509,-8935.18272783152,"x"
"2458",10026.4154902488,-8857.78382515145,"x"
"2459",9919.50109351433,-8598.10003401262,"x"
"2460",10058.8423552082,-8867.56294363845,"x"
"2461",9837.87261296062,-8413.66558749089,"x"
"2462",10084.5748013312,-9087.09535667212,"x"
"2463",9251.92757853983,-7344.13179621569,"x"
"2464",10119.6634166885,-9081.45477858946,"x"
"2465",10119.7629349592,-8939.93649206262,"x"
"2466",9664.15971322982,-8071.54276027278,"x"
"2467",9572.94306919348,-8022.40783201267,"x"
"2468",9756.15476711369,-8238.7137030055,"x"
"2469",9996.07287637785,-8930.48745412561,"x"
"2470",9912.7373823187,-8718.50518107062,"x"
"2471",9363.84803253472,-7334.10027393844,"x"
"2472",9672.96907646402,-8055.78300025082,"x"
"2473",8981.42095847124,-6334.33428381766,"x"
"2474",9899.18457352976,-8449.34889774902,"x"
"2475",9120.40491153528,-6922.76871804007,"x"
"2476",9529.88598927532,-7680.28036592284,"x"
"2477",9866.381662435,-8515.4144367578,"x"
"2478",10337.4323291855,-9546.15428128841,"x"
"2479",9677.06281540586,-7916.91358040464,"x"
"2480",10412.5621014326,-9659.23250311133,"x"
"2481",10174.8281853603,-9460.97569922239,"x"
"2482",9776.70319756774,-8294.1079760831,"x"
"2483",9358.89215159167,-7483.52448378284,"x"
"2484",9474.69764941229,-7777.04237186145,"x"
"2485",9884.56327745263,-8630.70755854914,"x"
"2486",9849.45642886706,-8537.62257167444,"x"
"2487",9623.33000650253,-8016.61969902738,"x"
"2488",10146.7833433197,-9189.20208362813,"x"
"2489",9303.84414857008,-7357.82433098978,"x"
"2490",9536.90656494413,-7685.63283148266,"x"
"2491",10056.1646488612,-9018.9213830916,"x"
"2492",9825.06239698203,-8600.06447670882,"x"
"2493",10210.7040152331,-9368.19084169067,"x"
"2494",9331.67411283667,-7429.08764032386,"x"
"2495",9608.14003770537,-7946.35994101677,"x"
"2496",10173.2840398704,-9198.08996586152,"x"
"2497",10149.4259596197,-9545.60225672218,"x"
"2498",9923.50480759089,-8621.67948663527,"x"
"2499",10028.8551000464,-8952.25420554047,"x"
"2500",9694.13506920645,-8079.99955424384,"x"
"2501",9527.05822828494,-7830.83809237206,"x"
"2502",9825.63577593129,-8378.09124862816,"x"
"2503",9389.02933438622,-7396.12141766817,"x"
"2504",9980.29913744587,-8875.03181498348,"x"
"2505",10338.7054814438,-9520.98820402456,"x"
"2506",9183.60350922156,-7047.32549026268,"x"
"2507",9309.09128014572,-7374.5758634038,"x"
"2508",9579.66777964146,-7745.47885415943,"x"
"2509",10149.3606372487,-9057.96633796677,"x"
"2510",9787.87316438282,-8305.0130183467,"x"
"2511",9855.06029098642,-8504.74417861075,"x"
"2512",10010.8601009515,-8808.89920748363,"x"
"2513",9951.6546513855,-8641.5742274626,"x"
"2514",10161.9656745234,-9416.17826780435,"x"
"2515",9384.07710182893,-7476.7869552723,"x"
"2516",9736.5290054906,-8197.00317872526,"x"
"2517",10087.6584871371,-9005.15197747836,"x"
"2518",9816.66316623473,-8448.66559051647,"x"
"2519",9471.18066686809,-7675.07163484181,"x"
"2520",9501.65061243612,-7565.07095250601,"x"
"2521",9410.13683160873,-7545.38817726338,"x"
"2522",9261.03946496601,-7176.70890342624,"x"
"2523",10270.8928223531,-9577.94667120244,"x"
"2524",9595.91147109582,-8015.36410654826,"x"
"2525",9468.01447223069,-7711.08821381354,"x"
"2526",9252.44729425144,-7157.80844079045,"x"
"2527",10248.6542175803,-9346.40180903367,"x"
"2528",9901.65766089195,-8635.08295721241,"x"
"2529",9931.81181331554,-8518.40441696731,"x"
"2530",9524.52092065181,-7778.8623454196,"x"
"2531",9587.99058323423,-7885.80160033872,"x"
"2532",9783.91332348303,-8292.13897359927,"x"
"2533",10028.0725576742,-8931.59982839857,"x"
"2534",10203.2254175456,-9289.43607154131,"x"
"2535",9434.05849038258,-7555.45575584303,"x"
"2536",8954.10130215894,-6397.58753915656,"x"
"2537",9506.28085967489,-7731.47980748296,"x"
"2538",9357.64015042681,-7488.06703981435,"x"
"2539",9934.82343744393,-8730.46393017302,"x"
"2540",9897.48869602689,-8488.53345202783,"x"
"2541",8875.36314296009,-6508.21679731546,"x"
"2542",9610.86545668975,-8062.61922508727,"x"
"2543",9238.63055731501,-7035.73028760133,"x"
"2544",9481.23781932963,-7683.65679258201,"x"
"2545",9535.83624052924,-7882.99824450668,"x"
"2546",9532.25899001835,-7779.47616984342,"x"
"2547",9774.35309294514,-8325.14093241377,"x"
"2548",9227.84016034541,-6927.95216960525,"x"
"2549",9798.5933719962,-8305.06253491332,"x"
"2550",9679.79213337962,-8042.92627098935,"x"
"2551",9550.29581755059,-7756.34663147569,"x"
"2552",9522.45380741493,-7718.37922020263,"x"
"2553",9641.99731854772,-8111.86936495377,"x"
"2554",10012.8350690935,-8925.87614064731,"x"
"2555",10209.5202744069,-9095.36983498877,"x"
"2556",9352.04058332306,-7420.22715136611,"x"
"2557",9689.47839158657,-8211.98118733786,"x"
"2558",9674.32094819029,-8055.96600293578,"x"
"2559",9536.75324844037,-7739.7923156701,"x"
"2560",9780.63701994635,-8312.29154850264,"x"
"2561",9943.62767980602,-8720.38834543306,"x"
"2562",10155.2404357075,-9167.03816968698,"x"
"2563",9741.96051260176,-8302.27095239004,"x"
"2564",9621.33923568635,-8090.15568528842,"x"
"2565",9611.43481090426,-7867.85959237193,"x"
"2566",9777.9865458502,-8416.82725254418,"x"
"2567",9621.78124279755,-8121.7161646343,"x"
"2568",9389.53349433862,-7538.16347501227,"x"
"2569",10044.133150787,-9058.26978974774,"x"
"2570",9321.45398615344,-7335.13975195142,"x"
"2571",10263.5600196381,-9777.87608878693,"x"
"2572",10169.8176474144,-9201.03639950129,"x"
"2573",9310.71928378629,-7357.06167225188,"x"
"2574",9883.87252818505,-8468.56876205216,"x"
"2575",9603.70204906133,-7916.45670902657,"x"
"2576",9697.27438970367,-8175.29788966421,"x"
"2577",10090.4707768314,-9086.22549230682,"x"
"2578",9368.43545130627,-7391.91468768103,"x"
"2579",9505.69476680876,-7647.42889125059,"x"
"2580",9308.43249764914,-7245.23459660828,"x"
"2581",9733.75833340693,-8172.2000725455,"x"
"2582",10259.3376140306,-9451.09448425836,"x"
"2583",10318.0775291584,-9567.96157391266,"x"
"2584",9962.53397498267,-8733.84682165223,"x"
"2585",9768.77917156314,-8245.67277548637,"x"
"2586",10151.3887350352,-9190.62294201733,"x"
"2587",9897.62205555907,-8654.44338448539,"x"
"2588",10047.2909600125,-8962.86087090109,"x"
"2589",9581.59553403897,-7914.14944160773,"x"
"2590",9382.94212239917,-7400.7157621659,"x"
"2591",8957.68523457325,-6655.79685728871,"x"
"2592",9123.62283506797,-6870.96195583795,"x"
"2593",9878.51897621829,-8694.65787055845,"x"
"2594",9792.66680624939,-8413.29066505245,"x"
"2595",9884.58614603212,-8623.12890058669,"x"
"2596",9756.75784428466,-8218.20967973393,"x"
"2597",9672.35827958602,-8091.27650831022,"x"
"2598",9996.70152882389,-8816.21589972286,"x"
"2599",10144.7353244049,-9102.52511253081,"x"
"2600",9667.20049366587,-8101.14084601496,"x"
"2601",10035.0951646125,-8938.63230061403,"x"
"2602",9624.90798750263,-8017.51345782957,"x"
"2603",9632.83984709149,-8088.04505317019,"x"
"2604",9819.96352660345,-8441.24108025972,"x"
"2605",9664.56837808668,-8224.31456667561,"x"
"2606",10115.6181561653,-9001.25925232159,"x"
"2607",9922.81092977031,-8672.09341182986,"x"
"2608",9957.33202890707,-8609.76575642097,"x"
"2609",9438.16392858664,-7643.85281773387,"x"
"2610",9851.49679713706,-8441.59377409222,"x"
"2611",10125.2636427998,-9112.88434089429,"x"
"2612",9611.10843871067,-8113.11559950642,"x"
"2613",10271.1169196904,-9562.51868916305,"x"
"2614",10004.8770200746,-8714.80841701269,"x"
"2615",9857.84146426072,-8567.40586075579,"x"
"2616",9850.57793729567,-8475.34677812123,"x"
"2617",9550.85578486214,-7852.38382847526,"x"
"2618",10110.7983644427,-9075.603332378,"x"
"2619",9790.42574895725,-8388.0831487511,"x"
"2620",8910.37282801425,-6416.44404330288,"x"
"2621",9439.46358027522,-7545.23250218308,"x"
"2622",9331.02212707061,-7528.28199650549,"x"
"2623",10098.8396963001,-9159.38586310608,"x"
"2624",10078.5883198872,-9008.55740708913,"x"
"2625",9733.98329466952,-8233.51512936507,"x"
"2626",9636.70652539966,-8106.73555780052,"x"
"2627",9471.81851490365,-7687.16417335336,"x"
"2628",9615.84468004741,-8075.76989422448,"x"
"2629",9946.23516740476,-8590.69910462492,"x"
"2630",9738.14127241919,-8180.96691643193,"x"
"2631",10206.9060531859,-9230.75359520919,"x"
"2632",10056.6927680035,-8862.50003171253,"x"
"2633",9219.24386517308,-7244.40887115562,"x"
"2634",9680.34642355963,-8018.47281851917,"x"
"2635",9982.89086132661,-8918.94479347989,"x"
"2636",9689.07150765546,-8073.03177794951,"x"
"2637",9874.49581260558,-8598.78703819909,"x"
"2638",10094.1730355229,-9018.38667896398,"x"
"2639",10025.9820141031,-8819.98600131433,"x"
"2640",9789.52288309845,-8455.82882884073,"x"
"2641",10059.4457257922,-8987.29417946683,"x"
"2642",9580.39067700179,-7893.95183790507,"x"
"2643",9900.96490520331,-8583.08625004235,"x"
"2644",9992.58740086433,-8813.48481375507,"x"
"2645",10231.4434757947,-9372.12678614548,"x"
"2646",9812.66009879238,-8471.85812165072,"x"
"2647",10051.9542458683,-8944.34279938175,"x"
"2648",9718.97851797667,-8309.77032273674,"x"
"2649",9811.02370237199,-8577.84400736112,"x"
"2650",10130.4933708382,-9383.06222968284,"x"
"2651",9338.51650743861,-7373.13469037871,"x"
"2652",9610.07174018578,-7902.69861569485,"x"
"2653",9309.21715034251,-7248.90303356967,"x"
"2654",10016.0469518514,-8671.33468555711,"x"
"2655",9623.24369899951,-7999.66955471357,"x"
"2656",9308.89537831921,-7376.71703053682,"x"
"2657",9608.29792599198,-7861.05233964518,"x"
"2658",9168.73038442523,-6918.96399621533,"x"
"2659",9810.99614312178,-8451.27534761224,"x"
"2660",9579.46566963787,-8008.91113902667,"x"
"2661",10036.9309270204,-8840.21962253678,"x"
"2662",9749.83494820816,-8362.70988589456,"x"
"2663",9537.95994281481,-7872.81683800145,"x"
"2664",9268.09898598031,-7287.81204241407,"x"
"2665",10055.3635083568,-8802.58087977302,"x"
"2666",9964.91796955198,-8718.1174792908,"x"
"2667",10247.3496170721,-9379.08124717008,"x"
"2668",9938.28674333899,-8563.86282877864,"x"
"2669",9755.03432687359,-8191.12125808385,"x"
"2670",10072.5231669485,-8945.84501316322,"x"
"2671",9546.86784414392,-7856.17104042514,"x"
"2672",9497.96706573724,-7654.34731863051,"x"
"2673",9452.06196510707,-7469.48087501649,"x"
"2674",9214.74121458955,-7005.36570856798,"x"
"2675",9519.47194575835,-7825.88521792549,"x"
"2676",9111.61519450749,-6826.26539112838,"x"
"2677",9694.67405163194,-8141.62548535346,"x"
"2678",9475.52421246678,-7631.447155744,"x"
"2679",9272.22309709302,-7199.68178797167,"x"
"2680",9202.47627807217,-6941.08811028045,"x"
"2681",9166.11993317791,-7137.82053396609,"x"
"2682",9967.81663211612,-8684.18513072401,"x"
"2683",9740.72949901694,-8205.21316580541,"x"
"2684",9994.52945932407,-8823.97303583034,"x"
"2685",10059.1694554112,-9073.17204909472,"x"
"2686",10083.4616934529,-9088.3145819849,"x"
"2687",10095.3136969256,-8904.76205530259,"x"
"2688",9899.52925380687,-8562.98969058077,"x"
"2689",10038.83814965,-8906.01663036977,"x"
"2690",9730.03644004746,-8165.44248235193,"x"
"2691",9944.7945641868,-8627.68756978189,"x"
"2692",9208.51809357525,-7237.12748328939,"x"
"2693",9780.40958112712,-8271.83469305716,"x"
"2694",9782.43891942191,-8388.11741490499,"x"
"2695",9766.38873046598,-8221.0671149717,"x"
"2696",10054.6945786657,-8869.74097286789,"x"
"2697",9165.40331544941,-6913.2442658418,"x"
"2698",10340.3718812803,-9692.43561992456,"x"
"2699",10282.6510812718,-9574.67657319241,"x"
"2700",10255.6966335853,-9528.19576744963,"x"
"2701",9567.82728732004,-7903.75555414652,"x"
"2702",9210.82374964557,-7086.91230196804,"x"
"2703",9110.95158188407,-6890.40960548066,"x"
"2704",9407.82261307569,-7573.21616172494,"x"
"2705",9863.18411779584,-8544.61498858129,"x"
"2706",9433.49502143653,-7595.81581443595,"x"
"2707",9749.83124310174,-8273.779555835,"x"
"2708",9994.11265541407,-8776.25947556766,"x"
"2709",9066.79278297358,-6615.94734252756,"x"
"2710",9280.1592221821,-7238.66829170121,"x"
"2711",9628.50167167296,-7980.83099205139,"x"
"2712",9435.885614409,-7543.03536441039,"x"
"2713",10125.6293966592,-9147.57702169683,"x"
"2714",10093.1457348553,-9127.76357148837,"x"
"2715",9561.19103895156,-7893.03210759307,"x"
"2716",10219.9675750317,-9150.15283666403,"x"
"2717",9376.98799469054,-7423.77635643078,"x"
"2718",9642.17868713446,-8071.11367324928,"x"
"2719",9811.79263568005,-8308.08033389757,"x"
"2720",9650.96517362832,-8023.33659774314,"x"
"2721",9990.8080046806,-8851.44968364312,"x"
"2722",9650.87158891693,-8012.26179408146,"x"
"2723",10371.3015487212,-9684.59744450754,"x"
"2724",10050.0563236896,-8910.23517342893,"x"
"2725",9832.9713839669,-8437.71539876178,"x"
"2726",9727.49841192581,-8121.33662325857,"x"
"2727",9205.43361062478,-6983.12985192001,"x"
"2728",9944.17923388493,-8886.8393294196,"x"
"2729",10012.2831467097,-8793.01692186597,"x"
"2730",10033.5359073469,-8841.6483489513,"x"
"2731",9834.75703825144,-8515.91322290188,"x"
"2732",9846.97520606439,-8518.29184242163,"x"
"2733",10141.797101861,-9157.49825905464,"x"
"2734",9971.41661790266,-8842.47059103151,"x"
"2735",9123.88118887977,-6781.53036031655,"x"
"2736",9379.93409610725,-7482.99580277864,"x"
"2737",9780.47273346301,-8278.21487359523,"x"
"2738",9879.38946670232,-8603.13731998585,"x"
"2739",9576.26824574166,-7914.07693129764,"x"
"2740",9295.24081392156,-7132.54348360554,"x"
"2741",9690.07476159898,-8177.38086939065,"x"
"2742",10201.8159268731,-9288.09798781449,"x"
"2743",9367.75647601156,-7205.72654768531,"x"
"2744",10083.749660706,-9121.39376841637,"x"
"2745",9992.90011202754,-8778.42047826816,"x"
"2746",9739.96950486005,-8287.77134523023,"x"
"2747",10066.8871893166,-9060.67100865707,"x"
"2748",9764.17547238912,-8313.81060968847,"x"
"2749",9239.23923177927,-7044.51117917769,"x"
"2750",9673.76473893617,-8115.22828937593,"x"
"2751",9278.81658426168,-7191.18853582239,"x"
"2752",9898.06572363174,-8660.52571549939,"x"
"2753",9740.23686376304,-8243.08168954194,"x"
"2754",9641.25812479811,-7972.40806304027,"x"
"2755",9467.55246152102,-7613.35039945106,"x"
"2756",9565.1291627322,-8011.41302017963,"x"
"2757",9775.27548523585,-8297.10669980151,"x"
"2758",9557.72165843529,-7848.5625382107,"x"
"2759",9516.56609918793,-7814.43200612138,"x"
"2760",9857.81040841089,-8528.90449884484,"x"
"2761",10261.4622772291,-9305.4796058839,"x"
"2762",9247.81591570372,-7107.48005227627,"x"
"2763",10172.3234883156,-9009.45324022251,"x"
"2764",10030.73828176,-8839.572735873,"x"
"2765",9220.98654779686,-7175.72048349553,"x"
"2766",9990.21226007116,-8864.01281243854,"x"
"2767",9674.43222527601,-8042.2625880035,"x"
"2768",10160.8810606723,-9226.2110324299,"x"
"2769",9136.85699023011,-6756.30734861112,"x"
"2770",10061.071333125,-8906.80181248233,"x"
"2771",9703.16519147539,-8249.63603473408,"x"
"2772",9763.26319858632,-8239.63530871732,"x"
"2773",10428.853927882,-9749.29113186608,"x"
"2774",9468.65294172752,-7765.22306619266,"x"
"2775",9713.75495408116,-8249.10442091905,"x"
"2776",9733.58311517927,-8251.24601348573,"x"
"2777",9111.80977238624,-6750.83518404301,"x"
"2778",9832.62825182693,-8437.02616109732,"x"
"2779",9982.51001715051,-8758.79947893613,"x"
"2780",9603.62723862108,-7908.88101250202,"x"
"2781",9976.3362502802,-8676.64318678315,"x"
"2782",9562.39958186441,-7856.49218490469,"x"
"2783",9515.23416602958,-7743.84580431018,"x"
"2784",9543.66688701613,-7851.27829144322,"x"
"2785",9758.94823931605,-8348.69611613527,"x"
"2786",10134.2035697954,-9302.07060181161,"x"
"2787",9659.303283365,-7986.94395700313,"x"
"2788",9950.97998046322,-8698.34476704814,"x"
"2789",9944.39842158813,-8613.63278211856,"x"
"2790",10075.0328946647,-8923.89096961997,"x"
"2791",9531.47717642592,-7672.1945637807,"x"
"2792",9741.82182497226,-8267.83152493972,"x"
"2793",10155.3502733919,-9122.7970026805,"x"
"2794",9670.52636907949,-8207.47186604513,"x"
"2795",9980.61599557292,-8811.15503205153,"x"
"2796",9744.33610234399,-8292.37405442866,"x"
"2797",10157.4214532958,-9148.72244854373,"x"
"2798",9895.40992487159,-8643.22137115672,"x"
"2799",9916.30500373693,-8634.85859835251,"x"
"2800",9841.73341845288,-8313.15383053905,"x"
"2801",10048.3791800833,-8921.92375774514,"x"
"2802",9438.57238752389,-7493.59279477904,"x"
"2803",9987.60803340523,-8688.58984618334,"x"
"2804",9424.0610798093,-7421.23781256596,"x"
"2805",9871.12980831188,-8514.68806470535,"x"
"2806",9732.18149830801,-8136.569838854,"x"
"2807",9639.80984898953,-8087.18227502356,"x"
"2808",10014.7005453951,-8782.66692122407,"x"
"2809",9613.41273861345,-7907.56181321253,"x"
"2810",9179.76605553888,-7159.02435914812,"x"
"2811",9605.22278413222,-7985.67083990785,"x"
"2812",9783.05829972543,-8340.75525075587,"x"
"2813",10225.9984287702,-9492.47820114733,"x"
"2814",10111.0681962304,-9155.26771341088,"x"
"2815",10090.9227809563,-8986.47523837274,"x"
"2816",10054.8727168743,-8812.85709404072,"x"
"2817",9624.09394963218,-8035.06001905678,"x"
"2818",9971.09720553721,-8709.80708317223,"x"
"2819",10195.8115826395,-9299.92185006116,"x"
"2820",10064.7465002908,-8994.93282172779,"x"
"2821",9529.2629667484,-7810.56716749652,"x"
"2822",9428.29393802072,-7679.06328019208,"x"
"2823",10111.4982100433,-8970.62577097879,"x"
"2824",9977.40284516703,-8735.7121864966,"x"
"2825",9377.8116942841,-7397.14092178454,"x"
"2826",9310.5442388024,-7108.37551559419,"x"
"2827",9913.91427799154,-8731.91744828697,"x"
"2828",9472.32239703472,-7556.82067791341,"x"
"2829",10133.0553716062,-9059.50887400323,"x"
"2830",10328.5237169313,-9873.10326621571,"x"
"2831",9853.47488931858,-8406.13831983711,"x"
"2832",9303.7986418945,-7272.16410048379,"x"
"2833",9240.87293656851,-7029.31965750428,"x"
"2834",9156.0472959888,-6866.55089560596,"x"
"2835",9642.74068873823,-7949.76606230469,"x"
"2836",9849.20593050439,-8612.20809237053,"x"
"2837",9473.65026811141,-7508.07013868049,"x"
"2838",10062.8624433485,-8882.42601819998,"x"
"2839",9937.34535656577,-8595.85811095151,"x"
"2840",10020.3101201524,-8908.24411847029,"x"
"2841",8987.27022906894,-6614.34837134251,"x"
"2842",10111.0461509635,-9030.3467636502,"x"
"2843",9099.68386630049,-6855.31850525153,"x"
"2844",9775.41610018551,-8363.38733921687,"x"
"2845",9767.26797245879,-8227.62997436922,"x"
"2846",10019.9135345147,-8940.12187176955,"x"
"2847",9666.92789640088,-8037.10612823673,"x"
"2848",9529.5685981802,-7837.77683465339,"x"
"2849",9397.27571498973,-7514.68184853766,"x"
"2850",10032.2093659035,-8817.84218523638,"x"
"2851",9667.36179116242,-8155.76384266327,"x"
"2852",9096.97915004906,-6902.98534098096,"x"
"2853",9920.52632335899,-8685.64787979637,"x"
"2854",10166.7535443324,-9209.57875890652,"x"
"2855",9523.40495008451,-7937.05557659569,"x"
"2856",10079.3235764256,-8899.78324247363,"x"
"2857",9959.67917605437,-8687.70562399557,"x"
"2858",9987.78075887562,-8850.48910222007,"x"
"2859",9721.93910170622,-8206.07894943469,"x"
"2860",9656.52254595276,-8129.47181673394,"x"
"2861",9540.8861394218,-7784.77052009424,"x"
"2862",9505.51460448627,-7772.39453359191,"x"
"2863",9527.7041623793,-7958.69074403532,"x"
"2864",9705.21723690919,-8203.18735632239,"x"
"2865",10090.3220927459,-8983.06074535128,"x"
"2866",9895.40114699181,-8503.16563833424,"x"
"2867",9422.20535860602,-7529.1416685291,"x"
"2868",9857.58834219436,-8453.21286616239,"x"
"2869",9422.87343350417,-7614.12081107469,"x"
"2870",10057.2147786979,-8982.2159408019,"x"
"2871",9651.45034255259,-8049.70468920623,"x"
"2872",9914.88998019382,-8668.71532876537,"x"
"2873",9596.02756316065,-7953.49700458196,"x"
"2874",9936.35108889204,-8719.91598558018,"x"
"2875",9436.44209049662,-7384.5766780265,"x"
"2876",9761.74445441105,-8280.8401171414,"x"
"2877",9968.49966643944,-8744.34450849442,"x"
"2878",8926.8852349179,-6441.25127528296,"x"
"2879",10001.2200431699,-8937.74187316565,"x"
"2880",9865.6718913454,-8648.95370694165,"x"
"2881",10060.0715180724,-9066.68564509682,"x"
"2882",9742.40874911442,-8222.5586132774,"x"
"2883",9437.89029951293,-7577.47700904657,"x"
"2884",10047.646225959,-8968.02267428582,"x"
"2885",9501.28555865146,-7844.31150846899,"x"
"2886",10053.43693298,-8879.65841546203,"x"
"2887",9468.70975332771,-7619.22008907724,"x"
"2888",9719.13397912532,-8226.4500745081,"x"
"2889",9643.83129143044,-8110.61129512317,"x"
"2890",9060.36369028434,-6680.45360319944,"x"
"2891",9906.71435763585,-8562.48596574241,"x"
"2892",9142.84161239425,-6716.12699051828,"x"
"2893",9687.7950691151,-8109.19205063094,"x"
"2894",9127.58693746183,-6776.08438516071,"x"
"2895",9481.74767238093,-7710.05110973836,"x"
"2896",9584.05897091832,-7904.24287289417,"x"
"2897",9775.34909701271,-8431.25072088575,"x"
"2898",9568.11735746387,-7849.2566745101,"x"
"2899",9575.18085752472,-8073.78061573252,"x"
"2900",9202.94568813978,-6861.72585461311,"x"
"2901",9278.64032601599,-7219.44343408257,"x"
"2902",10262.9701053694,-9395.79824360796,"x"
"2903",9585.53397034532,-7951.54835242869,"x"
"2904",9524.92054711675,-7856.95120190749,"x"
"2905",8943.19388496016,-6747.07920547888,"x"
"2906",9444.4672246886,-7752.08251127255,"x"
"2907",9824.53582892792,-8352.70355828719,"x"
"2908",10058.2781725153,-8949.16094237784,"x"
"2909",10131.3421586099,-9161.42205804821,"x"
"2910",9476.38580717562,-7642.46581207291,"x"
"2911",9963.5691071649,-8786.31753063773,"x"
"2912",10014.5625197002,-9033.79825120727,"x"
"2913",9642.97229705249,-7996.96424063655,"x"
"2914",9850.74329061991,-8535.548699265,"x"
"2915",9833.97749131746,-8409.95350210164,"x"
"2916",9403.4630222332,-7451.6313187784,"x"
"2917",9767.68205271056,-8275.18258437069,"x"
"2918",9333.58934182689,-7398.6811358794,"x"
"2919",9410.70006337037,-7686.23288072954,"x"
"2920",8971.40193916126,-6549.54218711382,"x"
"2921",9951.57297677927,-8864.14818546892,"x"
"2922",9582.64344286044,-7982.36248581159,"x"
"2923",10327.6920370526,-9595.59595336544,"x"
"2924",10144.0705216828,-9214.82890681619,"x"
"2925",9684.34540411669,-8056.26180846287,"x"
"2926",9748.8285129311,-8049.64506782125,"x"
"2927",9636.64244937779,-7913.40372785476,"x"
"2928",9646.80675109543,-7997.17323837645,"x"
"2929",9479.14957404795,-7788.76086607083,"x"
"2930",9458.85415699379,-7455.38260204504,"x"
"2931",9450.03087514346,-7634.37465437048,"x"
"2932",9701.59879214619,-8165.27422230868,"x"
"2933",9767.04826519615,-8283.96149445105,"x"
"2934",9990.18832765455,-8756.04487002826,"x"
"2935",9696.32901641452,-8248.67204832916,"x"
"2936",9703.41143783294,-8266.00342042685,"x"
"2937",9687.81728361362,-8113.47241545381,"x"
"2938",9401.50520080683,-7414.21128933844,"x"
"2939",9829.64804044009,-8364.52890649589,"x"
"2940",9542.52722143831,-7728.9681685046,"x"
"2941",9512.00712806401,-8020.62133609311,"x"
"2942",9405.6966375833,-7474.96512189475,"x"
"2943",9458.79307675402,-7797.47654643827,"x"
"2944",9803.69808240122,-8404.71786799528,"x"
"2945",9996.64900951134,-8986.30556135788,"x"
"2946",9865.54457642503,-8510.62882362552,"x"
"2947",9939.6070316007,-8941.35774828848,"x"
"2948",9706.66190901375,-8169.11879367448,"x"
"2949",9470.00612169545,-7411.93698542629,"x"
"2950",9460.33718954239,-7675.47817943159,"x"
"2951",9587.98369369417,-7976.71496567036,"x"
"2952",9689.76574412536,-8116.99756601065,"x"
"2953",10056.4151684102,-8997.6084535394,"x"
"2954",9890.93671075696,-8487.32735483975,"x"
"2955",9907.96407846875,-8608.91283350591,"x"
"2956",9547.98864289165,-7721.80168186772,"x"
"2957",9514.21930005764,-7795.39183167348,"x"
"2958",9304.05507500239,-7350.07230337464,"x"
"2959",9875.31062344748,-8556.45282373973,"x"
"2960",9994.11267474806,-8702.43960453651,"x"
"2961",9216.2014604038,-7023.33229188406,"x"
"2962",9726.61267737464,-8219.36572538707,"x"
"2963",8803.0203324892,-6048.23413663898,"x"
"2964",9686.9703362786,-8075.08975991656,"x"
"2965",9541.67917969406,-7796.01198551568,"x"
"2966",10034.8121600154,-8941.89802513693,"x"
"2967",9968.3294090991,-8589.32682255329,"x"
"2968",9994.41843044814,-8840.46417111809,"x"
"2969",10001.0934779142,-8916.81814426497,"x"
"2970",9701.35446591553,-8156.12714556911,"x"
"2971",9213.94002872413,-7030.5056007698,"x"
"2972",9996.45856431016,-8591.81036274482,"x"
"2973",9587.03085315706,-7872.95896309614,"x"
"2974",9664.20787322805,-8223.10818993898,"x"
"2975",9828.78596008264,-8405.71074391753,"x"
"2976",9597.78956642214,-7936.4307281082,"x"
"2977",10067.4263317078,-8969.65502588486,"x"
"2978",10331.9321840667,-9475.46618094978,"x"
"2979",9610.71474283193,-7915.17540767113,"x"
"2980",9995.73761445423,-8726.03771083862,"x"
"2981",9744.17498118185,-8291.40894796216,"x"
"2982",9940.17222959538,-8564.4855550035,"x"
"2983",9997.68965879081,-8864.71192115561,"x"
"2984",9233.28609946705,-7175.71258864945,"x"
"2985",10045.2855618184,-8826.8447532976,"x"
"2986",9981.60654618459,-8720.8925225331,"x"
"2987",10055.5359356745,-8980.54758966009,"x"
"2988",9482.37728068632,-7683.19001888729,"x"
"2989",9973.1376500112,-8815.51665506558,"x"
"2990",10047.5277598347,-8762.22456145106,"x"
"2991",9287.20767986039,-7225.93403404371,"x"
"2992",9934.72023790042,-8858.067343556,"x"
"2993",9772.87117648226,-8238.42418587102,"x"
"2994",9807.77709476112,-8418.29332087795,"x"
"2995",9568.79894435864,-7878.27070515353,"x"
"2996",9553.3163560356,-7707.86255023916,"x"
"2997",9194.6294463583,-6891.88892054779,"x"
"2998",9628.31819457332,-7974.95506652794,"x"
"2999",9288.66005837481,-7361.41404587066,"x"
"3000",9463.80461394327,-7684.54678592126,"x"
"3001",9686.38215891084,-8119.72796190045,"x"
"3002",9518.13435593271,-7751.80775098603,"x"
"3003",9714.3195043947,-8112.58556051566,"x"
"3004",9915.30065699089,-8594.2928975124,"x"
"3005",9688.88584476153,-8087.06653249369,"x"
"3006",9352.38291232131,-7371.80391612943,"x"
"3007",9251.17689246967,-6955.30646125034,"x"
"3008",9767.73022782512,-8440.42124333611,"x"
"3009",9214.48461055106,-7052.9983846055,"x"
"3010",10152.7053268556,-9042.73825167477,"x"
"3011",9897.7480995236,-8504.73885564518,"x"
"3012",9897.22912059492,-8430.00408622844,"x"
"3013",9933.21558437246,-8711.28055737184,"x"
"3014",9899.65178341904,-8613.56816375712,"x"
"3015",10141.3343846573,-8952.53855730824,"x"
"3016",9643.05967499177,-7948.60275097488,"x"
"3017",9241.19528930913,-7170.15313159965,"x"
"3018",9543.69637056882,-7918.07555471399,"x"
"3019",10141.9608361096,-9187.7999157745,"x"
"3020",9671.87123488402,-8018.16766891237,"x"
"3021",10004.2227584094,-8870.1652776578,"x"
"3022",9492.94416737779,-7726.58751982307,"x"
"3023",9216.25964890512,-7242.80619546313,"x"
"3024",9774.12955345025,-8280.71738493497,"x"
"3025",9523.76307861316,-7738.47603746312,"x"
"3026",9870.22803965307,-8572.33623243803,"x"
"3027",9366.76484537024,-7429.3483382404,"x"
"3028",9780.20497072499,-8329.89643809665,"x"
"3029",10239.1424475222,-9592.02208219284,"x"
"3030",10162.9552632985,-9263.70861080128,"x"
"3031",9461.75832328936,-7440.86901182706,"x"
"3032",9904.82877238171,-8714.34959866215,"x"
"3033",8837.26222901892,-6042.94858763827,"x"
"3034",9498.36703319039,-7767.52702044864,"x"
"3035",9960.64621142753,-8801.18083789229,"x"
"3036",9492.30823129498,-7641.39603928599,"x"
"3037",9889.73038252283,-8624.28758253092,"x"
"3038",10316.2346068321,-9552.00991666645,"x"
"3039",9771.51417248581,-8350.69041542114,"x"
"3040",9507.52970651238,-7711.49107081072,"x"
"3041",9263.94505210766,-7177.22280662018,"x"
"3042",10074.3745710678,-8924.34245387864,"x"
"3043",9580.80889015181,-7835.11333738564,"x"
"3044",9786.98234875883,-8418.20408848317,"x"
"3045",9598.10230375184,-7991.61900091071,"x"
"3046",10264.4662608428,-9335.22871734036,"x"
"3047",9672.03768378897,-8104.62375091017,"x"
"3048",9245.97910794193,-7184.46852305525,"x"
"3049",9406.30302409628,-7629.84813921206,"x"
"3050",9925.37754836546,-8551.76442325868,"x"
"3051",9560.17408919823,-7812.71611585536,"x"
"3052",9550.73825610498,-8013.51626502331,"x"
"3053",9181.24122270492,-6956.01308763758,"x"
"3054",9534.93974365049,-7807.61246502763,"x"
"3055",10084.5096698112,-8922.12564367691,"x"
"3056",9275.60686759433,-7305.58166603362,"x"
"3057",9345.66822084744,-7290.4174170818,"x"
"3058",9680.64483945935,-8202.25345642783,"x"
"3059",10398.4830544574,-9600.8460206145,"x"
"3060",8995.45272419351,-6472.65552453989,"x"
"3061",9495.09950549527,-7706.92692100335,"x"
"3062",10275.8752553042,-9467.6170277005,"x"
"3063",10019.7479383914,-8751.58963103415,"x"
"3064",9794.67118016025,-8301.10199934322,"x"
"3065",9798.10544613713,-8391.69460848947,"x"
"3066",9559.3862325038,-7741.1507182022,"x"
"3067",9700.02314059545,-8218.24834202093,"x"
"3068",10073.1316464311,-8961.14482255579,"x"
"3069",9137.06631293769,-6785.12499804682,"x"
"3070",9111.92502870209,-6875.80907771435,"x"
"3071",10037.7243839947,-9025.41825574968,"x"
"3072",10179.7521429571,-9338.2970541396,"x"
"3073",9633.48766483352,-8126.14527904442,"x"
"3074",10200.2172880415,-9092.97754596409,"x"
"3075",9351.21084018613,-7358.57995738938,"x"
"3076",9727.02419533037,-8299.59668831694,"x"
"3077",9435.91302559862,-7505.34079401478,"x"
"3078",9424.58695292447,-7661.6447960313,"x"
"3079",9949.5184538131,-8698.11049766488,"x"
"3080",10229.7468852649,-9383.84764191733,"x"
"3081",9530.36477715178,-7802.8990670737,"x"
"3082",8894.82398775861,-6487.55667114248,"x"
"3083",10284.5385031504,-9637.42732202411,"x"
"3084",9480.87149555604,-7698.3498092438,"x"
"3085",10018.2826219805,-8831.7371135642,"x"
"3086",9120.34119450695,-6795.24163628854,"x"
"3087",9811.69939550626,-8405.36890901348,"x"
"3088",9874.13320547155,-8537.84847114571,"x"
"3089",10249.5836209127,-9350.21040004647,"x"
"3090",9210.20052168829,-7126.24366217405,"x"
"3091",10169.0838073522,-9348.60812586616,"x"
"3092",9760.14207443461,-8306.4210192799,"x"
"3093",10151.7416783454,-9368.85240407243,"x"
"3094",9626.77329662832,-7991.6643434672,"x"
"3095",9852.93161909871,-8437.74024700181,"x"
"3096",9819.41596009336,-8370.21890621739,"x"
"3097",10108.7181891929,-9151.18085123802,"x"
"3098",9872.03418396861,-8555.4598093815,"x"
"3099",9733.6048612605,-8099.43051508303,"x"
"3100",9998.66220184046,-8889.55603742523,"x"
"3101",9914.57840333109,-8618.3174517517,"x"
"3102",9854.21942579871,-8551.9453009083,"x"
"3103",9760.47321595872,-8341.53930867853,"x"
"3104",9468.96060202802,-7778.05208274847,"x"
"3105",9228.80887861993,-7017.82961996996,"x"
"3106",10250.9813750286,-9256.04709500221,"x"
"3107",9560.02439115633,-7822.14417693985,"x"
"3108",9999.01193704727,-8876.66417858936,"x"
"3109",9824.54671692022,-8291.37691693334,"x"
"3110",9660.24781605863,-8227.25505616739,"x"
"3111",9991.68363412341,-8870.3405223437,"x"
"3112",9788.31725130989,-8448.12788823916,"x"
"3113",9468.36058545604,-7719.75705866465,"x"
"3114",9470.32314471319,-7574.91558989202,"x"
"3115",9251.14981536509,-7152.11713942973,"x"
"3116",10030.2536406045,-8951.06872002916,"x"
"3117",10112.8600844545,-9143.60637932556,"x"
"3118",9984.59836512063,-8664.25973623749,"x"
"3119",9695.88967057633,-8115.27604977761,"x"
"3120",9334.35066103979,-7265.94957898144,"x"
"3121",9418.72563637621,-7505.80657452739,"x"
"3122",10136.7254654844,-9010.60208787809,"x"
"3123",10095.3719633576,-8922.47260202908,"x"
"3124",9588.47929961844,-7967.35700329096,"x"
"3125",9810.96894674335,-8336.68962287942,"x"
"3126",9792.83671058878,-8328.99207778848,"x"
"3127",10166.6855725034,-9180.28490553622,"x"
"3128",9858.77743384216,-8448.13718915581,"x"
"3129",9295.91498578796,-7272.56849594378,"x"
"3130",9507.68122045861,-7757.41947242562,"x"
"3131",9941.32918428961,-8651.20829785502,"x"
"3132",9381.2087875788,-7546.36796793696,"x"
"3133",10128.6198643137,-9115.92656421729,"x"
"3134",9260.41013852004,-7122.35679724432,"x"
"3135",10280.7467641186,-9496.56557557966,"x"
"3136",8968.15017969942,-6543.18113125156,"x"
"3137",9151.88221291346,-6838.67809682111,"x"
"3138",9876.28978506534,-8500.41174179716,"x"
"3139",10023.7913858433,-8917.37549018555,"x"
"3140",10232.4263046696,-9284.62291092791,"x"
"3141",9889.63435470588,-8432.05220158828,"x"
"3142",9883.99381430905,-8601.68854647542,"x"
"3143",9250.99982731648,-7038.19658079525,"x"
"3144",9333.03808014159,-7334.35922551954,"x"
"3145",9765.6384624879,-8308.46795219805,"x"
"3146",9886.72431087616,-8630.8103232626,"x"
"3147",10126.5197603029,-9089.20320671677,"x"
"3148",9958.46887324819,-8799.30279721322,"x"
"3149",10235.9397108237,-9373.54632490643,"x"
"3150",9630.74532736223,-7962.44443671828,"x"
"3151",9967.43000565862,-8837.60027579322,"x"
"3152",9480.89162612346,-7698.41026498387,"x"
"3153",10205.0829414318,-9569.17505209186,"x"
"3154",9435.64111982576,-7579.17145675598,"x"
"3155",10089.6313574759,-9202.00195918216,"x"
"3156",9917.90301533752,-8733.88327838567,"x"
"3157",10074.9763601308,-8923.48899122987,"x"
"3158",8964.73215750639,-6738.24972175018,"x"
"3159",9790.48232458305,-8268.18368727986,"x"
"3160",10047.3828366266,-9042.60746202813,"x"
"3161",9493.25350687009,-7713.60420701154,"x"
"3162",9348.49120470917,-7247.88902180718,"x"
"3163",10017.6419168483,-9046.95493881483,"x"
"3164",10229.6407763662,-9504.22731540603,"x"
"3165",10334.2169171054,-9616.10161112978,"x"
"3166",9922.64078543843,-8552.42327784289,"x"
"3167",9551.78962141363,-7872.53011501053,"x"
"3168",9263.23831344773,-7139.32934711517,"x"
"3169",8999.52996947164,-6538.62099124338,"x"
"3170",9781.90704987102,-8400.19756898322,"x"
"3171",9449.73035094995,-7458.44114088086,"x"
"3172",9692.47472777188,-8070.72028222134,"x"
"3173",10028.5447492072,-8871.33646350843,"x"
"3174",9732.13797698669,-8122.41813286113,"x"
"3175",9786.11623373671,-8423.75754088561,"x"
"3176",8886.6554162544,-6461.4672157001,"x"
"3177",10359.0694840209,-9560.659726969,"x"
"3178",10204.7811330177,-9294.83330149733,"x"
"3179",9767.14020501418,-8227.08444408286,"x"
"3180",9686.14433832533,-8022.66211154653,"x"
"3181",9899.86345338309,-8682.70700876132,"x"
"3182",9576.50861673152,-7898.4333833096,"x"
"3183",9249.95727120875,-6972.01020685295,"x"
"3184",10101.8655236379,-8970.68679718203,"x"
"3185",9256.76369009512,-7183.8716820856,"x"
"3186",10176.1412665594,-9266.33830261918,"x"
"3187",9696.83796560574,-8124.47108457428,"x"
"3188",9453.51702400252,-7613.71170025169,"x"
"3189",9609.67570409426,-7848.23228515965,"x"
"3190",8835.4634356067,-6176.05006851222,"x"
"3191",9491.78728514421,-7781.84440227164,"x"
"3192",9467.72920570535,-7716.19534681965,"x"
"3193",10425.5676509921,-9726.03640869899,"x"
"3194",10032.2390455594,-8971.67968448386,"x"
"3195",9912.90031393159,-8755.89324230748,"x"
"3196",10003.4025224159,-8830.87472377,"x"
"3197",8558.99643300604,-5635.22291528235,"x"
"3198",9664.59325882555,-7948.80519846912,"x"
"3199",10195.0248163658,-9322.09583020015,"x"
"3200",9708.13103477845,-8204.09583951157,"x"
"3201",9709.74260213188,-8162.79394710333,"x"
"3202",9712.77493995627,-8245.09882403646,"x"
"3203",9544.67030356464,-7756.5491502274,"x"
"3204",9321.16241440555,-7286.83349425392,"x"
"3205",9394.07846629962,-7540.42966053536,"x"
"3206",10064.616646165,-8904.54977663368,"x"
"3207",9314.0707861686,-7395.86439127956,"x"
"3208",9926.76578900274,-8712.26168596044,"x"
"3209",9474.91813966138,-7466.35445314102,"x"
"3210",9761.59152461391,-8317.66080937987,"x"
"3211",9382.11430859541,-7547.73335612169,"x"
"3212",9415.34761394748,-7513.83835091521,"x"
"3213",9654.42303298878,-8060.94636434837,"x"
"3214",9562.90054794151,-7763.4902683159,"x"
"3215",9418.92015837971,-7597.81196196832,"x"
"3216",10381.9110333589,-9855.43651871199,"x"
"3217",9713.89627577446,-7999.45665368036,"x"
"3218",10110.8453783769,-9102.72322684428,"x"
"3219",9461.09333591633,-7678.03163471597,"x"
"3220",9988.38243395469,-8785.89813283618,"x"
"3221",9745.49422763622,-8210.41149384135,"x"
"3222",9431.06527275121,-7686.30610406385,"x"
"3223",9927.97914242533,-8637.57939631442,"x"
"3224",9975.97520917243,-8730.95376497923,"x"
"3225",10220.0144224007,-9223.1404564391,"x"
"3226",9366.22529782571,-7364.86440589751,"x"
"3227",9800.25168424269,-8686.91725717668,"x"
"3228",9951.75275955716,-8488.81368058418,"x"
"3229",9489.1344286444,-7821.03764252564,"x"
"3230",9008.70177332653,-6403.7659370958,"x"
"3231",9633.25840399135,-7916.22411661032,"x"
"3232",10175.9485253052,-9190.72388320879,"x"
"3233",9576.61266564562,-7939.09413893294,"x"
"3234",9605.24876108213,-8001.74589368598,"x"
"3235",9903.61107899421,-8535.25249317908,"x"
"3236",9239.17466014383,-7208.13353082081,"x"
"3237",9872.31084347976,-8538.44330271306,"x"
"3238",9367.94828575137,-7432.53985336189,"x"
"3239",10107.4514545241,-8991.7468519069,"x"
"3240",9000.35623703501,-6586.82096558109,"x"
"3241",9841.72562078225,-8543.28419238924,"x"
"3242",10115.0179320463,-8982.25224534747,"x"
"3243",10176.2539127918,-9253.85373161389,"x"
"3244",9839.99562520808,-8402.56632003658,"x"
"3245",9552.69195454399,-7877.47360675132,"x"
"3246",9338.59023506727,-7470.33532062815,"x"
"3247",9587.3814878277,-8004.41561725082,"x"
"3248",9670.56372229686,-8081.0924796574,"x"
"3249",9002.63034200624,-6667.53343402501,"x"
"3250",9968.78521023355,-8573.55036603586,"x"
"3251",9617.34743149547,-7969.46902832097,"x"
"3252",10019.0133142388,-8876.28401457245,"x"
"3253",9952.88585934622,-8666.70810925478,"x"
"3254",9833.02358667126,-8442.86441313797,"x"
"3255",9762.44719076775,-8343.7443101526,"x"
"3256",9661.48062869542,-8076.80358600632,"x"
"3257",10447.2932896292,-9579.33220887631,"x"
"3258",9050.56355036177,-6730.66145782431,"x"
"3259",9803.73233948351,-8476.00340670725,"x"
"3260",9998.17767081732,-8829.60902924011,"x"
"3261",10336.4927427239,-9728.06019422245,"x"
"3262",9552.17065420261,-7763.55456711631,"x"
"3263",9619.42510326775,-8042.02280667569,"x"
"3264",9573.50086115539,-8041.62799782149,"x"
"3265",9542.45956257002,-7772.50698247516,"x"
"3266",10108.9754645297,-9045.33503809344,"x"
"3267",9636.58711674115,-8016.47054545878,"x"
"3268",9844.05919086305,-8488.11571130963,"x"
"3269",9750.48204013889,-8298.20017938113,"x"
"3270",10032.1787393043,-8818.41539858733,"x"
"3271",9837.95078703035,-8513.02308207351,"x"
"3272",10256.358429548,-9500.24970996452,"x"
"3273",9853.2083903321,-8420.08946670589,"x"
"3274",9991.35163959811,-8662.90976561142,"x"
"3275",9996.27421889777,-8829.46914631603,"x"
"3276",9583.02587228308,-7846.89566059292,"x"
"3277",10058.0571877472,-8943.69985053256,"x"
"3278",9486.84984209314,-7626.9438629145,"x"
"3279",9314.51445039531,-7317.46967250771,"x"
"3280",10158.4697050089,-9248.62454375204,"x"
"3281",9705.51067911097,-8205.37195579241,"x"
"3282",10154.5894514815,-9101.30764619518,"x"
"3283",10064.506544955,-9016.21235448683,"x"
"3284",9798.35204638053,-8426.00643250722,"x"
"3285",9968.37719553076,-8785.1241852833,"x"
"3286",10242.3556320924,-9425.85837351318,"x"
"3287",9621.30165378911,-7979.55974746704,"x"
"3288",10211.5635451554,-9197.1664233083,"x"
"3289",10136.4910534902,-9063.87220799496,"x"
"3290",10111.4843012564,-8960.32208073098,"x"
"3291",9035.20864246471,-6730.14345526193,"x"
"3292",10021.1263930411,-8890.66695497148,"x"
"3293",9155.62339455112,-6892.04729927668,"x"
"3294",9876.48734514993,-8707.57833933909,"x"
"3295",9397.76825341319,-7519.40896265837,"x"
"3296",8809.48414013733,-6232.76548460043,"x"
"3297",9955.45752926246,-8832.12300584073,"x"
"3298",9418.77481920542,-7455.33782338178,"x"
"3299",9664.31773759001,-8064.89957237229,"x"
"3300",10071.0343771913,-9008.5322347805,"x"
"3301",9839.31203744942,-8454.5888469094,"x"
"3302",10290.347555583,-9586.62397409062,"x"
"3303",9284.77795711169,-7286.74703794104,"x"
"3304",9956.56983602989,-8640.1047741778,"x"
"3305",9546.65613469734,-7927.91952017537,"x"
"3306",10205.4811411991,-9206.18033457423,"x"
"3307",8942.65695730792,-6303.95582638327,"x"
"3308",10241.7255331602,-9437.98053997278,"x"
"3309",10068.0229542673,-9125.2192654595,"x"
"3310",9638.97063243795,-7955.0178044967,"x"
"3311",10012.7245697937,-8929.48297810751,"x"
"3312",9573.51828350122,-7913.31751415332,"x"
"3313",10019.7034871883,-8943.90336554181,"x"
"3314",10180.3661466197,-9311.34309046666,"x"
"3315",10069.2512555069,-9099.36951945607,"x"
"3316",9338.13146228898,-7425.38558348247,"x"
"3317",10075.7841912915,-8780.06433433636,"x"
"3318",9631.62727379511,-7952.08628883248,"x"
"3319",10027.0041657851,-8975.90257865074,"x"
"3320",9662.46986891489,-7974.29776928744,"x"
"3321",10183.6667212677,-9261.84628424075,"x"
"3322",9541.37864687174,-7742.047443886,"x"
"3323",9043.20364543028,-6676.24871305104,"x"
"3324",9842.40631623776,-8440.45718693186,"x"
"3325",9892.99308115604,-8602.68041177888,"x"
"3326",10113.6911062447,-8952.7690705822,"x"
"3327",10003.1099157646,-9048.39517470202,"x"
"3328",10264.3303941308,-9354.09745545718,"x"
"3329",9464.54283022632,-7654.74579756147,"x"
"3330",10260.9874407719,-9275.45535033736,"x"
"3331",9445.37078456248,-7502.78180945391,"x"
"3332",9963.48838105535,-8751.79086074724,"x"
"3333",9407.91611119764,-7530.30477549246,"x"
"3334",10016.9691803258,-8952.85501708975,"x"
"3335",10292.1047569849,-9473.76071486025,"x"
"3336",9388.19687524021,-7473.17863909302,"x"
"3337",9581.15718580478,-8072.281654373,"x"
"3338",9584.66908746267,-7872.04130082163,"x"
"3339",9906.46179512444,-8492.12520493783,"x"
"3340",9502.85405076816,-7867.36067733459,"x"
"3341",9599.38700347637,-7987.18945211258,"x"
"3342",9754.85599154827,-8263.43713621562,"x"
"3343",9565.07132195248,-7824.45869562727,"x"
"3344",9558.03084660946,-7889.86206879567,"x"
"3345",9596.16425653286,-7963.5067596478,"x"
"3346",9548.53191555165,-7802.4201655912,"x"
"3347",9548.577176589,-7805.15431991106,"x"
"3348",10156.7360114485,-9207.35172165618,"x"
"3349",9685.25177631588,-8000.45009772927,"x"
"3350",9947.25997635815,-8553.51205205186,"x"
"3351",9808.76636522054,-8576.80886078586,"x"
"3352",8752.71555450314,-6017.82189039292,"x"
"3353",9695.9731218258,-8180.71191650417,"x"
"3354",10155.4906846982,-9054.31131414375,"x"
"3355",9755.72372074669,-8121.71147063714,"x"
"3356",9309.12096701862,-7286.05707978496,"x"
"3357",10020.4594220488,-8872.84872894169,"x"
"3358",8792.20452205798,-6018.71347896748,"x"
"3359",9757.85402169169,-8361.02925759864,"x"
"3360",9748.48229474341,-8412.16800024414,"x"
"3361",9600.33644292983,-7939.21294453277,"x"
"3362",9695.57883448637,-8238.01690375938,"x"
"3363",9960.52122093727,-8821.14600038282,"x"
"3364",9888.17789058867,-8532.91403648682,"x"
"3365",8753.87573178152,-6006.69952603181,"x"
"3366",10073.4688204489,-9084.93093101394,"x"
"3367",9609.55307413718,-7936.40651985219,"x"
"3368",9423.26598793327,-7560.43637512447,"x"
"3369",9960.13487351685,-8746.1276340961,"x"
"3370",9431.43336153903,-7369.24909118366,"x"
"3371",8917.78249661945,-6303.85039993218,"x"
"3372",9365.43520249022,-7316.34846936969,"x"
"3373",9792.11736168641,-8476.20111806787,"x"
"3374",10000.0749710314,-9168.24573611794,"x"
"3375",9993.05398382387,-8811.32573860144,"x"
"3376",9948.18809040545,-8691.2769024763,"x"
"3377",10455.2626003501,-9695.46392048988,"x"
"3378",9836.40433572397,-8522.38781782366,"x"
"3379",9351.5522602606,-7628.29336777416,"x"
"3380",10096.6090151081,-8995.83076203587,"x"
"3381",9263.39673289957,-7185.42960378576,"x"
"3382",9408.17130366314,-7500.36490213203,"x"
"3383",10104.6066856518,-9043.02907460415,"x"
"3384",9624.25443427447,-8054.37240258633,"x"
"3385",9600.56984646561,-7979.37816611452,"x"
"3386",9628.88996442486,-8046.0236033299,"x"
"3387",10143.2736706991,-9133.53431953926,"x"
"3388",9678.04425827327,-8031.41122350584,"x"
"3389",9697.40839394334,-8204.61607961883,"x"
"3390",9762.47935174417,-8259.2381080307,"x"
"3391",9535.63133591727,-7837.50933265675,"x"
"3392",9517.32470509589,-7872.88322547663,"x"
"3393",9771.80220049875,-8425.08245213582,"x"
"3394",9588.71795973427,-7725.59895984691,"x"
"3395",9703.87354250109,-8282.73899984824,"x"
"3396",8914.5878797556,-6432.66793500291,"x"
"3397",10246.7197483188,-9337.09858514826,"x"
"3398",9386.07133763762,-7508.66298888654,"x"
"3399",10071.8737424481,-8938.80964104368,"x"
"3400",10063.861618473,-9068.65400030699,"x"
"3401",9458.87266217845,-7594.83460741035,"x"
"3402",10193.4995215089,-9175.24043613131,"x"
"3403",10005.7791565595,-8779.39379461568,"x"
"3404",10330.4620530552,-9652.72954401976,"x"
"3405",9696.34003976879,-8095.9711372645,"x"
"3406",10227.2912789834,-9220.91737018686,"x"
"3407",9216.8226915849,-7148.77751568594,"x"
"3408",9153.21218911084,-6972.54408698549,"x"
"3409",9586.02344306439,-7933.55025035456,"x"
"3410",9463.88532973998,-7705.89701279618,"x"
"3411",9858.98284671572,-8529.59063388497,"x"
"3412",9247.06417360048,-7210.13841968336,"x"
"3413",9997.3912845974,-8829.54835346929,"x"
"3414",10311.7962595718,-9394.53126894617,"x"
"3415",8820.32428894168,-6115.61201603787,"x"
"3416",9465.27054665424,-7734.77138672059,"x"
"3417",10360.5812639217,-9590.56265157592,"x"
"3418",9474.65127918817,-7690.12994727043,"x"
"3419",10043.7964773958,-9055.55916834323,"x"
"3420",9881.55709731582,-8433.869733131,"x"
"3421",9693.1928022872,-8238.05928507791,"x"
"3422",10185.1448677303,-9384.36329112732,"x"
"3423",10161.8850411726,-9309.91547064415,"x"
"3424",9500.21975826092,-7587.9527253362,"x"
"3425",9738.58147577516,-8213.23451575728,"x"
"3426",9774.8517766606,-8238.8829815439,"x"
"3427",9426.66902033345,-7499.0378088451,"x"
"3428",9676.68891944974,-8197.81740815709,"x"
"3429",10389.2863086882,-9631.94631613815,"x"
"3430",9884.85681929121,-8714.76055580562,"x"
"3431",9680.38329005069,-8178.4506820827,"x"
"3432",9533.08891613103,-7677.94200767149,"x"
"3433",9902.08306969756,-8418.21081791989,"x"
"3434",10090.9585219808,-9118.03825539842,"x"
"3435",9428.59709882089,-7447.96082116081,"x"
"3436",10164.3241177606,-9123.80880651873,"x"
"3437",8877.00364174109,-6183.83313510449,"x"
"3438",9589.08112406311,-7925.43258383848,"x"
"3439",9659.56156907709,-8074.41456059544,"x"
"3440",9814.08757801834,-8359.95547849595,"x"
"3441",9610.9956081671,-7819.42069495663,"x"
"3442",9384.62951327767,-7617.85508761079,"x"
"3443",9963.1250878052,-8711.03012334493,"x"
"3444",9928.33003393796,-8986.96389780142,"x"
"3445",9609.30146539375,-7895.11591934206,"x"
"3446",9771.53724891133,-8152.20678399049,"x"
"3447",10104.6284319099,-8931.22144291861,"x"
"3448",10144.5075089159,-9081.85686492624,"x"
"3449",9748.06249082101,-8226.5767608757,"x"
"3450",9601.4612297034,-7911.40913597617,"x"
"3451",9537.17378387765,-7686.35900106045,"x"
"3452",9378.43774165272,-7469.90837683731,"x"
"3453",9070.27651243273,-6604.78298936939,"x"
"3454",10012.2527807506,-8985.2545606085,"x"
"3455",9739.83058480766,-8228.65524875369,"x"
"3456",10143.517382091,-9332.90200030774,"x"
"3457",10029.4365794135,-8819.66372134245,"x"
"3458",9340.22077280002,-7249.49701744053,"x"
"3459",9915.72322599518,-8666.33710127033,"x"
"3460",9580.06940907006,-8003.70630406813,"x"
"3461",10025.1755345318,-9004.28606285999,"x"
"3462",10008.3356754158,-8840.18889803484,"x"
"3463",9942.87267442351,-8579.06645092935,"x"
"3464",9490.20574551314,-7653.67425051393,"x"
"3465",9351.96514443415,-7441.71686218799,"x"
"3466",10127.3021090718,-8956.10718894472,"x"
"3467",9736.50508486435,-8384.30843444549,"x"
"3468",9738.81714803619,-8236.14157623923,"x"
"3469",10068.3248062257,-9064.26194995107,"x"
"3470",9992.82015778275,-8837.61614073786,"x"
"3471",10279.1335352496,-9530.18509974845,"x"
"3472",9376.09951265765,-7431.94303487185,"x"
"3473",9484.14642556569,-7821.9716735611,"x"
"3474",8794.5740353823,-6067.78363237293,"x"
"3475",9922.03245583007,-8570.24786493948,"x"
"3476",9980.84071425656,-8739.84486120401,"x"
"3477",9491.93316758665,-7717.79168869607,"x"
"3478",9915.51347508926,-8722.61846905425,"x"
"3479",10014.3467520564,-8852.40304101829,"x"
"3480",9783.72707357041,-8335.94582151413,"x"
"3481",9846.56009219652,-8597.26717699174,"x"
"3482",9660.00582084468,-8299.04182941885,"x"
"3483",10131.1359333638,-9324.10461588708,"x"
"3484",9341.71483756072,-7347.12332702883,"x"
"3485",9936.84980239815,-8612.95526053313,"x"
"3486",9513.36874019473,-7742.41846337489,"x"
"3487",9901.27836157426,-8876.70238737002,"x"
"3488",9510.35738306782,-7637.99975809368,"x"
"3489",9939.75920103574,-8773.91838026149,"x"
"3490",9689.51887300893,-8061.12772389862,"x"
"3491",10467.9394911365,-9650.59730084178,"x"
"3492",9445.03517141609,-7767.14889999819,"x"
"3493",9725.15613318085,-8100.54525907178,"x"
"3494",10067.5421167649,-9064.61860493258,"x"
"3495",10211.3368357545,-9273.45100294363,"x"
"3496",9584.32339093112,-7900.75775022306,"x"
"3497",10253.5461973996,-9458.85699744396,"x"
"3498",9909.72593130403,-8536.52725226904,"x"
"3499",9687.61127762449,-8180.62276617617,"x"
"3500",9227.59384585001,-7088.62953181828,"x"
"3501",9387.55180708345,-7439.37748816078,"x"
"3502",9960.04175227466,-8789.62001860624,"x"
"3503",9799.51230074844,-8468.16929427836,"x"
"3504",9605.74440611416,-7964.39823606675,"x"
"3505",9823.7467703406,-8533.26982197801,"x"
"3506",9663.23601878508,-7970.85076511817,"x"
"3507",10085.8764953553,-8939.57511735211,"x"
"3508",10203.3551702488,-9080.25760254466,"x"
"3509",9730.17575885581,-8339.9397231926,"x"
"3510",9975.4557121391,-8738.09257830054,"x"
"3511",10152.8525254959,-9154.80010325047,"x"
"3512",9670.22345221622,-8134.08773874567,"x"
"3513",10292.2643183388,-9610.06204208351,"x"
"3514",9809.56014799515,-8350.75027049059,"x"
"3515",9861.70563018999,-8468.48340355722,"x"
"3516",9961.04598848011,-8602.76772499272,"x"
"3517",9924.43033476196,-8672.93120801006,"x"
"3518",9959.76865866831,-8653.53826947626,"x"
"3519",9516.23543305645,-7649.2841969018,"x"
"3520",9845.85956310681,-8400.10828790554,"x"
"3521",10129.4122784099,-9024.88340190645,"x"
"3522",9655.05290485015,-8127.09203147155,"x"
"3523",9344.43308037288,-7378.73058742736,"x"
"3524",9755.65447663538,-8240.20899408502,"x"
"3525",9971.46837856992,-8804.67073547859,"x"
"3526",9712.44367634579,-8159.77457515246,"x"
"3527",10361.6232041973,-9691.22858565587,"x"
"3528",9712.06625735265,-8204.55553404036,"x"
"3529",9604.44044138937,-7938.40274353737,"x"
"3530",9933.40692364933,-8727.01982650736,"x"
"3531",9870.39826164561,-8520.09545826605,"x"
"3532",10011.5593335037,-8951.88277836651,"x"
"3533",9401.47871814218,-7372.04549803614,"x"
"3534",9901.08151694931,-8587.18620027299,"x"
"3535",9820.15205473333,-8383.66464521565,"x"
"3536",9732.69539524501,-8181.47216843928,"x"
"3537",10088.010593947,-9029.93832091334,"x"
"3538",10103.7746674861,-9087.91392787532,"x"
"3539",9449.13173647707,-7716.04600307187,"x"
"3540",9589.68264974841,-7898.02516151893,"x"
"3541",9925.75335434891,-8753.29190566967,"x"
"3542",10016.1192079653,-8585.90823832427,"x"
"3543",10119.7499081259,-9085.21042987054,"x"
"3544",9996.72171850169,-8818.4820188041,"x"
"3545",9195.61176810037,-7005.15035188763,"x"
"3546",9308.64088868607,-7247.89924864345,"x"
"3547",9866.03695546467,-8484.42304889449,"x"
"3548",9677.56656918958,-8152.22553080347,"x"
"3549",10154.8004129298,-9094.95494249351,"x"
"3550",9276.12749687361,-7298.42172558387,"x"
"3551",9661.7806481324,-8045.05587607727,"x"
"3552",9935.7992241317,-8534.14075466697,"x"
"3553",10010.3077681727,-9040.64442236634,"x"
"3554",10077.2361365116,-8977.72000315049,"x"
"3555",9514.36281125321,-7772.3101307785,"x"
"3556",9333.58892270859,-7360.55920056193,"x"
"3557",9309.12167594079,-7245.96991417217,"x"
"3558",9578.98421136561,-7919.16904998759,"x"
"3559",10003.6954102441,-8906.23684866135,"x"
"3560",9877.57777700536,-8719.57244055882,"x"
"3561",9535.51771868208,-7702.29942490768,"x"
"3562",9246.07442843882,-7083.47914021155,"x"
"3563",9614.3843528514,-7881.76569847022,"x"
"3564",9984.38774269927,-8699.28539088201,"x"
"3565",9854.38201739618,-8639.29951829671,"x"
"3566",9669.82183795231,-8146.87323865597,"x"
"3567",10033.5458844681,-9011.89406221964,"x"
"3568",10229.6945587215,-9341.9778433807,"x"
"3569",9969.71679024657,-8758.93859592157,"x"
"3570",9505.7286101731,-7765.09118184072,"x"
"3571",9611.95471926843,-7953.1958410617,"x"
"3572",9035.23828908461,-6777.98671530567,"x"
"3573",9604.0856750432,-7763.35689777761,"x"
"3574",10034.3909840332,-8845.95292410473,"x"
"3575",10199.7681821149,-9271.96621120492,"x"
"3576",10154.2549338062,-9312.26926958489,"x"
"3577",10220.173897965,-9389.64094079887,"x"
"3578",10177.8012057437,-9071.50346093284,"x"
"3579",9836.60521756708,-8710.2956226668,"x"
"3580",9201.21694039255,-7066.01140988123,"x"
"3581",10227.0755526084,-9398.85233888261,"x"
"3582",9778.57196142631,-8271.93649791756,"x"
"3583",9946.49880976276,-8663.97832256888,"x"
"3584",10128.8833064168,-9095.07524538082,"x"
"3585",9431.31894471045,-7617.94227759578,"x"
"3586",9727.21647076268,-8189.26178068411,"x"
"3587",9127.86589611775,-7117.16883862873,"x"
"3588",9408.03904928137,-7503.80264115545,"x"
"3589",9823.78214673633,-8372.85598939325,"x"
"3590",9797.34371252091,-8201.60691268062,"x"
"3591",9317.5104535608,-7350.45155355782,"x"
"3592",9647.40425409529,-8194.13523301059,"x"
"3593",9403.59312731564,-7445.52081425687,"x"
"3594",9568.48538107611,-7846.57295944501,"x"
"3595",9255.32560292829,-7149.24988071361,"x"
"3596",9783.04100051283,-8443.06642073005,"x"
"3597",9821.74882918967,-8459.41297146596,"x"
"3598",9351.34949660191,-7272.61480956324,"x"
"3599",9227.05405381349,-7076.785699138,"x"
"3600",9656.1731679645,-8035.37596130418,"x"
"3601",10031.3106040988,-8854.94877534883,"x"
"3602",9578.08393821043,-7824.81975716141,"x"
"3603",9493.44879926734,-7803.16796497572,"x"
"3604",9622.74013465914,-7955.02581711151,"x"
"3605",8907.3824485037,-6245.71371349181,"x"
"3606",9500.95419076908,-7725.54132018803,"x"
"3607",9326.22575739891,-7508.99441546487,"x"
"3608",9936.27297386357,-8655.51284036511,"x"
"3609",9815.25191068104,-8469.93235203838,"x"
"3610",9639.93720877271,-8215.21790567886,"x"
"3611",9769.57437114342,-8417.71870698785,"x"
"3612",9334.40297679974,-7287.06109146075,"x"
"3613",10051.4360007773,-8998.93302051953,"x"
"3614",9208.72678061925,-7191.61943175089,"x"
"3615",9880.16352247616,-8757.5676739039,"x"
"3616",9895.54064399878,-8559.75400770778,"x"
"3617",9688.98425561388,-8074.89265299753,"x"
"3618",9909.78754646973,-8798.29329964895,"x"
"3619",10125.3512311859,-9079.17401519059,"x"
"3620",10138.2032594674,-9149.16553733465,"x"
"3621",10415.7394516961,-9638.81152303457,"x"
"3622",9498.02459631206,-7708.83458278489,"x"
"3623",9419.70765237193,-7596.01864026408,"x"
"3624",9718.63369689045,-8190.37394800913,"x"
"3625",9951.41144221338,-8625.99995911057,"x"
"3626",10052.7772369911,-8948.04805901356,"x"
"3627",9833.2253894979,-8375.5812551124,"x"
"3628",10120.5713596608,-9048.97285918394,"x"
"3629",9922.72286157095,-8660.89994062535,"x"
"3630",9997.97702070788,-8940.62117883641,"x"
"3631",9898.22798527302,-8759.79990037987,"x"
"3632",10113.2939131547,-9263.22883228312,"x"
"3633",9613.08968037472,-7819.0178854941,"x"
"3634",10034.2975215256,-8851.90517124202,"x"
"3635",10007.0973824104,-8768.84481827759,"x"
"3636",10101.9880090341,-9198.32737022797,"x"
"3637",9897.48340796893,-8467.07121946812,"x"
"3638",9753.45823189039,-8231.49427949351,"x"
"3639",9817.83907888509,-8414.00580248602,"x"
"3640",9503.82005352602,-7735.28055062486,"x"
"3641",9465.56674138116,-7703.80813221938,"x"
"3642",9259.8670065813,-7223.37612885417,"x"
"3643",10108.6380575287,-9155.21610577123,"x"
"3644",10202.0336626728,-9177.36859345437,"x"
"3645",9990.07470649055,-8948.14067539743,"x"
"3646",9983.77021513897,-8692.35918116175,"x"
"3647",9397.81317983581,-7355.35510603343,"x"
"3648",9877.09990897437,-8465.11119230774,"x"
"3649",9463.85702193781,-7513.11888428985,"x"
"3650",10364.6625168308,-9817.24990448664,"x"
"3651",9228.24672643607,-7172.7845546839,"x"
"3652",9828.56260322019,-8359.86228466653,"x"
"3653",10055.4653050843,-9103.4564610606,"x"
"3654",9451.38271355075,-7648.96531520527,"x"
"3655",9914.07853508473,-8757.87048358372,"x"
"3656",10007.7251417401,-8953.33980647138,"x"
"3657",9878.10279795421,-8548.32348728774,"x"
"3658",10112.5102376644,-9118.36140367236,"x"
"3659",9805.88437163076,-8365.80911127508,"x"
"3660",9324.66046380193,-7290.77115658819,"x"
"3661",9362.31848300856,-7374.86157030955,"x"
"3662",8746.34700687491,-6066.18402713913,"x"
"3663",9894.98573207107,-8651.41814808974,"x"
"3664",10267.1431462545,-9351.65965784843,"x"
"3665",9946.3568278678,-8753.69479291667,"x"
"3666",9266.48152886759,-7290.64042439386,"x"
"3667",9120.69415132822,-6912.46391456801,"x"
"3668",8961.82200986472,-6364.22030451996,"x"
"3669",10105.2946465493,-9182.65719710912,"x"
"3670",10181.8563052111,-9151.23658324155,"x"
"3671",9876.3414779215,-8650.85559787503,"x"
"3672",10341.8854343792,-9897.76762144643,"x"
"3673",9439.26148324125,-7596.76465054917,"x"
"3674",9610.42541057189,-7840.58036295138,"x"
"3675",8942.21668249347,-6430.60929370365,"x"
"3676",9650.05236894079,-8076.77876209464,"x"
"3677",9386.06998268378,-7381.69560226124,"x"
"3678",9314.74134485791,-7272.35803513703,"x"
"3679",10250.8650468283,-9313.64188290623,"x"
"3680",9999.56956503969,-8761.16564188014,"x"
"3681",9774.70751376638,-8442.35284299445,"x"
"3682",9733.66494365346,-8244.8745985996,"x"
"3683",9797.36427406376,-8409.00425600589,"x"
"3684",9645.75979969429,-8010.95957339144,"x"
"3685",9413.52365218302,-7492.91057117396,"x"
"3686",9948.12461870006,-8710.26106239934,"x"
"3687",10090.5870921352,-9022.30383771576,"x"
"3688",9726.67829935345,-8080.07977350882,"x"
"3689",10010.959521027,-8854.83949924394,"x"
"3690",9998.32284104575,-8902.37761919217,"x"
"3691",9996.87253847903,-8790.71842936483,"x"
"3692",9715.95483455727,-8149.56676640364,"x"
"3693",9677.88384634,-8090.79634812895,"x"
"3694",9556.65735209586,-7850.55316901227,"x"
"3695",9598.13816828899,-7916.26397484679,"x"
"3696",9924.87987651046,-8642.22718065907,"x"
"3697",9671.35508151469,-8057.59435316857,"x"
"3698",9073.36144779802,-6780.70950748824,"x"
"3699",10033.5214894793,-8937.07170802205,"x"
"3700",9849.36945682737,-8420.90747746113,"x"
"3701",9453.92029199602,-7535.03430097097,"x"
"3702",9646.98711748779,-8064.17053831034,"x"
"3703",9689.47124181471,-8029.87982515618,"x"
"3704",9372.765071181,-7252.31149008659,"x"
"3705",9702.87018641912,-8435.12569820662,"x"
"3706",9578.20579723996,-7924.52661177078,"x"
"3707",9800.78227517911,-8337.00945842428,"x"
"3708",9897.0027742689,-8783.90212829726,"x"
"3709",10143.2684835501,-9025.78229383628,"x"
"3710",9995.13395159302,-8921.74939191415,"x"
"3711",9996.4721083731,-8838.40041160495,"x"
"3712",9907.85923480755,-8389.37226935585,"x"
"3713",9249.43933337289,-7138.77640365959,"x"
"3714",9962.84265313851,-8788.86819965895,"x"
"3715",9789.92447073928,-8489.59344081994,"x"
"3716",9871.76030037165,-8429.33852115311,"x"
"3717",9787.07125023877,-8278.7578083735,"x"
"3718",10061.3049926368,-9035.48615041821,"x"
"3719",10425.7170166904,-9842.54866634225,"x"
"3720",9498.94009462632,-7611.88330978138,"x"
"3721",9704.79593979967,-8102.3198963015,"x"
"3722",9408.14622465669,-7544.77053128409,"x"
"3723",10194.5318983004,-9663.38732450952,"x"
"3724",9388.44633818627,-7604.22244982239,"x"
"3725",9383.20979244162,-7476.73067781952,"x"
"3726",9770.7462328407,-8342.59918464735,"x"
"3727",9437.66031371627,-7610.92899460199,"x"
"3728",9603.33821236089,-8076.08619006484,"x"
"3729",9773.27036780595,-8274.515345891,"x"
"3730",9846.06448556872,-8465.49423951491,"x"
"3731",9524.465730019,-7729.52219109681,"x"
"3732",9876.7421131623,-8538.32779176922,"x"
"3733",10008.9301859817,-8777.45397053854,"x"
"3734",10237.2245348466,-9590.95258817615,"x"
"3735",9374.18435269157,-7361.71094263258,"x"
"3736",9563.29593941599,-7827.98593613696,"x"
"3737",9731.71729901972,-8294.77722089085,"x"
"3738",9588.73513675982,-8011.23888781655,"x"
"3739",9333.44536311858,-7415.42762962565,"x"
"3740",9353.41617815631,-7413.58343596693,"x"
"3741",9639.22903786231,-8023.49814601009,"x"
"3742",9073.01961920355,-6591.39636288272,"x"
"3743",10184.329395658,-9239.9442004507,"x"
"3744",10171.0040506605,-9350.90954357527,"x"
"3745",9336.05037431876,-7206.50696617433,"x"
"3746",10127.6847627334,-9072.44170166816,"x"
"3747",9843.78629110172,-8507.76271385299,"x"
"3748",10141.0661001459,-9212.16895975549,"x"
"3749",10075.6363699041,-9114.59238476454,"x"
"3750",8890.06883300502,-6264.80465716693,"x"
"3751",9685.11327397544,-8061.83990651581,"x"
"3752",9598.97224241479,-7957.28786659967,"x"
"3753",9981.87258425943,-8880.41738977986,"x"
"3754",9418.44119974316,-7599.7284844805,"x"
"3755",9793.59325233458,-8491.03844663818,"x"
"3756",10037.4558354693,-8742.64964725292,"x"
"3757",9532.28995023329,-7873.63832709325,"x"
"3758",9606.00885815912,-7865.39390412139,"x"
"3759",9639.0028976203,-8085.30007145693,"x"
"3760",9772.71974711003,-8369.00905929895,"x"
"3761",9369.40170825898,-7475.94197298404,"x"
"3762",9640.52536429952,-8061.68763189794,"x"
"3763",9535.53398057654,-7865.55464469335,"x"
"3764",9955.37652652733,-8665.89504736158,"x"
"3765",9710.75870734722,-8238.23800422539,"x"
"3766",9872.05773660431,-8665.69302852649,"x"
"3767",10011.3228973873,-8876.92248740737,"x"
"3768",10180.4624109717,-9706.44474678331,"x"
"3769",9881.77011177385,-8619.02742326305,"x"
"3770",9410.0698713993,-7535.88125898904,"x"
"3771",9664.26739107326,-8016.98971319836,"x"
"3772",9705.88934320478,-8161.26147370514,"x"
"3773",9019.0045786456,-6542.62367973329,"x"
"3774",9601.12177447441,-8046.93472204717,"x"
"3775",10199.6776490474,-9308.93622649497,"x"
"3776",9307.28285710721,-7421.00706949692,"x"
"3777",9998.55286697738,-8874.466062802,"x"
"3778",9837.39399227608,-8384.63362353701,"x"
"3779",9238.2015500447,-7232.01086120111,"x"
"3780",10111.9318577887,-8975.64589114174,"x"
"3781",9424.66551016938,-7658.75414681583,"x"
"3782",10167.1943285526,-9277.22379039798,"x"
"3783",9557.7997103185,-7759.26655113067,"x"
"3784",10202.7943722922,-9208.71806027183,"x"
"3785",9363.80969024487,-7381.46422521389,"x"
"3786",9883.11632799013,-8539.80719508257,"x"
"3787",10062.1863175352,-9031.63526888976,"x"
"3788",9783.80271096929,-8444.58718276137,"x"
"3789",9018.39885626859,-6725.62917945496,"x"
"3790",9646.90563269826,-8133.59246798013,"x"
"3791",9722.72694846742,-8088.42374592743,"x"
"3792",9873.52666976519,-8628.66990561915,"x"
"3793",9856.33345007811,-8475.66589651503,"x"
"3794",9307.50296169001,-7205.86793067366,"x"
"3795",9453.11180445296,-7660.12545989784,"x"
"3796",9843.33882237187,-8563.69538254763,"x"
"3797",9917.14836008723,-8646.54415982633,"x"
"3798",10356.1542698044,-9890.13096292945,"x"
"3799",9907.96193140725,-8726.98896287056,"x"
"3800",10045.222323363,-8939.69491043511,"x"
"3801",9160.13533926217,-6923.6954321172,"x"
"3802",9460.7020549558,-7518.24230395495,"x"
"3803",9852.81556014274,-8263.66589470659,"x"
"3804",9144.12379720236,-6970.88568531607,"x"
"3805",9719.8757881963,-8253.39340814826,"x"
"3806",9956.07627901612,-8803.55697300774,"x"
"3807",9395.96284519159,-7418.96179986682,"x"
"3808",9774.74666665362,-8417.01828591092,"x"
"3809",9925.19329253332,-8675.84105604747,"x"
"3810",8864.7384565903,-6209.5077728687,"x"
"3811",9814.59243124765,-8399.78851747488,"x"
"3812",9695.94454122715,-8047.02047064223,"x"
"3813",9726.07102028027,-8186.93606084407,"x"
"3814",9712.86340381965,-8186.75105456548,"x"
"3815",9856.10879466082,-8530.06847785424,"x"
"3816",10227.2696635244,-9373.05931831264,"x"
"3817",9111.80463487506,-6864.99570205743,"x"
"3818",9696.11147818179,-8223.65778925639,"x"
"3819",9554.33253029635,-7880.32653281786,"x"
"3820",9531.81140316129,-7903.87773991601,"x"
"3821",9897.73662762204,-8521.75306460419,"x"
"3822",9754.6630915514,-8186.31358157377,"x"
"3823",9084.98851339998,-6872.03942957772,"x"
"3824",9732.14414861585,-8264.22993805971,"x"
"3825",9261.92116242799,-7228.5531685161,"x"
"3826",9877.85324726645,-8507.22467205894,"x"
"3827",9703.10922859126,-8147.44002444729,"x"
"3828",10022.1430028913,-8857.64303725716,"x"
"3829",10358.1676189421,-9479.56989178415,"x"
"3830",9824.57765229447,-8275.79304464988,"x"
"3831",9466.0666878237,-7600.98876891051,"x"
"3832",8989.36351690117,-6325.59875219118,"x"
"3833",9882.66780657706,-8620.88035784401,"x"
"3834",9337.1998169887,-7268.84478377761,"x"
"3835",10035.7395678558,-8944.04440564618,"x"
"3836",9036.56039890765,-6583.56099962782,"x"
"3837",10195.8240695243,-9138.53983636002,"x"
"3838",9630.09952718933,-8008.89474256038,"x"
"3839",9953.93141313458,-8757.51992096099,"x"
"3840",9703.62442950194,-8149.71905393736,"x"
"3841",10090.3827004804,-9009.20737492292,"x"
"3842",10034.0218007333,-8971.73819765309,"x"
"3843",9709.93791331102,-8141.43839644993,"x"
"3844",9251.01003330308,-7208.12880333574,"x"
"3845",9618.68870535055,-7914.13095262954,"x"
"3846",10044.2242871657,-8911.65127946066,"x"
"3847",9967.07150235423,-8651.49616887559,"x"
"3848",9843.91056530243,-8528.79048204906,"x"
"3849",9647.63571616418,-8092.45723852779,"x"
"3850",9671.8070544077,-8214.3924842932,"x"
"3851",9740.72370438017,-8359.54823547894,"x"
"3852",10309.8469837669,-9509.10430801069,"x"
"3853",9846.81590885366,-8500.99853765159,"x"
"3854",10304.2543416022,-9756.02707664489,"x"
"3855",10214.6300263566,-9360.88884156964,"x"
"3856",9724.91852262585,-8107.01064826439,"x"
"3857",10225.8664712811,-9351.10368233476,"x"
"3858",9939.9910328686,-8599.08160476553,"x"
"3859",10311.5055547154,-9466.22119429312,"x"
"3860",9329.93387861364,-7263.851808935,"x"
"3861",10205.0526432681,-9260.89186320203,"x"
"3862",9924.81555851448,-8666.4335262408,"x"
"3863",10045.9857764989,-9039.79275717478,"x"
"3864",9664.07664899187,-8099.92405064813,"x"
"3865",9258.53582494219,-7160.84764335694,"x"
"3866",9426.48515104519,-7624.79302106114,"x"
"3867",9624.04527468912,-8094.12412647489,"x"
"3868",9010.41157455143,-6630.44678461662,"x"
"3869",9847.52966196892,-8517.46582993765,"x"
"3870",9941.07841229714,-8800.48866842679,"x"
"3871",9324.3672232032,-7411.27003124439,"x"
"3872",9081.58002581565,-6771.45086325462,"x"
"3873",9838.69548740346,-8405.91076883052,"x"
"3874",10255.4171243351,-9304.83913147064,"x"
"3875",9342.64155030776,-7237.62822475729,"x"
"3876",9910.14787827288,-8718.44853162802,"x"
"3877",9012.01515655082,-6728.88279126778,"x"
"3878",9806.33777560428,-8419.43549155091,"x"
"3879",9175.75811306327,-6933.29523682336,"x"
"3880",9580.9800016369,-7812.14090729292,"x"
"3881",10185.22519105,-9302.47586793503,"x"
"3882",9638.77638885959,-7945.00931641062,"x"
"3883",9742.65166166172,-8336.85707197359,"x"
"3884",10146.7772493937,-9079.5434990772,"x"
"3885",9311.53983876497,-7430.44601543166,"x"
"3886",9564.02421843402,-7928.84821322799,"x"
"3887",9987.73094029128,-8757.97880912262,"x"
"3888",10066.5853433752,-9124.73866372308,"x"
"3889",10135.1023361866,-9207.96617504813,"x"
"3890",9548.05254795121,-7706.39591355601,"x"
"3891",9974.10166587143,-8838.06080385113,"x"
"3892",9429.93660935223,-7489.14172712105,"x"
"3893",10055.4401484296,-9100.58436466432,"x"
"3894",9946.75414329792,-8603.42354057492,"x"
"3895",9919.41017578297,-8570.92936440149,"x"
"3896",9740.27603983427,-8145.81786968102,"x"
"3897",9511.54215005498,-7815.42939946694,"x"
"3898",9913.61416574331,-8629.57589576641,"x"
"3899",9794.41279902123,-8391.98466410398,"x"
"3900",10024.5158686304,-8882.8075679432,"x"
"3901",9645.5379815539,-8032.2878311954,"x"
"3902",9190.63374896212,-7142.82722693169,"x"
"3903",9752.26544635495,-8232.60280238979,"x"
"3904",10138.5477946038,-9216.91876597696,"x"
"3905",9748.77728231002,-8193.93064483214,"x"
"3906",10324.0319871966,-9715.42905944875,"x"
"3907",9654.15484240743,-8046.18325226708,"x"
"3908",9958.99620183382,-8823.43821325711,"x"
"3909",9586.28161631385,-7838.88091551515,"x"
"3910",9943.27115013788,-8724.1467751258,"x"
"3911",9697.39420892227,-8143.84394966554,"x"
"3912",9991.86262345056,-8757.37680057608,"x"
"3913",9338.6912771367,-7418.89591724081,"x"
"3914",9888.97645349557,-8641.80018632918,"x"
"3915",9885.7406126811,-8596.05580016506,"x"
"3916",9455.02389370036,-7673.99954779049,"x"
"3917",9913.31666188981,-8578.8804118652,"x"
"3918",9788.25384971699,-8497.33973386761,"x"
"3919",10161.8527512097,-9223.96640751503,"x"
"3920",9863.49630586542,-8495.84288138477,"x"
"3921",10032.7613027947,-9027.7356568693,"x"
"3922",9370.21149191651,-7393.08192972864,"x"
"3923",9685.10484686634,-8065.6040552436,"x"
"3924",9802.11996108429,-8401.20050889777,"x"
"3925",9747.24471083729,-8357.9780791237,"x"
"3926",9850.12146503263,-8371.4250454204,"x"
"3927",9362.84385184229,-7500.67892679262,"x"
"3928",10202.856172538,-9268.01347956641,"x"
"3929",10023.1373817465,-8867.73700791198,"x"
"3930",9060.86083618888,-6723.93668826157,"x"
"3931",9800.41454210592,-8495.43248340743,"x"
"3932",9514.78207494605,-7785.13682588088,"x"
"3933",9698.10370424527,-8183.86713766213,"x"
"3934",9917.02611828084,-8617.12902963324,"x"
"3935",9288.9746175333,-7244.14103392574,"x"
"3936",9848.85638264753,-8400.68831861464,"x"
"3937",9924.72037264697,-8625.81775507193,"x"
"3938",10314.4082772114,-9836.66799504782,"x"
"3939",8993.58893814565,-6731.58635650075,"x"
"3940",10026.8976002177,-8983.94845045342,"x"
"3941",10173.4735277445,-9150.57915446884,"x"
"3942",9769.59456333817,-8286.92261620806,"x"
"3943",9123.13525140934,-6851.13418154086,"x"
"3944",9568.49171970565,-7917.6216574274,"x"
"3945",9850.92753713604,-8454.25483456349,"x"
"3946",9757.62977243231,-8363.23083638895,"x"
"3947",9212.08598555761,-7155.13091154525,"x"
"3948",10137.6307229684,-9076.58391632486,"x"
"3949",9671.23009440599,-8111.64263102388,"x"
"3950",10097.3377034666,-8989.0508872919,"x"
"3951",9413.14599165676,-7672.03212678683,"x"
"3952",10070.6925066686,-8973.16784793461,"x"
"3953",9753.28869707789,-8228.98093435742,"x"
"3954",10360.6995000725,-9653.10281188806,"x"
"3955",9405.79825837225,-7408.65248125037,"x"
"3956",9610.79189067465,-7882.06000214454,"x"
"3957",10049.2600647471,-9080.79496722612,"x"
"3958",9190.9145539106,-6949.88049834655,"x"
"3959",9855.08291009393,-8457.9075732973,"x"
"3960",9748.80533709134,-8308.29119665854,"x"
"3961",9836.48367641638,-8374.68251303292,"x"
"3962",9616.65076763275,-8011.09551445674,"x"
"3963",10012.2283231546,-8850.68473932185,"x"
"3964",9729.78179790905,-8228.70285257706,"x"
"3965",9830.54642506424,-8365.24096386896,"x"
"3966",9103.88533841423,-6813.90717470124,"x"
"3967",10048.3839570284,-9240.79186336025,"x"
"3968",9369.18927763538,-7355.93661305727,"x"
"3969",9834.56604548668,-8677.10628720042,"x"
"3970",9594.02494892555,-7877.63375065629,"x"
"3971",9784.78446811635,-8405.11045967275,"x"
"3972",10037.4817622919,-8932.58075661795,"x"
"3973",9434.03765687898,-7411.75020311184,"x"
"3974",9538.36112611488,-7702.30662943327,"x"
"3975",9356.97942224285,-7393.21779430099,"x"
"3976",10037.7387875842,-8825.08591629333,"x"
"3977",8959.83902600087,-6593.83100953509,"x"
"3978",9543.16590983802,-7840.74449733684,"x"
"3979",8888.94735737567,-6324.0617947406,"x"
"3980",8774.24542669756,-5911.86660761458,"x"
"3981",9680.81114104914,-8177.08298789771,"x"
"3982",10070.6380783432,-9064.34474325725,"x"
"3983",9365.77315064759,-7582.54977358482,"x"
"3984",9202.89007002853,-7156.53550633469,"x"
"3985",9981.72631571835,-8845.94286739185,"x"
"3986",9958.66404906539,-8773.3581256223,"x"
"3987",9067.88929479423,-6705.92009659582,"x"
"3988",9348.02668734869,-7360.28075032113,"x"
"3989",9667.98568914832,-8054.19457847529,"x"
"3990",10445.6385333989,-9780.64539125644,"x"
"3991",10040.8864844573,-8777.48726743485,"x"
"3992",10227.3874772172,-9248.34546972511,"x"
"3993",9086.43235675002,-6746.49986778076,"x"
"3994",9450.64120761801,-7724.70141514863,"x"
"3995",9718.6822159183,-8382.29496395741,"x"
"3996",9664.12805060419,-8077.01374188571,"x"
"3997",10077.2740471388,-8837.70827125374,"x"
"3998",9956.51052618072,-8776.71082896813,"x"
"3999",9777.37010310038,-8359.26975982399,"x"
"4000",9521.72162595043,-7763.07964464688,"x"
"4001",9856.41023563918,-8398.2633895858,"x"
"4002",9848.19073436015,-8505.4771821157,"x"
"4003",9975.9966771494,-8762.22084045222,"x"
"4004",9965.03211761665,-8842.5038019954,"x"
"4005",9178.85125604376,-6946.78550755208,"x"
"4006",9742.61145622167,-8380.18019022016,"x"
"4007",8706.50671852228,-5812.50810833052,"x"
"4008",9802.997742339,-8393.51057260233,"x"
"4009",9624.4233797088,-7905.04255558318,"x"
"4010",9343.25938502996,-7457.63369899811,"x"
"4011",9824.2372853285,-8340.37659538798,"x"
"4012",10258.4774196472,-9333.15031633656,"x"
"4013",9813.38770202936,-8347.7976360852,"x"
"4014",9100.70919697566,-6693.84169086757,"x"
"4015",9468.63059376675,-7633.54101619118,"x"
"4016",9635.61145521402,-7906.43040042651,"x"
"4017",9983.57877070867,-8705.99986639243,"x"
"4018",9805.39134776268,-8395.46155446981,"x"
"4019",9478.99010515451,-7766.00717880092,"x"
"4020",9551.69262860786,-7774.57044888224,"x"
"4021",10060.0392360239,-8991.3588870116,"x"
"4022",9916.64348900606,-8599.26350939947,"x"
"4023",10314.0055069234,-9548.93778979762,"x"
"4024",10129.0092606446,-9052.49757334896,"x"
"4025",9315.81219920876,-7363.06477969888,"x"
"4026",9702.19294200914,-8129.00275779855,"x"
"4027",10023.6423361094,-9071.98975001836,"x"
"4028",10149.0923820231,-9424.70880031568,"x"
"4029",8987.90379019377,-6457.99826049754,"x"
"4030",9577.41886653787,-7847.40045289445,"x"
"4031",9438.40947617477,-7548.50734336447,"x"
"4032",9787.74362041993,-8246.20815130158,"x"
"4033",9779.87170059508,-8179.72990403966,"x"
"4034",10174.9182070818,-9173.91444409246,"x"
"4035",9636.9549093519,-8050.67998751203,"x"
"4036",9517.06411000936,-7832.51548650341,"x"
"4037",9777.61501500368,-8221.21735612608,"x"
"4038",10037.6706776674,-8816.55018837266,"x"
"4039",10309.6256139958,-9426.67982050987,"x"
"4040",9899.77047493531,-8428.76685631725,"x"
"4041",10170.8103466121,-9202.91783398244,"x"
"4042",10193.5106517881,-9146.81914081791,"x"
"4043",9964.19707647385,-8714.37118648462,"x"
"4044",9958.18100912528,-8649.21134294469,"x"
"4045",10069.054296978,-8995.95288300603,"x"
"4046",9879.11159290093,-8580.25911646214,"x"
"4047",9744.27222602036,-8088.72022502675,"x"
"4048",9889.50247882501,-8556.5143468738,"x"
"4049",9922.9629261734,-8529.12938506235,"x"
"4050",9792.63760273135,-8233.59638638184,"x"
"4051",9647.32286203798,-7964.86389105848,"x"
"4052",10068.7529984652,-8990.46506466484,"x"
"4053",9882.76741789668,-8719.70253580729,"x"
"4054",10297.6983445346,-9443.58520679946,"x"
"4055",9953.54613043225,-9115.19564632901,"x"
"4056",9701.65543696054,-8279.42555668595,"x"
"4057",10103.3067033978,-9021.94684731046,"x"
"4058",10040.35512601,-8910.89345742943,"x"
"4059",9586.96033913573,-7959.65620512465,"x"
"4060",10033.5415670722,-9233.05322752888,"x"
"4061",10181.5273562399,-9170.63393580853,"x"
"4062",10134.9125870878,-9077.56063670628,"x"
"4063",9552.93135509064,-7644.31492754117,"x"
"4064",10036.0961622475,-8846.83911331186,"x"
"4065",9819.93859712241,-8479.56979281322,"x"
"4066",9676.69515730719,-8057.93200584227,"x"
"4067",9413.56369319847,-7667.40798629325,"x"
"4068",9427.16786769918,-7510.6721997498,"x"
"4069",9806.1590595506,-8364.94210572688,"x"
"4070",9816.67783099556,-8435.54366509696,"x"
"4071",8802.38971449205,-6010.10597291419,"x"
"4072",9487.02340600479,-7727.00596546803,"x"
"4073",9698.20773413943,-8111.03197559978,"x"
"4074",9438.5830927754,-7710.16892831442,"x"
"4075",10057.3227229252,-9009.479285948,"x"
"4076",10076.6174824262,-9118.96942684588,"x"
"4077",10000.8410509822,-8727.2127040203,"x"
"4078",10006.6875072892,-8899.58112643635,"x"
"4079",9232.41792901643,-7121.3237417301,"x"
"4080",10153.9674224601,-9148.47506399413,"x"
"4081",10022.5647682333,-8878.45194305874,"x"
"4082",9871.13911329152,-8597.19632608038,"x"
"4083",9903.319474418,-8603.15850320632,"x"
"4084",10294.1811168699,-9666.68607094763,"x"
"4085",9317.85026336398,-7363.7977705057,"x"
"4086",9721.76532994893,-8159.21055032967,"x"
"4087",9297.80256561444,-7128.05552352819,"x"
"4088",10144.6749226558,-9222.49180490016,"x"
"4089",9629.86119089918,-7898.605940256,"x"
"4090",9636.03844025084,-8027.44653819682,"x"
"4091",9468.29217450685,-7640.12567337234,"x"
"4092",9959.51589873967,-8762.20921487954,"x"
"4093",9682.21732178395,-8137.17794390688,"x"
"4094",9628.44510957045,-8036.779250177,"x"
"4095",10323.662726951,-9645.59667918559,"x"
"4096",9990.21587070936,-8890.98671363278,"x"
"4097",9933.00578697779,-8688.52671976941,"x"
"4098",10174.7895116764,-9435.37629601039,"x"
"4099",9624.54182773146,-8063.30760038332,"x"
"4100",9576.62762506401,-7756.73069720104,"x"
"4101",9820.56580289858,-8447.94739519945,"x"
"4102",8940.12345381488,-6499.1820858738,"x"
"4103",9597.62234590329,-7912.83138725387,"x"
"4104",10151.7862929294,-9109.48566659158,"x"
"4105",10167.7423214715,-9303.56538700386,"x"
"4106",9799.60585052574,-8503.00328139393,"x"
"4107",9834.8623258484,-8323.55189856916,"x"
"4108",9691.01836947556,-8212.1458992798,"x"
"4109",9981.85930266645,-8690.57486902956,"x"
"4110",9611.2183171043,-7966.60473633317,"x"
"4111",9910.94029697611,-8701.1349531291,"x"
"4112",9902.38876967702,-8599.68413653313,"x"
"4113",9856.83256745623,-8474.31376571318,"x"
"4114",9880.92655074097,-8499.3971518157,"x"
"4115",9350.89333840093,-7515.91048625832,"x"
"4116",9533.4693688239,-7818.30482651292,"x"
"4117",9809.22250088528,-8485.79839671017,"x"
"4118",9947.70713176366,-8771.71765258709,"x"
"4119",9544.87259244545,-7674.48229000194,"x"
"4120",8866.05665322487,-6448.48313730076,"x"
"4121",9143.83547111791,-6787.18521008119,"x"
"4122",8504.74640681773,-5402.56206148835,"x"
"4123",9359.48766756104,-7435.2512321125,"x"
"4124",9635.46398547656,-7914.69161115459,"x"
"4125",9933.33136613508,-8624.42409926437,"x"
"4126",9601.19651041062,-7936.92503764868,"x"
"4127",10081.3192254595,-9043.54635757204,"x"
"4128",9708.36142394044,-8267.65983854493,"x"
"4129",10093.052676009,-9075.10618768438,"x"
"4130",9543.91965802635,-7606.55686611738,"x"
"4131",9355.75134458605,-7286.88126817506,"x"
"4132",9793.64525496961,-8320.64366337075,"x"
"4133",9036.85682478734,-6846.07994199228,"x"
"4134",10025.1932508275,-8854.46205216797,"x"
"4135",10047.5141539633,-9111.48643344116,"x"
"4136",10083.4580358746,-8761.22307888924,"x"
"4137",10061.3473568651,-9153.83629517358,"x"
"4138",9970.38235514463,-8755.32662197373,"x"
"4139",9856.4584145687,-8496.07155837862,"x"
"4140",9470.44861578949,-7690.51426403684,"x"
"4141",10134.643641715,-9085.27508788999,"x"
"4142",9647.5782484489,-8040.24456104248,"x"
"4143",9988.02991977082,-8764.48170227654,"x"
"4144",9693.33524609613,-8168.87918994023,"x"
"4145",9921.65913528727,-8679.61580009953,"x"
"4146",10183.6450165704,-9308.07342609094,"x"
"4147",9451.31856302922,-7558.6067611021,"x"
"4148",9867.52316739143,-8537.2569742095,"x"
"4149",10215.268781109,-9251.8131842708,"x"
"4150",9571.38980738805,-7930.55244979849,"x"
"4151",9891.10937832099,-8504.1239210098,"x"
"4152",9023.74306447608,-6631.70480993567,"x"
"4153",9601.891264591,-7864.43128069765,"x"
"4154",9921.55483793385,-8644.46771201243,"x"
"4155",9885.04860402619,-8693.55103951649,"x"
"4156",9385.32919486795,-7487.42044996509,"x"
"4157",9670.76276021561,-8025.6971565556,"x"
"4158",9344.04761806695,-7402.8342167158,"x"
"4159",9488.88555400856,-7704.00529165243,"x"
"4160",9227.82254216132,-7156.0723432828,"x"
"4161",9044.66137504974,-6782.95473482508,"x"
"4162",10161.2647744446,-9032.01275223775,"x"
"4163",9682.92773103336,-8170.55168695291,"x"
"4164",10075.4322721581,-8940.78939947441,"x"
"4165",9967.79694625145,-8667.65704069313,"x"
"4166",9743.29349121246,-8255.98008324228,"x"
"4167",9989.80506813825,-9034.31856516977,"x"
"4168",10060.995182527,-8823.56496067823,"x"
"4169",9913.76753150872,-8659.20012714594,"x"
"4170",9973.36011483001,-8844.69338110729,"x"
"4171",10153.3328947071,-9173.81578128739,"x"
"4172",9888.91616723428,-8420.62188712004,"x"
"4173",9613.00223274321,-7860.19602048915,"x"
"4174",9626.61350108416,-7982.78590670633,"x"
"4175",9793.53363908258,-8330.36150467643,"x"
"4176",9346.83011474087,-7299.64433625453,"x"
"4177",9726.66279051833,-8304.07592963631,"x"
"4178",9845.36872996387,-8495.8908134233,"x"
"4179",10028.2413450536,-8960.39060082121,"x"
"4180",9544.13961588707,-7861.50650796048,"x"
"4181",9793.36899036796,-8427.93752620128,"x"
"4182",10144.6974579447,-9067.08802416193,"x"
"4183",9782.9731111211,-8442.73716779576,"x"
"4184",10016.7893538119,-8939.04042331224,"x"
"4185",9698.70256792364,-8185.49292262836,"x"
"4186",9417.88258807322,-7568.01390469336,"x"
"4187",9809.4112075424,-8499.19026561234,"x"
"4188",9407.23693059655,-7486.73079098023,"x"
"4189",9255.65136942367,-7147.82155352735,"x"
"4190",9487.31225677822,-7610.45405620618,"x"
"4191",9616.68234455789,-8006.87133027073,"x"
"4192",9263.72622937406,-7186.41934805836,"x"
"4193",9361.15148950939,-7345.79790923603,"x"
"4194",10093.6423075078,-9033.76993593349,"x"
"4195",9907.4835213562,-8586.93048874077,"x"
"4196",10059.3831960209,-9133.54472970948,"x"
"4197",9088.64329344827,-6798.42990962604,"x"
"4198",9790.61087536097,-8474.27011081398,"x"
"4199",9744.02122052204,-8349.06881681921,"x"
"4200",9943.8290727706,-8889.16166098821,"x"
"4201",9431.92748728489,-7563.19363086352,"x"
"4202",9227.84257830656,-6975.77019538764,"x"
"4203",9027.42455088752,-6749.12927690016,"x"
"4204",9947.86988117857,-8658.24848234696,"x"
"4205",10144.8207362225,-9227.74633557106,"x"
"4206",9450.09366945056,-7656.7754320809,"x"
"4207",9717.61910802429,-8132.60603945546,"x"
"4208",9905.90284436313,-8586.81901534021,"x"
"4209",9722.63243731252,-8215.81796737999,"x"
"4210",9130.94203717088,-6808.38421081179,"x"
"4211",9818.31777570113,-8530.6476910214,"x"
"4212",9081.74769862297,-6725.88679537884,"x"
"4213",10246.2652088424,-9436.5968959426,"x"
"4214",9837.97580552797,-8393.63250210126,"x"
"4215",10214.926007556,-9287.26294016156,"x"
"4216",9966.18514939514,-8609.30669346692,"x"
"4217",9503.752454769,-7701.92138005521,"x"
"4218",9958.06580857739,-8724.00980505717,"x"
"4219",9593.30532320184,-7947.76186929487,"x"
"4220",9435.97608672417,-7650.79911836221,"x"
"4221",9540.39274361764,-7884.01191910521,"x"
"4222",9531.40608913746,-7769.01012750593,"x"
"4223",9424.9474392483,-7661.05498921853,"x"
"4224",10102.0027381983,-8886.99643535078,"x"
"4225",9971.80338300744,-8657.96184788024,"x"
"4226",10116.3865985746,-9048.60808700666,"x"
"4227",9698.76251646663,-8183.63690038062,"x"
"4228",9628.4157788993,-8108.03452442753,"x"
"4229",10073.4801169444,-9195.56577867416,"x"
"4230",9302.30044691901,-7190.23399276225,"x"
"4231",9763.08271609886,-8471.68429677267,"x"
"4232",9780.03632998751,-8300.90756928461,"x"
"4233",9743.43497653355,-8212.86865309635,"x"
"4234",9634.03882622263,-8145.2988994787,"x"
"4235",10050.4308095821,-8935.14722581685,"x"
"4236",9557.80162871776,-7715.57638253625,"x"
"4237",9905.18752271801,-8628.32809151146,"x"
"4238",9470.97385432177,-7631.5853498043,"x"
"4239",9653.58940125003,-8106.6607328342,"x"
"4240",9930.96664620491,-8796.9558330792,"x"
"4241",9517.18123801695,-7804.69960885642,"x"
"4242",10104.1949216617,-9049.4668987045,"x"
"4243",9909.16984110348,-8505.76147521072,"x"
"4244",9701.08592279001,-8238.80752870329,"x"
"4245",9110.30255843901,-6898.31305692036,"x"
"4246",10018.666622188,-9027.7677584853,"x"
"4247",9853.31212437142,-8357.9550101642,"x"
"4248",10114.4438460041,-9063.26690973261,"x"
"4249",9479.35273043698,-7747.67093555882,"x"
"4250",10129.7977922083,-9128.4398274163,"x"
"4251",9932.22362646827,-8667.3098572657,"x"
"4252",9535.73471754524,-7876.61625651913,"x"
"4253",9949.7957642669,-8681.04362157807,"x"
"4254",9827.12750512203,-8460.20487699941,"x"
"4255",9634.61770724824,-7854.00481497307,"x"
"4256",9267.53536537967,-6998.15862039061,"x"
"4257",9642.264915161,-8037.46387060716,"x"
"4258",9809.13038776558,-8266.25865400293,"x"
"4259",9365.86997102363,-7384.43135902982,"x"
"4260",10205.9851926663,-9558.80177804959,"x"
"4261",9796.53655602018,-8410.54980503876,"x"
"4262",9592.78379110134,-7909.05189291095,"x"
"4263",9882.02377050559,-8534.57841837023,"x"
"4264",9157.40246411514,-6908.19203285907,"x"
"4265",8974.14266579407,-6388.21671039637,"x"
"4266",9365.81800450321,-7392.19721427716,"x"
"4267",10234.4245365163,-9577.03843807746,"x"
"4268",9415.59515853483,-7353.62722057743,"x"
"4269",10040.2490212881,-8824.06359701556,"x"
"4270",10114.6959371797,-9115.96699375613,"x"
"4271",9773.0923341142,-8259.13088621321,"x"
"4272",9489.67434417651,-7786.45266424622,"x"
"4273",9207.30880018712,-6912.80281666234,"x"
"4274",9545.79297589945,-7883.21859469191,"x"
"4275",9531.88607335297,-7832.85217482227,"x"
"4276",9869.93857794446,-8523.68705252695,"x"
"4277",9531.58219817303,-7810.19586575601,"x"
"4278",9630.16727587723,-8046.22104949245,"x"
"4279",9148.75970758813,-6938.34992013589,"x"
"4280",9754.54995011325,-8394.61033758508,"x"
"4281",9517.27255894332,-7830.31034077619,"x"
"4282",9877.57563850944,-8615.57776629257,"x"
"4283",10106.3623724163,-8989.20562100167,"x"
"4284",9329.8386166141,-7340.04861528183,"x"
"4285",10165.8167029526,-9395.81568871901,"x"
"4286",10135.1084166656,-9120.15751658066,"x"
"4287",10106.3167909376,-9098.47721576349,"x"
"4288",9893.582765167,-8678.90912817856,"x"
"4289",9631.59383789613,-7841.97250453387,"x"
"4290",9506.40498593138,-7763.15849535828,"x"
"4291",9799.47947100355,-8351.3293283032,"x"
"4292",9696.99204781812,-8223.70016532495,"x"
"4293",9471.37177142609,-7787.5405337663,"x"
"4294",9760.93036532744,-8321.86135310124,"x"
"4295",9348.12237550153,-7440.85303702921,"x"
"4296",10013.7822461463,-8825.60768493651,"x"
"4297",9969.61700986411,-8752.39180615692,"x"
"4298",9472.26108204378,-7760.860067855,"x"
"4299",10163.7821048813,-9162.25810665707,"x"
"4300",9863.61301347856,-8648.01116573416,"x"
"4301",9339.27866758235,-7352.95014010668,"x"
"4302",9105.7498126862,-6849.50050741089,"x"
"4303",10221.6850741988,-9446.48743420323,"x"
"4304",9893.36117553869,-8675.48714747444,"x"
"4305",9180.22903549121,-7036.98571164626,"x"
"4306",10128.0450927536,-9265.72159362945,"x"
"4307",10197.0360838398,-9270.03800853331,"x"
"4308",9886.22477822255,-8499.72113428935,"x"
"4309",10094.2304104199,-9011.3820501506,"x"
"4310",9459.04413136087,-7699.43146208547,"x"
"4311",9838.4025706804,-8301.54008967737,"x"
"4312",10140.7271214632,-9144.10158321366,"x"
"4313",9588.93201746287,-8011.16128370497,"x"
"4314",8936.09070545651,-6488.40767130084,"x"
"4315",9819.22271968945,-8398.5304844907,"x"
"4316",9770.34497606262,-8226.20251077471,"x"
"4317",9700.84719723704,-8169.99624985332,"x"
"4318",9784.35522565034,-8210.42013819255,"x"
"4319",9714.65554715748,-8186.95348751385,"x"
"4320",9899.1627316313,-8536.34259673855,"x"
"4321",9558.62072472749,-7632.40152640897,"x"
"4322",10025.6045799216,-8741.51340184963,"x"
"4323",10119.610420008,-8983.27971837891,"x"
"4324",9858.61889136988,-8433.34053337382,"x"
"4325",9707.58211796159,-8248.59501958871,"x"
"4326",9842.15905124131,-8377.28339616384,"x"
"4327",10296.930847662,-9681.41262363295,"x"
"4328",9065.2878643917,-6673.37314765673,"x"
"4329",9062.38828289759,-6896.63056426656,"x"
"4330",9785.71431268544,-8381.62514333299,"x"
"4331",10400.0586732872,-9770.5436715785,"x"
"4332",9616.18752680608,-7961.86321576662,"x"
"4333",9971.84843795797,-8760.78289313238,"x"
"4334",10116.9997314843,-9221.4083868635,"x"
"4335",10309.9432140795,-9830.96051418302,"x"
"4336",9307.47233483918,-7190.38201445071,"x"
"4337",10110.5250480531,-9058.59850870443,"x"
"4338",9634.31558879282,-7886.2026152774,"x"
"4339",9724.45516870222,-8285.94941770826,"x"
"4340",9474.66407163386,-7694.89862664266,"x"
"4341",9817.97470311788,-8360.51618665737,"x"
"4342",9367.58818279188,-7591.53629956001,"x"
"4343",9481.08296377355,-7627.15978312641,"x"
"4344",9128.2410482231,-6999.0807465149,"x"
"4345",9814.49351580107,-8354.0956931626,"x"
"4346",9815.85685040459,-8388.26864743643,"x"
"4347",9632.07162041262,-8060.0700449205,"x"
"4348",9780.67694576414,-8444.98381427506,"x"
"4349",10093.2574274378,-8934.4773642493,"x"
"4350",9876.37789886988,-8479.76890721094,"x"
"4351",9468.62591930729,-7573.38537254264,"x"
"4352",9831.61271914685,-8580.07251836067,"x"
"4353",9554.49590601741,-7884.48316596363,"x"
"4354",9936.4245282266,-8772.88784854995,"x"
"4355",10073.9453013721,-9181.87429790868,"x"
"4356",10235.7931070865,-9520.05472494052,"x"
"4357",9836.87305281624,-8423.8763052522,"x"
"4358",9009.91377951323,-6494.92330661454,"x"
"4359",10125.6410709011,-9099.3509297662,"x"
"4360",9842.01958559384,-8367.12389676709,"x"
"4361",9798.00983322327,-8306.26039582144,"x"
"4362",9066.78677591749,-6750.68675624911,"x"
"4363",10356.3003951415,-10071.9164939836,"x"
"4364",9610.72277392314,-7990.0055242666,"x"
"4365",9287.92491569399,-7329.70059285638,"x"
"4366",10262.3486461293,-9276.21024123427,"x"
"4367",9963.94081960785,-8870.04311242805,"x"
"4368",9124.03012169137,-6933.77427432088,"x"
"4369",9495.29747434688,-7783.52190328858,"x"
"4370",10046.3493571417,-9027.44573622037,"x"
"4371",9249.73218536821,-7087.22411827869,"x"
"4372",9382.59807394205,-7372.83361521655,"x"
"4373",9665.91993041564,-8204.81778056541,"x"
"4374",9821.42141733505,-8528.1971539391,"x"
"4375",9573.24726409348,-7831.20841329232,"x"
"4376",9968.09871813388,-8803.05708064456,"x"
"4377",9781.80536343091,-8165.14546322022,"x"
"4378",10037.216842903,-8946.98089519729,"x"
"4379",10050.9077667963,-9164.45965277314,"x"
"4380",9766.77516695732,-8219.48376364391,"x"
"4381",9885.1618087231,-8603.5448393715,"x"
"4382",9486.96808078013,-7752.5502062401,"x"
"4383",8773.15004517256,-6048.60565771044,"x"
"4384",9608.34565464628,-7992.30891935494,"x"
"4385",9668.90877140639,-8111.72895308937,"x"
"4386",9765.35045118534,-8316.52423966383,"x"
"4387",9310.33678480589,-7187.03274123245,"x"
"4388",9794.90738595882,-8306.23709721562,"x"
"4389",9691.18852425769,-8137.85078671757,"x"
"4390",9998.43361434145,-9027.29734430292,"x"
"4391",9637.4916954658,-8097.31159298034,"x"
"4392",9608.1784990981,-7842.99519279128,"x"
"4393",9619.75102397615,-7815.16653587832,"x"
"4394",9788.08396653055,-8259.67275767972,"x"
"4395",10294.9474277086,-9400.08850952116,"x"
"4396",9875.92966829549,-8614.2656391303,"x"
"4397",9991.13094262302,-8664.8093261255,"x"
"4398",9605.91866451821,-7907.3506631594,"x"
"4399",9516.82982132573,-7765.86280468457,"x"
"4400",10183.1250639867,-9361.41031998337,"x"
"4401",9406.04694179141,-7526.83653551304,"x"
"4402",10031.4193151462,-8935.74499370409,"x"
"4403",10143.457236747,-9165.90339263759,"x"
"4404",10095.098825273,-9149.63118320577,"x"
"4405",10128.2474320967,-8971.31384308846,"x"
"4406",9922.38840088409,-8737.14551069844,"x"
"4407",10246.805551659,-9709.19707254308,"x"
"4408",9758.48301919508,-8103.22062724178,"x"
"4409",8743.51880315215,-5920.51077410488,"x"
"4410",9478.26845886347,-7669.56026518122,"x"
"4411",10088.9458888992,-9019.22999127538,"x"
"4412",10283.9198086494,-9566.52883008948,"x"
"4413",8917.90447261115,-6483.13628625678,"x"
"4414",9505.99623544038,-7793.39253799714,"x"
"4415",8975.98530080524,-6457.35513852341,"x"
"4416",9070.16860285657,-6576.04961214291,"x"
"4417",10050.6888368841,-8984.73100549151,"x"
"4418",9505.69167469619,-7947.07002564462,"x"
"4419",9341.08453893281,-7302.42341420789,"x"
"4420",9590.22985729226,-7944.39724852774,"x"
"4421",9383.66402973039,-7405.86851032106,"x"
"4422",10254.7300868202,-9454.50942232242,"x"
"4423",8945.8017440986,-6355.68049961248,"x"
"4424",9534.50710553421,-7842.21128405055,"x"
"4425",9962.35688745766,-8875.70492452136,"x"
"4426",10270.1642816547,-9477.12336236746,"x"
"4427",9944.25975059388,-8716.68797252117,"x"
"4428",10105.5684935788,-9128.07322069516,"x"
"4429",9366.4106671599,-7303.13391921383,"x"
"4430",9512.09294742935,-7910.92412149166,"x"
"4431",10182.5750418935,-9300.09263057901,"x"
"4432",9144.83980744041,-6860.50918515704,"x"
"4433",9949.33434965242,-8616.65680747156,"x"
"4434",9267.0890611982,-7222.36425281264,"x"
"4435",9643.01972878415,-8093.50142258738,"x"
"4436",9322.51963986904,-7351.3987891867,"x"
"4437",9816.79155493761,-8317.88807756876,"x"
"4438",10067.7300203821,-9101.15643353299,"x"
"4439",9159.83963006572,-7028.97381176682,"x"
"4440",9679.32758430742,-8162.81795617701,"x"
"4441",9469.64923126801,-7667.04652281536,"x"
"4442",8835.76522535861,-6061.94813174845,"x"
"4443",9950.90404968121,-8727.29471922801,"x"
"4444",9890.64808023217,-8670.46959541598,"x"
"4445",9741.04992823052,-8122.59119849742,"x"
"4446",9674.94320042652,-8078.80274650554,"x"
"4447",9437.83707304319,-7594.209176316,"x"
"4448",9743.63830837801,-8345.13964371587,"x"
"4449",9866.1365431846,-8633.32621707941,"x"
"4450",9659.70996750367,-7948.39641843303,"x"
"4451",9984.24094781822,-9083.52549925688,"x"
"4452",10066.1085353595,-9027.58242755701,"x"
"4453",10168.7145649655,-9168.25959025976,"x"
"4454",9626.20782216222,-8003.5825321458,"x"
"4455",9847.1774474437,-8465.87859732109,"x"
"4456",9647.91835437118,-8094.40974223518,"x"
"4457",9593.33964779281,-7790.36664093003,"x"
"4458",9572.09949926894,-7996.82085424889,"x"
"4459",9908.35320821293,-8557.13153627509,"x"
"4460",9757.58797353372,-8307.97099058003,"x"
"4461",10007.8308921946,-8765.45533722529,"x"
"4462",9568.28156645211,-7898.72544346358,"x"
"4463",9783.58387141852,-8438.9583219621,"x"
"4464",9942.91792858292,-8636.96013726214,"x"
"4465",9904.95670404984,-8618.72600501888,"x"
"4466",9966.20764433876,-8733.85548013331,"x"
"4467",9891.60236177409,-8415.73875736782,"x"
"4468",8871.91588384235,-6294.04962519676,"x"
"4469",9218.86860982617,-6942.56596181122,"x"
"4470",9580.44920178872,-7958.06909408811,"x"
"4471",10005.5875741843,-8920.5865946121,"x"
"4472",10303.7080361057,-9558.73292367832,"x"
"4473",9436.62195444354,-7561.75791419609,"x"
"4474",9777.06672734214,-8368.39310558302,"x"
"4475",9396.07314796828,-7585.07028268404,"x"
"4476",9708.57469224784,-8233.74859984061,"x"
"4477",10274.4144895078,-9417.30835404832,"x"
"4478",8748.99626172678,-5761.5327966614,"x"
"4479",9234.24500620713,-7101.90367447735,"x"
"4480",9827.85787696957,-8460.25838348818,"x"
"4481",9860.67109708447,-8579.96050866915,"x"
"4482",10035.0067222273,-9131.57473123233,"x"
"4483",10250.1952265733,-9638.29395087993,"x"
"4484",10054.6574082488,-8996.51402967378,"x"
"4485",10279.8177413596,-9385.2149138484,"x"
"4486",9880.1571600387,-8440.17279032802,"x"
"4487",9018.50025297602,-6502.65081163593,"x"
"4488",9959.28926197113,-9143.5746049985,"x"
"4489",9385.36740185738,-7417.27677093075,"x"
"4490",10127.7503888411,-9016.77385648975,"x"
"4491",9490.53922526357,-7689.2410054285,"x"
"4492",9900.2251279718,-8442.68069179584,"x"
"4493",9156.13409942739,-6993.35368391344,"x"
"4494",10068.7585512513,-8806.2214655698,"x"
"4495",9489.60390749245,-7677.13218144784,"x"
"4496",9460.35300405169,-7544.64451908413,"x"
"4497",10083.6581921802,-9023.65737759539,"x"
"4498",9928.60706188937,-8488.23060982699,"x"
"4499",9661.69748685669,-8170.89324682376,"x"
"4500",10167.8154205675,-9127.3319205375,"x"
"4501",10199.7650079004,-9336.37381866903,"x"
"4502",9817.894026056,-8442.61265332716,"x"
"4503",9942.12475361955,-8765.23800894352,"x"
"4504",9781.20768957328,-8370.00712234025,"x"
"4505",9815.55728815654,-8416.21987407483,"x"
"4506",9611.30070773626,-7940.11074800601,"x"
"4507",10168.294417482,-9199.60233743932,"x"
"4508",9678.5239629733,-8106.50279049634,"x"
"4509",10263.1905805894,-9490.01847036268,"x"
"4510",9507.25687636734,-7680.71405615572,"x"
"4511",10298.3482665907,-9491.41468446176,"x"
"4512",9748.82369917573,-8246.80607020221,"x"
"4513",9556.63655541929,-7956.52019846211,"x"
"4514",9744.3775496528,-8372.03197089434,"x"
"4515",9964.8278429379,-8803.47099209466,"x"
"4516",9468.02917886695,-7526.55974288304,"x"
"4517",9426.61149321557,-7512.12031597184,"x"
"4518",9994.09124407875,-8912.18032183532,"x"
"4519",9619.98008753347,-7902.67455193385,"x"
"4520",9514.02969964438,-7714.06763465702,"x"
"4521",9887.73571565904,-8427.73400257622,"x"
"4522",9720.25326039039,-8272.0520441922,"x"
"4523",9614.16993785065,-8005.03695920394,"x"
"4524",10122.0152324215,-9150.29246382463,"x"
"4525",10032.2208569794,-8995.43176298173,"x"
"4526",9532.02533074536,-7924.97307105784,"x"
"4527",9141.0145951511,-6799.64250818116,"x"
"4528",9538.18058816302,-7772.67932882639,"x"
"4529",10159.2239979164,-9118.27609246273,"x"
"4530",9814.41197161216,-8432.2280379693,"x"
"4531",9816.58284713994,-8398.08555711295,"x"
"4532",9814.13958553787,-8428.95028667046,"x"
"4533",10092.2933590135,-8978.27278898449,"x"
"4534",9159.1881217345,-7110.5715251255,"x"
"4535",9658.38580891492,-7902.09797344986,"x"
"4536",9842.81096362262,-8588.72674836062,"x"
"4537",9521.7230145947,-7729.43779047082,"x"
"4538",10286.2364169421,-9717.01957820173,"x"
"4539",10022.921292966,-8870.32867296245,"x"
"4540",9597.83923310893,-7986.88125064094,"x"
"4541",9735.47029745384,-8313.9777429106,"x"
"4542",10033.8631122103,-8794.92917879865,"x"
"4543",10149.4381422326,-9207.64927138859,"x"
"4544",9799.08218432696,-8500.62634423436,"x"
"4545",9444.81979704116,-7540.90806803561,"x"
"4546",9882.16423369717,-8450.23370190618,"x"
"4547",9753.78812662916,-8239.91998676936,"x"
"4548",9442.43741350208,-7638.74759808612,"x"
"4549",9835.73300445483,-8416.37470574303,"x"
"4550",9971.54670271645,-8797.69985911213,"x"
"4551",9437.69472620999,-7595.89794689361,"x"
"4552",9958.45465015666,-8734.77818564899,"x"
"4553",9499.61158078918,-7820.70485926075,"x"
"4554",9922.87752722631,-8799.60492205143,"x"
"4555",10154.2776278406,-9138.93639648945,"x"
"4556",9743.92646495705,-8320.74772726485,"x"
"4557",9541.5336334376,-7842.09314408431,"x"
"4558",9859.96120008355,-8504.19036407568,"x"
"4559",9627.60910193846,-8068.30406466139,"x"
"4560",10042.7577418854,-9165.08675664299,"x"
"4561",9747.91973350512,-8318.31081404039,"x"
"4562",10147.0626241818,-9053.14154828295,"x"
"4563",9196.70764076591,-7114.35439895689,"x"
"4564",9945.09831412594,-8624.15843473928,"x"
"4565",10187.7946955881,-9346.43978160817,"x"
"4566",9997.8946899916,-8966.3842782739,"x"
"4567",9372.36676691981,-7524.04500509166,"x"
"4568",10094.4609034714,-8967.94831168354,"x"
"4569",9856.3507275428,-8520.56232487543,"x"
"4570",9924.66654106955,-8899.65230899493,"x"
"4571",9289.02144791383,-7427.92150555,"x"
"4572",10229.0569290799,-9478.53054032383,"x"
"4573",10233.3395045492,-9237.2892738059,"x"
"4574",9438.50551834242,-7716.49684502498,"x"
"4575",9651.66481353753,-7957.57670410198,"x"
"4576",9703.57256154856,-8170.74651733507,"x"
"4577",9823.60266369504,-8578.98042362751,"x"
"4578",10455.9851841308,-9938.48351653512,"x"
"4579",9983.19552648674,-8786.23370628694,"x"
"4580",9828.53509600496,-8405.80226687629,"x"
"4581",9586.49229044415,-7848.42919850902,"x"
"4582",9295.20160036048,-7223.65835476818,"x"
"4583",10058.3075841347,-9084.61776899141,"x"
"4584",9754.97128770375,-8430.49445281803,"x"
"4585",10154.8092736019,-9183.94237340492,"x"
"4586",9448.90510703091,-7660.3610198406,"x"
"4587",9972.44253639888,-8730.59962598729,"x"
"4588",10124.2531950503,-9148.23288025329,"x"
"4589",9797.64005627443,-8586.50787166403,"x"
"4590",9420.16874631994,-7555.89272768497,"x"
"4591",9973.34385978706,-8821.51626924751,"x"
"4592",9697.45894062456,-8163.68072229615,"x"
"4593",8833.23017954515,-6140.73846505887,"x"
"4594",9491.50292001836,-7709.76360196708,"x"
"4595",9812.31916879454,-8422.68949736505,"x"
"4596",10196.2620344944,-9350.49250117463,"x"
"4597",9985.52625822143,-8666.50591343961,"x"
"4598",9270.88247795605,-7132.24748389605,"x"
"4599",9773.86100569982,-8412.1467580925,"x"
"4600",9170.0561324902,-6934.76682638058,"x"
"4601",9886.8333696494,-8661.46064568218,"x"
"4602",10154.6511597125,-9001.49125210675,"x"
"4603",9608.27480727829,-7936.88252078954,"x"
"4604",9352.70008007849,-7440.65522356588,"x"
"4605",9651.58228229253,-8076.93934888296,"x"
"4606",9074.7526568907,-6696.15388155353,"x"
"4607",9620.33815730683,-8189.48689658078,"x"
"4608",10164.7155299149,-9218.69691212146,"x"
"4609",9735.65843750929,-8202.99922330488,"x"
"4610",10197.8245579441,-9186.12805749278,"x"
"4611",9411.51324524505,-7604.755557196,"x"
"4612",9408.33985637746,-7611.77600351025,"x"
"4613",9425.03343871861,-7586.42785791444,"x"
"4614",9697.7814669847,-8208.90100070921,"x"
"4615",9494.12644869834,-7593.2583074255,"x"
"4616",9776.33888493757,-8404.15412441937,"x"
"4617",9888.51020027725,-8663.67713200227,"x"
"4618",9633.68223304197,-8006.53449609165,"x"
"4619",9419.84974733335,-7670.49248608365,"x"
"4620",10004.5119451799,-8964.24572930129,"x"
"4621",9926.28930180447,-8720.40347118817,"x"
"4622",9753.99837258615,-8258.00857126342,"x"
"4623",9231.18617123663,-7021.78299638702,"x"
"4624",9721.13089419486,-8175.27773592864,"x"
"4625",9768.39699703711,-8264.38523166822,"x"
"4626",9429.2300956013,-7429.05708107005,"x"
"4627",9731.50368708291,-8183.54963975374,"x"
"4628",9952.2794853667,-8694.56231390882,"x"
"4629",10152.9959089628,-9196.4202555052,"x"
"4630",9868.57135870447,-8593.44016555904,"x"
"4631",9930.72299695518,-8746.71501842026,"x"
"4632",9438.26889954841,-7603.67580764516,"x"
"4633",9737.4362958007,-8251.2087163337,"x"
"4634",9372.59507380734,-7429.13439993056,"x"
"4635",9528.38776428497,-7746.45642348698,"x"
"4636",10138.2762369419,-8941.16639252684,"x"
"4637",9363.16601196986,-7490.66286135617,"x"
"4638",9686.09621541618,-8124.21907228146,"x"
"4639",9045.60139517746,-6646.85627293188,"x"
"4640",9948.00683711275,-8782.02232866401,"x"
"4641",9489.77246285659,-7627.76516116038,"x"
"4642",9876.62980670918,-8515.09782747214,"x"
"4643",9817.93580214094,-8455.22966841515,"x"
"4644",10065.0257722701,-8961.38910098021,"x"
"4645",9897.96182309684,-8617.76663026578,"x"
"4646",9078.57880408787,-6722.41854056871,"x"
"4647",9970.11540638711,-8689.80030553112,"x"
"4648",9695.1988668879,-7985.09202236182,"x"
"4649",9521.57239056312,-7776.75396234186,"x"
"4650",9679.91394242716,-8162.37072740765,"x"
"4651",9481.5166552129,-7683.84664664605,"x"
"4652",9591.69709522651,-7887.70686054049,"x"
"4653",9670.73211004677,-8118.65032171007,"x"
"4654",9305.06216200231,-7352.8059967911,"x"
"4655",9415.20589215604,-7473.21999571507,"x"
"4656",9990.6479897686,-8751.64234151428,"x"
"4657",9644.369928559,-7819.6205069704,"x"
"4658",9687.36803987915,-8049.27900312465,"x"
"4659",9744.83236321201,-8109.95299870236,"x"
"4660",10188.9819306381,-9345.7965941942,"x"
"4661",10300.9600468413,-9411.76454419269,"x"
"4662",9680.85187268538,-8193.18093805706,"x"
"4663",9773.69336742476,-8232.12527989652,"x"
"4664",9811.25242737136,-8603.51136785643,"x"
"4665",9494.65824283266,-7802.6407481198,"x"
"4666",10442.0015124557,-9976.84634741416,"x"
"4667",10224.4603128209,-9382.05152064605,"x"
"4668",10410.2451813504,-9836.43380777563,"x"
"4669",9354.69292745167,-7374.7916937525,"x"
"4670",9714.12303981382,-8217.14596593631,"x"
"4671",9821.58498855106,-8346.43594336003,"x"
"4672",10394.9911870123,-9690.91986053153,"x"
"4673",10110.7306232373,-8811.70507849231,"x"
"4674",9441.91999850387,-7629.12934028439,"x"
"4675",9465.22849567192,-7498.46511024739,"x"
"4676",9431.40072953493,-7446.47361409947,"x"
"4677",9982.70763402738,-8698.58269875645,"x"
"4678",9860.86763756479,-8320.556290834,"x"
"4679",9736.68699655156,-8196.18280292601,"x"
"4680",9861.16438175002,-8410.93098622656,"x"
"4681",9805.98306692372,-8412.05625766769,"x"
"4682",9848.83390758686,-8489.61869232711,"x"
"4683",9662.77086984633,-7993.32627125532,"x"
"4684",9965.81885706641,-8955.76008119489,"x"
"4685",10140.6086370073,-9177.45073933179,"x"
"4686",10099.4058362069,-9078.73633804651,"x"
"4687",9958.92748152035,-8515.61459668958,"x"
"4688",9157.78418167801,-6894.45888922244,"x"
"4689",10051.5646531576,-8868.27354596145,"x"
"4690",9318.92884181609,-7194.97336936229,"x"
"4691",9741.99737797847,-8160.66092895379,"x"
"4692",9673.41371550603,-8144.91524819445,"x"
"4693",9987.46917428953,-8861.81337792685,"x"
"4694",9548.6095906023,-7793.06060758886,"x"
"4695",9989.17751979037,-8854.92401775112,"x"
"4696",9980.52717152499,-8756.06484796279,"x"
"4697",9963.00406655887,-8802.22550426579,"x"
"4698",10169.9363176222,-9084.92303756497,"x"
"4699",9285.01851921283,-7135.6381445558,"x"
"4700",9989.26155357355,-8825.13013363922,"x"
"4701",9978.69663451051,-8758.86706342831,"x"
"4702",9270.06421073615,-6907.08003036289,"x"
"4703",9783.32900529899,-8291.72949787553,"x"
"4704",10112.1596410272,-9101.62815597204,"x"
"4705",9473.53349714174,-7735.36783948426,"x"
"4706",9818.63274680775,-8368.11410902061,"x"
"4707",10083.7741738299,-9233.81292118123,"x"
"4708",10066.3106741553,-8990.9977679791,"x"
"4709",9748.46650878674,-8137.86674922146,"x"
"4710",10051.384720014,-9090.22798035842,"x"
"4711",9990.20723703752,-8827.1125749065,"x"
"4712",9661.29776160106,-8044.97409404416,"x"
"4713",9685.44227245617,-8282.24174718716,"x"
"4714",9502.91787281182,-7648.01784479939,"x"
"4715",9627.70592444261,-8046.24451684735,"x"
"4716",9878.27634231719,-8502.80570583759,"x"
"4717",9995.90401975559,-8853.5694527428,"x"
"4718",10024.7625019773,-9264.37391975313,"x"
"4719",10149.2185952256,-8973.70656701904,"x"
"4720",10058.8904168634,-8976.84120122593,"x"
"4721",9424.51511445513,-7461.85065341381,"x"
"4722",9634.56113072444,-8105.58676654899,"x"
"4723",9923.5026910669,-8660.20802428441,"x"
"4724",9850.77800007976,-8478.81461818898,"x"
"4725",9341.00880819037,-7492.42245875875,"x"
"4726",9669.14272558986,-8061.25749211243,"x"
"4727",9638.1241061247,-8178.67395643553,"x"
"4728",9733.52116343531,-8236.46584775568,"x"
"4729",9791.67615595024,-8411.90685859089,"x"
"4730",9645.28789569973,-8069.06830528772,"x"
"4731",9364.70808092751,-7358.44712572251,"x"
"4732",9555.95930208059,-7955.17299278369,"x"
"4733",9740.70766116954,-8286.56349404673,"x"
"4734",9775.25993534692,-8404.16254257169,"x"
"4735",9661.15417344839,-8061.27613348134,"x"
"4736",9932.14121386482,-8601.57691668433,"x"
"4737",10041.9970467028,-8845.06169956629,"x"
"4738",10025.1538637451,-8781.90787150557,"x"
"4739",10064.3160679114,-8752.47393055552,"x"
"4740",9770.0595666938,-8310.13390187443,"x"
"4741",9112.06200213287,-6695.06833391366,"x"
"4742",10237.2707932377,-9339.20130447174,"x"
"4743",9650.39849458277,-8051.54104012657,"x"
"4744",9789.32580647974,-8212.52453757323,"x"
"4745",9359.00591011331,-7293.43011323106,"x"
"4746",9846.48335277011,-8482.45554886282,"x"
"4747",9719.8659003662,-8173.84286742112,"x"
"4748",9882.06106236139,-8539.34921536972,"x"
"4749",9844.51153257516,-8412.50785256109,"x"
"4750",9319.50069903565,-7191.92759464725,"x"
"4751",9957.95717366284,-8886.89787791128,"x"
"4752",10023.3794001534,-8868.98239692741,"x"
"4753",10411.6627578934,-9865.88529879647,"x"
"4754",9468.03445507279,-7543.28705718299,"x"
"4755",9650.5262442695,-8126.02734258442,"x"
"4756",9504.08454268308,-7533.16737816701,"x"
"4757",9975.73407861029,-8754.24534274924,"x"
"4758",9645.79053998998,-8116.20474362241,"x"
"4759",9873.18470984905,-8561.9844522863,"x"
"4760",10244.6397638821,-9337.68973484747,"x"
"4761",10221.7098283365,-9416.57166173685,"x"
"4762",9477.85478676673,-7602.2903702388,"x"
"4763",10103.8329412467,-9200.90939497276,"x"
"4764",9858.29843798407,-8582.9668682166,"x"
"4765",9753.24738683513,-8365.46234841246,"x"
"4766",9699.42652802402,-8164.32324507024,"x"
"4767",9720.01136384431,-8162.21423417143,"x"
"4768",9686.85659262969,-8099.37800379242,"x"
"4769",9814.10599894481,-8545.56318524255,"x"
"4770",9781.14141540762,-8368.70373344098,"x"
"4771",9862.5856663521,-8428.7846436559,"x"
"4772",8489.7776694861,-5253.71110667206,"x"
"4773",9638.01615485957,-8096.00301761088,"x"
"4774",9324.67305709853,-7218.08151002297,"x"
"4775",10233.8099949966,-9321.71830102567,"x"
"4776",9870.73856544478,-8431.96275741903,"x"
"4777",9765.19500040304,-8335.63245476252,"x"
"4778",9479.9615077933,-7730.09191209697,"x"
"4779",10080.1623129871,-9238.14805625668,"x"
"4780",9885.13105873976,-8483.15379062012,"x"
"4781",10205.6128071818,-9435.85533950268,"x"
"4782",9627.30093859943,-8040.07841930262,"x"
"4783",9208.1175169057,-7034.91119317053,"x"
"4784",9299.6803326331,-7276.69916956754,"x"
"4785",9406.52778282818,-7517.52676504433,"x"
"4786",10208.9501378769,-9342.92687859414,"x"
"4787",9686.24663025299,-8167.01590411288,"x"
"4788",10372.9604501185,-9674.4455181407,"x"
"4789",9354.87295167894,-7380.10801824564,"x"
"4790",9636.68463637998,-7985.21684690422,"x"
"4791",9141.2377140475,-7041.04637316932,"x"
"4792",9589.39981894758,-7910.42393565139,"x"
"4793",8741.05267880831,-5686.08066747126,"x"
"4794",9507.74995080342,-7623.61201277808,"x"
"4795",9975.57557375555,-8836.87295829124,"x"
"4796",9589.24123119848,-7780.96241183334,"x"
"4797",9836.14724239443,-8318.92158777573,"x"
"4798",10139.8568587413,-9121.78636531915,"x"
"4799",9649.6229922476,-7950.96802989529,"x"
"4800",10026.1109548915,-8818.01132325039,"x"
"4801",10131.8397858157,-9068.89992295783,"x"
"4802",9687.04634586251,-7991.49884327893,"x"
"4803",10019.9968324735,-8804.58568549315,"x"
"4804",9660.5110930104,-7947.86698065211,"x"
"4805",10218.7697396411,-9357.49429331662,"x"
"4806",9265.5095745051,-6981.73366077754,"x"
"4807",9953.16504814973,-8708.91299500173,"x"
"4808",10149.5990152089,-9347.97219454206,"x"
"4809",9661.41540132869,-8155.10589402444,"x"
"4810",9406.49515006151,-7506.31816868291,"x"
"4811",9875.8198746773,-8611.61339468051,"x"
"4812",10150.9617366236,-9278.0970804167,"x"
"4813",9599.50249550776,-7884.37271681228,"x"
"4814",10263.4500009646,-9372.75914230142,"x"
"4815",9191.95742421658,-7041.74271172514,"x"
"4816",10266.0410366987,-9499.16926334694,"x"
"4817",10193.2618098879,-9219.66294771912,"x"
"4818",9921.29502586122,-8560.82168215923,"x"
"4819",9312.37211395834,-7237.14328416242,"x"
"4820",9609.4188505974,-7977.26368368346,"x"
"4821",9835.58364289063,-8386.91754841542,"x"
"4822",9756.08873049982,-8522.31358424519,"x"
"4823",10026.1992121794,-8870.2032601878,"x"
"4824",9435.02480923568,-7666.14938701025,"x"
"4825",9810.57259482457,-8311.92683919092,"x"
"4826",9888.72121227854,-8552.73102974435,"x"
"4827",9377.71582215544,-7444.59038621124,"x"
"4828",10139.0159571917,-9127.8671387993,"x"
"4829",9935.63265575981,-8477.52381252146,"x"
"4830",9724.55808796397,-8265.72456356458,"x"
"4831",9611.02438487256,-8043.88192542282,"x"
"4832",9776.10579377979,-8383.30986907699,"x"
"4833",9046.60122671503,-6569.75042130439,"x"
"4834",9801.13208281984,-8435.18537571423,"x"
"4835",9472.18942667321,-7688.30216121612,"x"
"4836",10205.256645796,-9293.88040415426,"x"
"4837",9441.1749672022,-7598.99127466049,"x"
"4838",10066.0878519007,-8945.66555782556,"x"
"4839",9565.0274618543,-7898.67673104345,"x"
"4840",9575.29242298956,-8023.74009426354,"x"
"4841",9370.39225372652,-7540.83039809386,"x"
"4842",10305.103489311,-9451.28975898968,"x"
"4843",10060.7571501813,-8985.75398251942,"x"
"4844",8708.01404126584,-5776.90771198974,"x"
"4845",10183.0685758178,-9241.80580359455,"x"
"4846",9645.84514379491,-7951.15045091764,"x"
"4847",9476.93760521659,-7550.51604256015,"x"
"4848",9767.48235295009,-8250.83365568053,"x"
"4849",9894.49688283842,-8552.00562423815,"x"
"4850",9981.57784885033,-8919.88599778274,"x"
"4851",9147.29426437805,-6820.67777419015,"x"
"4852",9744.70912624358,-8259.79508328232,"x"
"4853",9469.46086782355,-7644.77823960144,"x"
"4854",9807.2633667814,-8423.00519023822,"x"
"4855",9848.98590363679,-8516.66597537207,"x"
"4856",9988.13360896535,-8795.48782381075,"x"
"4857",9810.73202502162,-8410.18489501596,"x"
"4858",10016.4185464015,-8992.36036939303,"x"
"4859",9783.07157053125,-8416.4448855456,"x"
"4860",10018.5437984507,-8883.60410761552,"x"
"4861",9997.67950653083,-8805.42917284319,"x"
"4862",9785.6830416956,-8330.90448304228,"x"
"4863",10156.447124056,-9080.11271322345,"x"
"4864",9278.21561244946,-7157.7153806358,"x"
"4865",10033.0767041811,-9047.0115420552,"x"
"4866",9134.58678601598,-6716.79736711891,"x"
"4867",9928.00610403758,-8649.41607603556,"x"
"4868",9196.25578257263,-6985.55916679736,"x"
"4869",8655.41966933116,-5770.02614374723,"x"
"4870",9534.15360625916,-7928.66700822755,"x"
"4871",9748.61020824466,-8191.84127523857,"x"
"4872",9169.10234841584,-7047.54914218251,"x"
"4873",9582.30320222273,-8020.85881802816,"x"
"4874",10064.5417479002,-9078.85929242884,"x"
"4875",9721.02844121679,-8169.77239073466,"x"
"4876",10216.7204378951,-9220.03713725289,"x"
"4877",9938.21222882621,-8556.18956065457,"x"
"4878",9744.33278079211,-8193.94290847278,"x"
"4879",9896.78733996614,-8644.07449788882,"x"
"4880",9562.71082882005,-7867.95339936636,"x"
"4881",9649.33882326531,-8113.96747961583,"x"
"4882",9921.56513267118,-8700.63363780969,"x"
"4883",9776.33942117853,-8365.28580876762,"x"
"4884",9621.08151149902,-7888.26124007156,"x"
"4885",9800.25776089095,-8325.70328822055,"x"
"4886",10154.4063891097,-9066.99262114152,"x"
"4887",9754.67312259847,-8345.8443550432,"x"
"4888",9950.39104344378,-8697.76799707376,"x"
"4889",10259.4051569419,-9456.48596135908,"x"
"4890",9790.49835920736,-8330.15188455615,"x"
"4891",9800.73085602837,-8466.01824852487,"x"
"4892",9400.9056056942,-7483.82717118091,"x"
"4893",10127.0075219357,-9120.74920954555,"x"
"4894",9143.2466820099,-7024.53260230777,"x"
"4895",10204.3028253676,-9552.80293184009,"x"
"4896",9476.68817347947,-7599.16205199847,"x"
"4897",9975.31557822355,-8927.08067075093,"x"
"4898",9748.21248548556,-8291.60477169092,"x"
"4899",9432.50220191154,-7510.8244913203,"x"
"4900",9530.70981050757,-7680.49023652133,"x"
"4901",9076.11015781749,-6849.71551100224,"x"
"4902",9265.42598297188,-7282.1907144213,"x"
"4903",9370.89899554042,-7471.26339868083,"x"
"4904",9138.43957658143,-6685.89776857447,"x"
"4905",9203.32354274407,-7084.55302384202,"x"
"4906",9820.26652058352,-8435.96466209447,"x"
"4907",10047.6858565644,-8821.94897228554,"x"
"4908",9496.77533998249,-7646.10994467714,"x"
"4909",9892.23033740223,-8591.50513417273,"x"
"4910",10044.536135961,-8915.26767976005,"x"
"4911",9662.71327004466,-8213.31416359445,"x"
"4912",9475.38430319288,-7536.15522381591,"x"
"4913",9515.30947909732,-7774.46102810849,"x"
"4914",9611.59239488811,-8009.53239236747,"x"
"4915",9591.46220284053,-7950.5234075738,"x"
"4916",10280.2910614453,-9420.31962188232,"x"
"4917",8903.29049207324,-6317.86046578353,"x"
"4918",9886.06999181952,-8463.79929166029,"x"
"4919",9662.80292786326,-8012.8235993892,"x"
"4920",9631.58122142455,-8028.9168472836,"x"
"4921",9375.33083792713,-7394.44693962168,"x"
"4922",10140.6472527522,-9070.22536145175,"x"
"4923",9445.52775869365,-7542.2431024691,"x"
"4924",9589.31850865338,-7824.18881739794,"x"
"4925",9608.52601750078,-7941.20651182351,"x"
"4926",9835.89711146355,-8546.16870267092,"x"
"4927",10064.9030332022,-8760.43896824183,"x"
"4928",9838.08915269803,-8482.55247400339,"x"
"4929",9633.36576311359,-8187.28635482331,"x"
"4930",9687.41799448073,-8058.59888290242,"x"
"4931",9569.31982414983,-7902.35756996887,"x"
"4932",9413.34739598742,-7505.80624631056,"x"
"4933",9184.34116442156,-7019.50499844568,"x"
"4934",9325.94388705224,-7289.00912702404,"x"
"4935",10208.1765190478,-9218.47817349865,"x"
"4936",8970.11650890548,-6549.11765398452,"x"
"4937",9765.787587117,-8285.4181301055,"x"
"4938",9489.79870759565,-7626.29425909536,"x"
"4939",9285.41028693096,-7102.82272744855,"x"
"4940",9838.42464076398,-8425.86254575591,"x"
"4941",9572.16628287635,-7825.74406752488,"x"
"4942",9260.18759336971,-7416.11919047127,"x"
"4943",10029.0119914014,-8783.94931288202,"x"
"4944",9739.7205446782,-8199.92357425414,"x"
"4945",9564.68850795736,-7964.31120310261,"x"
"4946",9799.25401715148,-8385.03616294696,"x"
"4947",9341.78971469031,-7306.51668868762,"x"
"4948",10093.0264767535,-8993.9232670087,"x"
"4949",9850.77640495101,-8441.22472943409,"x"
"4950",9627.21849915214,-7880.16374790381,"x"
"4951",10306.6041242283,-9292.99908460809,"x"
"4952",9988.58581640228,-8757.74681666687,"x"
"4953",9776.43445686435,-8356.01704075691,"x"
"4954",9851.3395896081,-8437.76521343611,"x"
"4955",9728.54836530142,-8233.58314246699,"x"
"4956",9694.34735521939,-8248.08201951462,"x"
"4957",9800.97134686353,-8330.88357576249,"x"
"4958",9371.40283185879,-7420.18698771413,"x"
"4959",9799.67992274604,-8472.67641316399,"x"
"4960",9584.49453508769,-7848.55678244268,"x"
"4961",10085.4484312838,-9062.06800659552,"x"
"4962",9961.2449574829,-8661.8457604195,"x"
"4963",9926.9437057305,-8614.97197838767,"x"
"4964",9643.40982333438,-7950.04051538369,"x"
"4965",9153.62299155276,-7141.80990378779,"x"
"4966",9769.98416267129,-8319.23853106601,"x"
"4967",10189.9525178711,-9173.85426835853,"x"
"4968",9847.97720362022,-8408.1796509666,"x"
"4969",9475.87721864648,-7711.93357190544,"x"
"4970",9775.59624557,-8251.24811177329,"x"
"4971",9556.98915882173,-7971.28068823566,"x"
"4972",9752.29991038707,-8320.02490260092,"x"
"4973",10004.8960960693,-8712.57216750617,"x"
"4974",9975.84427104403,-8773.91355035932,"x"
"4975",10127.4029509795,-9023.09836502548,"x"
"4976",9751.82185264581,-8162.57226438285,"x"
"4977",9631.49649105042,-7857.48897516405,"x"
"4978",9435.53841528917,-7632.68956899385,"x"
"4979",10095.8400604798,-9014.33510876574,"x"
"4980",9220.22235300379,-7076.86182576417,"x"
"4981",9462.30124657588,-7726.57383771477,"x"
"4982",10476.6547653374,-9723.06633286536,"x"
"4983",9324.04130865706,-7193.58750307037,"x"
"4984",10040.1217036338,-8982.57037985487,"x"
"4985",9902.21015747098,-8516.70851658547,"x"
"4986",9383.5320169967,-7462.74436894579,"x"
"4987",9855.61697251157,-8401.02696820206,"x"
"4988",9834.18927806876,-8481.9863148989,"x"
"4989",9752.87695490178,-8329.52892469065,"x"
"4990",9651.41629076949,-8017.2941167542,"x"
"4991",9073.89767422707,-6471.67194758945,"x"
"4992",9967.43213777653,-8810.76051969363,"x"
"4993",10100.7227527587,-9052.16985528195,"x"
"4994",10020.3117022156,-8882.70023472583,"x"
"4995",9616.59083309727,-7928.52900346252,"x"
"4996",9978.67876989164,-8906.1352494968,"x"
"4997",9491.35075023658,-7716.35843709638,"x"
"4998",9818.80569941868,-8232.95593807753,"x"
"4999",9152.37750511311,-7025.24641528144,"x"
"5000",9201.9936451061,-7130.34837242744,"x"
"5001",9861.82912588808,-8497.43130254725,"x"
"5002",9131.78885252447,-6976.42070505408,"x"
"5003",9003.15158854891,-6334.83844287887,"x"
"5004",9270.75477360778,-7092.22579120505,"x"
"5005",9637.76888400425,-7977.70102286716,"x"
"5006",9612.56215504831,-7970.23270976806,"x"
"5007",9899.74092053686,-8644.98123558543,"x"
"5008",9722.4714838406,-7989.57121789638,"x"
"5009",9179.47070285739,-6909.43618837854,"x"
"5010",9298.10473596187,-7293.36623823285,"x"
"5011",9118.97679716599,-6785.64643067891,"x"
"5012",9564.53817527869,-7881.97999043397,"x"
"5013",9728.05272352676,-8228.22776209,"x"
"5014",9718.66867913566,-8146.06166020985,"x"
"5015",9583.76243734929,-7854.97736195343,"x"
"5016",9312.98217014889,-7401.64935136381,"x"
"5017",10117.4587020021,-9121.58543524662,"x"
"5018",9885.67730651838,-8654.40538158857,"x"
"5019",9691.76112419398,-8097.9701798946,"x"
"5020",9126.27645051964,-6922.90003759247,"x"
"5021",10090.5211963986,-9036.49604440333,"x"
"5022",10149.4863647887,-8991.63922016859,"x"
"5023",10074.9925207218,-9148.12488944639,"x"
"5024",9566.06090814729,-7952.22841338945,"x"
"5025",10166.0182434283,-9301.61877095411,"x"
"5026",9585.45590158943,-7984.37658985541,"x"
"5027",9717.86965115011,-8263.85717603863,"x"
"5028",10104.9441591162,-9122.09322571879,"x"
"5029",9633.00362712102,-7979.46392030674,"x"
"5030",10084.9543770901,-9106.27115843519,"x"
"5031",9830.37539051722,-8373.38767607432,"x"
"5032",10012.9223097958,-8923.90355799386,"x"
"5033",9341.56676853456,-7295.7554396775,"x"
"5034",9530.72929072652,-7833.91604551227,"x"
"5035",9983.69793541176,-8742.67051777176,"x"
"5036",9333.21489014159,-7262.86666365945,"x"
"5037",9937.07015992459,-8576.27847674468,"x"
"5038",9410.89916883852,-7560.65770050303,"x"
"5039",9995.0948272167,-8730.84499220223,"x"
"5040",9459.80693232117,-7389.33116092725,"x"
"5041",9662.9214292845,-8249.77290929425,"x"
"5042",10289.8976359941,-9450.36992013515,"x"
"5043",9483.2542381864,-7651.77332286516,"x"
"5044",9529.9618042524,-7738.20211991321,"x"
"5045",9428.94467773338,-7619.39508170055,"x"
"5046",9973.05389645876,-8776.34094830645,"x"
"5047",9688.38924331509,-8010.6973032079,"x"
"5048",9597.55576232468,-7951.65014973223,"x"
"5049",9689.82006869513,-8029.95450762731,"x"
"5050",9586.92056341067,-7847.81787166644,"x"
"5051",10219.3596012472,-9374.70678175162,"x"
"5052",9844.80639579765,-8443.98653566352,"x"
"5053",10189.3475704486,-9459.86282062807,"x"
"5054",9627.77105000219,-7845.14161161341,"x"
"5055",9615.19478919545,-8028.58287451933,"x"
"5056",9064.46019912674,-6639.60536019445,"x"
"5057",10257.7009085715,-9206.49610260508,"x"
"5058",9809.28922988337,-8375.22673741481,"x"
"5059",9975.73767823539,-8854.88115443848,"x"
"5060",9814.89628935842,-8328.05304055946,"x"
"5061",10180.4290038368,-9671.12243212373,"x"
"5062",9985.33915909807,-8799.94250634929,"x"
"5063",8616.33797032335,-5591.95940933311,"x"
"5064",9874.78147372866,-8798.46460218277,"x"
"5065",9962.48116036205,-8772.76153769104,"x"
"5066",8698.56334044993,-5907.22219105439,"x"
"5067",9267.67933253587,-7116.51926471651,"x"
"5068",10159.7711053745,-8986.37992494746,"x"
"5069",10128.0044697316,-9092.09816452316,"x"
"5070",9630.06945633218,-7987.15281486793,"x"
"5071",9069.55032949117,-6677.84918622139,"x"
"5072",8924.595626141,-6445.20947909642,"x"
"5073",9713.59131989364,-8162.84181872895,"x"
"5074",9466.26540783847,-7626.14785735269,"x"
"5075",8797.95125878296,-6128.96679527317,"x"
"5076",9902.05824776803,-8627.21200460309,"x"
"5077",9812.90457409615,-8452.39121829615,"x"
"5078",10002.0687066833,-8731.98246065716,"x"
"5079",9642.05427684584,-8032.56214765148,"x"
"5080",9806.25456515636,-8361.62910276171,"x"
"5081",9938.89005215556,-8697.03732534156,"x"
"5082",9613.75213601137,-7774.83336030656,"x"
"5083",9727.13588126029,-8062.09371846215,"x"
"5084",10050.6857162366,-8948.11928210637,"x"
"5085",10131.3659982184,-9008.95170640956,"x"
"5086",10080.8124135246,-8961.98757882872,"x"
"5087",10375.8766025154,-9599.72474968649,"x"
"5088",9584.75267637311,-8009.94688582688,"x"
"5089",10097.4399586131,-9086.59061806444,"x"
"5090",9993.80978320381,-8812.82409621438,"x"
"5091",10221.2366223441,-9542.41262592071,"x"
"5092",10118.0232476191,-9179.6254932522,"x"
"5093",9695.64933584319,-8185.78080631751,"x"
"5094",9834.10664051743,-8452.27306451362,"x"
"5095",9209.04828767951,-6995.86777708393,"x"
"5096",9444.15111744239,-7739.08275930274,"x"
"5097",9667.20154199023,-8092.83723788887,"x"
"5098",10231.721215442,-9362.7243154558,"x"
"5099",9769.77507932069,-8332.46417035765,"x"
"5100",10041.2253054055,-8969.92110056801,"x"
"5101",10000.9494290681,-8681.48433068137,"x"
"5102",9828.08918870547,-8606.50742648731,"x"
"5103",9612.17091541242,-8069.87053611784,"x"
"5104",9728.91972348526,-8224.62292961246,"x"
"5105",9600.14913542488,-7830.90679705489,"x"
"5106",9840.12488131397,-8540.43000791997,"x"
"5107",9928.94744348467,-8806.65855521172,"x"
"5108",10251.9131468526,-9623.53361498926,"x"
"5109",9632.94649036014,-8243.37240611621,"x"
"5110",10276.1310255279,-9240.06020190075,"x"
"5111",10211.7294506098,-9295.53527770574,"x"
"5112",9716.71907512353,-8131.89926321437,"x"
"5113",9787.09928631095,-8365.63588659969,"x"
"5114",9994.74618673104,-8832.68505374903,"x"
"5115",10221.9075179355,-9593.28966273869,"x"
"5116",10011.8820814051,-8889.31486832972,"x"
"5117",10291.2273375711,-9413.32563499487,"x"
"5118",10181.302739456,-9649.35853641453,"x"
"5119",9528.60116195617,-7833.22868675457,"x"
"5120",9786.38622301263,-8389.24512046363,"x"
"5121",9942.64078778461,-8635.13441897322,"x"
"5122",9865.2688713457,-8643.05750557854,"x"
"5123",9426.41079727112,-7610.4852835031,"x"
"5124",9729.42575314218,-8311.20697480964,"x"
"5125",9299.02410448003,-7144.95680469425,"x"
"5126",10107.9739293529,-9112.85952340339,"x"
"5127",9409.72310795201,-7554.11234266461,"x"
"5128",9264.59796071615,-7234.96517951468,"x"
"5129",9595.92463910729,-8031.80355330437,"x"
"5130",9360.32622205322,-7416.66571958157,"x"
"5131",9752.05536987006,-8225.2304546841,"x"
"5132",9997.80146239619,-8935.9991775488,"x"
"5133",9650.54037544139,-8216.30909500142,"x"
"5134",9500.54962474213,-7659.36983298002,"x"
"5135",9916.71194264589,-8612.25023423437,"x"
"5136",9811.37730590632,-8432.0495796655,"x"
"5137",9489.09728899916,-7744.2886890483,"x"
"5138",9845.20426146835,-8408.97357637375,"x"
"5139",10014.8967327101,-8943.45870943565,"x"
"5140",9520.49925812604,-7664.08661333924,"x"
"5141",10156.1678650222,-9486.52566435956,"x"
"5142",9616.43776456842,-8046.37585706937,"x"
"5143",10285.8951621599,-9219.80263782814,"x"
"5144",9486.55951185826,-7691.22941877854,"x"
"5145",9938.99633101166,-8697.27319331922,"x"
"5146",9920.13981456832,-8605.52598972035,"x"
"5147",9933.1540035947,-8763.68746539207,"x"
"5148",9789.78137092718,-8354.02356431825,"x"
"5149",9564.55282136794,-7859.84759367654,"x"
"5150",9722.30246734455,-8397.12984300998,"x"
"5151",9783.63179116779,-8393.7181337192,"x"
"5152",9607.76683649481,-8012.75582426351,"x"
"5153",9865.54596665999,-8635.65181014778,"x"
"5154",9535.17682693363,-7733.48873836272,"x"
"5155",9729.30057700203,-8229.24631378276,"x"
"5156",9008.99074598604,-6559.38027498544,"x"
"5157",9826.91175507402,-8445.0160893341,"x"
"5158",9852.70478863042,-8439.41080353926,"x"
"5159",9969.18796506169,-8935.96523960125,"x"
"5160",9702.86924218713,-8316.61084745848,"x"
"5161",10025.4546575975,-8885.06708140575,"x"
"5162",9812.35798834202,-8425.4631597963,"x"
"5163",9897.05710829916,-8594.62909978227,"x"
"5164",9748.89028145975,-8184.28918251153,"x"
"5165",10188.3495763607,-9264.65457529823,"x"
"5166",9743.89236581479,-8274.84217277738,"x"
"5167",10196.9511691843,-9317.62402379353,"x"
"5168",9907.7514883858,-8533.71634213556,"x"
"5169",9865.59844578592,-8409.54151371428,"x"
"5170",8940.26058144008,-6383.03086222687,"x"
"5171",9997.0703386428,-9004.81172428899,"x"
"5172",9232.80653470976,-7074.02225399231,"x"
"5173",10127.017788981,-9145.68005352708,"x"
"5174",9769.21752551392,-8217.42871643949,"x"
"5175",10106.0144505874,-9043.14322968157,"x"
"5176",9546.00812482708,-7778.33929873401,"x"
"5177",10014.9085292804,-8932.37305033368,"x"
"5178",9697.08160774302,-8154.79239587936,"x"
"5179",9819.77762952264,-8483.03603349799,"x"
"5180",9668.75902395306,-8168.93562430913,"x"
"5181",9278.91493223424,-7179.38501274855,"x"
"5182",9650.81995533098,-8008.91264950702,"x"
"5183",9989.01395036186,-8949.95958684592,"x"
"5184",9666.73658233713,-8085.14168891231,"x"
"5185",10039.7181191875,-8854.00486434242,"x"
"5186",9089.37273340587,-6753.2474278702,"x"
"5187",10033.2913854321,-8833.00947825186,"x"
"5188",9411.4336563119,-7615.5809393301,"x"
"5189",10049.7344563447,-8947.12319768623,"x"
"5190",9644.41718492005,-7970.40817710292,"x"
"5191",9432.54841921498,-7508.45126400278,"x"
"5192",9942.55727672321,-8957.38039594418,"x"
"5193",9720.98461917999,-8243.80264543347,"x"
"5194",9840.78103920217,-8404.14468615454,"x"
"5195",10180.0614231392,-9223.22911464553,"x"
"5196",9319.97301134257,-7454.05022409765,"x"
"5197",10145.6249335922,-9225.79178525325,"x"
"5198",9309.99352859018,-7329.20775823802,"x"
"5199",9388.27188361905,-7481.02642158081,"x"
"5200",10142.3752014067,-9233.47113289053,"x"
"5201",9474.98686678344,-7565.9833439614,"x"
"5202",9642.08264407874,-7932.24348383201,"x"
"5203",9848.12750202663,-8693.08491615827,"x"
"5204",9651.66312822873,-8163.17535911065,"x"
"5205",9845.87200679409,-8495.46760700355,"x"
"5206",9390.95734037481,-7515.80892770392,"x"
"5207",9531.89375439786,-7673.02388624433,"x"
"5208",9474.18109897297,-7531.0371760558,"x"
"5209",9746.56651604023,-8345.40269250449,"x"
"5210",9373.37192500977,-7386.74480782165,"x"
"5211",9869.91067991385,-8542.47429314086,"x"
"5212",9912.38925290346,-8707.40952940447,"x"
"5213",9425.7902694021,-7622.91589749569,"x"
"5214",9526.0591480007,-7744.8269156515,"x"
"5215",10053.7184468307,-8816.7553403029,"x"
"5216",9268.43443246151,-7324.29940227836,"x"
"5217",10137.7899109804,-9114.98196252384,"x"
"5218",9421.50017046621,-7379.40738881679,"x"
"5219",9062.68902773416,-6809.05769574023,"x"
"5220",10057.0318117419,-8907.11251136156,"x"
"5221",10179.7610126417,-9207.15384474325,"x"
"5222",9412.31577818545,-7556.08597932648,"x"
"5223",9125.9866049926,-7015.90289879955,"x"
"5224",9901.07175163273,-8592.30834492636,"x"
"5225",9963.41778216186,-8595.18214519843,"x"
"5226",9743.75869751574,-8327.24225050676,"x"
"5227",9831.46126923732,-8410.26036865215,"x"
"5228",8998.59483547249,-6437.39721511802,"x"
"5229",9971.5402674905,-8620.97625265637,"x"
"5230",9410.59433999305,-7531.97083912276,"x"
"5231",9555.11437757374,-7818.69863745514,"x"
"5232",9452.08912122884,-7524.9035828974,"x"
"5233",10237.5758912766,-9364.962460034,"x"
"5234",9464.8407312678,-7731.42518007597,"x"
"5235",9555.46623449663,-7932.80271551257,"x"
"5236",10090.2164101543,-8849.53850392055,"x"
"5237",9526.37926151905,-7830.90350908281,"x"
"5238",9528.73305206469,-7689.3013576734,"x"
"5239",9440.85472128428,-7586.89910757283,"x"
"5240",9288.72962312278,-7307.0446254521,"x"
"5241",9535.95463376861,-7854.87673479521,"x"
"5242",9543.09525849162,-7666.05506044307,"x"
"5243",9965.44014879784,-8670.7727685807,"x"
"5244",9458.19150343503,-7649.01510255487,"x"
"5245",10097.5936814929,-9303.46957043647,"x"
"5246",9154.85085810329,-6689.12399659611,"x"
"5247",9608.74735947379,-7861.31611652001,"x"
"5248",9647.41158417106,-8101.91430475793,"x"
"5249",10164.4925705557,-9157.12295892389,"x"
"5250",10074.9330773425,-9222.73513057172,"x"
"5251",9413.62557683735,-7659.59279399322,"x"
"5252",10284.7609622151,-9494.02214438708,"x"
"5253",10017.213150498,-8811.78143108267,"x"
"5254",9780.9692767642,-8384.11673356881,"x"
"5255",9558.75632409159,-7835.98768534771,"x"
"5256",9983.73021006069,-8846.88634430882,"x"
"5257",9903.23400359473,-8513.50775723131,"x"
"5258",10069.0976612601,-9129.84368694758,"x"
"5259",9727.77594546357,-8161.97885791756,"x"
"5260",9310.58984457508,-7285.17168861005,"x"
"5261",9605.03777000828,-7936.48927244821,"x"
"5262",9932.34130169089,-8601.55481446729,"x"
"5263",9905.42292033839,-8715.4532929935,"x"
"5264",10013.1692228683,-8768.33676028411,"x"
"5265",9658.63856203065,-8015.34846612833,"x"
"5266",9986.27820959323,-8875.68335719955,"x"
"5267",9647.94001070298,-8007.33326560678,"x"
"5268",9481.24896255438,-7832.56712334733,"x"
"5269",9813.71747071821,-8392.44082468965,"x"
"5270",10066.9847813386,-9124.77782830157,"x"
"5271",9836.36847913347,-8463.489273247,"x"
"5272",9971.86881484496,-8701.98885019505,"x"
"5273",9856.78793022968,-8563.76261739582,"x"
"5274",9589.36030144235,-7942.41897506494,"x"
"5275",10312.1926615712,-9691.74772075572,"x"
"5276",9107.98443818089,-6861.07086820024,"x"
"5277",9556.2855963438,-7852.51488282885,"x"
"5278",9734.5591249491,-8407.27768199697,"x"
"5279",9919.49517217482,-8692.45471624815,"x"
"5280",8886.61801465289,-6398.68277364334,"x"
"5281",9386.48685222823,-7450.21862941554,"x"
"5282",9033.46322454183,-6589.49084781586,"x"
"5283",9546.29324561345,-7764.99529530054,"x"
"5284",9383.97446366212,-7372.69856537526,"x"
"5285",9079.84577564204,-6834.32961137545,"x"
"5286",9949.30363490219,-8739.10275971512,"x"
"5287",9827.10197870647,-8466.61703945425,"x"
"5288",10140.0207614153,-9268.93243681435,"x"
"5289",9580.54761491918,-7812.15655752771,"x"
"5290",9611.42527163072,-7977.77256413363,"x"
"5291",9673.03735569221,-8168.72883154922,"x"
"5292",9628.43863813976,-8079.85647132759,"x"
"5293",9786.85485498444,-8333.24410793781,"x"
"5294",9344.73231877959,-7265.15043355722,"x"
"5295",9846.06157352083,-8543.13927893058,"x"
"5296",9578.28709011145,-7863.2524346844,"x"
"5297",9691.28467447437,-8055.99439443074,"x"
"5298",9846.24748103891,-8449.97826293993,"x"
"5299",10422.4324237458,-9789.11766295597,"x"
"5300",9678.20761369865,-8020.13083062024,"x"
"5301",10034.1536047427,-8885.90418581343,"x"
"5302",9446.19370352041,-7654.71608364507,"x"
"5303",9891.75260448677,-8688.14053884787,"x"
"5304",10088.6782215055,-8988.97725382796,"x"
"5305",9818.30939847161,-8330.29528218174,"x"
"5306",9373.3730933798,-7472.3880914975,"x"
"5307",9326.39765319762,-7373.70513490218,"x"
"5308",9827.41746879653,-8410.13399583229,"x"
"5309",9694.93169513562,-8066.30938747572,"x"
"5310",10162.3994906503,-9140.92392714769,"x"
"5311",9680.10513247685,-8098.53678535892,"x"
"5312",9390.7811018083,-7547.66030702621,"x"
"5313",10044.0006931049,-8941.90785448599,"x"
"5314",9775.34706495189,-8197.325514884,"x"
"5315",9431.88212916015,-7497.97897487615,"x"
"5316",9947.81571375428,-8616.14232850224,"x"
"5317",9498.71742775717,-7852.51487490555,"x"
"5318",9380.87816118317,-7442.14798700317,"x"
"5319",9774.513479078,-8364.02395589159,"x"
"5320",10171.7587295923,-9134.37253239263,"x"
"5321",9814.90207628939,-8396.09983658407,"x"
"5322",8801.18067253492,-6109.85170269102,"x"
"5323",9653.7206929705,-8036.46334481861,"x"
"5324",10078.739093892,-9003.04663581479,"x"
"5325",9881.76091602297,-8455.39059499712,"x"
"5326",9768.56202820028,-8281.83171439829,"x"
"5327",10106.0584694439,-9007.80827406017,"x"
"5328",9918.8327211419,-8648.1154371986,"x"
"5329",9617.24221764117,-7937.47405404649,"x"
"5330",9741.10749914965,-8317.07988861714,"x"
"5331",10056.8399191388,-8974.88692572412,"x"
"5332",9701.14516607541,-8193.43597927798,"x"
"5333",9889.20438335599,-8617.94706902754,"x"
"5334",10091.0178011726,-8955.88747385137,"x"
"5335",9481.42906871963,-7504.38442650462,"x"
"5336",9002.50573313337,-6585.95261430159,"x"
"5337",10185.5868042244,-9212.51684141674,"x"
"5338",9535.47620933475,-7627.92527847583,"x"
"5339",9819.2827483636,-8527.2519899142,"x"
"5340",9664.99271007591,-8072.3410884792,"x"
"5341",9528.59749485612,-7855.29694473588,"x"
"5342",9966.55785547902,-8697.1103822674,"x"
"5343",9234.54714102684,-7165.42022868102,"x"
"5344",9292.52442970297,-7151.30107054026,"x"
"5345",9637.34745086084,-8096.98250923155,"x"
"5346",9938.19373577329,-8626.52115953823,"x"
"5347",9284.4012257773,-7315.77385049216,"x"
"5348",9038.01128701809,-6573.62065096203,"x"
"5349",9906.1671652165,-8674.59636696309,"x"
"5350",9057.10436621536,-6697.27788435483,"x"
"5351",9653.70416070528,-8200.49269798134,"x"
"5352",9668.82884011411,-8054.52570141838,"x"
"5353",9470.52731788616,-7592.3165465733,"x"
"5354",9914.70016675867,-8708.30554106515,"x"
"5355",9530.34799425812,-7862.27829813679,"x"
"5356",9176.92369893807,-7020.37515295863,"x"
"5357",10004.6204597419,-8734.4202315682,"x"
"5358",10265.8059151137,-9344.46719037466,"x"
"5359",9809.5788805701,-8343.05210129113,"x"
"5360",9894.55937896321,-8578.90496988058,"x"
"5361",10115.7510031386,-9120.84195995375,"x"
"5362",10308.2849777179,-9552.27910916476,"x"
"5363",9600.22978627624,-7869.12423652747,"x"
"5364",9475.00820292147,-7558.35579553042,"x"
"5365",9374.5509889045,-7366.56419735956,"x"
"5366",9848.17210513353,-8505.79632297216,"x"
"5367",9689.41990430671,-8142.7294307484,"x"
"5368",9509.87254010619,-7871.27296837102,"x"
"5369",9805.7122868479,-8364.83483823461,"x"
"5370",9443.68840588112,-7700.48284239862,"x"
"5371",9690.1563264165,-8133.73405043192,"x"
"5372",9787.24120929965,-8444.33957120173,"x"
"5373",9738.04871294121,-8282.52854088037,"x"
"5374",9867.4130950748,-8437.16139252083,"x"
"5375",9885.35371905911,-8557.13236133236,"x"
"5376",9571.75214565877,-7739.45713065511,"x"
"5377",8492.19705273887,-5295.43222628472,"x"
"5378",10083.9704835429,-9230.00592157146,"x"
"5379",9995.40775883465,-8614.03751351425,"x"
"5380",9899.88905707195,-8569.01366316154,"x"
"5381",9518.71415313829,-7686.68157872256,"x"
"5382",9759.93426113523,-8504.7653161144,"x"
"5383",9552.98723020206,-7936.37657317574,"x"
"5384",9414.08616968109,-7668.66274940726,"x"
"5385",9961.52535865024,-8872.77185280166,"x"
"5386",10032.087433678,-8918.29525452122,"x"
"5387",9961.67729475913,-8589.55840203532,"x"
"5388",9897.5300313825,-8595.23940989869,"x"
"5389",9496.49150333726,-7800.14132498493,"x"
"5390",9162.94681178076,-7072.01491386603,"x"
"5391",8942.82662308334,-6370.55008057501,"x"
"5392",9957.25971273865,-8689.80979061099,"x"
"5393",9198.43955390309,-6826.96997604525,"x"
"5394",9975.5368568458,-8804.12195850949,"x"
"5395",10151.1444794401,-9088.62036450194,"x"
"5396",10073.5606186013,-8845.91842025249,"x"
"5397",9353.26565554251,-7385.31134902032,"x"
"5398",9826.26837304153,-8501.72599770678,"x"
"5399",9857.85925221473,-8487.73190916613,"x"
"5400",9669.48472844145,-8086.84112866142,"x"
"5401",8855.78200520334,-6105.52962103995,"x"
"5402",9625.44323494599,-8060.61110726618,"x"
"5403",9772.36179070547,-8190.47293999071,"x"
"5404",10055.2035644939,-9129.02936502555,"x"
"5405",10086.0373867221,-9081.26759573635,"x"
"5406",9783.79856188421,-8293.39737868812,"x"
"5407",9408.51600497019,-7414.80726476055,"x"
"5408",9417.15862806401,-7650.1383812639,"x"
"5409",9815.75041031552,-8381.69425128568,"x"
"5410",9463.22600531879,-7515.0755646973,"x"
"5411",10167.4291748834,-9262.44277507483,"x"
"5412",9574.46548420257,-7841.15137857646,"x"
"5413",9753.03519404982,-8271.96180080438,"x"
"5414",9666.61460893366,-8065.46100808989,"x"
"5415",9380.94646989327,-7329.74716735543,"x"
"5416",10034.7322023929,-8826.276165818,"x"
"5417",9868.50286458547,-8555.34499483868,"x"
"5418",9642.77063203053,-8003.00604953776,"x"
"5419",9820.16435671069,-8646.59820144676,"x"
"5420",9842.48184914228,-8550.0003873193,"x"
"5421",9903.02776552339,-8432.89794054373,"x"
"5422",9351.51149172211,-7300.03462834459,"x"
"5423",10090.4364737577,-9108.64369613574,"x"
"5424",10214.5795946041,-9295.01038615204,"x"
"5425",9706.27564467518,-8256.89068684318,"x"
"5426",9904.53416924292,-8597.2817695721,"x"
"5427",9101.91089133443,-6655.36557910799,"x"
"5428",9908.77243212373,-8603.13509388369,"x"
"5429",9195.18526059408,-7065.33186344642,"x"
"5430",9529.04335024683,-7757.65758598279,"x"
"5431",9830.70573792168,-8362.05781914577,"x"
"5432",10066.8994677504,-8988.97873481396,"x"
"5433",9696.66258618468,-8143.34511834164,"x"
"5434",9919.33836358219,-8553.49143081222,"x"
"5435",9894.13816577528,-8614.38671835047,"x"
"5436",9586.52784833276,-7924.41612448848,"x"
"5437",9322.95524005078,-7312.42117041813,"x"
"5438",10293.9894690148,-9563.55473859036,"x"
"5439",9961.23903511348,-8814.9732101641,"x"
"5440",10019.8988149098,-8842.55920102639,"x"
"5441",8778.66916045131,-6074.44574161782,"x"
"5442",9087.71656881475,-6826.2139032059,"x"
"5443",10171.2134645974,-9231.24631073141,"x"
"5444",9911.0560367633,-8633.39957582276,"x"
"5445",10065.7603146243,-8966.41612694372,"x"
"5446",10124.5053148021,-9270.24535388601,"x"
"5447",9824.36781112164,-8483.56905557299,"x"
"5448",9854.26548368564,-8540.64949014876,"x"
"5449",9792.31716906019,-8181.37902029504,"x"
"5450",9894.0962797237,-8670.48639168194,"x"
"5451",9699.40996251235,-8216.75410431582,"x"
"5452",10030.2706264192,-8817.27324020311,"x"
"5453",9565.08285750447,-7847.19609712034,"x"
"5454",9531.57813426578,-7694.19076096436,"x"
"5455",9461.82398410243,-7553.47794626232,"x"
"5456",10404.9875010763,-9699.26658154829,"x"
"5457",9559.67384711734,-7942.32321800023,"x"
"5458",10424.8875162118,-10087.8848736474,"x"
"5459",9448.80265777337,-7607.80267262424,"x"
"5460",9585.10264967069,-7991.18687878365,"x"
"5461",9410.70772248775,-7603.07347375689,"x"
"5462",9918.18055271369,-8628.20557384357,"x"
"5463",9485.70409935472,-7636.90697111608,"x"
"5464",10288.1617148728,-9477.71445571717,"x"
"5465",9705.36138963717,-8107.88541140391,"x"
"5466",9815.47481489863,-8358.84703701067,"x"
"5467",10296.0204428591,-9523.76576880167,"x"
"5468",9946.48303390122,-8665.67015471916,"x"
"5469",10082.5405507739,-9092.17422404286,"x"
"5470",9351.33432043399,-7371.0782011828,"x"
"5471",10292.8355894684,-9384.48582000235,"x"
"5472",9651.19937033098,-7968.15115297812,"x"
"5473",9114.03213818803,-6855.19573129893,"x"
"5474",9783.77384618418,-8434.21363524195,"x"
"5475",9772.32030776489,-8233.73691022376,"x"
"5476",9687.2819089243,-8069.80427068397,"x"
"5477",9817.96269031285,-8272.01558701183,"x"
"5478",9368.94713737563,-7479.88403024927,"x"
"5479",9547.67696298964,-7862.61733859444,"x"
"5480",9165.52427502095,-7073.59156911904,"x"
"5481",9325.66133173307,-7412.86118644552,"x"
"5482",9494.02997660256,-7714.74949635033,"x"
"5483",9775.9594671671,-8288.10539556388,"x"
"5484",9386.1826021118,-7300.82184058115,"x"
"5485",9493.93034331264,-7614.6371485621,"x"
"5486",9091.13312797043,-6807.25556941389,"x"
"5487",9043.61347965466,-6952.43783968188,"x"
"5488",10198.9925794383,-9142.8981668317,"x"
"5489",9785.313217944,-8359.93869684928,"x"
"5490",9718.21220711828,-8254.08527881551,"x"
"5491",9705.05125713288,-8185.15414545487,"x"
"5492",9025.80444033459,-6646.51664410749,"x"
"5493",9818.48461086775,-8305.28585205595,"x"
"5494",9107.02293411932,-7022.32637158709,"x"
"5495",9975.77680045657,-8788.93701132426,"x"
"5496",9229.35199959851,-6997.58511785494,"x"
"5497",9759.05739348562,-8221.62565779589,"x"
"5498",10236.8562639387,-9335.88589160779,"x"
"5499",9954.17315253795,-8704.32936141571,"x"
"5500",10177.5015021497,-9196.47222984016,"x"
"5501",9780.08651002804,-8177.38110986023,"x"
"5502",9830.64987348017,-8579.0722829309,"x"
"5503",10071.6481079289,-9009.36967801157,"x"
"5504",9999.74027472413,-8834.29310701485,"x"
"5505",10032.0103028111,-8825.72112266932,"x"
"5506",9744.95268080837,-8249.65922242614,"x"
"5507",9348.33697803469,-7505.57165834742,"x"
"5508",10148.7607807862,-9177.33519182353,"x"
"5509",9794.86515781512,-8453.86548543515,"x"
"5510",9958.77384355799,-8889.82976877967,"x"
"5511",10063.2304094471,-9071.06922248541,"x"
"5512",9483.53594367698,-7587.85472325025,"x"
"5513",10031.607068098,-8870.97987977291,"x"
"5514",10056.2363704587,-8794.77012375323,"x"
"5515",9832.63433706664,-8512.13719463199,"x"
"5516",10229.4494325511,-9339.84816811771,"x"
"5517",9852.59095582297,-8631.32486875338,"x"
"5518",9793.0805153186,-8345.96144155991,"x"
"5519",10260.1293785435,-9231.26025293663,"x"
"5520",10172.1359826884,-9284.36635512437,"x"
"5521",9916.53673902798,-8528.2987612988,"x"
"5522",9228.91113621125,-7068.70842461433,"x"
"5523",10050.3180207623,-8902.59816784908,"x"
"5524",10132.1588006645,-9205.55865793284,"x"
"5525",9352.18064313512,-7330.13870000793,"x"
"5526",9908.25178951433,-8640.8043061428,"x"
"5527",10252.5509510534,-9707.9535679933,"x"
"5528",9652.76341769827,-8095.33720943479,"x"
"5529",9803.11160113209,-8468.6685523712,"x"
"5530",9830.24257088874,-8511.47885399377,"x"
"5531",9802.70045297466,-8293.28272036205,"x"
"5532",9251.18306450503,-6971.36070116299,"x"
"5533",9592.92887081563,-7961.75010883251,"x"
"5534",9989.50253084485,-8859.17849394231,"x"
"5535",9611.16938269741,-8028.78415138363,"x"
"5536",9750.44747375239,-8159.28556659268,"x"
"5537",9860.78456987175,-8563.10553213278,"x"
"5538",9598.85266830475,-8049.05476141947,"x"
"5539",10022.3747003541,-8924.70472867972,"x"
"5540",9002.14225688586,-6596.98783640542,"x"
"5541",9134.01654705391,-6772.01050749357,"x"
"5542",9998.29445860197,-8846.61261626218,"x"
"5543",9569.59245292475,-7926.98705140812,"x"
"5544",9689.61553200531,-8235.11101345378,"x"
"5545",9972.46776176987,-8705.84475718934,"x"
"5546",10057.0812695747,-9029.17014772544,"x"
"5547",9459.77021615988,-7759.28884862798,"x"
"5548",10058.3781396405,-8951.50923901487,"x"
"5549",9722.36416527469,-8118.40578415073,"x"
"5550",10338.2840826434,-9454.59839574578,"x"
"5551",10155.0471875576,-9320.23317952062,"x"
"5552",10036.5987126097,-8994.1619986802,"x"
"5553",10034.7875526983,-8866.52401645231,"x"
"5554",9684.1578257738,-8155.59999917851,"x"
"5555",9749.43798363915,-8328.03536475626,"x"
"5556",9900.74644663118,-8680.96726208701,"x"
"5557",9879.62598567749,-8541.19701801704,"x"
"5558",9805.44144929778,-8283.770670279,"x"
"5559",9456.31100040614,-7511.29203185512,"x"
"5560",9974.35762426658,-8806.14567924345,"x"
"5561",9606.76363687375,-7867.93917151847,"x"
"5562",9849.23045253587,-8493.19640495194,"x"
"5563",10002.3746674115,-8696.474974093,"x"
"5564",9467.95878907897,-7646.70707714948,"x"
"5565",9375.3983016656,-7474.63053730935,"x"
"5566",10018.0202651248,-9033.76903123334,"x"
"5567",9547.5768102774,-7817.94687052349,"x"
"5568",10297.2740797964,-9493.0519249695,"x"
"5569",9618.52609647361,-7959.80819624986,"x"
"5570",9922.75999335894,-8479.5098162538,"x"
"5571",10402.0557261058,-9555.67330286444,"x"
"5572",9889.91148658116,-8531.65063115404,"x"
"5573",10215.511960019,-9284.59452247485,"x"
"5574",9896.73735130289,-8603.36554610745,"x"
"5575",9267.23538803695,-7357.02012739007,"x"
"5576",9708.71885597906,-8099.09580475898,"x"
"5577",9709.08882192919,-8227.33462749245,"x"
"5578",9407.5167877393,-7647.49687928224,"x"
"5579",9400.78561249148,-7631.22259598899,"x"
"5580",9550.25744266092,-7865.02396134743,"x"
"5581",9854.88503958266,-8588.25750308565,"x"
"5582",9841.7461950384,-8459.17948658652,"x"
"5583",9366.98938329205,-7480.30972864539,"x"
"5584",9879.06220656711,-8493.89935085904,"x"
"5585",9285.67459916343,-7250.07369654029,"x"
"5586",9787.30864597557,-8340.17829145357,"x"
"5587",9754.09805317915,-8311.56232505133,"x"
"5588",10126.2027664205,-9230.4732963502,"x"
"5589",10184.6922261566,-9273.3230013221,"x"
"5590",9634.21714381408,-8057.87418836561,"x"
"5591",9616.65118219949,-7980.78489782667,"x"
"5592",9632.72891607199,-8016.51186982107,"x"
"5593",10137.9241440299,-9101.6498501741,"x"
"5594",9119.31479487181,-6971.33616850435,"x"
"5595",9357.42285514711,-7540.37941286748,"x"
"5596",9368.09790295139,-7391.4701486769,"x"
"5597",9100.40576686298,-6809.20322502445,"x"
"5598",9984.1457713392,-8775.0089696112,"x"
"5599",10055.4788893931,-8845.45133885765,"x"
"5600",9784.97718962,-8370.40093204891,"x"
"5601",9506.60547293979,-7748.16763602272,"x"
"5602",9143.1243252702,-7077.69161967703,"x"
"5603",9892.77129514239,-8504.8542992988,"x"
"5604",9989.67987122232,-8745.15741696924,"x"
"5605",9299.902341695,-7181.8803854235,"x"
"5606",10047.8236415906,-8945.45537323603,"x"
"5607",9308.45600932279,-7321.10100826032,"x"
"5608",9974.36499958628,-8862.66805714003,"x"
"5609",10095.2090423876,-8981.2119046349,"x"
"5610",10376.4239677678,-9448.2854295702,"x"
"5611",9175.317322363,-6896.22101500237,"x"
"5612",9949.69603714982,-8785.79930664586,"x"
"5613",10166.6888169616,-9093.90967231597,"x"
"5614",10131.2660033355,-8981.2745933038,"x"
"5615",10101.1233215494,-8987.73455305365,"x"
"5616",9862.33492262557,-8535.71433830523,"x"
"5617",10093.7477950921,-8939.21243028454,"x"
"5618",9425.19284293856,-7449.46415924674,"x"
"5619",9748.36141080615,-8285.07874273385,"x"
"5620",10104.80295815,-9237.3629856734,"x"
"5621",9895.64455927381,-8580.06383619391,"x"
"5622",9744.63819646853,-8287.54607794039,"x"
"5623",10293.2566128215,-9563.52976520946,"x"
"5624",9464.4049448803,-7597.49663153379,"x"
"5625",9460.07123107741,-7631.63201050313,"x"
"5626",9461.90210114046,-7817.20538459271,"x"
"5627",9926.80733902559,-8612.59015805082,"x"
"5628",9125.0551529057,-6805.6661030151,"x"
"5629",10112.0388931089,-9140.42321731509,"x"
"5630",9352.75921316701,-7349.1617857306,"x"
"5631",9856.91594619916,-8589.26199443067,"x"
"5632",9271.30821054067,-7303.33757209542,"x"
"5633",9309.50501176518,-7130.87320594526,"x"
"5634",10215.9790390538,-9300.84631321862,"x"
"5635",10018.7643251467,-8900.1533988726,"x"
"5636",9452.57586491125,-7587.20917303828,"x"
"5637",10260.3604361488,-9459.2582680244,"x"
"5638",9714.9300015227,-8250.89551926461,"x"
"5639",10196.354059045,-9643.50241134894,"x"
"5640",10065.0299328287,-8856.18653216974,"x"
"5641",10078.8509521932,-8983.23828987305,"x"
"5642",9087.59048302273,-6777.13377138278,"x"
"5643",9900.7287472466,-8632.43124409151,"x"
"5644",9768.68430225014,-8384.36857960346,"x"
"5645",9297.65799468412,-7238.49307202729,"x"
"5646",10120.6001858601,-9020.06860717366,"x"
"5647",9566.56515274132,-7986.79146127723,"x"
"5648",9973.22008671464,-8584.08147826082,"x"
"5649",10200.9289508344,-9253.9990115734,"x"
"5650",9682.07801325785,-8152.46059414145,"x"
"5651",9948.00848578297,-8792.43902271227,"x"
"5652",10153.3766572428,-9240.16224642593,"x"
"5653",9691.79706049649,-8138.54128644019,"x"
"5654",9392.81842602295,-7487.42695930472,"x"
"5655",10080.2342382614,-9503.60154363258,"x"
"5656",9660.06705912215,-8107.64398968237,"x"
"5657",10022.9210270017,-8893.43315678892,"x"
"5658",10025.4900364282,-9044.61699263112,"x"
"5659",9541.42620274997,-7773.22412523947,"x"
"5660",9062.6892448895,-6741.01151477402,"x"
"5661",9962.08468030506,-8741.90468447237,"x"
"5662",9565.15143393914,-7827.3806442524,"x"
"5663",9776.18835828724,-8433.47011242151,"x"
"5664",9144.51577355685,-7047.10135493701,"x"
"5665",10000.5055479577,-8693.28649784523,"x"
"5666",9995.31297659129,-8836.34780853519,"x"
"5667",9300.96407067184,-7331.92314770484,"x"
"5668",9858.81868969771,-8443.40943654048,"x"
"5669",9952.90816892053,-8713.19438646589,"x"
"5670",9738.24894818164,-8313.09843713062,"x"
"5671",9689.58516983689,-8083.63466004829,"x"
"5672",10071.5986399777,-8899.40071809941,"x"
"5673",9450.94179013073,-7592.85587325616,"x"
"5674",9892.06329470199,-8711.2976237673,"x"
"5675",9808.59606963768,-8347.29688904404,"x"
"5676",10118.3472796464,-9267.93927008553,"x"
"5677",9971.34986336999,-8864.46564364914,"x"
"5678",10406.1078781182,-9613.43977266284,"x"
"5679",9978.78721373132,-8816.90756835524,"x"
"5680",9565.11298145546,-7757.99217897997,"x"
"5681",9521.50226670119,-7883.3153488558,"x"
"5682",10137.9297343153,-9152.38148508336,"x"
"5683",9887.91720546471,-8752.68589307487,"x"
"5684",9811.3643707674,-8450.08888818291,"x"
"5685",9767.77714527517,-8236.70411235552,"x"
"5686",9965.28910529661,-8660.99210396542,"x"
"5687",9702.78378773694,-8349.56981350637,"x"
"5688",10005.5435878634,-8828.70532018671,"x"
"5689",9942.21300670247,-8667.43024106605,"x"
"5690",9457.06270983578,-7649.13259868903,"x"
"5691",9860.58484183014,-8463.41123326982,"x"
"5692",9675.35263962691,-7945.32377617105,"x"
"5693",10201.0507304097,-9294.32286868034,"x"
"5694",10022.3686171349,-8833.76568678579,"x"
"5695",9925.94830975596,-8645.52049572755,"x"
"5696",10107.7644442915,-9157.04030228766,"x"
"5697",10017.0233656196,-8875.05802489801,"x"
"5698",9955.00780057562,-8777.66298955058,"x"
"5699",9713.04374365767,-8058.87080404572,"x"
"5700",10175.4541844866,-9235.97986269289,"x"
"5701",10319.2779949633,-9476.71302897556,"x"
"5702",9925.15148224966,-8618.40426076555,"x"
"5703",8925.11262543874,-6579.58250596726,"x"
"5704",9438.77561556535,-7591.36088517557,"x"
"5705",9829.00419545844,-8705.60600842132,"x"
"5706",9221.84505925667,-6997.73119551639,"x"
"5707",9340.26017720271,-7341.9930766713,"x"
"5708",10088.0069037845,-9141.59329459874,"x"
"5709",9662.54030420224,-8172.95785362352,"x"
"5710",9479.50848071252,-7574.45937087667,"x"
"5711",9100.4995994385,-6804.6190676231,"x"
"5712",9425.57973240713,-7333.38897971163,"x"
"5713",9923.425855822,-8723.96770204251,"x"
"5714",10020.4343190876,-8807.7985178417,"x"
"5715",9790.69835385737,-8275.00341520898,"x"
"5716",10146.8447833459,-9036.59735814785,"x"
"5717",10308.9929814103,-9388.29077872135,"x"
"5718",9648.63813995685,-7994.56513906928,"x"
"5719",9533.44085144939,-7763.65102937524,"x"
"5720",9821.52397954822,-8474.65375433345,"x"
"5721",9526.44230598372,-7597.93883627059,"x"
"5722",9776.83566733974,-8368.69232149804,"x"
"5723",9634.91159245179,-8058.17308120291,"x"
"5724",9976.92947906575,-8910.4144026815,"x"
"5725",9934.88836029496,-8660.89582459437,"x"
"5726",9523.76096790176,-7812.48989746758,"x"
"5727",9487.27232534641,-7681.02276971969,"x"
"5728",9273.64624744504,-7181.23178856832,"x"
"5729",9534.55960779051,-7844.05210930926,"x"
"5730",10260.0664977364,-9301.88453360517,"x"
"5731",10084.4632250713,-9167.74798336656,"x"
"5732",9717.00565784399,-8204.37767337577,"x"
"5733",9957.21227067304,-8816.19524854436,"x"
"5734",9996.86351434794,-8852.62964695157,"x"
"5735",10088.7400458494,-8988.7284089376,"x"
"5736",9602.33634191448,-7908.07394521103,"x"
"5737",9386.09615760567,-7662.62052491648,"x"
"5738",10211.3265801942,-9271.00216770439,"x"
"5739",9841.90250944465,-8576.33494317513,"x"
"5740",9890.1262463169,-8515.76791614007,"x"
"5741",9954.18746867146,-8934.59403089994,"x"
"5742",9660.15434544086,-8151.54970142823,"x"
"5743",9863.50100602411,-8624.69685997301,"x"
"5744",9411.29375377964,-7495.66833368296,"x"
"5745",9731.68622230637,-8333.33168935532,"x"
"5746",9659.49762812121,-8176.08890796596,"x"
"5747",9471.98015427087,-7675.56357292158,"x"
"5748",9455.86256257127,-7518.29698874734,"x"
"5749",10174.5759145623,-9187.50408530014,"x"
"5750",10265.4231725596,-9468.0996555009,"x"
"5751",9861.86244594183,-8374.69508955435,"x"
"5752",9513.4243979496,-7628.94048718203,"x"
"5753",9973.03925770982,-8879.80737216541,"x"
"5754",10002.7880791571,-8897.53629525445,"x"
"5755",10282.2801504745,-9550.24967991378,"x"
"5756",9880.78104021615,-8640.51254773298,"x"
"5757",9942.33459434254,-8702.39616250721,"x"
"5758",10123.211257561,-8960.22694767851,"x"
"5759",9789.44540278598,-8338.54557083319,"x"
"5760",9960.41291926707,-8615.75287826443,"x"
"5761",9994.19321075183,-8737.67719825269,"x"
"5762",9887.2314852981,-8478.28587022176,"x"
"5763",9732.59467142644,-8119.12637587416,"x"
"5764",9798.48777162698,-8289.88310874765,"x"
"5765",9929.88620872065,-8730.01206476102,"x"
"5766",9943.4038642462,-8773.59945446988,"x"
"5767",9827.85535100516,-8493.50421210618,"x"
"5768",10096.7800652874,-9113.65086741255,"x"
"5769",9621.36910504309,-7946.95086994299,"x"
"5770",9480.63188601653,-7693.654031905,"x"
"5771",9483.63075296388,-7576.72439929263,"x"
"5772",9634.14524975834,-8067.93511674788,"x"
"5773",9868.32465114507,-8563.05398656906,"x"
"5774",9817.84631160747,-8351.91171082472,"x"
"5775",9930.42104298529,-8735.98508365125,"x"
"5776",8986.53172535877,-6563.41709632385,"x"
"5777",10059.2882860447,-8989.39121275842,"x"
"5778",9939.00581223111,-8602.60199238905,"x"
"5779",9673.82515212841,-8119.84731505695,"x"
"5780",9924.33718148529,-8659.5042774063,"x"
"5781",9962.1701457451,-9020.43773261479,"x"
"5782",9789.69753762777,-8434.78974505217,"x"
"5783",9351.0646151628,-7425.08491082961,"x"
"5784",9300.97046349794,-7259.75144567748,"x"
"5785",9300.27715218964,-7132.91494417247,"x"
"5786",9984.39150476098,-8871.61821372747,"x"
"5787",10125.3167972736,-9167.48419976566,"x"
"5788",9813.87200567681,-8302.49057142567,"x"
"5789",9569.1598207761,-7874.88906780871,"x"
"5790",9711.97087775157,-8245.43842758838,"x"
"5791",9755.15458283233,-8175.89667433812,"x"
"5792",9766.43174308727,-8282.31835938517,"x"
"5793",9577.43952816189,-7789.24691915705,"x"
"5794",9431.05366731611,-7664.66710411931,"x"
"5795",9948.31285692024,-8905.31118159364,"x"
"5796",9270.67993162239,-7190.58644064623,"x"
"5797",9798.84037226383,-8393.46521041057,"x"
"5798",9984.3044694468,-8752.35397782804,"x"
"5799",9755.92377883846,-8260.45248621921,"x"
"5800",10222.8221045444,-9257.52826406258,"x"
"5801",9888.32793902069,-8506.51927543194,"x"
"5802",10185.1178089323,-9348.608526767,"x"
"5803",10010.5031438113,-8745.34031633465,"x"
"5804",10309.0777670789,-9651.45318838471,"x"
"5805",9731.95220622102,-8202.97362240288,"x"
"5806",9456.41654447703,-7580.00810402845,"x"
"5807",9116.55019271376,-6712.49574229675,"x"
"5808",9958.81797696398,-8682.61370183967,"x"
"5809",10121.4446181129,-9316.10122660688,"x"
"5810",9165.50942253126,-6965.64808620061,"x"
"5811",9366.96822089518,-7478.94189531698,"x"
"5812",10160.4703104204,-9048.46398656542,"x"
"5813",10127.6121262393,-9135.65847906457,"x"
"5814",10309.665387434,-9703.81136773036,"x"
"5815",9617.36647101216,-7978.26695328641,"x"
"5816",9147.62185591049,-6937.43826350854,"x"
"5817",9417.24777401624,-7564.38166809112,"x"
"5818",10220.1718927154,-9371.82004169438,"x"
"5819",10198.5708953535,-9358.06662777636,"x"
"5820",9246.95183595299,-7310.67489457266,"x"
"5821",9670.17564738255,-8056.43412957982,"x"
"5822",9965.60233261097,-8679.5032198585,"x"
"5823",9912.05686406141,-8612.78100611212,"x"
"5824",9582.09930494048,-7880.21591104955,"x"
"5825",9248.23879228878,-7144.11663669059,"x"
"5826",9786.07852453605,-8358.55241481185,"x"
"5827",9573.33846617681,-7879.66757072882,"x"
"5828",9745.25752329298,-8173.73171583799,"x"
"5829",9748.2804069543,-8151.37907345042,"x"
"5830",9007.16381663216,-6589.41823231076,"x"
"5831",9929.4043522998,-8731.30222250525,"x"
"5832",9695.53305031655,-8112.58499395042,"x"
"5833",9673.94461960547,-7994.52711321871,"x"
"5834",9767.21384321211,-8296.62403846181,"x"
"5835",9405.42339189148,-7496.71655885241,"x"
"5836",10279.4759558047,-9531.7092559607,"x"
"5837",9697.23516160721,-8049.91084571291,"x"
"5838",9993.56165096144,-8845.25761670581,"x"
"5839",9245.6966663845,-7056.00210648407,"x"
"5840",9626.75905198896,-8082.41591794496,"x"
"5841",10190.2710109586,-9163.33597458408,"x"
"5842",9625.68694557456,-8002.58025771942,"x"
"5843",10166.6397381967,-9192.62805980493,"x"
"5844",10119.0155899399,-9707.62361394747,"x"
"5845",10398.3601764645,-9854.40717702971,"x"
"5846",9470.69367811497,-7619.51040343092,"x"
"5847",9099.0040607592,-6808.52027859565,"x"
"5848",10069.8132739668,-8950.82907015092,"x"
"5849",9190.77266585623,-7105.30576101386,"x"
"5850",9219.48708779793,-7101.23968761267,"x"
"5851",9507.52029263002,-7652.5779053623,"x"
"5852",9741.71445289488,-8239.49271768737,"x"
"5853",10268.3370124811,-9426.98031974482,"x"
"5854",9087.87240543134,-6865.59495937576,"x"
"5855",9901.03682339014,-8496.41827733672,"x"
"5856",9655.51482127771,-8012.16950360704,"x"
"5857",9486.6349157257,-7777.10004984723,"x"
"5858",9554.06807204722,-7758.054000446,"x"
"5859",10084.816348386,-8835.71724844354,"x"
"5860",9284.09918096086,-7026.89718105829,"x"
"5861",9393.46117925718,-7516.03659482861,"x"
"5862",9930.53364797564,-8635.03823672657,"x"
"5863",9536.21558281772,-7774.72499677631,"x"
"5864",9751.00223510383,-8120.89186872559,"x"
"5865",9784.21503164858,-8361.68015338174,"x"
"5866",10163.566317765,-9229.26341441815,"x"
"5867",9522.78660682103,-7722.3580973156,"x"
"5868",9436.94169168823,-7451.97585622824,"x"
"5869",9958.35781308788,-8770.70695053186,"x"
"5870",10000.1418068958,-8700.23916247788,"x"
"5871",9809.55111170543,-8467.86263746172,"x"
"5872",9150.30885946518,-7094.38860325174,"x"
"5873",9071.91747246918,-6824.63486431791,"x"
"5874",10121.3218742827,-9054.8790431198,"x"
"5875",10051.7011413806,-8894.36707737147,"x"
"5876",9676.45752159493,-8047.53415830131,"x"
"5877",9506.39461996671,-7820.8814177968,"x"
"5878",10269.9101854522,-9395.3268392257,"x"
"5879",9869.88136678405,-8617.55270667188,"x"
"5880",9563.67775035561,-7811.08034163962,"x"
"5881",10161.6495564778,-9033.22643017504,"x"
"5882",10015.5102427878,-8860.84219746626,"x"
"5883",9639.03080976174,-8072.98680641703,"x"
"5884",10026.689729381,-8888.60500322848,"x"
"5885",9912.42113905287,-8595.78132555749,"x"
"5886",9726.7770183104,-8201.67537385057,"x"
"5887",9846.4700481991,-8449.5875231401,"x"
"5888",9972.11989773309,-8777.72978808681,"x"
"5889",10238.6002816337,-9321.4032722546,"x"
"5890",9613.99292279925,-8026.58563819219,"x"
"5891",9174.58807784285,-6928.29927788234,"x"
"5892",9413.79487099773,-7486.97704454645,"x"
"5893",9415.08825273137,-7496.38043705486,"x"
"5894",9705.98946828018,-8175.89904899831,"x"
"5895",9531.13916166325,-7936.13197465939,"x"
"5896",9493.87000685273,-7872.78125219206,"x"
"5897",9912.06963507144,-8596.38668985031,"x"
"5898",9815.53254442856,-8457.13531031637,"x"
"5899",10090.1413538989,-9073.9580236654,"x"
"5900",9919.81077794932,-8645.88946016009,"x"
"5901",9590.78607592018,-7917.25857099385,"x"
"5902",9769.25452358704,-8332.83268043989,"x"
"5903",9502.2142835905,-7783.52332791872,"x"
"5904",10225.390106899,-9569.05172414024,"x"
"5905",9213.54705916272,-7185.00171699485,"x"
"5906",10300.8202147423,-9485.1647832482,"x"
"5907",9304.16249448408,-7311.70202827033,"x"
"5908",9799.99034609115,-8412.85234746733,"x"
"5909",9994.90573048642,-8958.19027489231,"x"
"5910",9948.45658408531,-8647.99086673494,"x"
"5911",9883.30466517703,-8550.7827341305,"x"
"5912",9538.10161724496,-7770.3536613541,"x"
"5913",9712.93722795745,-8255.08590990687,"x"
"5914",9578.64254619359,-7819.09597510743,"x"
"5915",9043.14595443907,-6797.93276531145,"x"
"5916",9638.31981656191,-7911.11309373194,"x"
"5917",9289.24270049392,-7205.91114403396,"x"
"5918",10073.014106105,-9071.98656036684,"x"
"5919",9957.91695652765,-8898.88098003543,"x"
"5920",9462.97855993139,-7857.12622274994,"x"
"5921",10024.3231488609,-8884.70713122897,"x"
"5922",9307.34026308124,-7223.35353263335,"x"
"5923",9842.40803595125,-8472.42844333481,"x"
"5924",9778.8374239311,-8529.32506574536,"x"
"5925",9126.45277831848,-6993.8773268256,"x"
"5926",9903.82152189051,-8794.01490760452,"x"
"5927",9761.33115081668,-8290.18105632484,"x"
"5928",9775.26215269374,-8160.86738353071,"x"
"5929",9636.1417807344,-8165.57377248828,"x"
"5930",10076.5614238008,-8823.71839474627,"x"
"5931",9308.99415381923,-7311.08455718366,"x"
"5932",9313.97145022762,-7262.10271284402,"x"
"5933",9268.31092743436,-7076.04901731548,"x"
"5934",9853.40970681736,-8583.66022606644,"x"
"5935",10050.1033648388,-9014.89521099219,"x"
"5936",9276.86958052711,-7149.42089074357,"x"
"5937",10233.607502473,-9342.36327793343,"x"
"5938",9871.177794037,-8612.27619122417,"x"
"5939",9549.52697020196,-7973.66657474949,"x"
"5940",9628.41870401748,-7958.64929751126,"x"
"5941",9683.24282801506,-8063.05673112003,"x"
"5942",9595.48271380808,-8052.07567254234,"x"
"5943",9277.09364877082,-7075.47093230319,"x"
"5944",9942.99346143376,-8640.9055691931,"x"
"5945",9517.35117107534,-7702.59758017822,"x"
"5946",9722.90923444524,-8106.55524652898,"x"
"5947",9481.26114203934,-7585.66495191143,"x"
"5948",9659.03596696921,-8163.03502277334,"x"
"5949",9559.73038772177,-7735.06592793284,"x"
"5950",9395.94462940828,-7430.22074521302,"x"
"5951",8692.84573649484,-5702.66226938104,"x"
"5952",9998.75258535503,-8960.62325482267,"x"
"5953",9894.89664459649,-8561.53570193521,"x"
"5954",9414.87822319487,-7622.49642858529,"x"
"5955",9658.22325036303,-7942.90815291483,"x"
"5956",10040.4332602944,-9220.15159683585,"x"
"5957",9597.06223794563,-7943.19107734826,"x"
"5958",9823.97205013257,-8581.32548269304,"x"
"5959",9301.81541526395,-7269.31016959394,"x"
"5960",9906.33886265203,-8621.73158819857,"x"
"5961",10158.4760692308,-9101.65849372737,"x"
"5962",9758.87910086705,-8307.18454312577,"x"
"5963",9446.89707833988,-7511.94920077326,"x"
"5964",10253.285072884,-9430.75799567108,"x"
"5965",9697.47096994784,-8376.86039435675,"x"
"5966",9843.16075575436,-8359.71088616735,"x"
"5967",10195.8597315795,-9116.86489514173,"x"
"5968",9605.29741793395,-7918.58813094192,"x"
"5969",9424.54682300192,-7561.9531560908,"x"
"5970",10001.1909247478,-8907.61758664916,"x"
"5971",9542.72157872149,-7826.32505551221,"x"
"5972",9931.00726210043,-8679.31607438529,"x"
"5973",10098.0979620951,-8954.86049516587,"x"
"5974",9651.29908007981,-7876.55937945891,"x"
"5975",9901.3079296343,-8701.70466842387,"x"
"5976",9067.55582676053,-6721.76617796729,"x"
"5977",9413.31383636895,-7431.69429121194,"x"
"5978",10089.7725907346,-8849.60871046018,"x"
"5979",9736.42775944525,-8221.54163084868,"x"
"5980",9627.54932026826,-8009.68668784579,"x"
"5981",10013.2298876692,-8721.04879557943,"x"
"5982",9397.03498204688,-7574.40753110045,"x"
"5983",9892.54465545463,-8678.01857212315,"x"
"5984",10299.4871981625,-9754.21743363101,"x"
"5985",9785.94910980371,-8415.99016402079,"x"
"5986",9828.25976376182,-8437.15676344507,"x"
"5987",10041.1367186782,-8891.39615028026,"x"
"5988",10004.4033065857,-8790.78783591539,"x"
"5989",9956.0402304333,-8776.07439035413,"x"
"5990",10110.4644663068,-9213.64325482846,"x"
"5991",10162.7410974937,-9504.0715860337,"x"
"5992",10137.1080425545,-8997.67340551298,"x"
"5993",9730.7114140407,-8166.22448605136,"x"
"5994",9850.43006255436,-8628.49197114726,"x"
"5995",9438.11413927531,-7604.56674093824,"x"
"5996",10289.5635806469,-9980.06335098467,"x"
"5997",10181.178064561,-9357.58337778189,"x"
"5998",9569.6599618374,-7854.95567297771,"x"
"5999",9782.53682768651,-8393.61866008638,"x"
"6000",9372.97818207167,-7347.46534675152,"x"
"6001",9573.68722406088,-7827.3422067475,"x"
"6002",9686.02148813395,-8103.90758768816,"x"
"6003",9538.67901705889,-7779.85932011118,"x"
"6004",9237.75747986598,-7099.12641387909,"x"
"6005",9305.31038818656,-7471.34688803174,"x"
"6006",10119.7108336781,-9353.38858941603,"x"
"6007",9101.0349948695,-6768.75367703877,"x"
"6008",9733.75495319524,-8259.87961084518,"x"
"6009",9861.97253224173,-8503.39584917008,"x"
"6010",9570.33069336749,-7732.93281716355,"x"
"6011",9404.19158281011,-7515.92701227825,"x"
"6012",9679.9939827057,-7984.98268165273,"x"
"6013",10297.9084871885,-9737.12827540981,"x"
"6014",9726.74011550394,-8248.49605544307,"x"
"6015",9905.47190943087,-8443.02035242599,"x"
"6016",9995.24788853724,-8733.51970182767,"x"
"6017",10324.0526523589,-9617.39909600486,"x"
"6018",9797.34695060097,-8468.32034214104,"x"
"6019",9615.94587089256,-8006.01470574751,"x"
"6020",10018.0720023736,-8773.26307208035,"x"
"6021",9418.85488085322,-7443.57063494939,"x"
"6022",10246.1636683935,-9488.04872354053,"x"
"6023",10229.5907440804,-9331.43605539287,"x"
"6024",9425.03576684615,-7477.12244244325,"x"
"6025",9776.5090035673,-8301.47441883323,"x"
"6026",9555.56086671118,-7851.92217722324,"x"
"6027",9335.340806669,-7390.58323762485,"x"
"6028",10097.0352726756,-8832.1818545632,"x"
"6029",10014.2753973497,-9000.29276907846,"x"
"6030",9163.34201342989,-6959.94939213023,"x"
"6031",10180.2593057411,-9290.2188004243,"x"
"6032",9855.23653156609,-8462.40378123468,"x"
"6033",10136.436040944,-9305.56088496216,"x"
"6034",10293.7108501783,-9488.38163617454,"x"
"6035",10043.8208596591,-9152.62925618304,"x"
"6036",9471.24201193872,-7604.80199576403,"x"
"6037",9570.35242802538,-7619.44789858414,"x"
"6038",9298.82842974642,-7346.15844372163,"x"
"6039",10238.8068604645,-9419.62020172907,"x"
"6040",9379.13482926397,-7448.5523110276,"x"
"6041",9983.47032174538,-8898.68765612051,"x"
"6042",9547.5420960017,-7870.38864138419,"x"
"6043",9892.76904210251,-8687.47234003599,"x"
"6044",9981.58798840333,-8796.01730249524,"x"
"6045",9018.78436992656,-6659.04962390116,"x"
"6046",9340.08795598669,-7400.66624504027,"x"
"6047",10010.8307681979,-8893.37036117829,"x"
"6048",9914.14445056284,-8629.57481174781,"x"
"6049",9798.27191437197,-8350.82195611635,"x"
"6050",10124.6736450748,-9118.36850367491,"x"
"6051",10187.6020250742,-9298.38195240252,"x"
"6052",9382.73747562476,-7481.58113336551,"x"
"6053",9719.65341027735,-8164.73241143763,"x"
"6054",9546.347922596,-7832.77900841987,"x"
"6055",9996.08885192135,-8969.68049424995,"x"
"6056",9727.06492365701,-8253.49007769941,"x"
"6057",9332.96430886148,-7457.16317317523,"x"
"6058",10237.0107561481,-9344.38996179332,"x"
"6059",9479.2053846083,-7681.36501658874,"x"
"6060",9227.10375392211,-7062.8695376358,"x"
"6061",9305.39483831578,-7386.84706400116,"x"
"6062",9659.31734769414,-8057.20312344098,"x"
"6063",9367.83976248963,-7597.6992306197,"x"
"6064",10144.2293250194,-9199.90996193832,"x"
"6065",9521.9865767613,-7827.57931290168,"x"
"6066",10188.1919590617,-9224.60659968303,"x"
"6067",9238.87182985554,-7182.9913303956,"x"
"6068",9997.06275122483,-8699.22451905549,"x"
"6069",9722.37504621108,-8082.9990785988,"x"
"6070",9597.48466374255,-7738.11807730146,"x"
"6071",9650.1677380424,-8135.63350817605,"x"
"6072",10055.9573666337,-8976.04668846161,"x"
"6073",9714.5257805035,-8075.91659859387,"x"
"6074",9725.04593198977,-8273.03938274193,"x"
"6075",9849.93489159063,-8642.15415715264,"x"
"6076",9646.07958736481,-8099.42260808592,"x"
"6077",9582.87166233289,-7860.99227580079,"x"
"6078",9973.54754132709,-8735.85760230007,"x"
"6079",9833.23813412084,-8632.43277149646,"x"
"6080",10045.656570445,-9025.8601572269,"x"
"6081",9930.76159992309,-8906.40025547353,"x"
"6082",9264.18406349202,-7207.3081265654,"x"
"6083",10083.3689596122,-8905.4299047685,"x"
"6084",9997.352178548,-8813.42615359216,"x"
"6085",10109.0486712504,-9190.4496777913,"x"
"6086",9392.35917755785,-7340.11062520214,"x"
"6087",9956.69764110651,-8891.42295700866,"x"
"6088",9788.5257812632,-8200.30482249739,"x"
"6089",10087.2677108408,-8907.9483388365,"x"
"6090",9242.15698601986,-7284.32097020684,"x"
"6091",10326.5621303083,-9464.3190706776,"x"
"6092",9839.91842713849,-8512.24806602513,"x"
"6093",9876.75812504505,-8531.77991181508,"x"
"6094",9916.18435148966,-8657.52161310009,"x"
"6095",10039.1717724995,-8953.88298333904,"x"
"6096",9474.79206284641,-7584.32474113422,"x"
"6097",10111.6475667078,-8918.34259448824,"x"
"6098",9905.1283210391,-8668.61325624075,"x"
"6099",9701.33517310383,-8142.05839176093,"x"
"6100",9998.61304901602,-8903.27069863058,"x"
"6101",9780.08396962794,-8252.85333643766,"x"
"6102",9500.90076273137,-7774.48529274465,"x"
"6103",9505.86914227117,-7614.49838381801,"x"
"6104",9635.34031548394,-8056.32287510363,"x"
"6105",10089.4032401663,-9334.8957890699,"x"
"6106",9020.36014844629,-6613.93469802578,"x"
"6107",9915.86183115943,-8603.24049746555,"x"
"6108",9348.90693397773,-7368.35209879734,"x"
"6109",9541.35034524865,-7659.3246278249,"x"
"6110",8872.21375679057,-6278.38377146869,"x"
"6111",10088.3097079572,-8959.01465986371,"x"
"6112",9027.88830559065,-6680.48575783946,"x"
"6113",9410.14729070374,-7464.38568878592,"x"
"6114",9939.74738590212,-8847.25213420941,"x"
"6115",9509.66035015602,-7820.75526197152,"x"
"6116",9485.22323565766,-7598.13318745615,"x"
"6117",10062.8060544076,-9049.08032299336,"x"
"6118",10095.6094427967,-8888.3595147433,"x"
"6119",9165.8876457211,-7030.03502038688,"x"
"6120",9230.2295758111,-7050.14219990026,"x"
"6121",9367.59606344346,-7423.25971538561,"x"
"6122",9688.17431086631,-8166.2078397684,"x"
"6123",9575.62017078492,-7917.03377432968,"x"
"6124",9689.77567366569,-8073.00655148617,"x"
"6125",9736.97770774657,-8208.56179956599,"x"
"6126",9812.92447683859,-8400.67802649296,"x"
"6127",9720.55717874267,-8311.08071508407,"x"
"6128",10089.9656395486,-8955.63313115984,"x"
"6129",9405.97856007299,-7653.80056764023,"x"
"6130",9744.99545512064,-8239.98720776508,"x"
"6131",9319.42652046998,-7609.15149546605,"x"
"6132",9698.24909007013,-8199.18127818091,"x"
"6133",10108.3682353944,-9065.30075929448,"x"
"6134",10053.6945678542,-8947.05527957834,"x"
"6135",9898.22459617171,-8558.31414997025,"x"
"6136",9698.01601177071,-8232.13429712653,"x"
"6137",10004.2939365513,-8840.87587661306,"x"
"6138",9350.09460422609,-7466.06585414502,"x"
"6139",9908.39859452164,-8676.59179790946,"x"
"6140",9842.01700489096,-8405.17294972458,"x"
"6141",10020.5729742706,-8824.44514782391,"x"
"6142",10007.0866268293,-8728.00696664757,"x"
"6143",9603.79927618009,-7855.97794809736,"x"
"6144",9588.54615226025,-7993.32600352971,"x"
"6145",10091.7248850686,-8992.41730583522,"x"
"6146",9611.617144948,-8019.04826511256,"x"
"6147",10148.2689238262,-8997.04667934637,"x"
"6148",9829.62540782153,-8503.12222127832,"x"
"6149",9035.51224862658,-6754.43281446393,"x"
"6150",9489.1952713564,-7651.4922875923,"x"
"6151",9959.31893184015,-8629.31873288446,"x"
"6152",10043.3276673257,-9097.23303217208,"x"
"6153",10019.4371984643,-8843.75476552159,"x"
"6154",9748.54192732,-8364.01823046337,"x"
"6155",9513.09567680452,-7601.0875516333,"x"
"6156",10262.5805904172,-9417.42251162242,"x"
"6157",10016.9266486444,-8963.08999612094,"x"
"6158",9315.41906352691,-7249.51719595056,"x"
"6159",9262.21098466336,-7231.53612249138,"x"
"6160",10061.2623622228,-9065.10757181085,"x"
"6161",9867.36658000244,-8611.31444891561,"x"
"6162",9878.95282854426,-8627.33132151367,"x"
"6163",10064.3871955148,-9133.54717017434,"x"
"6164",10196.2126958305,-9197.83123510607,"x"
"6165",9823.40795426237,-8474.21846499508,"x"
"6166",10176.2081570567,-9258.01591610564,"x"
"6167",9651.51661922414,-7949.08764200657,"x"
"6168",10098.9225926072,-8952.42040593699,"x"
"6169",10082.0313581325,-9149.11432175287,"x"
"6170",10123.8029395427,-9273.06756961461,"x"
"6171",10066.7921990556,-8858.0660344225,"x"
"6172",9674.28825441025,-8111.27241414223,"x"
"6173",9779.96984747534,-8376.77684395378,"x"
"6174",9315.01053031586,-7426.71662600629,"x"
"6175",9437.21264068321,-7482.3559636053,"x"
"6176",9569.79529284914,-7793.52715532962,"x"
"6177",9686.74942320204,-8122.73170029785,"x"
"6178",9963.80793237756,-8746.71100065316,"x"
"6179",9609.58678271453,-7926.67201709514,"x"
"6180",9757.19979472048,-8188.13144832742,"x"
"6181",9372.81501472533,-7497.1960234845,"x"
"6182",10060.2221004329,-9004.04556139016,"x"
"6183",9676.35640031534,-8291.66136973375,"x"
"6184",9559.32391636527,-7827.76487690062,"x"
"6185",9579.26071739392,-7886.74837651626,"x"
"6186",9359.47407367602,-7384.32085078693,"x"
"6187",10146.0139761797,-9187.87760166855,"x"
"6188",9385.35187474385,-7453.59320905505,"x"
"6189",10032.0483270918,-8762.01954626639,"x"
"6190",9404.11111977652,-7567.18872083801,"x"
"6191",10106.7571663757,-8982.44541256424,"x"
"6192",9856.03966589069,-8378.87476249331,"x"
"6193",10185.5976208243,-9221.65220274091,"x"
"6194",10028.8182513148,-8865.5998558831,"x"
"6195",9938.26408722399,-8705.97099046257,"x"
"6196",9948.59017591796,-8818.25124910184,"x"
"6197",9938.61340269629,-8628.41789585193,"x"
"6198",9747.76598063148,-8171.88309297183,"x"
"6199",9721.45296291483,-8256.61875775986,"x"
"6200",9251.22062220061,-6991.36103790489,"x"
"6201",9538.7190795759,-7775.12418703102,"x"
"6202",9714.61367001554,-8246.33600283528,"x"
"6203",9912.85804729658,-8726.62294502425,"x"
"6204",9946.29666267928,-8695.11403781315,"x"
"6205",10059.402256921,-8927.96792331047,"x"
"6206",10383.2243147079,-9654.00416144026,"x"
"6207",10110.8653087909,-9086.15733865952,"x"
"6208",9932.8912695451,-8769.26146853157,"x"
"6209",9727.28148687363,-8200.17294991089,"x"
"6210",9842.30429129087,-8405.97370546871,"x"
"6211",9687.95381034266,-8178.07918145655,"x"
"6212",10201.8830456825,-9159.21385453243,"x"
"6213",10151.9372881219,-9100.40982340764,"x"
"6214",9802.50179170723,-8199.86965934548,"x"
"6215",9590.40079102677,-7857.61755014029,"x"
"6216",9746.703851707,-8274.93165663386,"x"
"6217",9516.41774512064,-7704.19399668847,"x"
"6218",9627.03052836167,-7971.87769349669,"x"
"6219",9717.74950204627,-8229.94101635907,"x"
"6220",9833.68935221754,-8442.8645424938,"x"
"6221",9172.35037467461,-6994.80356150602,"x"
"6222",9425.30798315224,-7648.43604149217,"x"
"6223",10113.2050424146,-9141.90849689852,"x"
"6224",9971.92739804175,-8623.21018542637,"x"
"6225",9322.67054407278,-7237.429632698,"x"
"6226",10192.8201168339,-9401.16263619783,"x"
"6227",9478.47263772667,-7612.3877013366,"x"
"6228",8945.0593555346,-6430.2897382459,"x"
"6229",9466.83600493275,-7685.07948744527,"x"
"6230",9842.29708306499,-8411.97498007353,"x"
"6231",9972.77965998295,-8722.58052428801,"x"
"6232",9400.9441442686,-7309.91397533957,"x"
"6233",9165.71256585036,-6977.7230958838,"x"
"6234",9810.16681895626,-8439.80880579692,"x"
"6235",9730.84911948565,-8279.93353531217,"x"
"6236",9628.62565313113,-7990.4317019813,"x"
"6237",9675.29007448405,-8255.6015330549,"x"
"6238",9438.50001729083,-7484.30122272849,"x"
"6239",9645.32117495798,-8012.6224382731,"x"
"6240",9531.8200921284,-7726.67423039648,"x"
"6241",10147.6426936197,-9288.54048846097,"x"
"6242",9377.01202476951,-7370.30370549693,"x"
"6243",10040.243552421,-8870.46573382986,"x"
"6244",9592.15032313248,-7965.85967691078,"x"
"6245",9705.13918860229,-8043.42639628832,"x"
"6246",10089.1032385375,-9002.85508367958,"x"
"6247",9299.57363776728,-7331.78238855401,"x"
"6248",10318.0385211853,-9721.03809053115,"x"
"6249",10392.8349644923,-9886.88645576979,"x"
"6250",9721.64107943871,-8032.39469222746,"x"
"6251",9131.96464243415,-6955.00423298971,"x"
"6252",9877.56975184695,-8537.5337787615,"x"
"6253",9863.35381618428,-8664.65683637261,"x"
"6254",9346.92961210232,-7331.71868478263,"x"
"6255",9590.34122351402,-7805.774204544,"x"
"6256",9570.65935936771,-7813.16827001983,"x"
"6257",9887.64995449255,-8439.23283418261,"x"
"6258",10004.1507627445,-8752.82564885313,"x"
"6259",9239.78457567528,-7170.31196576389,"x"
"6260",9510.42153233233,-7718.60293678775,"x"
"6261",10371.8983712315,-9564.34780352588,"x"
"6262",10415.1655588454,-9597.37021333935,"x"
"6263",9868.87707733897,-8564.96697755098,"x"
"6264",9707.02036590427,-8197.14033976282,"x"
"6265",9854.57896803411,-8470.0378677562,"x"
"6266",9546.32605341087,-7649.52572994428,"x"
"6267",10016.4026162681,-8932.17515254736,"x"
"6268",9946.56588618861,-8671.0299604236,"x"
"6269",9945.40718429442,-8595.31148848988,"x"
"6270",9358.06841009559,-7448.2920682822,"x"
"6271",9842.905937467,-8514.96111610655,"x"
"6272",8803.11047175599,-6278.53905242123,"x"
"6273",10121.6947520438,-8932.54250141977,"x"
"6274",9995.9488269848,-8814.96355178022,"x"
"6275",9755.67138282016,-8377.67006400212,"x"
"6276",10118.0995774806,-9055.22511632117,"x"
"6277",9159.67432511175,-7025.92592753157,"x"
"6278",10190.7984409898,-9079.8574727728,"x"
"6279",9231.02785192758,-7086.47841841814,"x"
"6280",9808.16612618109,-8396.99485402214,"x"
"6281",9670.17096154755,-8214.64764913399,"x"
"6282",9568.75003705054,-7877.67896577915,"x"
"6283",9079.66696654773,-6788.92194539131,"x"
"6284",9400.15479704831,-7491.30753532179,"x"
"6285",9929.06003735556,-8835.92908064184,"x"
"6286",10172.6422312928,-9355.89793234807,"x"
"6287",10210.3152090431,-9249.76211878298,"x"
"6288",9335.18982748878,-7196.74134452903,"x"
"6289",9882.80263022025,-8742.65935311753,"x"
"6290",9425.75561958036,-7510.68398466261,"x"
"6291",9821.69920519911,-8349.27956443234,"x"
"6292",9862.6665375195,-8516.64692917565,"x"
"6293",9731.00065321116,-8297.63668964435,"x"
"6294",9079.70492837761,-6823.8178978983,"x"
"6295",9885.34894674443,-8573.99963685284,"x"
"6296",9893.86909976836,-8657.00074817877,"x"
"6297",9974.6891495915,-8965.52083119187,"x"
"6298",9983.6786500328,-8854.89637581708,"x"
"6299",9650.83725635323,-7970.79149398455,"x"
"6300",10127.9578946906,-9198.99102413285,"x"
"6301",9685.06093191453,-8091.27283220588,"x"
"6302",9661.04360144758,-8038.92630006281,"x"
"6303",10190.3875615015,-9284.18870065595,"x"
"6304",10346.0871363685,-9543.20842824325,"x"
"6305",9411.58758265477,-7404.17312306854,"x"
"6306",10014.7848934503,-8822.22848674589,"x"
"6307",9740.98667495636,-8262.43279579401,"x"
"6308",10075.0712685199,-9018.8001340226,"x"
"6309",9921.4620126653,-8691.10047921404,"x"
"6310",9519.89127479886,-7778.72614237089,"x"
"6311",10006.1272557758,-8886.22687229628,"x"
"6312",9387.99624815374,-7448.72456731702,"x"
"6313",9319.81065630594,-7320.12458321088,"x"
"6314",9603.31740323021,-7977.16087747539,"x"
"6315",9713.84827324548,-8103.30611403429,"x"
"6316",9380.82883411032,-7492.38078157023,"x"
"6317",10293.0344840623,-9300.50916229335,"x"
"6318",10194.9026594211,-9268.95725069748,"x"
"6319",9175.31415977775,-6854.30721025307,"x"
"6320",9872.95374993783,-8565.34194970404,"x"
"6321",10277.135825049,-9356.28759575318,"x"
"6322",9870.3332312797,-8577.66969782678,"x"
"6323",9541.66383862295,-7794.84397946972,"x"
"6324",9126.4809788777,-6785.27005174158,"x"
"6325",8953.18128387662,-6466.93447060798,"x"
"6326",9757.15316834822,-8405.87187035054,"x"
"6327",9287.81347305101,-7195.12314892978,"x"
"6328",9538.74200561986,-7778.31505986405,"x"
"6329",9677.84450851373,-7957.5906920981,"x"
"6330",10211.9047994672,-9162.36161612289,"x"
"6331",9574.62640347763,-7760.14159452173,"x"
"6332",9488.84288978138,-7792.93010689109,"x"
"6333",9555.99714337864,-7746.6271923158,"x"
"6334",10077.9449935925,-8977.32385217316,"x"
"6335",9451.56154570438,-7654.64505723879,"x"
"6336",9080.0958949627,-6789.08439248861,"x"
"6337",9307.48378768985,-7332.83295433619,"x"
"6338",9428.35755165687,-7574.63380331277,"x"
"6339",9257.49137911078,-7074.35755677823,"x"
"6340",9532.1432465014,-7730.88123320019,"x"
"6341",9389.15018554113,-7435.32909116366,"x"
"6342",9897.37972851944,-8579.48872719278,"x"
"6343",9973.38809233819,-8859.69921973165,"x"
"6344",10079.0313497952,-9284.78057123191,"x"
"6345",9191.92352497274,-6951.03047751729,"x"
"6346",9579.58061536087,-7898.49670074147,"x"
"6347",9452.27199525484,-7623.74430036205,"x"
"6348",10170.1283075732,-9446.65638126527,"x"
"6349",9264.00851312416,-7255.10124580235,"x"
"6350",9994.06763186544,-8955.52437381403,"x"
"6351",9066.89452486017,-6724.94520855466,"x"
"6352",10288.8821358085,-9384.34823961992,"x"
"6353",9809.73028438797,-8464.29359012751,"x"
"6354",9913.40856341442,-8834.89026722848,"x"
"6355",9766.65674742124,-8462.69760465217,"x"
"6356",9894.17397517619,-8523.02734219413,"x"
"6357",8964.21660072514,-6399.10690775202,"x"
"6358",9717.53966298496,-8085.92786441493,"x"
"6359",9831.11609219563,-8462.30503334069,"x"
"6360",9618.64553990461,-7875.57549714768,"x"
"6361",9893.54370649885,-8550.42950401849,"x"
"6362",9434.46207547218,-7651.13427228865,"x"
"6363",9929.12728172686,-8725.82627976413,"x"
"6364",9567.61020668643,-7814.21587186519,"x"
"6365",10132.270715166,-9179.32502425009,"x"
"6366",10222.9015848343,-9211.07372490588,"x"
"6367",10064.13064587,-8947.10259109856,"x"
"6368",10012.6338341799,-8864.5044371353,"x"
"6369",9869.32443401071,-8418.88493339053,"x"
"6370",9557.76933358939,-7899.04235704648,"x"
"6371",9492.35866909775,-7720.55701455952,"x"
"6372",9790.72754967126,-8460.96674833498,"x"
"6373",9793.36497492997,-8380.4050207112,"x"
"6374",10080.9690307863,-8992.78337376796,"x"
"6375",9740.34502910722,-8197.8334191543,"x"
"6376",9744.2436212847,-8220.4626025231,"x"
"6377",9977.78661675719,-8922.08367118535,"x"
"6378",9999.3426804659,-8911.44991512251,"x"
"6379",9937.20800460176,-8943.28380165193,"x"
"6380",9615.70793493494,-7954.95099090372,"x"
"6381",10247.1503543726,-9393.59000063487,"x"
"6382",9548.34559570042,-7813.08362484617,"x"
"6383",9809.46522404823,-8250.15069602514,"x"
"6384",9746.6715723499,-8350.70479617812,"x"
"6385",9689.56015508591,-8116.79065654431,"x"
"6386",9596.02815558834,-7909.51209970295,"x"
"6387",9507.2402543443,-7810.98202619604,"x"
"6388",10290.3434397023,-9275.26535979066,"x"
"6389",9712.56789624451,-8032.45098310389,"x"
"6390",9771.10062535407,-8395.13545176241,"x"
"6391",10043.1265758356,-9009.85880414642,"x"
"6392",10031.0355037809,-8765.58535192966,"x"
"6393",9434.72015517198,-7501.77896289389,"x"
"6394",9573.60255950079,-7778.98726026943,"x"
"6395",10013.9191777367,-8895.35021242387,"x"
"6396",9932.65671617193,-8775.45694268718,"x"
"6397",9559.71847150448,-7918.70831576939,"x"
"6398",9885.45580318744,-8605.21447444121,"x"
"6399",9950.61252226106,-8883.12045215048,"x"
"6400",9913.30287325455,-8783.04583449277,"x"
"6401",10141.0331074172,-9358.4944342363,"x"
"6402",9905.97313847576,-8494.96774063403,"x"
"6403",9693.20285817073,-7983.17622188768,"x"
"6404",9980.1179427416,-8869.95789482813,"x"
"6405",9064.15548324179,-6827.51924465642,"x"
"6406",9557.20332450686,-7822.1209197952,"x"
"6407",9483.58869787569,-7538.07416639145,"x"
"6408",9363.73600685823,-7397.76638115977,"x"
"6409",10322.6813260085,-9273.10980804737,"x"
"6410",9519.9287548359,-7684.77416940536,"x"
"6411",10235.5545951546,-9395.08124743751,"x"
"6412",9818.47522418054,-8343.32424545626,"x"
"6413",10123.273895823,-9335.24094537616,"x"
"6414",10158.60008231,-9191.56097634124,"x"
"6415",9738.43560428526,-8176.36446126626,"x"
"6416",10061.0890527514,-8979.80324606064,"x"
"6417",9984.44770895052,-8834.95447840997,"x"
"6418",9631.5070548816,-7997.74932293983,"x"
"6419",9125.4282366232,-6803.01522485108,"x"
"6420",9654.4490237669,-8108.69433857265,"x"
"6421",9989.42532279216,-8782.47896785463,"x"
"6422",10189.2472441543,-9255.68011952945,"x"
"6423",9595.83893419368,-7955.22100150445,"x"
"6424",9025.62333794853,-6728.4277001986,"x"
"6425",9786.48586664074,-8455.81222764909,"x"
"6426",9326.21414732938,-7377.14910853852,"x"
"6427",9421.99386386242,-7555.33146225485,"x"
"6428",10090.9172764688,-9142.97921054565,"x"
"6429",9996.99578503995,-8870.59256951242,"x"
"6430",9304.20454921354,-7249.2536691135,"x"
"6431",9482.13070111992,-7734.63773839413,"x"
"6432",9431.879295706,-7482.66244597011,"x"
"6433",9795.15425351807,-8196.61894000107,"x"
"6434",9535.89959361135,-7870.48466288445,"x"
"6435",9911.13901162688,-8585.49153630358,"x"
"6436",9181.86627806372,-7027.05996385044,"x"
"6437",9474.74507875132,-7549.82588254891,"x"
"6438",10101.8507940946,-9067.12023133222,"x"
"6439",9871.28333959527,-8564.04946613512,"x"
"6440",8669.63902329363,-5649.11917180219,"x"
"6441",10103.1170016149,-9181.20842854095,"x"
"6442",10015.272268369,-8758.92443500855,"x"
"6443",9891.42420967676,-8537.55320514275,"x"
"6444",9530.58864519053,-7677.94184809277,"x"
"6445",9760.24290886387,-8402.17203908023,"x"
"6446",9377.79765600967,-7514.17918184498,"x"
"6447",9622.40356810961,-8106.97169980573,"x"
"6448",10042.3656431765,-8890.30908998649,"x"
"6449",10242.4810526344,-9355.8108549698,"x"
"6450",9679.75392699818,-8049.24773430901,"x"
"6451",9496.89523663211,-7806.17635611973,"x"
"6452",10209.5842310517,-9201.10454611241,"x"
"6453",9453.90630743499,-7608.80274602208,"x"
"6454",9952.06610652651,-8655.58065334603,"x"
"6455",9965.63622882196,-8782.45254253421,"x"
"6456",10135.5411271478,-9021.55474669382,"x"
"6457",9737.41753295732,-8243.08965685956,"x"
"6458",9971.45930746245,-8706.59208839476,"x"
"6459",9172.4060545449,-6864.85241286703,"x"
"6460",10072.2905576068,-9114.60548274207,"x"
"6461",9109.73274095454,-6808.57946310559,"x"
"6462",9529.10383505199,-7682.68296589411,"x"
"6463",9460.7589901911,-7742.90818022396,"x"
"6464",10077.665294383,-9000.74784901548,"x"
"6465",10420.7011326959,-9754.28452252803,"x"
"6466",9455.96483047286,-7497.92572206412,"x"
"6467",10075.8810213205,-9263.74386692645,"x"
"6468",9467.97720359139,-7614.38389387992,"x"
"6469",9551.06939887036,-7817.2042063266,"x"
"6470",9718.94263879464,-8207.12938019191,"x"
"6471",9896.11205647673,-8654.36718059968,"x"
"6472",10369.5372042825,-9767.00106453174,"x"
"6473",9868.41359595015,-8446.03279797896,"x"
"6474",9696.71927666617,-8192.00126535471,"x"
"6475",10054.4396990991,-8997.05877936786,"x"
"6476",9779.76970758069,-8226.71926315396,"x"
"6477",9593.49470678863,-7932.79083656873,"x"
"6478",9337.91636337555,-7432.65176333755,"x"
"6479",9728.11361820186,-8135.75806070576,"x"
"6480",10077.2481228372,-8861.70042098534,"x"
"6481",9760.24474365416,-8314.59527341508,"x"
"6482",9909.15009767335,-8522.32517645137,"x"
"6483",9203.44378892978,-6851.77051110383,"x"
"6484",9548.36886999278,-7803.14730791508,"x"
"6485",9567.10995850673,-7876.67246609954,"x"
"6486",9476.75754175681,-7656.90343803017,"x"
"6487",10004.2913750244,-9078.90425353211,"x"
"6488",9053.33908565426,-6663.67107410645,"x"
"6489",9615.66613700878,-7996.05358714301,"x"
"6490",10133.4049550193,-8992.18042465343,"x"
"6491",10141.341116335,-9100.86170608113,"x"
"6492",10174.0584332498,-9161.67507989829,"x"
"6493",9322.68166071311,-7312.6897486851,"x"
"6494",9912.22922920567,-8468.44878068949,"x"
"6495",8580.47700015832,-5512.82877819711,"x"
"6496",9281.66256574647,-7026.24358372746,"x"
"6497",9460.20653027449,-7684.89034966719,"x"
"6498",9224.22490610735,-7204.30114885381,"x"
"6499",9531.98775111946,-7859.02079187399,"x"
"6500",9487.57062285664,-7696.13064484496,"x"
"6501",10013.8141829292,-8888.48992395938,"x"
"6502",9860.12724397822,-8821.43074258443,"x"
"6503",10177.4681254425,-9321.9190825828,"x"
"6504",10305.4901279886,-9651.42238575007,"x"
"6505",9962.03774132893,-8925.64604973095,"x"
"6506",9899.51018617675,-8435.80102441831,"x"
"6507",9775.98168423385,-8257.39285229484,"x"
"6508",9870.07674531421,-8508.8870555347,"x"
"6509",9878.82387312061,-8594.43119092366,"x"
"6510",10146.4657407046,-9239.7988692713,"x"
"6511",9890.31100821605,-8462.07567335782,"x"
"6512",9794.43501847115,-8417.44502024443,"x"
"6513",9477.25066798598,-7645.46597860873,"x"
"6514",9922.01028710742,-8659.27235293457,"x"
"6515",9903.83197944413,-8713.09091465639,"x"
"6516",9902.02936789895,-8462.24539116472,"x"
"6517",9611.94107108448,-7965.89474130604,"x"
"6518",9622.25408874665,-7965.84462174456,"x"
"6519",8454.83344482529,-5432.19317400541,"x"
"6520",9885.20842474378,-8496.54406848932,"x"
"6521",9878.07400074465,-8729.99619837449,"x"
"6522",10057.0865621021,-8950.3582288663,"x"
"6523",9172.60429280509,-6980.33456135533,"x"
"6524",9387.19011288846,-7520.12004444545,"x"
"6525",9571.71563882278,-7946.85549729748,"x"
"6526",9709.49586936593,-8178.86121040926,"x"
"6527",9455.87036539188,-7556.3344389686,"x"
"6528",9517.83153690794,-7845.00002976532,"x"
"6529",9847.05165622708,-8498.58965401841,"x"
"6530",10305.3617010997,-9520.8939410133,"x"
"6531",8873.67553282968,-6223.97609220747,"x"
"6532",9736.13417765231,-8209.02432250561,"x"
"6533",9411.91921088673,-7546.53427072404,"x"
"6534",9433.33045729071,-7531.09119238367,"x"
"6535",8998.84421956041,-6527.95610897822,"x"
"6536",9699.19008775602,-8205.13760080277,"x"
"6537",9825.39932722406,-8480.44426685887,"x"
"6538",10058.6047094155,-8948.68546091083,"x"
"6539",9825.7808090467,-8426.433002367,"x"
"6540",9928.22003861605,-8671.95314388876,"x"
"6541",8935.30181167789,-6402.54539626232,"x"
"6542",9897.50730704588,-8568.08189000666,"x"
"6543",10018.7480134528,-8832.80588083226,"x"
"6544",9644.93897623071,-7957.84477196877,"x"
"6545",9843.61528095492,-8459.01788672831,"x"
"6546",9792.49109176137,-8420.42954154893,"x"
"6547",9906.75873433357,-8599.49612778457,"x"
"6548",9964.77690813129,-8837.58159208736,"x"
"6549",9150.14255586869,-6992.72540975461,"x"
"6550",9746.57699223899,-8207.83700976087,"x"
"6551",9163.91708338029,-6899.55793853835,"x"
"6552",9298.88748113707,-7200.10196114816,"x"
"6553",9773.39300505119,-8352.41121551319,"x"
"6554",9940.80150323955,-8651.37346420923,"x"
"6555",9696.60382210594,-8202.51795362043,"x"
"6556",9515.11300015966,-7857.10348316706,"x"
"6557",9919.92311013119,-8720.24600340011,"x"
"6558",9447.46967658898,-7607.42657432288,"x"
"6559",9177.20788129244,-6869.96155472399,"x"
"6560",9337.02922367944,-7450.27790148286,"x"
"6561",9256.26928051218,-6948.22477472565,"x"
"6562",9428.23502347855,-7614.23154209333,"x"
"6563",9312.44679599347,-7263.72614583369,"x"
"6564",9906.95827754322,-8793.26727067544,"x"
"6565",9778.35664858941,-8380.6248664129,"x"
"6566",10095.2274439047,-9038.69952314573,"x"
"6567",9229.70977509475,-7262.13383397537,"x"
"6568",9591.2947521314,-7904.79338556961,"x"
"6569",10054.7593675548,-8856.07859835095,"x"
"6570",9295.2590694625,-7209.60928065869,"x"
"6571",9726.00521236787,-8195.14011009676,"x"
"6572",9948.65863510987,-8550.18555577252,"x"
"6573",10063.7503770605,-8898.22927613636,"x"
"6574",9524.09092755951,-7833.77526067482,"x"
"6575",9060.39338703799,-6638.79872374287,"x"
"6576",9587.39024105446,-7935.79071112376,"x"
"6577",9948.92282984006,-9004.51973813395,"x"
"6578",9892.2675131638,-8472.87175368352,"x"
"6579",9949.42830123711,-8653.04939116497,"x"
"6580",9532.8855595226,-7946.58128507961,"x"
"6581",9675.96488249208,-8031.18131482308,"x"
"6582",9840.50282317742,-8725.91391794527,"x"
"6583",10162.303448941,-9270.03312595169,"x"
"6584",9747.60629464775,-8332.7792197457,"x"
"6585",9513.69786657979,-7848.78691384228,"x"
"6586",9500.59988410591,-7733.30336860939,"x"
"6587",10077.2809165506,-9145.74484116091,"x"
"6588",10043.0405439214,-8926.39262907878,"x"
"6589",10013.6724045955,-9131.73296100122,"x"
"6590",9590.83805634189,-7876.35050110858,"x"
"6591",10193.2767656595,-9213.84946625365,"x"
"6592",10039.8131750535,-8840.32975030517,"x"
"6593",10158.2769000884,-9154.4138300965,"x"
"6594",9540.34385664427,-7738.1279166832,"x"
"6595",9894.3980202231,-8420.33170407803,"x"
"6596",9980.87048425213,-8761.0197840134,"x"
"6597",9309.98358146486,-7270.10196294799,"x"
"6598",9817.93927853567,-8289.82891839512,"x"
"6599",9826.90726984087,-8527.00164010363,"x"
"6600",9111.17325077876,-6783.42310567502,"x"
"6601",9902.31410457419,-8547.15316296032,"x"
"6602",9860.78516625052,-8520.67103760587,"x"
"6603",9813.52566570425,-8467.3679399466,"x"
"6604",9761.63947360041,-8279.66707870981,"x"
"6605",10038.1207425774,-8851.74730197207,"x"
"6606",9133.15819650724,-6934.96253332193,"x"
"6607",9937.30947560266,-8598.14580947864,"x"
"6608",8950.68511308833,-6287.47260886019,"x"
"6609",10081.3416564419,-9046.44334815038,"x"
"6610",10122.8680390609,-9015.18335745262,"x"
"6611",9468.13052049589,-7625.23870383581,"x"
"6612",9380.74539233713,-7508.55609578517,"x"
"6613",9361.00539063457,-7217.87959038485,"x"
"6614",9787.4602485825,-8324.4329041523,"x"
"6615",9664.03538853958,-7918.02191637643,"x"
"6616",9838.76155613957,-8389.26114414424,"x"
"6617",10318.3091031677,-9382.15620047433,"x"
"6618",9940.05401373546,-8718.30525199637,"x"
"6619",9651.68948086331,-7944.23491192019,"x"
"6620",9790.32398330093,-8458.50744920192,"x"
"6621",9466.10468736464,-7641.48698470304,"x"
"6622",9935.93579203446,-8724.14885758934,"x"
"6623",9324.68083704593,-7344.81344164271,"x"
"6624",9376.97610688542,-7377.67621923033,"x"
"6625",9721.87831402758,-8272.84305902599,"x"
"6626",9122.26843212863,-6884.09502532957,"x"
"6627",9128.05816693899,-6929.29225641319,"x"
"6628",9903.16180704681,-8659.19578617988,"x"
"6629",9535.36251628674,-7737.28137297182,"x"
"6630",10119.6407957889,-9031.01940765566,"x"
"6631",10088.027314293,-9021.54484310305,"x"
"6632",10108.6120607795,-9052.81886599365,"x"
"6633",10306.7624518102,-9495.88209474041,"x"
"6634",9557.1790999575,-7906.93774111156,"x"
"6635",8996.07327992508,-6454.37890373445,"x"
"6636",10138.4050762508,-9040.20957384753,"x"
"6637",9959.03533643852,-8827.73851614452,"x"
"6638",10010.2282094552,-8779.86352360765,"x"
"6639",10008.2812201532,-9130.6945572847,"x"
"6640",9717.4332854168,-8119.96632584878,"x"
"6641",9815.11765657389,-8269.33506194172,"x"
"6642",9611.1333133533,-7901.95448208774,"x"
"6643",10006.6606757589,-8743.31207117984,"x"
"6644",10115.4483426815,-8968.22525381499,"x"
"6645",10194.1018001556,-9284.09480909014,"x"
"6646",10099.7346460706,-8875.76525466933,"x"
"6647",9815.68157067225,-8447.29689392391,"x"
"6648",9663.14875862234,-8162.20830747597,"x"
"6649",10259.0536127733,-9558.8320361381,"x"
"6650",9312.79551213016,-7233.50319710894,"x"
"6651",9612.14279015384,-7910.11501942948,"x"
"6652",9637.74822427207,-8110.64052256169,"x"
"6653",9835.73190913991,-8494.03047874846,"x"
"6654",10336.7328313133,-9730.89808999202,"x"
"6655",9192.931847931,-6982.671403797,"x"
"6656",10043.6373813535,-8857.74630177758,"x"
"6657",9808.4651961303,-8472.1900258175,"x"
"6658",9984.05085123634,-9126.64770616063,"x"
"6659",9563.97996953667,-7809.1130116978,"x"
"6660",9685.03906352834,-8073.35462708959,"x"
"6661",9783.3664420881,-8387.8281792074,"x"
"6662",9754.71211320602,-8372.01806376394,"x"
"6663",9887.27427625269,-8564.66746784833,"x"
"6664",9827.30074624314,-8361.2794974963,"x"
"6665",9216.06820636715,-7057.32832520146,"x"
"6666",9846.51498975623,-8558.30426411102,"x"
"6667",9540.60682313548,-7655.60580218132,"x"
"6668",9278.55142959923,-7167.55214688632,"x"
"6669",9994.97125949093,-8699.30597727894,"x"
"6670",8966.46992316597,-6690.6054211791,"x"
"6671",9488.43098948938,-7824.42543448924,"x"
"6672",9694.53878812805,-8356.5031736604,"x"
"6673",9640.69972816308,-8042.84947744357,"x"
"6674",9799.63696435095,-8422.38663955846,"x"
"6675",9992.28709415883,-8648.50635952206,"x"
"6676",9981.21504438673,-8780.89233319836,"x"
"6677",9928.72609331817,-8754.01240404,"x"
"6678",9569.84744858334,-7810.291873803,"x"
"6679",10041.3749947093,-8791.76512527068,"x"
"6680",9561.98519181268,-7916.10603430723,"x"
"6681",9800.55491332649,-8329.76632920554,"x"
"6682",10092.3977420142,-8917.22580841639,"x"
"6683",10456.0507183603,-9718.3609319493,"x"
"6684",9873.66778777834,-8527.16671678879,"x"
"6685",8855.74078548657,-6010.3765022875,"x"
"6686",9757.74463655529,-8205.84969251232,"x"
"6687",9503.74522374323,-7842.92100367292,"x"
"6688",9878.79989878756,-8439.3051055133,"x"
"6689",10046.8686565101,-8887.39084079144,"x"
"6690",9752.30568439398,-8201.51249612637,"x"
"6691",9758.08705992295,-8315.67092235476,"x"
"6692",9784.51729276196,-8354.47097103022,"x"
"6693",9810.09832210158,-8376.63878825551,"x"
"6694",9380.00285886427,-7501.12537288741,"x"
"6695",10032.0841477257,-8860.03728879565,"x"
"6696",9665.36795717237,-8223.82075424675,"x"
"6697",9868.33991474573,-8660.87147766303,"x"
"6698",9868.05425320171,-8434.03463918175,"x"
"6699",9844.92610627197,-8332.7282345049,"x"
"6700",9712.30836226093,-8299.64788429461,"x"
"6701",9491.73562865373,-7710.93555529609,"x"
"6702",9866.42515452048,-8492.3144245839,"x"
"6703",10148.7880572616,-9228.99480294484,"x"
"6704",9238.20021115459,-7132.80139736044,"x"
"6705",8732.079257023,-5897.24077451677,"x"
"6706",9690.62281059224,-8016.54563438976,"x"
"6707",9345.93818880977,-7499.59695091423,"x"
"6708",10018.405110383,-8726.52557464997,"x"
"6709",9641.41636807389,-7963.91519040292,"x"
"6710",9809.7675577483,-8373.68542162039,"x"
"6711",9875.48874401415,-8472.18178036661,"x"
"6712",9424.69886131745,-7498.75372513366,"x"
"6713",9369.37552731669,-7444.8187424727,"x"
"6714",9811.55005867389,-8449.2922594675,"x"
"6715",10034.6978363443,-8750.6443058507,"x"
"6716",9368.89349803975,-7267.50346097984,"x"
"6717",10039.1919967318,-8859.27142430944,"x"
"6718",10195.0223199997,-9242.94076128585,"x"
"6719",10206.2563956595,-9371.59970350852,"x"
"6720",9571.07214036569,-7945.24066140568,"x"
"6721",9216.00413075483,-7030.6994400284,"x"
"6722",9621.53277593292,-7971.61862336167,"x"
"6723",9514.67205056013,-7665.35428384682,"x"
"6724",9742.53502117155,-8301.63344603896,"x"
"6725",9515.1688439039,-7867.41072886307,"x"
"6726",9626.29147300598,-7950.42593148481,"x"
"6727",10210.3354435594,-9291.01338565768,"x"
"6728",9447.19900423326,-7594.1088344302,"x"
"6729",9626.95219587529,-8047.02140803538,"x"
"6730",9685.16285160863,-8074.99837617014,"x"
"6731",9048.49990494252,-6852.35308189056,"x"
"6732",10356.8417623105,-9764.06931528678,"x"
"6733",9541.75894023437,-7719.50901112415,"x"
"6734",9824.73364982819,-8445.08610270125,"x"
"6735",9473.19046909479,-7614.11607946012,"x"
"6736",9975.46082017801,-8776.15756229895,"x"
"6737",9797.14894362141,-8426.17720372026,"x"
"6738",8830.86478927755,-6297.26935360434,"x"
"6739",9594.58549676686,-7925.82704733296,"x"
"6740",10036.6194305647,-8807.90454904776,"x"
"6741",9698.80163249438,-8054.20817014769,"x"
"6742",9997.86816390361,-8852.84151726944,"x"
"6743",9892.42301072823,-8570.56659902235,"x"
"6744",9649.91905651141,-7981.18928680093,"x"
"6745",10301.9220239017,-9600.92994176219,"x"
"6746",10040.4895980105,-8919.47883242317,"x"
"6747",9777.53184407497,-8389.91082309482,"x"
"6748",9851.4268743493,-8339.33923085677,"x"
"6749",9803.74248013464,-8275.02068608113,"x"
"6750",9838.48411612504,-8545.34054529834,"x"
"6751",9981.06509846899,-8858.95028541645,"x"
"6752",9486.21937057976,-7566.18904550657,"x"
"6753",10039.4463293806,-8927.03488479607,"x"
"6754",9700.4593985139,-8220.09029771079,"x"
"6755",9845.23053516966,-8550.50661460134,"x"
"6756",9175.346254796,-7019.86144770026,"x"
"6757",9782.58080129642,-8520.06175964013,"x"
"6758",9848.7165437645,-8435.60224376061,"x"
"6759",10067.6155419365,-9301.27466302235,"x"
"6760",9332.91470673662,-7449.15495596712,"x"
"6761",10055.6669639762,-8950.42329505891,"x"
"6762",9818.66227710344,-8637.28349506998,"x"
"6763",10069.9357931776,-9147.70863511908,"x"
"6764",8858.55859789312,-6225.2967624721,"x"
"6765",9975.57391572806,-8734.70147549124,"x"
"6766",9378.77785156789,-7362.76537706079,"x"
"6767",9533.41214178945,-7692.94113697653,"x"
"6768",9738.21441308022,-8231.97456033473,"x"
"6769",9947.1630812992,-8802.93414190053,"x"
"6770",9283.20597011367,-7226.957767666,"x"
"6771",9592.17951195449,-7889.73655766794,"x"
"6772",10124.8626456894,-9239.68519288776,"x"
"6773",9611.51446572755,-7931.43327255213,"x"
"6774",8976.35704953332,-6584.83743395534,"x"
"6775",9389.27165484544,-7437.69397940061,"x"
"6776",9515.96404864128,-7878.59442574666,"x"
"6777",9806.27972023153,-8354.85430507002,"x"
"6778",9667.65713502627,-8161.14178594046,"x"
"6779",9531.79041897902,-7751.56495324199,"x"
"6780",9455.73871752733,-7615.12140503073,"x"
"6781",9354.12332547879,-7305.62451585905,"x"
"6782",9516.78612616277,-7774.25963797125,"x"
"6783",10120.2421968648,-9176.00509741012,"x"
"6784",10189.351395872,-9368.72197310944,"x"
"6785",10193.4211379802,-9470.24153298987,"x"
"6786",9876.08847743662,-8459.26227186935,"x"
"6787",9911.51143634479,-8474.58174791114,"x"
"6788",9818.57547820569,-8292.53673079865,"x"
"6789",10160.0476504574,-9532.59858838211,"x"
"6790",9128.67643734723,-6824.32466116967,"x"
"6791",9369.4702456753,-7322.8874716357,"x"
"6792",9339.29219471835,-7461.73862730852,"x"
"6793",9644.47501510693,-8061.66057074051,"x"
"6794",9841.05565749161,-8607.39338505694,"x"
"6795",9749.1071938799,-8240.73041123423,"x"
"6796",9486.97289592799,-7807.90921224021,"x"
"6797",10166.5829862251,-9306.92213853885,"x"
"6798",9501.31797824314,-7796.36196378496,"x"
"6799",9440.48558530552,-7710.1312501336,"x"
"6800",9887.0185659735,-8721.47389049241,"x"
"6801",9712.14768383623,-8277.40355310282,"x"
"6802",9823.83202104088,-8396.87227527575,"x"
"6803",9999.889254326,-8806.845788825,"x"
"6804",9878.70265773351,-8604.74620902881,"x"
"6805",9864.46682883491,-8409.95968146761,"x"
"6806",9559.47919224646,-7881.21817296373,"x"
"6807",9251.99677834532,-7038.39275985776,"x"
"6808",10043.9128796709,-8888.50236111322,"x"
"6809",9263.18765736981,-7193.2452573208,"x"
"6810",10229.964998094,-9131.13037955715,"x"
"6811",9330.68498738886,-7382.5641333615,"x"
"6812",9763.73538414124,-8195.33465494877,"x"
"6813",9514.94502727298,-7841.75781303481,"x"
"6814",10036.6461154926,-8821.35618142038,"x"
"6815",9599.2088856281,-7934.56335381269,"x"
"6816",9754.928643953,-8160.10772233811,"x"
"6817",9603.42081689778,-7862.99165852302,"x"
"6818",9452.73090699719,-7589.5779575018,"x"
"6819",10265.529567884,-9403.58008927195,"x"
"6820",9547.88343888028,-7845.62680515925,"x"
"6821",9417.54633781283,-7594.26472291567,"x"
"6822",10067.7816649952,-9070.05407819328,"x"
"6823",9599.67503884261,-7873.4850414167,"x"
"6824",10150.8465438446,-9223.72176395917,"x"
"6825",10096.4938094661,-9100.74139915615,"x"
"6826",10111.3635465369,-9035.43555574053,"x"
"6827",9676.01025618069,-8169.68797249252,"x"
"6828",9382.93355042187,-7409.82544958954,"x"
"6829",10253.4185215487,-9207.92618500901,"x"
"6830",9764.46064014595,-8390.75288555847,"x"
"6831",9509.85527085373,-7793.46924670519,"x"
"6832",9965.26020644762,-8615.78893516355,"x"
"6833",10102.3832863409,-8876.45851546847,"x"
"6834",9207.25505614373,-6918.63558392822,"x"
"6835",9812.58519703556,-8462.00011400057,"x"
"6836",9300.58347555571,-7290.36941563641,"x"
"6837",9898.37078757961,-8657.52411811955,"x"
"6838",9399.41685401506,-7470.26714209335,"x"
"6839",9895.49201250233,-8629.65191239543,"x"
"6840",9880.81358182894,-8470.6852697839,"x"
"6841",8949.7534306511,-6523.39300532831,"x"
"6842",10111.8214844355,-9124.92422642936,"x"
"6843",9935.70404135806,-8542.50639218414,"x"
"6844",9456.97698466947,-7564.78354865388,"x"
"6845",10142.0981657505,-9112.39314052364,"x"
"6846",9833.23605544972,-8596.70424279797,"x"
"6847",9754.49073748686,-8267.81727900423,"x"
"6848",10111.1789290733,-9036.02446538966,"x"
"6849",10015.0527387413,-8954.33663878771,"x"
"6850",9913.24713821833,-8625.87793386843,"x"
"6851",9963.09039631223,-8740.12444795739,"x"
"6852",9970.6493532723,-8808.52442081243,"x"
"6853",10172.0911597243,-9165.99242553749,"x"
"6854",9655.43149468451,-8066.78175180813,"x"
"6855",9350.08421078455,-7397.63834879259,"x"
"6856",10151.2792169038,-9296.75965313403,"x"
"6857",10132.4114553898,-9064.19883780783,"x"
"6858",9864.50475197407,-8566.9502368417,"x"
"6859",10087.5399346209,-8958.03626225955,"x"
"6860",10270.2816440897,-9545.39753266901,"x"
"6861",9849.07288787089,-8561.3276980345,"x"
"6862",9928.82051150325,-8556.9052393603,"x"
"6863",9585.95810031332,-7853.92982748584,"x"
"6864",9957.84058739994,-8710.85981497771,"x"
"6865",9760.97603504987,-8280.86560736445,"x"
"6866",9608.41665367784,-7850.34082776397,"x"
"6867",9550.21468733634,-7602.17363932703,"x"
"6868",10312.5842041501,-9839.73254121065,"x"
"6869",9789.59480916321,-8390.34188648987,"x"
"6870",9793.54464109285,-8328.82181203056,"x"
"6871",9523.17546503958,-7749.16889494077,"x"
"6872",9747.23142665632,-8139.57481571855,"x"
"6873",10005.3901372921,-8674.46430967712,"x"
"6874",10243.2565011027,-9480.31618534047,"x"
"6875",9539.65257959341,-7802.46555451074,"x"
"6876",9987.3753850377,-8814.94899619906,"x"
"6877",9827.43335851413,-8480.91112670061,"x"
"6878",9445.11116142872,-7639.82403486582,"x"
"6879",10326.7122483129,-9471.94443320677,"x"
"6880",10092.2508399786,-8981.07528793472,"x"
"6881",8994.8325829385,-6371.58317394606,"x"
"6882",9373.17657729866,-7274.25522668145,"x"
"6883",10286.5813720355,-9506.40239069162,"x"
"6884",8729.37104270124,-5930.64924761872,"x"
"6885",9744.8558638554,-8294.08862616497,"x"
"6886",9803.00626805359,-8452.97452220514,"x"
"6887",9625.25522635739,-8021.00284480828,"x"
"6888",8895.59485903616,-6368.48703175887,"x"
"6889",9500.52376399113,-7703.85756442562,"x"
"6890",9477.13041442961,-7632.42697899146,"x"
"6891",9715.77656013339,-8291.66187039833,"x"
"6892",9401.20910492281,-7598.17650228171,"x"
"6893",10052.4999293435,-8971.79665896287,"x"
"6894",9310.97442268646,-7314.34934646181,"x"
"6895",9256.33424016302,-7211.42047538478,"x"
"6896",8786.5144335592,-6093.79594011351,"x"
"6897",9810.49136372348,-8459.13778304975,"x"
"6898",9034.69216374065,-6671.59314664982,"x"
"6899",9506.14373185005,-7659.83067952047,"x"
"6900",9763.1586371489,-8255.88272207683,"x"
"6901",9424.25534971857,-7608.65326377689,"x"
"6902",10424.6750508572,-9697.25676661766,"x"
"6903",9268.08738112407,-7220.90138995082,"x"
"6904",9567.41811064482,-7776.15191154188,"x"
"6905",8519.67536180811,-5439.26300867811,"x"
"6906",9749.43249547685,-8136.17968709874,"x"
"6907",9592.96496211983,-8002.30157840893,"x"
"6908",9846.26329902267,-8448.48566764155,"x"
"6909",10079.0540818911,-8970.43947431437,"x"
"6910",9267.22204503173,-7180.7517575943,"x"
"6911",9641.86912337266,-8100.93708510025,"x"
"6912",8779.46204066912,-5922.27804319576,"x"
"6913",9880.24078236058,-8370.99493905409,"x"
"6914",10187.1418793912,-9248.52308515378,"x"
"6915",9941.19600629623,-8820.5450764166,"x"
"6916",10270.871875428,-9375.10185899256,"x"
"6917",9794.08041722142,-8338.43084181041,"x"
"6918",9455.37422950836,-7527.69854977929,"x"
"6919",9593.18031385212,-8199.47040977759,"x"
"6920",9887.68372752236,-8555.7961899722,"x"
"6921",9719.84682118276,-8324.80169779268,"x"
"6922",9587.00969793376,-7981.28858018262,"x"
"6923",9656.99949099321,-8012.33584991579,"x"
"6924",9623.96356286013,-7907.7761142595,"x"
"6925",9573.07606734584,-7947.787733721,"x"
"6926",10084.5907136994,-8936.66961091932,"x"
"6927",10104.8422035078,-8964.41073663658,"x"
"6928",9905.39571532079,-8717.24565324002,"x"
"6929",10048.5932561241,-8944.94256897486,"x"
"6930",10159.3700150184,-9193.22701700866,"x"
"6931",10160.0526173893,-9124.34396366835,"x"
"6932",9793.38179069974,-8374.73922201717,"x"
"6933",9989.15380697155,-8828.90392869528,"x"
"6934",9652.42486548568,-8032.43454369635,"x"
"6935",9270.16688619349,-7235.60405320273,"x"
"6936",10199.5807125348,-9134.21996634382,"x"
"6937",9462.63939034016,-7715.71427802288,"x"
"6938",9743.71897933646,-8394.96443086693,"x"
"6939",9659.95966432499,-8049.99277207459,"x"
"6940",9947.89935027247,-8514.46344079471,"x"
"6941",9578.52097737894,-7882.82863389729,"x"
"6942",9864.83441070163,-8399.67373316699,"x"
"6943",9983.03676022836,-8686.97027577705,"x"
"6944",8854.8661720034,-6268.41604370736,"x"
"6945",8850.540701959,-6274.27269989,"x"
"6946",10057.1934093863,-8923.6650477726,"x"
"6947",10200.0527186185,-9111.66999085231,"x"
"6948",10336.7878909072,-9427.04385176419,"x"
"6949",9574.9041450867,-7908.31104607708,"x"
"6950",9933.35935174657,-8558.36521417126,"x"
"6951",10039.4480121666,-8883.5318838795,"x"
"6952",9563.96556026283,-8009.48246551406,"x"
"6953",9126.51273409017,-6819.28005355478,"x"
"6954",10206.8443022377,-9232.55658962324,"x"
"6955",9464.87836590686,-7594.3325623411,"x"
"6956",9497.94669770628,-7620.78686558638,"x"
"6957",9451.27093345652,-7768.09508038,"x"
"6958",9972.77117372226,-8833.9872072689,"x"
"6959",9360.48982431716,-7457.17662508561,"x"
"6960",9995.69961299612,-8802.73576163302,"x"
"6961",10103.3817053622,-9156.76860822662,"x"
"6962",8976.81300912704,-6432.96796207193,"x"
"6963",9833.84747723769,-8346.29999149329,"x"
"6964",10293.8322593155,-9647.91597981481,"x"
"6965",9965.84664285139,-8654.57344612637,"x"
"6966",9591.80349798247,-7876.54738586678,"x"
"6967",9484.53275779222,-7788.38964006611,"x"
"6968",8770.93093909076,-5998.52279051915,"x"
"6969",10241.4556423745,-9229.87800369252,"x"
"6970",9777.3799823504,-8434.49409966478,"x"
"6971",9712.23494596175,-8155.47626272571,"x"
"6972",9235.82859829184,-7106.07680313541,"x"
"6973",10208.8699467279,-9254.6118798816,"x"
"6974",9480.97122246637,-7685.65260901054,"x"
"6975",9655.62153930877,-8031.77812619362,"x"
"6976",9662.08100898181,-8138.40461117529,"x"
"6977",9475.26966638949,-7573.74995061682,"x"
"6978",9699.95839371308,-8135.28779157796,"x"
"6979",9417.65471379547,-7435.36225944866,"x"
"6980",10259.4613084586,-9404.6131974288,"x"
"6981",9584.84904443418,-8113.65899957868,"x"
"6982",9332.52354534124,-7230.08602848017,"x"
"6983",10344.47632124,-9484.7898647327,"x"
"6984",10068.9739053048,-8996.09762371386,"x"
"6985",9872.86433088533,-8654.81158830566,"x"
"6986",10206.391003579,-9299.29459557822,"x"
"6987",9812.32244655731,-8480.6152620379,"x"
"6988",10187.1982529774,-9178.53526012424,"x"
"6989",9751.80714741566,-8300.69252170811,"x"
"6990",9633.22150970304,-7946.53213278203,"x"
"6991",9805.60882641809,-8403.59565248194,"x"
"6992",9977.18947983321,-8767.57545051047,"x"
"6993",9519.67513455274,-7668.72711051445,"x"
"6994",9984.57849680541,-9002.99508691759,"x"
"6995",9303.65639029759,-7132.310939404,"x"
"6996",9284.32368391556,-7221.12671412313,"x"
"6997",10112.491991862,-9190.3868049071,"x"
"6998",10165.4058042007,-9229.52896201651,"x"
"6999",9593.57557815683,-7874.84540511099,"x"
"7000",9061.5137241847,-6715.34069892209,"x"
"7001",10069.6050013027,-9084.0410201811,"x"
"7002",9871.17511178481,-8652.85230115802,"x"
"7003",9263.77336970729,-7106.05762479346,"x"
"7004",9874.609044874,-8448.87994719145,"x"
"7005",9925.80329619111,-8680.98423307784,"x"
"7006",9290.97631981216,-7118.74411990602,"x"
"7007",9331.12013846839,-7269.33142070994,"x"
"7008",9882.82704966917,-8453.80695173705,"x"
"7009",9443.24111223774,-7664.48311707692,"x"
"7010",10015.8344868812,-8740.53561781505,"x"
"7011",9381.11794172015,-7642.435938834,"x"
"7012",9447.21442601824,-7594.60236164851,"x"
"7013",9003.60152652574,-6651.70488748145,"x"
"7014",9834.06850446022,-8501.32252443642,"x"
"7015",10352.2760396189,-9754.85615741326,"x"
"7016",9852.74022839693,-8674.33541851168,"x"
"7017",9696.33258112059,-8057.8394119869,"x"
"7018",9597.14201669096,-8001.28304613956,"x"
"7019",10142.4537033663,-9031.01009393947,"x"
"7020",10182.550286337,-9291.06429255209,"x"
"7021",9715.26384234498,-8148.92431154306,"x"
"7022",9503.48373681829,-7797.33173898248,"x"
"7023",9927.3236236691,-8763.37021056855,"x"
"7024",9790.14783676214,-8312.16883721863,"x"
"7025",9983.00679446388,-8986.8276240137,"x"
"7026",10386.4337687653,-9681.28504632613,"x"
"7027",9812.20430929106,-8345.04397091106,"x"
"7028",9889.32697119321,-8552.94261871154,"x"
"7029",9448.94047609082,-7715.71516624457,"x"
"7030",10313.4410989229,-9404.59541129879,"x"
"7031",8859.39312160331,-6168.14811781996,"x"
"7032",9100.35191086919,-6878.04625709954,"x"
"7033",9806.91311224594,-8368.50153941529,"x"
"7034",9856.6029507516,-8652.36490954768,"x"
"7035",9527.28095740055,-7634.73187585137,"x"
"7036",9852.31103502817,-8555.03358424978,"x"
"7037",9800.58137130207,-8429.45106081673,"x"
"7038",9500.31182596528,-7630.17189087548,"x"
"7039",9622.94270684819,-7920.87993750905,"x"
"7040",10174.1833121729,-9471.03523552217,"x"
"7041",9928.51936773271,-8545.10104087144,"x"
"7042",9751.95642757607,-8285.30739589884,"x"
"7043",10010.1077911325,-8777.60943160045,"x"
"7044",9896.09350758487,-8526.40510499167,"x"
"7045",9813.14604076546,-8365.10953365115,"x"
"7046",10025.4328136299,-8947.88581449769,"x"
"7047",9420.21690409434,-7478.23361846649,"x"
"7048",9672.86188590393,-8129.60539718509,"x"
"7049",9763.73709307487,-8407.56796094073,"x"
"7050",9471.22663172789,-7676.9033168656,"x"
"7051",10316.628475246,-9456.11607691142,"x"
"7052",9290.85393025368,-7479.60184593469,"x"
"7053",9405.0114684429,-7629.73025756452,"x"
"7054",8959.27151040753,-6627.31557459315,"x"
"7055",9902.64931899309,-8639.47700580156,"x"
"7056",9532.19420489229,-7762.68362098438,"x"
"7057",10023.0958783489,-8907.62156122018,"x"
"7058",10016.6267494896,-8915.29720244456,"x"
"7059",10293.4210935619,-9344.93483004761,"x"
"7060",9836.84525722003,-8557.62226678897,"x"
"7061",10090.7367102702,-8976.4787038137,"x"
"7062",9797.31139352243,-8338.63021570482,"x"
"7063",10006.142516701,-8883.45483810842,"x"
"7064",9853.81661148627,-8449.84184662254,"x"
"7065",9945.41042694603,-8814.61229582906,"x"
"7066",9784.9010299727,-8290.61476530204,"x"
"7067",10260.4868746367,-9405.0896606923,"x"
"7068",10033.5665454653,-8736.33734510439,"x"
"7069",9413.21679380223,-7487.55849805245,"x"
"7070",9797.51606463617,-8388.14622094219,"x"
"7071",10031.2743727886,-8904.85938508886,"x"
"7072",9866.97564554053,-8629.80182267327,"x"
"7073",9671.39852451235,-8138.2888077908,"x"
"7074",9670.65314004486,-7893.4665450959,"x"
"7075",10216.9599128042,-9255.35144088303,"x"
"7076",9388.43620919377,-7432.04751911843,"x"
"7077",9384.07779832992,-7332.30781099513,"x"
"7078",9742.89441511858,-8155.13438920973,"x"
"7079",9820.8219421711,-8460.13236348621,"x"
"7080",9401.57240222236,-7471.78127411784,"x"
"7081",10115.7566728,-9138.61453474641,"x"
"7082",10409.2802252298,-9656.11023457588,"x"
"7083",9056.02710098514,-6822.4732001676,"x"
"7084",10000.9011529905,-8999.12944338479,"x"
"7085",10330.870393993,-9662.86919310834,"x"
"7086",10043.3927846937,-8880.28993918583,"x"
"7087",9988.27765953882,-8762.78688894536,"x"
"7088",10167.4670707805,-9326.34357162893,"x"
"7089",9967.24870111017,-8787.41831977171,"x"
"7090",10028.5076947957,-8789.25456599749,"x"
"7091",9892.63187578887,-8524.02949799866,"x"
"7092",9728.55590344064,-8170.67526581352,"x"
"7093",9435.6708902591,-7567.63356137054,"x"
"7094",9719.17648461302,-8215.86226606736,"x"
"7095",9641.59291814147,-7952.48844476385,"x"
"7096",9810.54879458684,-8443.72952300434,"x"
"7097",9694.24452476826,-8201.71523617122,"x"
"7098",10000.505273294,-8850.34929256569,"x"
"7099",10032.0058979287,-8846.15522247241,"x"
"7100",9774.88978190458,-8416.14134613393,"x"
"7101",9806.77852954509,-8450.36450422776,"x"
"7102",9575.93742422491,-7895.0187482294,"x"
"7103",10574.8816571435,-10020.285472183,"x"
"7104",9669.83228683252,-8114.19972791692,"x"
"7105",10374.6049718616,-9539.88879685533,"x"
"7106",9159.37353990561,-6988.21534674659,"x"
"7107",9807.53895085282,-8353.12855710392,"x"
"7108",9230.64199085221,-7205.77911742263,"x"
"7109",9266.95212491631,-7210.74623072694,"x"
"7110",8982.89050275101,-6526.20312772742,"x"
"7111",10116.6341675859,-9055.59057194913,"x"
"7112",10205.9533686304,-9250.62542532217,"x"
"7113",9837.34640110586,-8419.95253708762,"x"
"7114",9875.69859263289,-8582.40937862078,"x"
"7115",9843.5771096322,-8601.44571807643,"x"
"7116",10035.593542351,-8814.67082347884,"x"
"7117",10058.1253468608,-8966.58597374848,"x"
"7118",9637.38657248329,-8120.17986895643,"x"
"7119",9108.23410417609,-6819.3227918032,"x"
"7120",9540.97994574979,-7909.52467095432,"x"
"7121",9758.93552895888,-8346.37207310567,"x"
"7122",9635.14882844839,-7852.81322271381,"x"
"7123",9723.52734501192,-8198.02857875713,"x"
"7124",9873.241259081,-8536.92197216095,"x"
"7125",9333.42400883982,-7435.33816315342,"x"
"7126",9812.50320501837,-8372.6899867253,"x"
"7127",9645.88528270329,-8111.66799141237,"x"
"7128",9288.4003831272,-7281.60359843333,"x"
"7129",9965.20106458975,-8810.53574842135,"x"
"7130",9252.57519410261,-7052.55549197906,"x"
"7131",9934.47174111748,-8637.48102290713,"x"
"7132",10360.5309445767,-9679.97674598383,"x"
"7133",10176.9597076657,-9242.31106507405,"x"
"7134",9883.63438729917,-8519.70945594356,"x"
"7135",9631.98792964973,-8054.81083650692,"x"
"7136",9353.87697199955,-7521.60348740846,"x"
"7137",9502.77439089364,-7609.69902410355,"x"
"7138",9863.74733042465,-8402.89508616178,"x"
"7139",10247.8170054389,-9351.12243181673,"x"
"7140",10342.2584994397,-9478.75566488438,"x"
"7141",9467.0383450744,-7520.43640843699,"x"
"7142",9700.75536141884,-8074.12306081114,"x"
"7143",10056.4964171283,-8902.16450090241,"x"
"7144",10378.883459184,-9729.18326598303,"x"
"7145",9697.95474356537,-8223.50755816104,"x"
"7146",9258.98361022365,-7123.4319373566,"x"
"7147",9731.58391027726,-8253.88449079867,"x"
"7148",10164.0435899512,-9118.16519301045,"x"
"7149",9868.11553854511,-8463.01089242695,"x"
"7150",9278.23057234833,-7320.48823266475,"x"
"7151",9747.79748080532,-8336.58677390801,"x"
"7152",9736.16527024735,-8480.57362365666,"x"
"7153",10035.8582601336,-8989.81860795181,"x"
"7154",9354.58990831622,-7243.97172061205,"x"
"7155",9943.94052216327,-8779.28726403592,"x"
"7156",9760.52659197909,-8242.8067003231,"x"
"7157",9463.21271764989,-7553.55888933949,"x"
"7158",9825.65385368033,-8590.60740785729,"x"
"7159",10128.9617364418,-9144.47105386454,"x"
"7160",9527.87808540988,-7731.58742389239,"x"
"7161",9925.75432049907,-8640.53850771275,"x"
"7162",9610.91266751867,-8130.93254250676,"x"
"7163",9090.0764821258,-6853.3281557933,"x"
"7164",10337.8949270143,-9519.48666698519,"x"
"7165",9270.62935491986,-7311.36594692023,"x"
"7166",9822.5437558037,-8371.31618570694,"x"
"7167",9478.15277287226,-7700.56997015852,"x"
"7168",9809.16615586893,-8482.45078468558,"x"
"7169",9982.75024596478,-8720.34019579027,"x"
"7170",9527.18249827697,-7742.18276562288,"x"
"7171",9473.45151314148,-7624.92298483177,"x"
"7172",9733.41760493023,-8223.50083057021,"x"
"7173",9968.62281257445,-8861.94074685254,"x"
"7174",9977.59491207531,-8755.81105364825,"x"
"7175",9716.48547931705,-8113.97235207686,"x"
"7176",9622.72242151185,-7974.09808893598,"x"
"7177",9912.36817693857,-8819.3221709597,"x"
"7178",9589.4260731586,-7855.05364076541,"x"
"7179",9573.27251479861,-7946.19367889208,"x"
"7180",9658.4938964075,-7901.07816299249,"x"
"7181",9692.86367270389,-8199.14852256486,"x"
"7182",9878.78476764381,-8545.16209536666,"x"
"7183",9100.16684379386,-6747.37519541237,"x"
"7184",9606.46663430107,-7907.59724073148,"x"
"7185",10136.9684171799,-9264.28884117242,"x"
"7186",10297.1905013913,-9505.59116947561,"x"
"7187",9437.85280637875,-7556.27008603095,"x"
"7188",10151.4199077991,-9029.73662970772,"x"
"7189",9897.51469985321,-8588.06888531651,"x"
"7190",10398.1871967698,-9759.10043313212,"x"
"7191",9353.85622167687,-7362.14160545249,"x"
"7192",9201.32276410883,-7221.77376663929,"x"
"7193",10142.2226560316,-9196.54051791521,"x"
"7194",9663.5252258605,-8023.33809152483,"x"
"7195",9566.58282781115,-7792.33591629582,"x"
"7196",9759.6310525384,-8185.49999370494,"x"
"7197",10063.0816738038,-8965.46512160132,"x"
"7198",10091.9996987196,-8938.49383283127,"x"
"7199",9288.29983032925,-7174.28952216047,"x"
"7200",9954.6474420711,-8774.79374968821,"x"
"7201",9348.33607720019,-7432.06208166141,"x"
"7202",10049.3322644582,-8949.55371271754,"x"
"7203",9632.99494423968,-8048.97066091311,"x"
"7204",9502.0462435717,-7750.63679420782,"x"
"7205",9926.3323008253,-8595.52981968141,"x"
"7206",8597.08123526374,-5689.84057282034,"x"
"7207",9631.63336803551,-8105.05493813559,"x"
"7208",9533.03160819419,-7703.04691855401,"x"
"7209",9694.02998890352,-8096.3041555849,"x"
"7210",9790.1999853024,-8159.36720623797,"x"
"7211",9777.4966698215,-8429.50280646742,"x"
"7212",10192.6075694776,-9202.88721969996,"x"
"7213",9969.01761165626,-8762.59370823441,"x"
"7214",9338.95985035216,-7485.63943394733,"x"
"7215",9354.77511856723,-7342.04489277583,"x"
"7216",9899.93953223821,-8611.10369265179,"x"
"7217",9977.53141721394,-8696.24301145953,"x"
"7218",9141.02048600788,-6879.41890900492,"x"
"7219",9795.1677151097,-8267.9952679044,"x"
"7220",10274.823233314,-9391.37362987027,"x"
"7221",9457.46489563595,-7512.53061520371,"x"
"7222",9461.38702400628,-7704.56142211707,"x"
"7223",10176.9858814536,-9232.30229176148,"x"
"7224",9089.70765197721,-6572.64410085765,"x"
"7225",10034.8004685634,-8890.1829477101,"x"
"7226",9942.28284465793,-8953.73338372388,"x"
"7227",9718.47358509224,-8100.68141238867,"x"
"7228",9776.13315206545,-8354.53168907824,"x"
"7229",9471.6995404028,-7650.77721852066,"x"
"7230",9987.52113143545,-8844.43326018841,"x"
"7231",10093.410405304,-9166.42261256003,"x"
"7232",9544.31910935215,-7731.25182770737,"x"
"7233",9925.43827009038,-8625.3740188361,"x"
"7234",9522.4471392534,-7640.83885585038,"x"
"7235",9762.8614406463,-8361.34534225462,"x"
"7236",9606.8784585456,-7974.25893421358,"x"
"7237",9481.96113475702,-7711.64973425425,"x"
"7238",10206.6973035082,-9510.66756045657,"x"
"7239",9522.0770089294,-7825.541327604,"x"
"7240",9730.96281111528,-8331.72632465442,"x"
"7241",10267.4518947223,-9593.83466117151,"x"
"7242",9698.15310257811,-8136.6187855701,"x"
"7243",9318.139464755,-7182.63040413138,"x"
"7244",10250.962267264,-9455.21891404308,"x"
"7245",9898.05857260318,-8613.42893952757,"x"
"7246",10190.0732915589,-9193.59255551369,"x"
"7247",8744.02956229765,-5973.90341032218,"x"
"7248",9333.59296781443,-7387.62324911653,"x"
"7249",9361.36872494047,-7474.97151146121,"x"
"7250",10167.8262046418,-9204.04555740954,"x"
"7251",9657.60091049928,-8048.69704506077,"x"
"7252",9788.63469204762,-8266.74296223421,"x"
"7253",9419.19063990176,-7511.11426286696,"x"
"7254",10086.622056593,-8931.52088574491,"x"
"7255",9808.58998158535,-8448.38827375191,"x"
"7256",9757.91137692284,-8195.18969376253,"x"
"7257",9739.78797625458,-8319.4339008608,"x"
"7258",9570.02438544573,-7879.54616110769,"x"
"7259",10007.3576381342,-8689.31211225944,"x"
"7260",9700.58434327866,-8057.70188254272,"x"
"7261",9773.6392985956,-8359.77067712627,"x"
"7262",9800.84886267897,-8486.6620653646,"x"
"7263",9995.9057444056,-8974.07565335977,"x"
"7264",10206.4007297077,-9377.17439740749,"x"
"7265",9689.71552680043,-8236.51015385561,"x"
"7266",9653.02395781783,-8152.58627461456,"x"
"7267",9883.66692144129,-8540.64194972359,"x"
"7268",9277.7090291508,-7189.54672186693,"x"
"7269",9493.56704222376,-7722.17580809433,"x"
"7270",10082.1246213156,-9255.03005694183,"x"
"7271",9267.17045287426,-7314.63962502724,"x"
"7272",9912.74914257203,-8720.21368920354,"x"
"7273",10009.8348207516,-8849.39649564417,"x"
"7274",10235.6822630046,-9347.20301305094,"x"
"7275",9941.64829623277,-8786.6018496656,"x"
"7276",9345.65534077346,-7451.42434201942,"x"
"7277",9291.64840924447,-7210.49595103726,"x"
"7278",10333.9181418966,-9726.10590059128,"x"
"7279",10081.4469437326,-8954.81361526032,"x"
"7280",9945.91653305996,-8582.25129689034,"x"
"7281",9954.25928631682,-8724.7885429911,"x"
"7282",9956.84971705055,-8605.56973391183,"x"
"7283",9994.55201782815,-8949.58507235049,"x"
"7284",9512.8866826141,-7668.65608710848,"x"
"7285",9485.19189435634,-7642.82054285591,"x"
"7286",9834.90025776956,-8484.8632436688,"x"
"7287",9793.9374025139,-8201.30389184441,"x"
"7288",10133.5608480347,-9112.67418143863,"x"
"7289",9765.66468816368,-8342.43961481778,"x"
"7290",9530.66176186328,-7864.53112759012,"x"
"7291",9092.42647825075,-6805.65987845339,"x"
"7292",10058.9380177127,-9117.64489166048,"x"
"7293",9859.86044093596,-8496.65239741833,"x"
"7294",9452.74739786712,-7500.04452642399,"x"
"7295",9553.86795257789,-7766.83607870968,"x"
"7296",9908.75100721581,-8539.73285457973,"x"
"7297",10060.0892296574,-8805.94566439426,"x"
"7298",9571.19594664567,-7898.44732823504,"x"
"7299",8928.08174228659,-6379.3198442474,"x"
"7300",9827.35691117697,-8430.18486315217,"x"
"7301",9737.87155433449,-8171.64143872156,"x"
"7302",9457.05998143095,-7525.27604418678,"x"
"7303",9442.78379222765,-7546.79383692855,"x"
"7304",9907.45623284726,-8470.73824038861,"x"
"7305",10138.8562648431,-9021.28836159948,"x"
"7306",8738.71233147483,-6125.38732150583,"x"
"7307",10139.5104783639,-9064.83966174541,"x"
"7308",10020.1310111025,-8874.04825499513,"x"
"7309",10260.6621538029,-9254.26146119553,"x"
"7310",9013.35657829855,-6523.52900480478,"x"
"7311",9579.70156760054,-7824.4045105797,"x"
"7312",10147.2383403665,-9133.19637245222,"x"
"7313",10172.9881816583,-9228.58200515964,"x"
"7314",9470.83936948635,-7552.81614491063,"x"
"7315",9349.37215487057,-7332.59927754571,"x"
"7316",8775.94570173901,-5982.08963283785,"x"
"7317",9843.98501602174,-8384.23404721136,"x"
"7318",9991.85129750326,-8881.39666778547,"x"
"7319",9935.90035590623,-8594.06101936527,"x"
"7320",10123.7883392776,-9079.39231195396,"x"
"7321",9453.27607125049,-7555.10365323405,"x"
"7322",10187.0878025115,-9213.89524966392,"x"
"7323",9689.9196039411,-8194.79165955852,"x"
"7324",9835.09749711312,-8394.55416512948,"x"
"7325",9926.17527356748,-8645.96305322678,"x"
"7326",10014.5449721869,-8750.76860940464,"x"
"7327",9563.22675323666,-7844.57581046969,"x"
"7328",10031.5861853229,-8813.2449434257,"x"
"7329",9743.56587453438,-8421.57882745484,"x"
"7330",9447.62200714395,-7773.03940237073,"x"
"7331",9761.94566843607,-8343.65815630761,"x"
"7332",9019.47807831581,-6649.04167191191,"x"
"7333",10021.3831181105,-8947.54517661464,"x"
"7334",9456.02675591717,-7627.56571884412,"x"
"7335",10014.8852865229,-8838.16185688007,"x"
"7336",9705.19283265661,-8120.77035189533,"x"
"7337",9787.8948769636,-8365.35215335905,"x"
"7338",9547.9594880433,-7916.73243604452,"x"
"7339",9743.95988464821,-8257.04511416273,"x"
"7340",9771.72380545184,-8101.32484335081,"x"
"7341",9735.65234057983,-8213.20268073566,"x"
"7342",9232.75631392045,-7137.65843912153,"x"
"7343",9690.57676975017,-7939.56786870509,"x"
"7344",9182.75858219689,-7155.49602157131,"x"
"7345",10412.458006582,-9786.57384200166,"x"
"7346",9327.8086795061,-7355.82218558636,"x"
"7347",10034.6551793153,-9029.0273769019,"x"
"7348",9559.43768828827,-7801.95730888631,"x"
"7349",9906.93503816542,-8473.28792068709,"x"
"7350",9893.58220877464,-8524.66158562319,"x"
"7351",9639.94601367343,-7964.58166659704,"x"
"7352",10015.9833527886,-8782.63914300164,"x"
"7353",9692.58858977373,-8166.35578949017,"x"
"7354",9879.21213034651,-8479.81178758782,"x"
"7355",9740.82707282333,-8350.57946214597,"x"
"7356",10350.7280724489,-9829.75784522126,"x"
"7357",9932.45361994043,-8571.47569815347,"x"
"7358",9424.45364761139,-7610.2836662689,"x"
"7359",10068.2054470319,-8910.82112952218,"x"
"7360",9906.79370547364,-8542.02344630744,"x"
"7361",9905.34886967393,-8615.40949068484,"x"
"7362",9670.27731248323,-8045.94052551062,"x"
"7363",9845.60763386859,-8415.63483125771,"x"
"7364",9666.91735456699,-7921.9856201495,"x"
"7365",10387.1535139166,-9791.10447459014,"x"
"7366",9772.70952348545,-8403.6366083486,"x"
"7367",9789.94373380543,-8397.51518149791,"x"
"7368",10065.1712998837,-8872.89061067517,"x"
"7369",9944.74103407882,-8929.3716661184,"x"
"7370",9993.04839988248,-8709.07729803716,"x"
"7371",8726.87173316715,-6133.12137605844,"x"
"7372",9007.30745074188,-6635.35635457789,"x"
"7373",9683.22745780416,-8107.1990505964,"x"
"7374",9818.67351528576,-8446.23389139397,"x"
"7375",10060.8284069401,-9109.21039291004,"x"
"7376",9182.06041064022,-6981.08080546077,"x"
"7377",10200.8657404839,-9372.21542002145,"x"
"7378",9849.16081209434,-8546.37158234054,"x"
"7379",9822.99968386295,-8345.278493267,"x"
"7380",9616.25726005076,-8037.8592346029,"x"
"7381",10112.186966044,-9079.54189944058,"x"
"7382",9390.97221679871,-7341.61170314092,"x"
"7383",9835.24690526638,-8460.96540739744,"x"
"7384",9960.13915280429,-8753.74799424774,"x"
"7385",8764.38805398184,-6073.97430259123,"x"
"7386",10121.9376120188,-9046.41474216355,"x"
"7387",9870.11749434663,-8528.19140645245,"x"
"7388",9409.9322264313,-7526.47603260374,"x"
"7389",10236.5656757492,-9231.74537496714,"x"
"7390",10006.3601841227,-8957.56597952499,"x"
"7391",9916.46408800096,-8630.35362758198,"x"
"7392",9931.46003552051,-8660.48158933847,"x"
"7393",9400.13893655977,-7270.56479068036,"x"
"7394",9919.20226376817,-8769.61267633427,"x"
"7395",9544.24585796875,-7701.89507262841,"x"
"7396",9665.75104600828,-7984.38109230375,"x"
"7397",9373.58934054808,-7405.85258340454,"x"
"7398",9183.92086041855,-7057.30982086894,"x"
"7399",9918.80342812792,-8487.85019634668,"x"
"7400",9574.47961782959,-7849.41586090719,"x"
"7401",9900.19243631255,-8605.52460038013,"x"
"7402",9780.29019807409,-8465.45221766813,"x"
"7403",9509.8412583683,-7687.08032219984,"x"
"7404",10017.6845066997,-8786.72544262449,"x"
"7405",10138.8044956956,-9083.68961958414,"x"
"7406",10180.6850905362,-9327.38702724036,"x"
"7407",8786.11506472404,-6144.2285071908,"x"
"7408",10060.6219583973,-8796.84518204082,"x"
"7409",10055.082184154,-8782.61549252504,"x"
"7410",10012.0786018408,-8836.92612395724,"x"
"7411",9878.97694275991,-8484.85749313289,"x"
"7412",10082.1015645225,-8885.43346922352,"x"
"7413",9899.70717147943,-8554.11458729697,"x"
"7414",9235.49720055587,-6803.25838177525,"x"
"7415",9717.42555040813,-8184.89338417394,"x"
"7416",10319.1008887349,-9651.45285876579,"x"
"7417",9765.69344529845,-8152.55188514108,"x"
"7418",9396.42693635191,-7486.71936271399,"x"
"7419",9982.85043836345,-8726.68184790443,"x"
"7420",10135.0784919155,-9217.51859555295,"x"
"7421",9674.45822575599,-8047.55594253848,"x"
"7422",9827.97994699386,-8543.97385929604,"x"
"7423",10153.4518704294,-9206.22937542532,"x"
"7424",10364.4671855553,-9681.90685864051,"x"
"7425",9741.98850023768,-8304.29437504745,"x"
"7426",9759.54619083767,-8226.81584450376,"x"
"7427",9729.53884942615,-8172.00211149355,"x"
"7428",9162.34144064936,-6797.74401684109,"x"
"7429",9721.46566498672,-8298.84276673449,"x"
"7430",9941.0879634669,-8780.65336646879,"x"
"7431",9587.91531591536,-7927.90626961586,"x"
"7432",10217.4018794058,-9205.21899969432,"x"
"7433",9574.80650183946,-7838.99803577874,"x"
"7434",9899.41491288767,-8632.47956451281,"x"
"7435",9819.93287423055,-8373.52404451325,"x"
"7436",10063.1903533796,-8885.8642690023,"x"
"7437",10154.5293864534,-9182.4054009416,"x"
"7438",10016.7050054956,-8847.83423507709,"x"
"7439",9551.11757477239,-7833.15159736749,"x"
"7440",9349.12495326003,-7566.90178521451,"x"
"7441",9727.28760401301,-7975.64184754676,"x"
"7442",9580.56627950514,-7971.48506920876,"x"
"7443",9962.88035403728,-8734.54966381659,"x"
"7444",9995.92509786853,-8774.28443347663,"x"
"7445",9777.80525803021,-8303.15792882802,"x"
"7446",9401.15654107596,-7524.72727092273,"x"
"7447",9755.90765264277,-8250.17601829166,"x"
"7448",9413.44441396185,-7405.71134382827,"x"
"7449",9995.54903543938,-8817.80966664022,"x"
"7450",9821.11669820021,-8386.54736981654,"x"
"7451",9520.24629804644,-7639.42930418714,"x"
"7452",9442.54320621712,-7681.66339415879,"x"
"7453",10121.1633807562,-8987.3884698576,"x"
"7454",10031.553288359,-8943.86443299758,"x"
"7455",9536.12424507295,-7786.92824323183,"x"
"7456",9695.28445895492,-8025.57929826895,"x"
"7457",10108.121387769,-9139.9147341806,"x"
"7458",9607.87523924342,-7947.81553140658,"x"
"7459",9875.75549651017,-8619.55033326608,"x"
"7460",9471.02589525092,-7706.72479279787,"x"
"7461",9510.0058414508,-7670.24105602559,"x"
"7462",9715.32878319126,-8269.11634506505,"x"
"7463",9194.51796422366,-7050.67551395258,"x"
"7464",10259.7103182717,-9287.74294096984,"x"
"7465",10025.060815448,-8856.66948966977,"x"
"7466",10024.4821711046,-8670.63411171418,"x"
"7467",9514.01721296629,-7896.68978084062,"x"
"7468",9385.53285768959,-7436.91200854649,"x"
"7469",8765.98607825072,-6227.973337509,"x"
"7470",10026.4003952634,-8915.6091821629,"x"
"7471",9555.03443339428,-7968.36844774395,"x"
"7472",9547.89021546626,-7826.9949544496,"x"
"7473",10150.0545317664,-9126.06988331338,"x"
"7474",9494.51552263702,-7705.38839548313,"x"
"7475",9542.64823327427,-7822.05182646361,"x"
"7476",9896.45491488457,-8524.03357810087,"x"
"7477",9073.72231008168,-6642.18508095554,"x"
"7478",9025.26133056588,-6633.21912354483,"x"
"7479",9752.37104116425,-8192.5225368093,"x"
"7480",9911.60828176973,-8585.7490143005,"x"
"7481",9985.39871727599,-8765.18235313151,"x"
"7482",9677.30603664898,-8206.39249740832,"x"
"7483",8454.92532053253,-5166.96135333026,"x"
"7484",9855.78330755534,-8616.96142434627,"x"
"7485",8952.06493358708,-6412.80063085513,"x"
"7486",9936.36812375222,-8689.11635062649,"x"
"7487",9656.64502949814,-8016.51969852071,"x"
"7488",9890.95320155968,-8605.6483848907,"x"
"7489",9801.24027571143,-8357.34065441001,"x"
"7490",10008.8343243253,-8884.61721390438,"x"
"7491",8935.13726448298,-6265.5141899537,"x"
"7492",9782.52997285863,-8279.75786053728,"x"
"7493",9951.08567522553,-8786.03020995354,"x"
"7494",10297.2561229396,-9438.05167655215,"x"
"7495",9590.92945090245,-7954.47425118796,"x"
"7496",9534.27111747621,-7774.42603712903,"x"
"7497",9896.20738112658,-8658.7482579433,"x"
"7498",9638.51254238325,-7995.37375663508,"x"
"7499",10019.7971914265,-8803.41012297934,"x"
"7500",9534.29930761454,-7716.32676971002,"x"
"7501",9760.19997085043,-8258.87540337767,"x"
"7502",9661.29830993139,-8074.00689361858,"x"
"7503",9381.74721042825,-7448.14163605352,"x"
"7504",9357.34944318792,-7412.09953730356,"x"
"7505",10227.6432648208,-9232.74360679608,"x"
"7506",9790.23029130695,-8490.57174923886,"x"
"7507",10162.5641524534,-9114.67433807454,"x"
"7508",9619.04916936678,-7952.04867640086,"x"
"7509",9673.96488727569,-8120.71993338872,"x"
"7510",10348.3309308541,-9490.34055384607,"x"
"7511",9603.82004144216,-7983.77698062286,"x"
"7512",9718.61669071367,-8056.22384253985,"x"
"7513",9286.8098882834,-7276.55193411485,"x"
"7514",9938.33152521097,-8566.70687018747,"x"
"7515",9747.99704076901,-8352.96229556056,"x"
"7516",8773.16177726845,-6018.87165050253,"x"
"7517",9500.43557117011,-7639.77869104919,"x"
"7518",10056.991409405,-9016.14750251175,"x"
"7519",9771.21020101859,-8245.9178100736,"x"
"7520",9823.19498455753,-8487.92322242023,"x"
"7521",9989.76876589266,-8853.77427465748,"x"
"7522",9671.5818109873,-8185.14694021599,"x"
"7523",9440.89573220633,-7754.54876633429,"x"
"7524",9462.2546991562,-7579.32248292413,"x"
"7525",10131.2748845312,-9032.9363403554,"x"
"7526",9268.31102310891,-7290.57477527402,"x"
"7527",9902.86451424482,-8605.36698587237,"x"
"7528",9525.1690015379,-7786.71072629354,"x"
"7529",9571.59640249322,-7745.55427760504,"x"
"7530",9654.36695688522,-7912.90584793048,"x"
"7531",10076.0694678411,-8936.61466680184,"x"
"7532",9748.35779901683,-8252.25431875966,"x"
"7533",9872.33721082156,-8598.98515367853,"x"
"7534",9182.01655355492,-6960.58003778674,"x"
"7535",10119.0169045507,-9171.13389870639,"x"
"7536",9847.52635888289,-8632.08140560215,"x"
"7537",9658.28074184891,-8113.44313827089,"x"
"7538",9495.1169828861,-7734.68015508567,"x"
"7539",9874.04435026868,-8580.80913399138,"x"
"7540",10050.210918823,-9021.58494308969,"x"
"7541",9498.71689673026,-7716.80101064802,"x"
"7542",9937.61043033711,-8709.38317848402,"x"
"7543",9467.86385427984,-7590.04661828619,"x"
"7544",9491.64002132153,-7635.7428244569,"x"
"7545",10220.8848488406,-9296.12174328961,"x"
"7546",10115.1338987732,-8935.79264714841,"x"
"7547",10105.4970256241,-8978.18914259884,"x"
"7548",9417.90296527153,-7570.74243939784,"x"
"7549",9171.31240478985,-7021.74607193766,"x"
"7550",10026.4131573802,-8784.94258546607,"x"
"7551",9755.32671893888,-8188.97030322754,"x"
"7552",9530.25386183358,-7757.91700508799,"x"
"7553",9479.71606169482,-7620.16399837709,"x"
"7554",9292.28460231382,-7220.82243282753,"x"
"7555",10027.5797127205,-8836.20626743226,"x"
"7556",8895.9149804271,-6510.28800456285,"x"
"7557",8978.26952055414,-6469.38334001889,"x"
"7558",9446.43336105061,-7485.81751395047,"x"
"7559",9447.99125094483,-7750.03503091893,"x"
"7560",10101.6971928297,-9071.079833778,"x"
"7561",9856.09516120145,-8530.91801278237,"x"
"7562",9313.88598943814,-7228.56070820229,"x"
"7563",9488.85414221412,-7614.66619295569,"x"
"7564",10307.0069598696,-9626.47960119582,"x"
"7565",9193.00316838382,-6923.43884303483,"x"
"7566",9491.07067990649,-7737.84340752116,"x"
"7567",10211.0852749384,-9254.73345992709,"x"
"7568",10433.0658860529,-9798.38094323255,"x"
"7569",9450.01978235813,-7578.39075183015,"x"
"7570",9611.76037432821,-7906.65542341639,"x"
"7571",9581.81849592852,-7937.92114042455,"x"
"7572",10167.0374904267,-9097.6909724064,"x"
"7573",9596.30995088574,-8120.95809658602,"x"
"7574",9694.63522252191,-8264.92776509572,"x"
"7575",10090.7318411547,-9075.13083981536,"x"
"7576",9324.01721928387,-7285.92919288532,"x"
"7577",9943.8839341996,-8821.07650424104,"x"
"7578",10095.3046992204,-8925.40008746983,"x"
"7579",9462.68197774813,-7681.81565658185,"x"
"7580",9742.80530314366,-8298.09065275866,"x"
"7581",10244.3345836542,-9407.34400243907,"x"
"7582",9617.73346135693,-7999.26608081954,"x"
"7583",10260.6740652926,-9521.56217466954,"x"
"7584",9537.07466734256,-7755.2212999208,"x"
"7585",9823.87041984074,-8469.53418505384,"x"
"7586",9844.26849438688,-8484.2528849369,"x"
"7587",10258.7555275524,-9324.89580241942,"x"
"7588",9832.36349169682,-8504.9927592916,"x"
"7589",9646.44551451674,-8189.59717344467,"x"
"7590",9959.11777144207,-8887.62726641336,"x"
"7591",10222.6175529353,-9451.03804606528,"x"
"7592",9533.02402169436,-7829.46837197272,"x"
"7593",9760.8256004667,-8203.4007747569,"x"
"7594",10194.8448593473,-9258.401813042,"x"
"7595",9677.90679703911,-8079.2072956804,"x"
"7596",10162.9485294888,-9177.8348737943,"x"
"7597",9403.9646402698,-7367.35100048609,"x"
"7598",9847.53962068787,-8410.34395062192,"x"
"7599",9701.39116160283,-8099.25725832483,"x"
"7600",10067.7452661562,-9314.23169458558,"x"
"7601",9261.73684284825,-7271.98576144613,"x"
"7602",9581.45658330026,-7846.82187967463,"x"
"7603",9953.43189821852,-8849.06371503352,"x"
"7604",9211.65621087955,-6885.17233983175,"x"
"7605",10110.1899015697,-9152.69666170928,"x"
"7606",9398.00054399822,-7565.43008365088,"x"
"7607",9435.31193798005,-7466.38496716703,"x"
"7608",9517.39950955714,-7619.2376503775,"x"
"7609",9899.97522469018,-8632.32901155994,"x"
"7610",9445.63509106576,-7574.8920492975,"x"
"7611",9429.29357408583,-7442.09053005727,"x"
"7612",10200.2405125248,-9247.01630754866,"x"
"7613",10008.2808279929,-8708.92005686834,"x"
"7614",9010.08416862604,-6518.34021254485,"x"
"7615",9736.37154922872,-8316.35037964417,"x"
"7616",9734.82279931566,-8387.7251168148,"x"
"7617",10022.6902443007,-8901.89635297128,"x"
"7618",9744.30859806678,-8152.56842815987,"x"
"7619",10115.6423492686,-9185.14950596008,"x"
"7620",10102.1609241079,-8966.69367820087,"x"
"7621",8875.51117078228,-6279.17735818946,"x"
"7622",9283.61246280637,-7243.46492895493,"x"
"7623",9746.29046229121,-8323.31675540258,"x"
"7624",10313.6055516479,-9403.45113179747,"x"
"7625",9695.65998857237,-8141.05563125005,"x"
"7626",10335.0222591071,-9507.70582988732,"x"
"7627",9744.24510786547,-8272.37770096286,"x"
"7628",10033.5665521907,-8873.54242852285,"x"
"7629",9389.46008209471,-7702.35424105377,"x"
"7630",9797.05325477351,-8263.88230218755,"x"
"7631",10134.1728818027,-9578.22323973618,"x"
"7632",9449.95564906762,-7486.69240096161,"x"
"7633",9374.50977976077,-7429.74971433721,"x"
"7634",9642.92009113743,-8032.15819277504,"x"
"7635",9616.13208913558,-7924.59184175824,"x"
"7636",9906.69276022316,-8673.78448252796,"x"
"7637",9860.52923312797,-8488.13285446949,"x"
"7638",10125.7450264085,-8941.03557613997,"x"
"7639",9728.71692152274,-8246.82648457212,"x"
"7640",10164.4328777315,-9064.35178770009,"x"
"7641",10056.3272256562,-9004.79559408676,"x"
"7642",9900.68001876722,-8618.12993432356,"x"
"7643",10008.4868620372,-8963.3854686999,"x"
"7644",9660.30052789582,-8041.83210979584,"x"
"7645",10021.920989917,-8915.49921900141,"x"
"7646",9657.7711084957,-8015.57951365459,"x"
"7647",9751.2009670057,-8205.92342905101,"x"
"7648",10032.8247025573,-9158.61057650295,"x"
"7649",9744.97712909285,-8317.14158638439,"x"
"7650",9334.86230355142,-7342.27209445148,"x"
"7651",10153.8831775868,-9268.22948308668,"x"
"7652",9035.59920805516,-6640.54791691375,"x"
"7653",9625.41884372864,-8100.36541709951,"x"
"7654",9471.97726409584,-7706.09325236065,"x"
"7655",9671.38459133908,-8008.42964886908,"x"
"7656",9125.8720725105,-6837.96351017671,"x"
"7657",10327.3210951682,-9592.61187821812,"x"
"7658",10001.9781499664,-9038.31492853171,"x"
"7659",9772.1946516783,-8361.28988175524,"x"
"7660",9469.09695600059,-7602.89480517576,"x"
"7661",9960.1722658906,-8725.71729164045,"x"
"7662",9065.29242280749,-6582.8563357424,"x"
"7663",9770.34643040359,-8228.33994625963,"x"
"7664",9764.81938473154,-8283.77498891965,"x"
"7665",9834.81478817802,-8374.3906024869,"x"
"7666",9200.60787113978,-6874.06300614213,"x"
"7667",9480.10141966689,-7442.44377484057,"x"
"7668",9829.10953581099,-8380.70650604188,"x"
"7669",9918.7900355738,-8591.78727224091,"x"
"7670",9993.08151334418,-8981.8331886925,"x"
"7671",9494.08244747316,-7654.99285033112,"x"
"7672",10100.3382615005,-8982.8965031937,"x"
"7673",9648.62198204765,-8076.57150260758,"x"
"7674",9688.11646222509,-7952.30063992408,"x"
"7675",9183.07053025318,-7093.84864735863,"x"
"7676",9082.98786916374,-6870.61525922358,"x"
"7677",9750.36117799922,-8344.82853127445,"x"
"7678",9885.27281975477,-8579.08187298403,"x"
"7679",9583.73725365887,-7890.36419156143,"x"
"7680",9660.97617109453,-7961.86898690149,"x"
"7681",10124.0470241283,-9199.76371713519,"x"
"7682",9463.65516934281,-7820.60184633628,"x"
"7683",10012.1024351536,-9049.50370471118,"x"
"7684",9772.63377982175,-8338.80769117629,"x"
"7685",9458.73756323379,-7497.1907983402,"x"
"7686",9232.83551953029,-7159.10865418428,"x"
"7687",9628.06098396621,-8044.98630033368,"x"
"7688",9324.60857773349,-7301.60867834998,"x"
"7689",9481.48600585176,-7865.97664898909,"x"
"7690",9933.0007419547,-8693.03360728662,"x"
"7691",9820.11916619249,-8473.03258703612,"x"
"7692",9719.53453187826,-8334.08581923182,"x"
"7693",9250.85359687357,-7161.43472301224,"x"
"7694",9717.20403040471,-8129.07592503055,"x"
"7695",9102.77834717978,-6869.0186002649,"x"
"7696",8763.57638386866,-6030.50798567272,"x"
"7697",9348.10740967582,-7421.84344966508,"x"
"7698",10352.0099532978,-9496.66983987521,"x"
"7699",9717.89102820768,-8275.76944043185,"x"
"7700",9064.57965467836,-6783.08332902175,"x"
"7701",9650.88321076352,-8088.10636215426,"x"
"7702",10052.2872681674,-9126.58055783491,"x"
"7703",10411.9972992992,-9750.22411401651,"x"
"7704",9613.1691724696,-8104.84258117535,"x"
"7705",10101.9881611622,-9435.9061389847,"x"
"7706",10199.236579768,-9514.60249503772,"x"
"7707",9818.30205841338,-8537.09773912391,"x"
"7708",9817.80535405397,-8478.41476943037,"x"
"7709",9527.99858817281,-7774.20835805999,"x"
"7710",9887.01397296947,-8603.42858833239,"x"
"7711",9109.98558772421,-6845.94463517408,"x"
"7712",9024.92392164616,-6659.71892520266,"x"
"7713",9042.58144928282,-6640.8519073889,"x"
"7714",9794.38970255885,-8340.43189865976,"x"
"7715",9606.25542271396,-8052.52599375993,"x"
"7716",10251.8118114515,-9408.64041414523,"x"
"7717",9687.60513206909,-8173.43448243731,"x"
"7718",10401.1078274716,-9904.2454121531,"x"
"7719",9364.47519688796,-7369.84916223452,"x"
"7720",9347.11690492658,-7326.80444463952,"x"
"7721",9545.48063670151,-7896.12475100052,"x"
"7722",9955.88326216521,-8693.5474297819,"x"
"7723",10320.6506493146,-9557.17507838915,"x"
"7724",9952.46051109336,-8601.94459606348,"x"
"7725",9157.71324853061,-7079.67203719726,"x"
"7726",10126.283917914,-9176.97003338734,"x"
"7727",9716.58288805008,-8149.06184249505,"x"
"7728",9621.57153470154,-8041.66203054915,"x"
"7729",9559.79558222136,-7800.95778997669,"x"
"7730",9538.95890331337,-7842.16707569394,"x"
"7731",9756.85494422178,-8318.308370592,"x"
"7732",9996.07740762806,-8798.83927758959,"x"
"7733",10031.1354026245,-9148.80160419044,"x"
"7734",9759.63275876379,-8383.05766770057,"x"
"7735",9706.53481437987,-8141.4107330173,"x"
"7736",9964.78093412869,-8648.05415470914,"x"
"7737",9660.1147519109,-8020.02641588674,"x"
"7738",10318.173310063,-9529.46410079094,"x"
"7739",9587.89100941183,-7914.03875610536,"x"
"7740",9682.83954801443,-8108.19849177513,"x"
"7741",9857.73275569996,-8546.77204889671,"x"
"7742",9479.76651365366,-7736.04885081501,"x"
"7743",9659.54652364316,-8065.2259309034,"x"
"7744",9680.66050020741,-8151.73342596851,"x"
"7745",9173.76447533731,-6965.42164587374,"x"
"7746",10093.9372533601,-8848.33111756547,"x"
"7747",9609.04330083418,-8035.45747103489,"x"
"7748",9975.88190299898,-8971.08260655327,"x"
"7749",9744.42845340651,-8372.8369887686,"x"
"7750",9481.33365008443,-7469.63611537571,"x"
"7751",10042.7202290154,-8895.99659012535,"x"
"7752",9403.21706015425,-7390.70737732517,"x"
"7753",9969.91154437513,-8806.27846414957,"x"
"7754",9557.13828592728,-7905.87305306181,"x"
"7755",9652.02935961444,-8064.34903334842,"x"
"7756",10127.3486991031,-9205.17229410674,"x"
"7757",10203.6784579334,-9372.69627675398,"x"
"7758",9905.56877722784,-8501.93491029167,"x"
"7759",9725.49353014757,-8286.17728817936,"x"
"7760",9606.09576493465,-7996.1520490681,"x"
"7761",9438.02353085525,-7645.91059452342,"x"
"7762",9640.53793974164,-8046.41349884861,"x"
"7763",9573.89136635843,-7883.75127095938,"x"
"7764",9807.54005345653,-8415.5221062506,"x"
"7765",9322.10907535904,-7301.79678946778,"x"
"7766",10149.8914967856,-9160.45848892598,"x"
"7767",9851.40402495993,-8605.67432917795,"x"
"7768",10173.8420332212,-9107.73172296967,"x"
"7769",9833.74071196137,-8469.80294750063,"x"
"7770",9360.71974282242,-7348.73529587562,"x"
"7771",9346.98639596389,-7395.19066332377,"x"
"7772",9614.91761739155,-8022.31305685705,"x"
"7773",9884.89017408983,-8558.76746958565,"x"
"7774",10069.5427640258,-9116.97990546759,"x"
"7775",8794.4503190747,-5993.4558154658,"x"
"7776",9898.49702827203,-8569.51269386398,"x"
"7777",10229.5229404346,-9237.20062565527,"x"
"7778",9208.502531291,-7211.21617609292,"x"
"7779",9597.70133036247,-7983.28897417196,"x"
"7780",9986.90092089658,-8848.57331566662,"x"
"7781",9662.73118361055,-8053.28022103869,"x"
"7782",9901.38127887108,-8619.94103814943,"x"
"7783",9674.53625509719,-8217.64858245956,"x"
"7784",9333.30338298853,-7328.81513597979,"x"
"7785",9842.0086487479,-8457.11610433189,"x"
"7786",9944.132270117,-8577.92403033638,"x"
"7787",9910.63660442322,-8522.64337824042,"x"
"7788",9876.13358050806,-8459.13305802063,"x"
"7789",8818.81686438951,-6259.28595210017,"x"
"7790",9924.47363452526,-8630.25892168018,"x"
"7791",9790.66320818477,-8379.19664930007,"x"
"7792",9150.69092527456,-7012.91532961801,"x"
"7793",9711.86332985892,-8098.92625101502,"x"
"7794",9178.99468336129,-6791.60876598659,"x"
"7795",9580.87211971367,-7836.35153656993,"x"
"7796",9731.68662944858,-8302.42433478542,"x"
"7797",9866.9113257923,-8397.49527904344,"x"
"7798",9313.45482761689,-7278.08435910867,"x"
"7799",9481.9722999451,-7559.64849065371,"x"
"7800",9849.68752440481,-8527.4152501582,"x"
"7801",10378.0868188539,-9657.50300117684,"x"
"7802",9786.57090090475,-8351.27752780372,"x"
"7803",9807.77208478587,-8329.07045223026,"x"
"7804",9688.01684638479,-8103.46066010662,"x"
"7805",9686.69736649119,-8083.27488305978,"x"
"7806",9214.82296430407,-7027.8307976774,"x"
"7807",9773.73131533981,-8349.70737265099,"x"
"7808",9116.48984680087,-6806.5332637704,"x"
"7809",9316.03635552751,-7280.66359436963,"x"
"7810",9963.78594015127,-8701.67583975004,"x"
"7811",10004.939995658,-9022.9205970597,"x"
"7812",9612.99275043254,-7926.71827158507,"x"
"7813",9950.50016591914,-8595.608803042,"x"
"7814",9668.25210980494,-8308.78018930752,"x"
"7815",10083.0004776973,-9027.51816369453,"x"
"7816",10010.6792756213,-8654.89419245434,"x"
"7817",9560.30358974347,-7929.44945392856,"x"
"7818",9656.50652229126,-8158.10000777468,"x"
"7819",9959.31771831182,-8748.84661224439,"x"
"7820",9637.75562982704,-8013.62520649935,"x"
"7821",9088.82913370902,-6717.56138988819,"x"
"7822",10000.4526919707,-8769.7798938378,"x"
"7823",9997.48927754544,-8723.46967742648,"x"
"7824",9939.82414709385,-8638.75182115351,"x"
"7825",9907.29309980867,-8547.12697103399,"x"
"7826",9704.4381678104,-8090.55424196503,"x"
"7827",9897.11281481765,-8703.37295635432,"x"
"7828",9789.08136672944,-8352.36571834557,"x"
"7829",9511.72214533872,-7690.80528090912,"x"
"7830",10070.1294970168,-8925.04046984454,"x"
"7831",9365.62248226658,-7349.36977883764,"x"
"7832",9163.36953208037,-6961.137787984,"x"
"7833",10315.4265351155,-9437.77785171855,"x"
"7834",9548.17969674231,-7868.1629695832,"x"
"7835",9819.28856269109,-8431.66444027015,"x"
"7836",10051.4984729202,-9214.39808490733,"x"
"7837",9876.94118527895,-8591.91711052387,"x"
"7838",10047.2307033709,-9040.89533261553,"x"
"7839",9788.66447479053,-8362.75233385703,"x"
"7840",9864.81539409704,-8425.43540423661,"x"
"7841",9858.51746601162,-8532.20312139566,"x"
"7842",9921.4616472647,-8677.24269647681,"x"
"7843",9798.68689360818,-8309.11334049895,"x"
"7844",9201.49433836914,-7039.35058501001,"x"
"7845",10180.5905763531,-9151.87583053143,"x"
"7846",9707.53512356713,-8202.97943196353,"x"
"7847",10273.0971541469,-9496.54086902654,"x"
"7848",9591.41144347957,-7989.547382292,"x"
"7849",10025.5563951115,-8856.62773792941,"x"
"7850",9978.45035536734,-8890.04589760596,"x"
"7851",9241.32959446601,-7072.73653476547,"x"
"7852",9899.93855333224,-8484.05007516585,"x"
"7853",9910.11096186067,-8407.86066220834,"x"
"7854",9284.68047598647,-7293.33962953368,"x"
"7855",9989.33241376453,-8845.32405132878,"x"
"7856",9562.57740588688,-7842.74113638223,"x"
"7857",9539.15742845219,-7750.49883565752,"x"
"7858",9910.9137519393,-8594.9524177879,"x"
"7859",9869.3310274864,-8405.6246855159,"x"
"7860",9858.31489655978,-8508.02069149709,"x"
"7861",10019.0146136776,-8733.11847498275,"x"
"7862",10043.4818570211,-9065.7932595024,"x"
"7863",9692.42843919043,-8197.96407018261,"x"
"7864",9953.03295650131,-8683.62761285429,"x"
"7865",9335.26561394617,-7280.67352701043,"x"
"7866",9610.96875294059,-7944.11884183684,"x"
"7867",9680.82216244873,-8050.56014606278,"x"
"7868",10310.2131883775,-9499.56157580184,"x"
"7869",10177.8577581987,-9092.40134006555,"x"
"7870",9424.3590086676,-7609.26045025091,"x"
"7871",9425.57814827615,-7534.81868597541,"x"
"7872",9748.3599368608,-8428.70138875068,"x"
"7873",9244.48407656551,-7034.67796357688,"x"
"7874",9621.24811102524,-7996.98444344288,"x"
"7875",9939.52248779347,-8737.14795680457,"x"
"7876",9593.74043511621,-7944.42025769134,"x"
"7877",9416.56268733874,-7436.50610788848,"x"
"7878",9868.78710673043,-8611.11463347045,"x"
"7879",9017.7895593459,-6606.39238872777,"x"
"7880",9652.28179918286,-8169.01222334689,"x"
"7881",10106.778721474,-9051.55292718661,"x"
"7882",9899.0896718378,-8717.75513704838,"x"
"7883",9415.17360481953,-7359.72454381361,"x"
"7884",9867.46364804084,-8644.43487176231,"x"
"7885",9651.37682650487,-8067.76523068568,"x"
"7886",9594.8324507706,-7860.86580236184,"x"
"7887",9790.41137872384,-8403.63498530635,"x"
"7888",9715.77198171168,-7998.82160605664,"x"
"7889",9882.21886249847,-8644.78809281508,"x"
"7890",9876.74886027785,-8598.24890546197,"x"
"7891",10145.0003091182,-9045.44102554792,"x"
"7892",10244.6115659724,-9311.40034895024,"x"
"7893",10068.7839807217,-9029.39693237652,"x"
"7894",9286.24654349685,-7296.7559211891,"x"
"7895",9723.00515108496,-8192.25739510788,"x"
"7896",10267.1219714649,-9364.65822645626,"x"
"7897",9789.47284295419,-8412.19460369456,"x"
"7898",9965.37764153784,-8803.64294864767,"x"
"7899",10167.8640781837,-9186.17986385963,"x"
"7900",10067.8347762789,-9028.26784989054,"x"
"7901",9339.94850544839,-7278.31437264991,"x"
"7902",9260.57727668483,-7138.37935916314,"x"
"7903",9998.61784032243,-8635.56475494671,"x"
"7904",9497.55212147778,-7651.17685413672,"x"
"7905",9980.10927497537,-8692.5197520703,"x"
"7906",9506.57625665941,-7766.29295908757,"x"
"7907",9655.93611621511,-8079.35762210531,"x"
"7908",9476.80752012172,-7709.31393506275,"x"
"7909",10152.8894465318,-9078.64310269898,"x"
"7910",9372.12097858643,-7364.33533381249,"x"
"7911",9819.01060541957,-8246.6611065324,"x"
"7912",9929.87683597652,-8799.86147524753,"x"
"7913",10178.9229012907,-9208.97042406441,"x"
"7914",9672.62576994197,-8042.37014975102,"x"
"7915",9235.94979223026,-6909.57414662399,"x"
"7916",9794.04561157396,-8269.11700115519,"x"
"7917",9123.84663841265,-6778.24930942065,"x"
"7918",9724.56757272545,-8186.8650849402,"x"
"7919",9579.79048927224,-7985.42036977755,"x"
"7920",9779.61149774344,-8321.62304710994,"x"
"7921",9942.43278078461,-8644.15509074768,"x"
"7922",9491.83219113739,-7703.29351959266,"x"
"7923",9564.6913955249,-7930.98836324734,"x"
"7924",9693.34331090666,-8068.4195302211,"x"
"7925",9402.34782041741,-7286.42596438047,"x"
"7926",9511.7791923353,-7752.77139356192,"x"
"7927",9994.95326599033,-8771.65709978796,"x"
"7928",9682.39063570466,-8246.76353652994,"x"
"7929",10241.5961103726,-9520.22706245576,"x"
"7930",9718.51975251052,-8134.39274230812,"x"
"7931",9904.3191203861,-8501.93287999265,"x"
"7932",9656.50834311949,-7993.53470555402,"x"
"7933",9289.23501508195,-7186.87961967377,"x"
"7934",9963.98209019502,-8659.50442248094,"x"
"7935",10126.8504060655,-8931.26133891597,"x"
"7936",9643.6145921579,-8129.61710348914,"x"
"7937",9962.15101558009,-8870.21385011565,"x"
"7938",9876.71364087044,-8638.9213548185,"x"
"7939",10155.2926124999,-9194.30470496147,"x"
"7940",10113.4894269937,-9166.61106230824,"x"
"7941",8996.78481058982,-6500.89295079433,"x"
"7942",9828.01935487453,-8424.41144331747,"x"
"7943",9863.95289850377,-8532.71989546543,"x"
"7944",9270.53054229128,-7082.1127115472,"x"
"7945",9884.65610087997,-8706.72000858745,"x"
"7946",9715.51620370105,-8305.77687457565,"x"
"7947",9433.12451181489,-7626.3279341316,"x"
"7948",9458.14368344886,-7618.46365202587,"x"
"7949",9593.3072371862,-7841.11653038634,"x"
"7950",9851.16740849058,-8629.59395761125,"x"
"7951",9793.12115265626,-8253.15526184792,"x"
"7952",10280.2487734103,-9465.82180442898,"x"
"7953",10013.9982610212,-8921.98400559161,"x"
"7954",9611.98400030452,-8095.12829265203,"x"
"7955",9787.16685648484,-8385.23002661887,"x"
"7956",9265.21093161696,-7293.5144247558,"x"
"7957",9743.38230141946,-8290.05964652172,"x"
"7958",9567.81733108218,-8026.87986696703,"x"
"7959",10032.1895026206,-9036.10576043606,"x"
"7960",9697.95262893493,-8163.25317349772,"x"
"7961",10531.3321044797,-9880.42719142417,"x"
"7962",9260.85031982453,-7237.94728118636,"x"
"7963",9916.40859482611,-8590.54020087851,"x"
"7964",10090.8475994405,-9188.36024338771,"x"
"7965",9926.12451302459,-8659.07119709227,"x"
"7966",9842.5420211339,-8527.97522952417,"x"
"7967",9987.88145653777,-8855.92715904007,"x"
"7968",9846.90844981477,-8362.83235387773,"x"
"7969",8683.44617191568,-5651.83724572292,"x"
"7970",9630.83566284256,-7874.48149937929,"x"
"7971",9247.47738064718,-6985.26278894602,"x"
"7972",9173.26218735819,-7047.20771273308,"x"
"7973",10051.1146453752,-8918.23319557478,"x"
"7974",9959.41469757488,-8906.15478481205,"x"
"7975",9930.79866592073,-8546.75760357871,"x"
"7976",9536.78618861102,-7751.10808805515,"x"
"7977",9900.25962563761,-8426.12592716869,"x"
"7978",9807.06211325175,-8439.22649933675,"x"
"7979",9529.49287925777,-7752.93162676699,"x"
"7980",10157.2073866853,-9570.62992688112,"x"
"7981",10199.007519395,-9295.38377218217,"x"
"7982",10265.7328147922,-9352.50507178568,"x"
"7983",9686.02158124162,-8201.57959884752,"x"
"7984",9391.81441445551,-7365.5822068944,"x"
"7985",10244.4590750731,-9607.0907281449,"x"
"7986",9890.64417038698,-8684.52801056116,"x"
"7987",9628.66664274717,-8091.2510445281,"x"
"7988",9469.98386375608,-7792.77668564917,"x"
"7989",10088.1867922217,-8986.91307344819,"x"
"7990",9913.42428970078,-8749.68770834747,"x"
"7991",10013.1208357922,-8676.94210059516,"x"
"7992",9827.44159507389,-8417.21087906105,"x"
"7993",9979.33400871335,-8724.65951937736,"x"
"7994",9821.25077850483,-8535.19804201358,"x"
"7995",9687.01763087469,-8254.60531900135,"x"
"7996",10365.7575669449,-9809.99335040274,"x"
"7997",9441.95111118097,-7694.09834013791,"x"
"7998",9771.86047189631,-8427.18329811488,"x"
"7999",9746.80420410786,-8319.3603341856,"x"
"8000",9536.41917930531,-7796.32784433704,"x"
"8001",10229.9075398234,-9521.50774337885,"x"
"8002",10228.3179350409,-9521.28065021062,"x"
"8003",9492.7826462799,-7644.71338048154,"x"
"8004",10041.6841321559,-9088.17000300124,"x"
"8005",9771.75684261874,-8303.35630685711,"x"
"8006",10180.0639925354,-9341.36854508634,"x"
"8007",8789.69289802104,-6001.74308921028,"x"
"8008",9597.56464269701,-7840.92047295261,"x"
"8009",9257.43269884715,-6953.60055690239,"x"
"8010",9861.52430455599,-8439.16292492453,"x"
"8011",9524.6794422428,-7813.90947791065,"x"
"8012",9741.85896446151,-8312.30074825515,"x"
"8013",9982.79778011657,-8801.41952421143,"x"
"8014",9944.9043746645,-8586.44447316579,"x"
"8015",9830.17017195315,-8582.5864911413,"x"
"8016",9458.81578711179,-7542.78019345405,"x"
"8017",9852.18205371676,-8494.02353338829,"x"
"8018",10371.0149153837,-9669.8976433936,"x"
"8019",9963.2917847159,-8830.82592841965,"x"
"8020",9216.79921791944,-7147.2484923313,"x"
"8021",10130.432115453,-9215.11586389543,"x"
"8022",9416.98358142161,-7400.26616713417,"x"
"8023",9286.64100691162,-7080.15499861889,"x"
"8024",9446.02238794647,-7570.61244159623,"x"
"8025",10232.3117239535,-9779.12407330538,"x"
"8026",9680.93637248318,-8014.93105693829,"x"
"8027",9827.99148033868,-8473.73107012217,"x"
"8028",9401.53823091169,-7482.27237097082,"x"
"8029",9246.26234114298,-7219.78840813478,"x"
"8030",9629.90178793948,-7928.37716963646,"x"
"8031",9924.24721269213,-8617.01384355626,"x"
"8032",9715.72736176677,-8193.89585574547,"x"
"8033",10100.8444804483,-9093.07913412831,"x"
"8034",8452.52716842969,-5157.95603635701,"x"
"8035",9209.96578576951,-7158.80922494415,"x"
"8036",9116.69951111379,-6864.79511712612,"x"
"8037",10184.7948034499,-9139.77105033818,"x"
"8038",9565.71809209956,-7958.82468785492,"x"
"8039",9759.19448478105,-8368.89211021007,"x"
"8040",9972.76990971825,-8762.37701505814,"x"
"8041",9571.92436798969,-7816.03615599607,"x"
"8042",8680.06273190022,-5767.79108199872,"x"
"8043",9433.8252373566,-7669.11240190361,"x"
"8044",10068.858993513,-8964.41254540391,"x"
"8045",10048.7812982043,-9173.35731965359,"x"
"8046",10057.0286601506,-8884.12808588116,"x"
"8047",10028.4644916501,-8901.58291634913,"x"
"8048",9417.15872893294,-7560.46362622697,"x"
"8049",9567.43184256063,-7923.59812666427,"x"
"8050",10086.7659413704,-9002.89012091378,"x"
"8051",9746.04378141875,-8241.72054295052,"x"
"8052",9676.38820864427,-7981.8966131915,"x"
"8053",9757.01595426153,-8218.96947706263,"x"
"8054",9862.58601646945,-8639.05050148463,"x"
"8055",9696.66640653675,-8085.37970708838,"x"
"8056",9860.33290021858,-8603.2111922398,"x"
"8057",10091.9255358345,-8906.89921773886,"x"
"8058",10340.7142084331,-9621.19114937097,"x"
"8059",10044.4577454429,-8897.3289695293,"x"
"8060",9334.52581607907,-7360.9761932348,"x"
"8061",9106.4005040201,-6917.85328933237,"x"
"8062",9625.66192923043,-7964.26298581575,"x"
"8063",9791.92750983074,-8205.00258107817,"x"
"8064",9843.93746710131,-8459.73324597975,"x"
"8065",9852.3529905339,-8501.19932836246,"x"
"8066",9398.37800191149,-7426.23234462839,"x"
"8067",9307.32736018601,-7286.26773571168,"x"
"8068",9772.84088596713,-8444.38104219457,"x"
"8069",9945.62699099808,-8782.8265801983,"x"
"8070",10348.6959153322,-9484.64580746386,"x"
"8071",9694.04959752416,-8078.45478947172,"x"
"8072",9888.0444123245,-8515.00014503336,"x"
"8073",9295.15018605637,-7181.54286115297,"x"
"8074",9621.38591789752,-8012.67142861214,"x"
"8075",10043.1464811354,-9021.34318813006,"x"
"8076",9688.01371714443,-8132.96399539091,"x"
"8077",10008.9072977055,-8805.56923546555,"x"
"8078",10035.6300928712,-8824.02724159514,"x"
"8079",10326.3046378342,-9550.18885864891,"x"
"8080",9625.7723816496,-7993.51246975175,"x"
"8081",9793.39350563457,-8236.86539850434,"x"
"8082",9216.52345720379,-7007.94949974542,"x"
"8083",10059.0602346867,-8922.21941037502,"x"
"8084",9681.74504319898,-8004.45168278307,"x"
"8085",9439.73245904908,-7508.59493159869,"x"
"8086",9726.20577710089,-8216.87118144608,"x"
"8087",9615.47321398812,-7956.1953994249,"x"
"8088",10194.3735824473,-9401.4348236228,"x"
"8089",10374.0379164671,-9883.83750073592,"x"
"8090",9880.89831147384,-8558.02640903019,"x"
"8091",10189.2936361638,-9411.61189280583,"x"
"8092",9245.30898020826,-7088.11334892939,"x"
"8093",10114.4820987156,-9110.77097534895,"x"
"8094",9374.06696172519,-7484.3936636677,"x"
"8095",10167.4120434691,-9118.92822427934,"x"
"8096",9465.04864962343,-7526.72406391369,"x"
"8097",9729.92906053898,-8400.7464445063,"x"
"8098",9701.10581883284,-8257.97297449147,"x"
"8099",9282.9823270254,-7345.64202407434,"x"
"8100",10015.2695724523,-8703.79029214749,"x"
"8101",9917.49580302348,-8545.7640269479,"x"
"8102",9796.35259764734,-8183.43008631975,"x"
"8103",9294.16060155141,-7253.11660608372,"x"
"8104",9246.09873510516,-7088.03218836865,"x"
"8105",9391.39966384029,-7425.64685742668,"x"
"8106",9922.7798581683,-8605.90853896142,"x"
"8107",9547.95117525627,-7697.1450239967,"x"
"8108",9594.06847528753,-7812.17665482479,"x"
"8109",9387.71319491304,-7453.2994028661,"x"
"8110",10182.0516550672,-9183.0864086945,"x"
"8111",9487.420395822,-7622.56713016696,"x"
"8112",10054.4689444052,-8893.80411294206,"x"
"8113",10329.3938057073,-9455.77165458465,"x"
"8114",9989.63737811612,-8772.44116152831,"x"
"8115",9899.31832642747,-8544.43002528626,"x"
"8116",9019.85489976261,-6466.90052586358,"x"
"8117",10193.1248615364,-9187.88197556482,"x"
"8118",9334.20393281019,-7327.97729444381,"x"
"8119",10322.7262771905,-9378.92393524679,"x"
"8120",9515.95466669392,-7954.74175119601,"x"
"8121",10234.2802130067,-9368.04444844709,"x"
"8122",9783.00232164331,-8198.32653152347,"x"
"8123",9153.24497770146,-6956.40082477657,"x"
"8124",9521.02082720892,-7833.64567353385,"x"
"8125",9116.76199221566,-6632.51415884448,"x"
"8126",8923.87352391555,-6247.87706562173,"x"
"8127",10160.1721092841,-9463.89763701428,"x"
"8128",10053.2423857817,-8880.53291564662,"x"
"8129",9718.27693682281,-8190.9720237544,"x"
"8130",10098.2020107752,-9041.53160554975,"x"
"8131",9821.31385438378,-8381.21930963202,"x"
"8132",9894.52649335517,-8638.92850144012,"x"
"8133",9760.26813140034,-8142.29052474387,"x"
"8134",9585.17247718323,-7916.35236247637,"x"
"8135",9164.69285696614,-6952.25452874465,"x"
"8136",9240.1879301587,-6976.59216818145,"x"
"8137",9900.8603568602,-8529.44763241144,"x"
"8138",9997.30246258844,-8765.60969226783,"x"
"8139",10111.7328077229,-9122.92738556203,"x"
"8140",9254.88587458193,-7120.61365422652,"x"
"8141",9888.62608939895,-8675.15579057698,"x"
"8142",9331.36989431328,-7210.32262401303,"x"
"8143",9902.36822567386,-8657.10381893775,"x"
"8144",9859.04355209432,-8590.74761826485,"x"
"8145",9949.04101195725,-8705.15101655331,"x"
"8146",9742.61427341656,-8090.8242007207,"x"
"8147",9385.19142408264,-7339.35030721105,"x"
"8148",10143.7954277277,-9111.99094757317,"x"
"8149",9908.5131579832,-8590.68381778243,"x"
"8150",9967.51575558073,-8593.57171217633,"x"
"8151",9223.95930898014,-7141.61816888293,"x"
"8152",10108.9634210679,-9031.15612815452,"x"
"8153",9733.61473065537,-8253.65017160166,"x"
"8154",9541.4580283096,-7772.77766301979,"x"
"8155",10003.005470225,-8792.72776301945,"x"
"8156",10034.4157282801,-8957.86150509738,"x"
"8157",9945.12598216916,-8665.82583242169,"x"
"8158",9660.37035901516,-8075.406466237,"x"
"8159",10193.1082104668,-9370.91879267449,"x"
"8160",9869.7925641706,-8477.04950004816,"x"
"8161",10086.9238950226,-9002.66016577685,"x"
"8162",9635.04444128936,-8023.85523809368,"x"
"8163",9969.51427002091,-8814.97629087357,"x"
"8164",10118.2951064798,-8960.66862730325,"x"
"8165",10325.9046149922,-9533.15807176817,"x"
"8166",9202.82552534596,-6960.39870211255,"x"
"8167",9835.20613328833,-8441.2611298028,"x"
"8168",10479.3025756044,-9879.83421126719,"x"
"8169",9437.20454047719,-7595.42350136795,"x"
"8170",9869.76541632415,-8566.97241740291,"x"
"8171",9664.61874799631,-7981.20428120566,"x"
"8172",9896.06063128462,-8613.94618832131,"x"
"8173",10063.3950874323,-8953.91192526978,"x"
"8174",10203.7686010829,-9193.6217488805,"x"
"8175",9320.40067121322,-7257.04647323188,"x"
"8176",9904.04295891699,-8609.90923525754,"x"
"8177",9731.97659223035,-8473.90217630314,"x"
"8178",9678.04727029742,-8172.43555722084,"x"
"8179",9800.76498327335,-8488.83168851741,"x"
"8180",9376.42769066016,-7513.56533072947,"x"
"8181",9655.94315838219,-7990.50791682759,"x"
"8182",9593.76529880684,-7933.60471600691,"x"
"8183",9736.59595111434,-8199.85165140141,"x"
"8184",9994.91424264036,-8711.98053341147,"x"
"8185",9778.80462883011,-8441.62189271287,"x"
"8186",8953.55972259408,-6600.43025642359,"x"
"8187",10221.3849502298,-9216.5818682874,"x"
"8188",9943.14514806486,-8724.8347094051,"x"
"8189",9162.86596198012,-6898.49553061614,"x"
"8190",9737.29279660616,-8541.10496483879,"x"
"8191",9727.84616457929,-8338.8455618394,"x"
"8192",10312.2768267849,-9443.19017658362,"x"
"8193",9778.80555385982,-8328.00344578647,"x"
"8194",10108.4471995783,-9117.83373083011,"x"
"8195",9614.49676786345,-8038.41212882114,"x"
"8196",9652.58348432159,-7974.60018484694,"x"
"8197",9817.24497569154,-8373.32553253809,"x"
"8198",9317.26903561872,-7346.0156791548,"x"
"8199",9783.54542370771,-8380.19424529987,"x"
"8200",10031.3586633159,-8948.11694697827,"x"
"8201",9720.57564928032,-8199.50286388636,"x"
"8202",9488.82632170665,-7759.98560691497,"x"
"8203",10261.7941979278,-9370.5864324012,"x"
"8204",9161.78610045997,-6946.00629275927,"x"
"8205",9240.22020038987,-7082.10790494132,"x"
"8206",10096.0444647599,-9161.46699846477,"x"
"8207",9585.81644458167,-7830.64520043996,"x"
"8208",9558.48821345237,-7861.74957965517,"x"
"8209",9655.80814871346,-8118.76465654027,"x"
"8210",10120.284672632,-9197.2645482828,"x"
"8211",9694.83678264102,-7943.98296278787,"x"
"8212",10071.5828718372,-9116.6251612332,"x"
"8213",9367.17946657432,-7461.90357904432,"x"
"8214",9427.98940382913,-7472.04234284024,"x"
"8215",9759.52473773645,-8326.02765317439,"x"
"8216",9677.50111271827,-8080.85205214338,"x"
"8217",10370.4179379699,-9458.30993845385,"x"
"8218",10048.3203009158,-8867.10229489718,"x"
"8219",9547.21367107424,-7643.68218380004,"x"
"8220",9886.2508321105,-8514.75488668408,"x"
"8221",10156.8961358589,-9317.6162802784,"x"
"8222",9690.85335466153,-8290.25901450232,"x"
"8223",10316.1233919117,-9486.06716060832,"x"
"8224",9475.15870270097,-7715.23757394648,"x"
"8225",9650.22734425814,-7973.5827897098,"x"
"8226",9921.01759180822,-8738.89413653827,"x"
"8227",9741.70574160812,-8091.79439221877,"x"
"8228",10001.8251888447,-8773.56736453611,"x"
"8229",9444.01741330145,-7519.62410671848,"x"
"8230",10164.3210952201,-8945.21097190371,"x"
"8231",9633.96719249687,-7906.98969211311,"x"
"8232",10037.3979513302,-8947.07891226318,"x"
"8233",10340.1888092697,-9677.06967294538,"x"
"8234",10012.0978062678,-8783.82093936083,"x"
"8235",9856.96974856361,-8397.25191738325,"x"
"8236",10030.1826599577,-8853.20831724917,"x"
"8237",10052.0489609084,-8929.06124221941,"x"
"8238",9644.36937335266,-7992.19003221663,"x"
"8239",9755.50197118539,-8258.26902629602,"x"
"8240",10189.5044115519,-9346.18855424437,"x"
"8241",9962.52231861788,-8705.70868547217,"x"
"8242",9400.24222897184,-7594.06592622377,"x"
"8243",9880.00736993593,-8601.95897529967,"x"
"8244",9890.5019185887,-8483.34416847393,"x"
"8245",10068.1435732439,-8901.42065524915,"x"
"8246",9649.18012426522,-8052.90289733026,"x"
"8247",9581.61708417367,-8010.86592272112,"x"
"8248",9379.60940439842,-7507.65293048912,"x"
"8249",10004.0633482943,-8900.43599599118,"x"
"8250",9111.2338202763,-7033.38133754826,"x"
"8251",9788.14577155456,-8255.96940759565,"x"
"8252",9909.87564267479,-8708.02925296164,"x"
"8253",9288.72109427608,-7488.23216924484,"x"
"8254",9683.51921679852,-8035.43902988141,"x"
"8255",9765.04578610337,-8415.4286571841,"x"
"8256",9834.20722519758,-8415.86403123043,"x"
"8257",10065.7144699423,-9007.61017401347,"x"
"8258",9245.66609812935,-7192.84953984529,"x"
"8259",9397.93817170646,-7594.71751150415,"x"
"8260",9534.57219492738,-7804.62747372288,"x"
"8261",9900.10795690469,-8471.41938574085,"x"
"8262",9882.69086107144,-8547.64416157257,"x"
"8263",9948.81936938116,-8684.44810971483,"x"
"8264",9497.93914989824,-7779.31072647061,"x"
"8265",9014.79907106936,-6616.13996978262,"x"
"8266",10013.589122061,-8937.66128142825,"x"
"8267",10298.3072707433,-9354.07419126952,"x"
"8268",8701.90052790142,-5816.78311050443,"x"
"8269",9438.93861730033,-7595.61968192499,"x"
"8270",9376.68567501403,-7342.34861594303,"x"
"8271",10038.152614447,-9076.85430096725,"x"
"8272",10394.4256380564,-9600.71042876684,"x"
"8273",9827.57326593632,-8474.86393817748,"x"
"8274",9389.15493836293,-7558.48964372828,"x"
"8275",9706.39262248695,-8027.68003605426,"x"
"8276",9457.92686225652,-7576.07467870794,"x"
"8277",9711.69642080548,-8098.01065910438,"x"
"8278",10025.5798857814,-8839.51750785269,"x"
"8279",9638.7824776412,-8099.09874606529,"x"
"8280",9775.97025904639,-8402.2801974789,"x"
"8281",9630.66841113752,-8023.94106400035,"x"
"8282",9776.16502789909,-8407.00174262912,"x"
"8283",9616.58971307825,-8040.5444546326,"x"
"8284",10057.7184657827,-9024.73575676457,"x"
"8285",9350.9440058351,-7419.80611253277,"x"
"8286",9447.52848284821,-7613.51003296275,"x"
"8287",9503.84457822366,-7760.50145142688,"x"
"8288",9611.75698920319,-7952.27701553611,"x"
"8289",10304.0762539464,-9546.41698464632,"x"
"8290",10043.4659686164,-8729.39703101481,"x"
"8291",10118.5252274264,-9195.78486069405,"x"
"8292",10128.6318714584,-9112.03978184668,"x"
"8293",9200.18956243005,-6982.91021726686,"x"
"8294",10007.0494251303,-8748.41865521043,"x"
"8295",9858.79170234787,-8549.96543048044,"x"
"8296",9726.01250159096,-8300.59746008937,"x"
"8297",10015.2938577672,-8799.02941983469,"x"
"8298",9749.56926056708,-8245.21483275769,"x"
"8299",10103.6730314881,-9011.2534055404,"x"
"8300",10230.6605366542,-9573.27254781437,"x"
"8301",9135.35282411246,-6776.49079814781,"x"
"8302",9832.9876559495,-8248.37076880761,"x"
"8303",9402.72694352177,-7498.24289585023,"x"
"8304",9317.03303276095,-7104.8312917592,"x"
"8305",9505.00761690367,-7694.78945784863,"x"
"8306",9958.69039778631,-8859.01285350882,"x"
"8307",9301.50258174459,-7112.43831589703,"x"
"8308",9508.20658246859,-7762.26023334225,"x"
"8309",9536.06629014242,-7825.24076645669,"x"
"8310",10081.8233469961,-9218.3440567597,"x"
"8311",10101.4612949241,-9020.83710702026,"x"
"8312",8939.46986512908,-6587.19745190523,"x"
"8313",9825.45043499028,-8308.58269807005,"x"
"8314",9809.25138821138,-8445.38551152241,"x"
"8315",10128.586194864,-9156.75531277316,"x"
"8316",9893.76753167663,-8559.98014963634,"x"
"8317",9445.65487679078,-7595.57848357523,"x"
"8318",9574.6918777795,-7891.74979759818,"x"
"8319",9940.76908731322,-8744.75086441942,"x"
"8320",10198.9127997398,-9318.73421938039,"x"
"8321",9443.3815406718,-7645.44446599774,"x"
"8322",10143.411257789,-9021.84821011781,"x"
"8323",9694.23860630964,-8055.48443098554,"x"
"8324",10028.6375785285,-8736.29935241445,"x"
"8325",10103.8246234568,-9318.14104542937,"x"
"8326",9833.64789380203,-8421.47167299667,"x"
"8327",9569.69732193054,-7862.99937856306,"x"
"8328",9802.16228184189,-8370.16442753214,"x"
"8329",9599.47988547963,-7983.79882695059,"x"
"8330",9533.29013516208,-7704.7959580837,"x"
"8331",9848.47647068302,-8531.60587183328,"x"
"8332",9569.87286627158,-7973.98859452938,"x"
"8333",9931.35952735563,-8838.86418190975,"x"
"8334",9555.59218816967,-7785.75010749771,"x"
"8335",10180.6529568475,-9348.4953243201,"x"
"8336",9887.8994626483,-8595.2280006098,"x"
"8337",9781.89703335251,-8172.24444825795,"x"
"8338",10215.2352111649,-9542.88461758934,"x"
"8339",9848.68357869852,-8385.44862242147,"x"
"8340",9265.33330411258,-7176.71972277961,"x"
"8341",9947.15887418852,-8600.55232006154,"x"
"8342",9004.20431136658,-6584.13202635552,"x"
"8343",10061.7638779978,-8995.7608635791,"x"
"8344",10083.7783603078,-8901.11733592037,"x"
"8345",9724.04997733924,-8254.33451643993,"x"
"8346",10090.2591732176,-8969.75875028456,"x"
"8347",9793.69635459937,-8449.22923914406,"x"
"8348",9886.82704513121,-8866.68123434228,"x"
"8349",9982.07229158414,-8935.24926540002,"x"
"8350",9754.15586290117,-8439.6788616157,"x"
"8351",10252.0395955961,-9571.60706324919,"x"
"8352",9778.64942816666,-8387.48704062089,"x"
"8353",9897.0238769569,-8500.86367923627,"x"
"8354",9758.94412105756,-8279.2447486983,"x"
"8355",9726.82687142394,-8253.8805956666,"x"
"8356",10227.7746424617,-9398.07123117389,"x"
"8357",9551.35362440486,-7818.6348937636,"x"
"8358",9365.33164286667,-7560.3373880132,"x"
"8359",10371.5138218158,-9521.94129318608,"x"
"8360",9236.23290772606,-7022.81505049086,"x"
"8361",10264.3674326183,-9503.86829123565,"x"
"8362",9969.06061590647,-8640.80201967256,"x"
"8363",9786.35349468675,-8234.58308140594,"x"
"8364",9457.47245043032,-7619.82747146455,"x"
"8365",10104.6834026358,-9065.5180559877,"x"
"8366",10106.8407282619,-8932.00558488729,"x"
"8367",9647.70033493969,-8175.46097759794,"x"
"8368",9339.64625331345,-7320.65464726303,"x"
"8369",9513.62762567199,-7704.28749382045,"x"
"8370",9792.85350302424,-8320.82717469933,"x"
"8371",9800.02657339756,-8185.51625027526,"x"
"8372",9939.27021430084,-8841.35111786928,"x"
"8373",9845.9837517741,-8498.76497639403,"x"
"8374",9851.91652829699,-8569.26934800256,"x"
"8375",10126.8818133034,-9041.22492973416,"x"
"8376",9534.46083008544,-7615.34829448156,"x"
"8377",9806.75078765826,-8430.82089024439,"x"
"8378",9433.61524344632,-7613.73262481251,"x"
"8379",9615.08761143783,-7936.83410193059,"x"
"8380",10043.5688515181,-9167.6622570247,"x"
"8381",9996.63851093591,-8983.3963379824,"x"
"8382",9819.04799401561,-8450.4462959399,"x"
"8383",10123.4634279668,-9079.8829243858,"x"
"8384",10169.9968215618,-8996.90611078156,"x"
"8385",9785.93030432834,-8206.25064621828,"x"
"8386",9609.09000278727,-8044.11314888539,"x"
"8387",9870.76442535115,-8415.45999474746,"x"
"8388",10058.4633506085,-9154.40223446792,"x"
"8389",9792.9952602817,-8355.38042663667,"x"
"8390",9159.97365904193,-6854.54790311412,"x"
"8391",9264.94639101037,-7063.62293116569,"x"
"8392",9454.70585685533,-7654.2783240227,"x"
"8393",9949.87291464364,-8758.62028479822,"x"
"8394",9776.88950856589,-8207.22685093256,"x"
"8395",9688.72275915788,-8123.47496138755,"x"
"8396",9747.43309039681,-8181.51466005926,"x"
"8397",9921.01481831777,-8534.59863316104,"x"
"8398",10192.0465126492,-9084.95779363262,"x"
"8399",9548.41917126999,-7759.44905924387,"x"
"8400",9715.76813558393,-8139.05517408517,"x"
"8401",10364.6687846062,-9739.64943940023,"x"
"8402",9439.35649591807,-7538.53956799511,"x"
"8403",9173.51655873974,-6895.74393577718,"x"
"8404",9860.70179846038,-8735.60858154693,"x"
"8405",9250.1410468712,-7045.64135451506,"x"
"8406",10455.9987706517,-9884.38639786847,"x"
"8407",9232.44955960666,-7080.53679003211,"x"
"8408",9216.62666658863,-6996.38442028551,"x"
"8409",10218.9890644989,-9248.03127863307,"x"
"8410",9677.57817370893,-8191.88192983007,"x"
"8411",9655.00464087095,-8063.36521168106,"x"
"8412",10140.4784057483,-9286.93695959817,"x"
"8413",9521.03982424332,-7684.8534918263,"x"
"8414",10000.8587743774,-9010.51982446871,"x"
"8415",10101.0105472621,-9061.93318564589,"x"
"8416",9442.57866476232,-7655.81852999897,"x"
"8417",9886.28609721506,-8476.65842197589,"x"
"8418",10282.6160772152,-9522.33637327476,"x"
"8419",9298.08656127131,-7206.5259156173,"x"
"8420",9603.16665558764,-8056.00937144087,"x"
"8421",9328.55648764226,-7402.64656275929,"x"
"8422",10133.2277187469,-9099.95960310357,"x"
"8423",9426.92642688609,-7635.61414432335,"x"
"8424",10123.332432322,-9145.81161715492,"x"
"8425",10091.776672129,-9044.74118634089,"x"
"8426",10031.339361927,-8771.68365830628,"x"
"8427",9758.84192122668,-8341.1493483518,"x"
"8428",9405.07779535422,-7567.56238765032,"x"
"8429",9629.08225978408,-7930.06742248368,"x"
"8430",9393.25638811628,-7534.72768872709,"x"
"8431",10109.8243291259,-9197.29765920437,"x"
"8432",9947.42717963518,-8745.97720770079,"x"
"8433",9775.52892018812,-8293.06149023792,"x"
"8434",9582.33561180088,-7866.34874004754,"x"
"8435",9176.16695342147,-7017.37678707545,"x"
"8436",9825.391959145,-8611.99303064823,"x"
"8437",9542.40928541431,-7822.6650370753,"x"
"8438",9588.89411327626,-7897.94521330312,"x"
"8439",9808.84326760577,-8397.30927887758,"x"
"8440",9381.37857634442,-7385.6340838777,"x"
"8441",9788.54073409985,-8360.5264249881,"x"
"8442",10329.0788280779,-9743.54278903973,"x"
"8443",10070.537237,-8890.73391552542,"x"
"8444",9550.67318565367,-7845.3723071284,"x"
"8445",9998.27648344956,-8718.85525517134,"x"
"8446",9819.88645346342,-8332.45411613399,"x"
"8447",9592.85923040879,-7882.23824937037,"x"
"8448",8934.94965577076,-6299.26612759518,"x"
"8449",9831.67783680943,-8473.15288404276,"x"
"8450",9760.74335157745,-8362.95274302006,"x"
"8451",9625.3526475021,-8081.676916122,"x"
"8452",9709.83524313398,-8258.88914222362,"x"
"8453",9893.00206763882,-8525.06602554792,"x"
"8454",9704.32567419092,-8148.09591157632,"x"
"8455",9993.9980315281,-8761.14090304394,"x"
"8456",10133.909401857,-9111.65857555395,"x"
"8457",10083.9937122953,-8903.68448652408,"x"
"8458",9860.88738418348,-8445.00803227228,"x"
"8459",10045.1158018155,-9046.70307086045,"x"
"8460",9594.03203318887,-7954.83000249595,"x"
"8461",9954.61759055481,-8748.61532793278,"x"
"8462",9793.08165628685,-8419.721701976,"x"
"8463",10027.6963174441,-9049.31889220772,"x"
"8464",10015.5383560714,-8865.65632485753,"x"
"8465",9380.94726461322,-7414.73481644099,"x"
"8466",9558.76079916759,-7911.5208204434,"x"
"8467",10293.8388931146,-9412.75999696153,"x"
"8468",10237.318934762,-9299.8996939626,"x"
"8469",10299.3862825365,-9683.56634491204,"x"
"8470",10029.2177339399,-8952.83026845983,"x"
"8471",9399.75187513087,-7406.40090427171,"x"
"8472",10036.5786563724,-9007.08712637921,"x"
"8473",9012.89479117197,-6675.635971114,"x"
"8474",9859.54118202667,-8498.77565755346,"x"
"8475",9494.91513617554,-7639.37992346222,"x"
"8476",10130.6886353618,-9141.0605014729,"x"
"8477",9990.63936546896,-8936.52685720429,"x"
"8478",9736.23468107518,-8248.54513619777,"x"
"8479",9673.63377026601,-8142.96475621989,"x"
"8480",9907.87768198838,-8647.17185959468,"x"
"8481",9352.69458050268,-7349.67979528784,"x"
"8482",10065.0546810168,-8797.49157069507,"x"
"8483",10183.4645501018,-9626.79952310346,"x"
"8484",10398.6662594735,-9802.89487893038,"x"
"8485",9793.72742077233,-8276.58382083986,"x"
"8486",9481.28852441649,-7701.29664663441,"x"
"8487",9386.93444578997,-7428.46901077262,"x"
"8488",10182.6080404136,-9139.1282605546,"x"
"8489",9300.79570302941,-7221.32324918178,"x"
"8490",9270.45755108541,-7040.97300953318,"x"
"8491",9597.76414206809,-7794.9569925404,"x"
"8492",9527.3949745569,-7670.50209777678,"x"
"8493",9901.36427432975,-8502.19496500272,"x"
"8494",9907.12459144115,-8570.09394323195,"x"
"8495",9939.80004417524,-8609.79505317203,"x"
"8496",9851.95997116715,-8657.65492607708,"x"
"8497",10141.997025531,-9319.7313915942,"x"
"8498",9693.71047454831,-8118.56364545425,"x"
"8499",9987.10487613697,-8671.87353120064,"x"
"8500",9420.65486076011,-7573.0400997942,"x"
"8501",10420.8877964251,-9894.23856205356,"x"
"8502",9509.84278806221,-7649.8812624629,"x"
"8503",9610.60857366822,-7901.62264063025,"x"
"8504",9316.51499373833,-7103.76815226355,"x"
"8505",9286.40683992417,-7103.60560144828,"x"
"8506",9644.15051966961,-8013.60690546328,"x"
"8507",9562.46410743043,-7982.80569860451,"x"
"8508",9861.00977434144,-8755.31043065729,"x"
"8509",10082.9472262782,-8915.30035407004,"x"
"8510",10163.2152074736,-9074.9984918817,"x"
"8511",9733.57473420557,-8233.71988529705,"x"
"8512",9668.83591198201,-7930.17932260803,"x"
"8513",9488.17719674257,-7743.3385338128,"x"
"8514",10294.2994763098,-9573.98050335819,"x"
"8515",9646.51100616945,-8214.91400140775,"x"
"8516",10143.5182336373,-9155.50234742326,"x"
"8517",9160.56713271011,-6968.99200105104,"x"
"8518",9464.26978268748,-7522.53555494212,"x"
"8519",10064.9261098729,-8925.20713821319,"x"
"8520",9663.95409603184,-8156.91181838094,"x"
"8521",10401.0674948307,-9681.29340982645,"x"
"8522",9713.44175405837,-8230.55835979815,"x"
"8523",10029.8341139762,-9037.62620196359,"x"
"8524",9100.66023244089,-6579.90683414024,"x"
"8525",9626.13486236482,-8009.1304085646,"x"
"8526",10113.1694143034,-9275.60984632527,"x"
"8527",9536.3202038116,-7897.16587868206,"x"
"8528",9477.5071044873,-7610.62098761327,"x"
"8529",9461.13503716077,-7631.09526307562,"x"
"8530",10194.8523767884,-9229.01731026493,"x"
"8531",9922.30265331935,-8723.00887266124,"x"
"8532",10298.7330144938,-9595.53136343716,"x"
"8533",9958.2219766235,-8674.76287942127,"x"
"8534",9128.77696053844,-6863.13148928212,"x"
"8535",10000.6667403731,-8855.74557784499,"x"
"8536",10333.0587240465,-9461.56170256251,"x"
"8537",10073.7632516199,-9311.59344261283,"x"
"8538",9641.36317477317,-7933.64952367489,"x"
"8539",9501.51635840382,-7619.10867791415,"x"
"8540",9298.12159460746,-7123.00139847127,"x"
"8541",9654.03865216884,-8053.37676425688,"x"
"8542",9354.2314112447,-7409.37730220358,"x"
"8543",10008.9616788241,-8816.97996890157,"x"
"8544",9448.28018520368,-7624.84777983076,"x"
"8545",9612.87431582058,-7954.03769605963,"x"
"8546",10013.9601262142,-8731.03243638709,"x"
"8547",9665.47894908425,-7907.47463687684,"x"
"8548",9452.46729204698,-7768.66349997442,"x"
"8549",9672.35383713085,-8004.30428320603,"x"
"8550",8996.5209495057,-6433.8720851499,"x"
"8551",9374.61329438345,-7360.79890384391,"x"
"8552",10247.0182176326,-9244.6103161496,"x"
"8553",10017.9550842456,-8909.8963440941,"x"
"8554",9519.38334893484,-7787.5174017572,"x"
"8555",9570.58082623766,-7868.35053850648,"x"
"8556",9690.26301079668,-8187.78084088568,"x"
"8557",9566.26493373604,-7855.98374438571,"x"
"8558",9857.88484551187,-8478.66203849065,"x"
"8559",9306.1305503727,-7410.69814202256,"x"
"8560",9434.9104028115,-7461.32786033073,"x"
"8561",9718.17591079172,-8225.25743220001,"x"
"8562",9595.40442161059,-8021.80471950677,"x"
"8563",9696.11714265305,-8197.56112575469,"x"
"8564",9728.11362860378,-8223.50480316953,"x"
"8565",9729.47345742213,-8164.14759767855,"x"
"8566",10029.3670146941,-8788.46670151411,"x"
"8567",9961.43517074698,-8737.89891449485,"x"
"8568",10037.1613863996,-8977.05887133787,"x"
"8569",9712.4531935922,-8189.75375374715,"x"
"8570",9442.02885098469,-7555.94254089553,"x"
"8571",9840.53811908891,-8421.1508025043,"x"
"8572",9866.02565558997,-8490.80046612422,"x"
"8573",10328.2354272868,-9490.85376420227,"x"
"8574",9990.15095196436,-8889.68107557304,"x"
"8575",9956.87101944029,-8770.02851582189,"x"
"8576",9005.55946178866,-6608.84118293487,"x"
"8577",9560.02710082187,-7790.48141272659,"x"
"8578",10077.22308733,-8953.72367661681,"x"
"8579",9917.86066065369,-8672.34398336571,"x"
"8580",9994.30007382195,-8806.35548512652,"x"
"8581",9442.48466615622,-7721.59331033891,"x"
"8582",10147.7168361561,-9231.9681664981,"x"
"8583",8868.22358677835,-6161.56928016456,"x"
"8584",9983.57847589465,-9069.85792795331,"x"
"8585",9387.8462685,-7702.9518107304,"x"
"8586",9596.65589059524,-8023.00432730013,"x"
"8587",10191.9727216824,-9241.64606728099,"x"
"8588",10087.3951741579,-8957.42776527837,"x"
"8589",9890.05475387381,-8641.66420099655,"x"
"8590",10128.4235707673,-9186.41349051971,"x"
"8591",9956.19708404754,-8632.3159001268,"x"
"8592",9768.11351212933,-8243.16098203974,"x"
"8593",9705.66772855254,-8267.01465456704,"x"
"8594",9345.49029749985,-7337.04091389973,"x"
"8595",9945.61558236315,-8493.68834101882,"x"
"8596",10054.7177274274,-8837.94060167344,"x"
"8597",10023.3629104014,-8863.4798688433,"x"
"8598",9619.39875045874,-7969.68115811045,"x"
"8599",9527.95731306455,-7785.0563680341,"x"
"8600",9096.35494952343,-6977.94722290525,"x"
"8601",9116.74770134263,-6709.24473955096,"x"
"8602",10217.8197815385,-9335.98377946128,"x"
"8603",10268.0219777446,-9279.56152044454,"x"
"8604",9357.73416713549,-7466.87082332799,"x"
"8605",9483.78992498369,-7561.79760707376,"x"
"8606",10229.2838920463,-9512.18310904754,"x"
"8607",9133.02499051671,-6830.49911730192,"x"
"8608",9591.80602463213,-7917.21256247231,"x"
"8609",10283.3883122012,-9583.88949388845,"x"
"8610",9779.94138220848,-8431.97524805751,"x"
"8611",9441.566535274,-7678.60304368769,"x"
"8612",9944.54960350441,-8705.99880726123,"x"
"8613",10127.7213065358,-9126.59130061885,"x"
"8614",9482.04227538429,-7644.50381598909,"x"
"8615",9570.07119476858,-7900.55781297907,"x"
"8616",9233.32735076678,-6910.12771602427,"x"
"8617",9168.05346927302,-7000.11049575596,"x"
"8618",9547.43149714002,-7869.03508128544,"x"
"8619",9939.80015614986,-8770.21092175854,"x"
"8620",9904.66134057687,-8537.35567895863,"x"
"8621",9645.5121744632,-8032.14201037122,"x"
"8622",9416.7225843089,-7521.82287042036,"x"
"8623",9803.1261321649,-8394.89165422538,"x"
"8624",9921.25286864374,-8684.1255450423,"x"
"8625",10214.1192305182,-9172.96772167109,"x"
"8626",9813.65646804875,-8375.06942524961,"x"
"8627",9770.96156735011,-8305.56454861697,"x"
"8628",9901.5601610093,-8587.55582990368,"x"
"8629",9834.44561117257,-8484.69183858001,"x"
"8630",10182.1758817964,-9145.5386554733,"x"
"8631",9921.84000030197,-8753.39927309188,"x"
"8632",9875.09993038192,-8486.56793653781,"x"
"8633",9721.24367844618,-8233.31793516156,"x"
"8634",9574.63363568169,-7893.85467096008,"x"
"8635",10102.8514460071,-9053.2450317937,"x"
"8636",9202.37530678384,-6919.91097484645,"x"
"8637",10037.0910508303,-8920.16934693384,"x"
"8638",9268.23216559776,-7060.60446137192,"x"
"8639",10441.8146252186,-9711.21740106899,"x"
"8640",9760.64653060133,-8240.35385628938,"x"
"8641",10208.9423814706,-9214.40973204372,"x"
"8642",10231.487483013,-9301.30036045125,"x"
"8643",9148.36171331931,-6849.46479183514,"x"
"8644",9574.07710131722,-7860.3147514631,"x"
"8645",9800.0479533918,-8509.03910917436,"x"
"8646",10269.4122991597,-9416.18677353154,"x"
"8647",9598.16609753478,-8075.90131589014,"x"
"8648",10135.5305528705,-9245.91978986905,"x"
"8649",9077.65970830171,-6697.53758474589,"x"
"8650",9298.60561838971,-7345.67156131345,"x"
"8651",9249.51341624458,-7139.3294836364,"x"
"8652",9775.55101283712,-8371.15745633484,"x"
"8653",10097.916459648,-9105.73045941655,"x"
"8654",9922.57284800678,-8596.44561430307,"x"
"8655",10177.3686932583,-9238.79331757335,"x"
"8656",9479.89150165812,-7601.16765888707,"x"
"8657",9394.06569422003,-7507.7474604839,"x"
"8658",9611.01634622889,-7973.00055063846,"x"
"8659",9478.53939216681,-7598.13997267293,"x"
"8660",9539.1872092189,-7686.43503552937,"x"
"8661",9758.0267591252,-8354.41539638409,"x"
"8662",9911.57333013947,-8622.53612228607,"x"
"8663",9606.35151404659,-7958.23082210408,"x"
"8664",10019.9301233352,-8971.75113815539,"x"
"8665",10107.938345685,-9212.54396005512,"x"
"8666",9846.37068228148,-8316.75117320714,"x"
"8667",9270.78803769899,-7192.95498754124,"x"
"8668",10093.1737633869,-9129.97381587918,"x"
"8669",9253.26719286605,-7192.44952964062,"x"
"8670",9256.52952431336,-7151.44074853398,"x"
"8671",10240.9111680842,-9535.0642721982,"x"
"8672",9675.34542438846,-7984.80035081739,"x"
"8673",10177.0567385232,-9333.16185363782,"x"
"8674",9604.88509567002,-7928.05236757319,"x"
"8675",9877.90134380445,-8521.31301212011,"x"
"8676",9898.56401233661,-8742.28631802305,"x"
"8677",10103.1558504995,-9284.61635273499,"x"
"8678",10013.5665027518,-8891.18917550578,"x"
"8679",9984.7677097261,-8695.87998491162,"x"
"8680",9516.61729175856,-7620.56483559976,"x"
"8681",9791.01316401792,-8332.76483065937,"x"
"8682",9402.02732190108,-7430.32339471031,"x"
"8683",10075.9850753246,-9060.0946519806,"x"
"8684",10120.7824064274,-9167.5284628055,"x"
"8685",10103.5560430463,-9165.96773446386,"x"
"8686",9896.81361779911,-8695.19062997255,"x"
"8687",9742.19420396139,-8225.40710660316,"x"
"8688",9597.153646621,-7988.46916350053,"x"
"8689",9699.89689547244,-8286.95332448402,"x"
"8690",9832.37761718582,-8342.19981154285,"x"
"8691",9415.81587598937,-7478.51980660895,"x"
"8692",9130.51499029467,-6814.78825848016,"x"
"8693",9597.81285073331,-7990.79989078875,"x"
"8694",9440.33657705285,-7615.80812735536,"x"
"8695",9982.10290587952,-8712.38951344658,"x"
"8696",9648.76572286381,-8075.14295307902,"x"
"8697",10007.8092175233,-8828.26531592685,"x"
"8698",10063.0906379815,-9003.87523050867,"x"
"8699",9285.50925927548,-7285.03345963012,"x"
"8700",9619.97132954362,-7991.14905979686,"x"
"8701",9850.22444792675,-8534.21929831238,"x"
"8702",9887.35798842021,-8433.50114559859,"x"
"8703",9624.48190379982,-7968.28988670523,"x"
"8704",9787.71246603103,-8368.95302269105,"x"
"8705",9772.18694571557,-8366.31705761632,"x"
"8706",10213.9354351168,-9323.75308494163,"x"
"8707",9328.78518119559,-7385.38319504466,"x"
"8708",9571.40291934514,-7870.37092329495,"x"
"8709",10165.3832098362,-9215.63839933626,"x"
"8710",9574.78655607921,-7875.96787197437,"x"
"8711",10299.0682271143,-9498.26398148463,"x"
"8712",10188.3005747349,-9129.03232629155,"x"
"8713",9832.2917571284,-8429.81511434103,"x"
"8714",9746.86194975082,-8373.18640415503,"x"
"8715",9666.01487017764,-8076.47799685744,"x"
"8716",9371.84358528185,-7524.42883121622,"x"
"8717",9676.48255366098,-8120.52706866905,"x"
"8718",9882.63406090803,-8563.44080855552,"x"
"8719",10177.7867694975,-9392.53637626553,"x"
"8720",9897.92084775652,-8628.06156668199,"x"
"8721",9776.11938082823,-8311.99681317052,"x"
"8722",9255.965786812,-7159.5004563188,"x"
"8723",10212.7312563103,-9727.03539459597,"x"
"8724",9960.45063455937,-8775.8641460301,"x"
"8725",9800.170942758,-8445.05222339741,"x"
"8726",9219.0598345336,-7006.26629312319,"x"
"8727",9951.3315878529,-8892.62476598005,"x"
"8728",10011.8430030254,-8677.64127079126,"x"
"8729",10208.8274844405,-9308.97405093529,"x"
"8730",10184.2363356588,-9415.97317666,"x"
"8731",10093.9037032212,-9007.92719571472,"x"
"8732",9358.52513432134,-7379.31687513651,"x"
"8733",9853.62860359924,-8444.49230015064,"x"
"8734",9471.14482915245,-7571.64805173069,"x"
"8735",10273.8121109768,-9468.243428721,"x"
"8736",10059.522221835,-9099.59124606134,"x"
"8737",9466.84176571256,-7519.19397478032,"x"
"8738",9606.35312197787,-8023.31893240513,"x"
"8739",8501.95019042868,-5319.86627882758,"x"
"8740",9205.48814430841,-7048.66787743237,"x"
"8741",10171.0597618197,-9446.26426689716,"x"
"8742",10027.7098428269,-8940.0570056707,"x"
"8743",9628.23438217275,-8131.00480425616,"x"
"8744",9951.68035648404,-8764.04054567051,"x"
"8745",10008.6811291845,-9048.84703837601,"x"
"8746",9846.93896898838,-8484.59618413722,"x"
"8747",10006.9945387525,-8752.18268953145,"x"
"8748",9399.2404674844,-7323.99285783869,"x"
"8749",10184.034668597,-9277.16268186799,"x"
"8750",10062.525133321,-8889.32049324338,"x"
"8751",10123.9034015141,-8948.34747241426,"x"
"8752",10597.1019529407,-9976.62143096484,"x"
"8753",9406.99889106304,-7543.09923765123,"x"
"8754",9831.89244563743,-8518.01551025564,"x"
"8755",10146.7425526224,-9212.25251231018,"x"
"8756",9314.80566438781,-7261.47748400395,"x"
"8757",9928.19556110384,-8501.27162314429,"x"
"8758",9744.52047073647,-8236.75684429299,"x"
"8759",9679.54759740096,-8123.03485238568,"x"
"8760",9814.49760686971,-8339.708537385,"x"
"8761",9527.90758314473,-7881.90305338225,"x"
"8762",9356.02087501296,-7484.10199871661,"x"
"8763",9573.30066160754,-7906.34621355678,"x"
"8764",10092.4613128281,-8956.2411860379,"x"
"8765",9156.16905245021,-7078.0799591194,"x"
"8766",10141.1007758902,-9197.82109018969,"x"
"8767",9985.47231879426,-8836.8508213915,"x"
"8768",9404.86754563446,-7389.17860404124,"x"
"8769",9532.86274884529,-7721.76101377288,"x"
"8770",9745.89720266823,-8308.87816055267,"x"
"8771",9807.29194188817,-8389.30376221086,"x"
"8772",9915.5410998087,-8461.39123589228,"x"
"8773",9817.20212880607,-8454.97804130618,"x"
"8774",9870.93190133834,-8587.18424658841,"x"
"8775",10182.8270539291,-9141.08640692057,"x"
"8776",9693.08414302855,-8166.22613931841,"x"
"8777",10260.5131776556,-9309.0833598655,"x"
"8778",9873.55666113509,-8534.06961750183,"x"
"8779",10162.6330737151,-9193.91468620118,"x"
"8780",9864.6247582436,-8489.24321702777,"x"
"8781",9827.7435013902,-8355.74463493995,"x"
"8782",9442.09822485027,-7692.61348951195,"x"
"8783",9936.6953588328,-8535.86390675434,"x"
"8784",9893.05167569991,-8565.48398405587,"x"
"8785",9913.3592406815,-8609.41709036881,"x"
"8786",9695.08147361948,-8063.6802681987,"x"
"8787",9617.67711897654,-8051.57183567423,"x"
"8788",10228.3650362285,-9309.44421707576,"x"
"8789",9567.67014963958,-7983.85489995914,"x"
"8790",10139.0647701412,-9192.16688103238,"x"
"8791",9552.46627032214,-7639.67725901482,"x"
"8792",9823.32542386598,-8494.09841843276,"x"
"8793",9661.66633364921,-8091.30152484558,"x"
"8794",9603.65020831064,-7985.3650949487,"x"
"8795",10076.228555998,-8989.2872461359,"x"
"8796",10119.9766328046,-9071.0118686267,"x"
"8797",9516.54437994005,-7777.1180619864,"x"
"8798",10131.0205929782,-9214.68437835878,"x"
"8799",10060.4066462944,-9025.51074754506,"x"
"8800",9507.32182416595,-7672.68657690268,"x"
"8801",9647.14565124896,-8087.4347107842,"x"
"8802",9607.97048710296,-7865.67726606345,"x"
"8803",10083.1976233289,-9105.01121934357,"x"
"8804",9551.58822277484,-7949.64374132179,"x"
"8805",9550.34986771202,-7765.87056947549,"x"
"8806",9852.22962840427,-8623.81879623317,"x"
"8807",9829.59562404422,-8496.49427077565,"x"
"8808",9415.37355639277,-7633.5686815718,"x"
"8809",9730.32499843271,-8234.92283993748,"x"
"8810",9724.45150456603,-8358.88294016096,"x"
"8811",10255.0483409511,-9374.27256637048,"x"
"8812",9815.25935441984,-8418.48140981466,"x"
"8813",9739.3814134164,-8308.62008257027,"x"
"8814",9699.32173116207,-8270.042446828,"x"
"8815",9093.17573667835,-6853.70810633015,"x"
"8816",10266.2777555085,-9506.99201011443,"x"
"8817",10221.1452383276,-9302.37070141592,"x"
"8818",10113.2549280336,-9063.77399088357,"x"
"8819",9806.43826555895,-8328.2944889316,"x"
"8820",9618.95022203842,-7923.09573118026,"x"
"8821",9290.92567154195,-7173.83052557244,"x"
"8822",10019.3669750064,-8935.03369400202,"x"
"8823",9840.05546861849,-8487.32764034038,"x"
"8824",9653.15814513852,-8098.80798187123,"x"
"8825",9947.02455526525,-8782.72191130997,"x"
"8826",9547.19871373883,-7912.74608839704,"x"
"8827",9873.70261700304,-8471.51195471481,"x"
"8828",9681.10300919511,-8184.91291416802,"x"
"8829",9890.71504622447,-8476.12845258632,"x"
"8830",9578.74160149779,-7951.8953867823,"x"
"8831",9863.51062280827,-8463.61587709518,"x"
"8832",9767.16193670781,-8318.0100867442,"x"
"8833",9328.99151325657,-7253.67910989449,"x"
"8834",9723.91662191369,-8254.5591822346,"x"
"8835",9676.47389968753,-8081.67725476501,"x"
"8836",9798.86894492804,-8368.90691165433,"x"
"8837",10007.7957518388,-8968.02602310809,"x"
"8838",9829.28544849282,-8307.98638145234,"x"
"8839",9473.68481035693,-7531.90211102411,"x"
"8840",10194.5971053414,-9338.48783100602,"x"
"8841",9595.17690242581,-7889.00395669354,"x"
"8842",9886.7430122935,-8697.59788147008,"x"
"8843",10186.3601864819,-9181.02657889345,"x"
"8844",9771.19869261681,-8401.50156910227,"x"
"8845",9925.83408372878,-8713.45341755132,"x"
"8846",9230.61861279938,-6973.41790603151,"x"
"8847",9925.43201376979,-8692.05888672733,"x"
"8848",10312.6036571552,-9657.4329838768,"x"
"8849",9797.90606594284,-8284.91943591311,"x"
"8850",9968.63625573797,-8811.29549149329,"x"
"8851",9715.02041070304,-8391.37410528582,"x"
"8852",9499.2416691613,-7584.86807709504,"x"
"8853",10040.9152594371,-8668.31631412737,"x"
"8854",9616.71580257044,-8026.40319671379,"x"
"8855",10068.2179810045,-9024.65665603048,"x"
"8856",9654.36492281772,-8171.77193270914,"x"
"8857",9582.4918519279,-7971.04697092523,"x"
"8858",10327.4346117926,-9646.76930225069,"x"
"8859",9261.87491082056,-7167.94349278978,"x"
"8860",9956.6753812595,-8666.37736005904,"x"
"8861",9849.71014261684,-8478.34947757843,"x"
"8862",10158.8475300668,-9363.56181553978,"x"
"8863",9608.27657290248,-7993.36706283931,"x"
"8864",9453.53919278295,-7586.25038936338,"x"
"8865",10285.1061279446,-9339.086705941,"x"
"8866",9838.8128968631,-8290.21651636978,"x"
"8867",10050.0795630129,-8837.064233927,"x"
"8868",9460.81611650204,-7600.99002910981,"x"
"8869",9615.93015882071,-8049.4627777597,"x"
"8870",9566.41490300433,-7756.10248855473,"x"
"8871",9932.03265179104,-8656.19950899786,"x"
"8872",10076.4991253171,-8961.08035567366,"x"
"8873",9259.2876045547,-7295.65069234184,"x"
"8874",9925.39420115995,-8653.51585875317,"x"
"8875",9701.5030920217,-8198.70599439625,"x"
"8876",9440.73921659934,-7726.21806538691,"x"
"8877",10226.9710507121,-9521.82851706866,"x"
"8878",10048.5529552004,-8857.46811808948,"x"
"8879",9347.39345033787,-7423.81454636832,"x"
"8880",9420.37470230368,-7452.34873070358,"x"
"8881",9589.09724847614,-7965.77432134275,"x"
"8882",9366.32766689809,-7410.40336990996,"x"
"8883",10059.1430388806,-8942.92969829456,"x"
"8884",9411.34565089304,-7524.71554954858,"x"
"8885",9094.5020939963,-6843.10783914215,"x"
"8886",9688.75918829789,-8168.11509489217,"x"
"8887",9581.01967305675,-7891.44620728228,"x"
"8888",9449.21162237571,-7525.6366242058,"x"
"8889",9792.00960659478,-8392.42247080997,"x"
"8890",9525.69947564159,-7714.97978308151,"x"
"8891",9343.43176551743,-7414.41734914707,"x"
"8892",9333.09034332517,-7287.01778057381,"x"
"8893",9531.37665152823,-7695.54908520224,"x"
"8894",9601.16097532535,-7883.6386952382,"x"
"8895",10103.499378237,-9116.83285896834,"x"
"8896",10083.575861216,-8915.6771084311,"x"
"8897",9470.7119377959,-7687.98145441421,"x"
"8898",9567.3346519491,-7725.01970850571,"x"
"8899",9614.18475838082,-8033.27268061642,"x"
"8900",9394.45299607055,-7420.61600144009,"x"
"8901",9991.20703820783,-8891.42988259747,"x"
"8902",8944.71140006333,-6438.25546664483,"x"
"8903",9843.8996107949,-8739.41551614055,"x"
"8904",10079.361498976,-9034.87314062014,"x"
"8905",9656.03952978557,-8208.57909335015,"x"
"8906",9447.77000651139,-7708.92922945869,"x"
"8907",9879.53323833703,-8737.31176570496,"x"
"8908",9725.347883661,-8398.37211590588,"x"
"8909",9408.67299346062,-7512.41327038078,"x"
"8910",10212.3023623925,-9243.40184874734,"x"
"8911",9519.20707666643,-7725.59965520497,"x"
"8912",9937.31115308709,-8763.0524290403,"x"
"8913",9849.49389997456,-8623.03344423558,"x"
"8914",9805.69403069868,-8364.2274429211,"x"
"8915",9867.33222329421,-8665.66842502323,"x"
"8916",9990.39392920509,-8807.14300743566,"x"
"8917",9981.72492837026,-8775.63697114975,"x"
"8918",8710.08489703077,-6131.03111040759,"x"
"8919",10089.916687091,-8964.86524553008,"x"
"8920",9434.12718916124,-7666.46188266724,"x"
"8921",9553.45053584362,-7784.43568568607,"x"
"8922",10068.3493155888,-8946.09865737243,"x"
"8923",9337.27348986407,-7385.28057041308,"x"
"8924",10111.8120464603,-9096.11708938161,"x"
"8925",10123.9777894233,-8930.76460054395,"x"
"8926",9581.19606537644,-7914.44653683958,"x"
"8927",9907.11824335835,-8683.1760098666,"x"
"8928",9530.2323486292,-7670.40418382449,"x"
"8929",9868.13803072859,-8671.60063796272,"x"
"8930",9738.60364936635,-8229.25768628364,"x"
"8931",10019.7791430582,-8943.22673641433,"x"
"8932",9961.03642467492,-8802.26612770954,"x"
"8933",9527.48641179743,-7865.72246607639,"x"
"8934",9366.46463275822,-7378.69812229959,"x"
"8935",9739.99899036691,-8218.81026574818,"x"
"8936",9447.01671911273,-7526.4452949885,"x"
"8937",10144.1012457461,-9425.29034913814,"x"
"8938",9254.85755227863,-7151.91629854788,"x"
"8939",10002.7807272772,-8844.77034493811,"x"
"8940",9639.89607237129,-8007.66398281995,"x"
"8941",10000.3755520922,-8902.91444721769,"x"
"8942",9574.11619647863,-7838.3517753649,"x"
"8943",9077.30968711469,-6699.87844199302,"x"
"8944",9609.63073409795,-8019.31954383055,"x"
"8945",9819.12279685494,-8501.92943647516,"x"
"8946",8952.04095216023,-6477.1057297797,"x"
"8947",9871.19538773535,-8401.02358642568,"x"
"8948",9862.873186268,-8503.62089728941,"x"
"8949",9751.34577026599,-8351.58407914516,"x"
"8950",9845.82337950113,-8679.24214757234,"x"
"8951",9677.0326158488,-8037.33690868536,"x"
"8952",9558.93481942716,-7884.90706338683,"x"
"8953",9727.59063332558,-8203.93546843227,"x"
"8954",9965.60044037738,-8809.22346186268,"x"
"8955",9270.54314294709,-7183.68363973882,"x"
"8956",9383.09065714553,-7467.46856368725,"x"
"8957",9583.58882685489,-7805.16840944099,"x"
"8958",9658.9400064848,-8082.81618858599,"x"
"8959",9585.76799927535,-7966.91485537844,"x"
"8960",10024.4972051568,-8877.32127402814,"x"
"8961",9109.15221238484,-6994.22791559771,"x"
"8962",9282.695981576,-7368.4693058298,"x"
"8963",10127.1176136973,-9086.50007874476,"x"
"8964",10446.4390519772,-9729.26568489423,"x"
"8965",9314.53942096697,-7381.04626503096,"x"
"8966",9511.50237105209,-7720.88470409138,"x"
"8967",9998.50401645134,-8764.32021834247,"x"
"8968",10452.61440071,-9881.44080421956,"x"
"8969",9049.68189438173,-6632.23042867082,"x"
"8970",9930.46631818458,-8755.12204700135,"x"
"8971",9862.34576855616,-8492.95673036042,"x"
"8972",10249.7080058007,-9218.88359472557,"x"
"8973",9816.31686591865,-8492.61410355601,"x"
"8974",9633.47502046213,-8102.51273957781,"x"
"8975",9594.06099549148,-8027.78578946175,"x"
"8976",9863.1806065767,-8571.7984648789,"x"
"8977",9857.30212075778,-8497.20789062349,"x"
"8978",9771.7346558962,-8381.56324952594,"x"
"8979",9801.31219711238,-8293.06494828001,"x"
"8980",10055.5997296242,-8819.43199316636,"x"
"8981",9808.83014688207,-8453.1170582564,"x"
"8982",9999.4259808268,-8739.45140683602,"x"
"8983",9613.76208395781,-7939.63500036568,"x"
"8984",9404.96127847619,-7535.62907174214,"x"
"8985",9518.09283526358,-7737.3735662956,"x"
"8986",9942.51384742093,-8682.78603087675,"x"
"8987",9840.48189204537,-8467.27634367957,"x"
"8988",10318.0456362488,-9593.20519819445,"x"
"8989",9180.20851644494,-6993.99953852877,"x"
"8990",9769.63130776237,-8254.65437537759,"x"
"8991",9838.65775377718,-8536.7999371836,"x"
"8992",9911.23390445308,-8606.89784376885,"x"
"8993",9992.03800618578,-8779.60214368683,"x"
"8994",9808.41855048151,-8490.728588485,"x"
"8995",9821.81252511472,-8375.65296058695,"x"
"8996",10159.2727789782,-9256.31749692195,"x"
"8997",9894.47075045733,-8765.34919355345,"x"
"8998",9589.38156948045,-7807.88948293982,"x"
"8999",9872.06123370075,-8556.53027879025,"x"
"9000",9835.9155824095,-8443.63714742008,"x"
"9001",10010.9788277718,-8852.85162837695,"x"
"9002",10126.2953269806,-9051.69319978849,"x"
"9003",10105.2804608452,-9185.34446355442,"x"
"9004",10207.8412359013,-9215.12159062622,"x"
"9005",9529.94253354095,-7937.50519489189,"x"
"9006",9289.909866861,-7162.65976647344,"x"
"9007",9371.3108355321,-7506.39346516326,"x"
"9008",9115.01094974743,-6626.08732158619,"x"
"9009",9634.81447348595,-8008.30326032757,"x"
"9010",9857.26888840543,-8539.59035556603,"x"
"9011",9940.80769746076,-8844.62927180778,"x"
"9012",9632.96590717196,-7977.55936751702,"x"
"9013",9777.20486315313,-8334.73473907807,"x"
"9014",9668.18295432622,-8253.27822461429,"x"
"9015",10171.3504308443,-9121.30389818853,"x"
"9016",9721.58850922097,-8168.9807299674,"x"
"9017",8888.7022003625,-6226.71493667642,"x"
"9018",9134.00271483148,-6921.69644286363,"x"
"9019",9966.83424106443,-8853.11201594808,"x"
"9020",10082.7580869649,-8997.27035428091,"x"
"9021",10166.1325031741,-9244.59609665475,"x"
"9022",9845.47716936183,-8476.53334350487,"x"
"9023",9485.70345498703,-7717.26225850165,"x"
"9024",10321.9895604053,-9501.2856434798,"x"
"9025",9569.52514387815,-7924.57484715365,"x"
"9026",10033.8717986621,-9121.49471056086,"x"
"9027",10201.4753046863,-9265.93524344462,"x"
"9028",8989.21250675797,-6506.59828944273,"x"
"9029",9563.75767166129,-7971.50014390508,"x"
"9030",9288.39410568947,-7332.25061088976,"x"
"9031",9625.51595556531,-7991.43690917197,"x"
"9032",9120.23162779574,-6712.17198940729,"x"
"9033",9735.31841210082,-8202.33875480739,"x"
"9034",10112.4042753702,-9045.59485794787,"x"
"9035",9781.75217041787,-8359.4697322442,"x"
"9036",9670.59794255532,-8173.33117999924,"x"
"9037",10152.1057052123,-9127.83332510052,"x"
"9038",9603.59419783837,-7921.32761388451,"x"
"9039",9672.06002485979,-8027.11378183108,"x"
"9040",9942.53198526632,-8739.80024591675,"x"
"9041",9848.23760789557,-8575.09165493761,"x"
"9042",9801.1130121039,-8579.53447965279,"x"
"9043",9711.00449987903,-8196.22551487941,"x"
"9044",10072.7990920913,-9010.20941975468,"x"
"9045",9865.74447295216,-8643.4811988418,"x"
"9046",9924.04934084912,-8580.43999315662,"x"
"9047",9392.73607630543,-7478.76931644055,"x"
"9048",9829.12645280095,-8390.38542645135,"x"
"9049",9891.87288236842,-8585.67234000535,"x"
"9050",9732.35391142055,-8162.90096401348,"x"
"9051",9235.52367304016,-7295.36968458458,"x"
"9052",9662.24320115505,-8150.89365304949,"x"
"9053",10061.3775048032,-8840.02796424097,"x"
"9054",9912.40552604445,-8751.50104907583,"x"
"9055",9376.53825576624,-7497.9584067152,"x"
"9056",9408.81625977879,-7556.19991253713,"x"
"9057",8892.32282637116,-6373.58361061195,"x"
"9058",10103.3470293367,-9288.02068542952,"x"
"9059",9464.96740936159,-7567.45238012431,"x"
"9060",10170.2729793311,-9015.37367485671,"x"
"9061",10153.6656360281,-9072.36852902531,"x"
"9062",9910.70407927163,-8544.4359366271,"x"
"9063",10076.7489025799,-8914.07692460997,"x"
"9064",10216.342944307,-9247.7228710353,"x"
"9065",9869.57795511477,-8574.26489174267,"x"
"9066",9737.53356334306,-7987.00513245497,"x"
"9067",8941.46329090362,-6310.87472287809,"x"
"9068",10354.529441897,-9744.40250623961,"x"
"9069",9667.25376220029,-8147.09259387367,"x"
"9070",9995.23989215703,-8872.45651239947,"x"
"9071",9698.46984344866,-8118.20133270763,"x"
"9072",10147.4031262389,-9068.46649796504,"x"
"9073",10037.1180366509,-8816.28724125425,"x"
"9074",9840.01559596829,-8475.37684249758,"x"
"9075",9631.11439222886,-8093.82247570823,"x"
"9076",10163.0930621345,-9129.08384547418,"x"
"9077",10085.6134339575,-9176.94272861212,"x"
"9078",9884.52680596702,-8452.0172748104,"x"
"9079",10204.5000189196,-9303.74241699345,"x"
"9080",9864.73456837717,-8512.810792983,"x"
"9081",9372.9149976915,-7506.45971231094,"x"
"9082",9596.77376948195,-7983.92529372679,"x"
"9083",9318.3653885633,-7232.63123016142,"x"
"9084",9302.51476696913,-7310.06934742966,"x"
"9085",9332.32186687364,-7235.09912773562,"x"
"9086",9626.69644352571,-7890.8893664466,"x"
"9087",10411.4411805103,-9875.73057933504,"x"
"9088",8727.01549060378,-5993.11197016261,"x"
"9089",8999.45832392646,-6448.03602642439,"x"
"9090",10072.8261365257,-8915.00803728366,"x"
"9091",9337.83981974316,-7253.71902100757,"x"
"9092",9761.16567173269,-8254.71562805106,"x"
"9093",9921.99070567347,-8586.68111745254,"x"
"9094",9934.59993666926,-8705.16348647838,"x"
"9095",10005.5903483587,-8821.16102991269,"x"
"9096",9896.5715344503,-8669.86449527872,"x"
"9097",9565.50950380916,-7791.41430515285,"x"
"9098",9699.67105411558,-8238.38870204134,"x"
"9099",9998.73922797659,-9104.58540065199,"x"
"9100",9573.83636414856,-8151.47071428708,"x"
"9101",9378.96422322323,-7394.79052366922,"x"
"9102",9635.76042929708,-8046.76766781924,"x"
"9103",9791.91982258352,-8285.44499677573,"x"
"9104",9209.71887001075,-7269.67477495189,"x"
"9105",10249.362253255,-9338.98490526051,"x"
"9106",10333.7852112227,-9742.96133498695,"x"
"9107",10164.0850362814,-9380.94853759146,"x"
"9108",9896.61101210297,-8572.54436140157,"x"
"9109",10209.1614089852,-9202.2162851977,"x"
"9110",9225.53772009983,-6962.44321246597,"x"
"9111",10086.8842784285,-9014.98427997134,"x"
"9112",9672.86091325563,-8004.92608731462,"x"
"9113",9950.84896557198,-8805.84779066342,"x"
"9114",9779.8628155161,-8505.46410580247,"x"
"9115",9568.5431209295,-7861.271601394,"x"
"9116",9870.00590001262,-8448.55766755969,"x"
"9117",9763.44749713825,-8388.10693827236,"x"
"9118",9992.10767472291,-8844.53600722047,"x"
"9119",10001.3801484365,-8845.70260506003,"x"
"9120",9853.10373408023,-8576.80518138866,"x"
"9121",10044.5060461738,-9016.91952618584,"x"
"9122",8780.63124645567,-6059.48716574172,"x"
"9123",9242.06147454651,-7111.41665009829,"x"
"9124",9399.93426306008,-7601.54850341751,"x"
"9125",9875.58081309476,-8573.41451222476,"x"
"9126",9826.02275266395,-8470.13628096917,"x"
"9127",10133.4986863518,-9092.03784517809,"x"
"9128",9047.7491713299,-6628.3698630241,"x"
"9129",9728.82963112537,-8052.06770290539,"x"
"9130",9985.7652636233,-9036.0824894408,"x"
"9131",9569.06239722844,-7903.23813174302,"x"
"9132",8753.92479325981,-6045.78284754827,"x"
"9133",9669.23802552143,-8144.72066129497,"x"
"9134",9457.09719871753,-7703.73287915167,"x"
"9135",9629.73624737524,-8017.06546397433,"x"
"9136",9977.71800267643,-8930.8822997747,"x"
"9137",10099.3794266803,-8967.97080338821,"x"
"9138",9797.13249114632,-8212.42484478691,"x"
"9139",9694.42591825057,-8092.54949114234,"x"
"9140",9648.16821043319,-7890.25348273065,"x"
"9141",9277.04522594523,-7263.15178583135,"x"
"9142",9376.37726880702,-7311.06215372598,"x"
"9143",9210.85813746617,-7301.29175422644,"x"
"9144",9301.76156824645,-7271.57436266099,"x"
"9145",9935.52627140721,-8495.96585229373,"x"
"9146",10025.9357039954,-8966.1918586938,"x"
"9147",9669.93974243766,-8044.23069067061,"x"
"9148",9559.6000049972,-7892.47956666195,"x"
"9149",10218.8030281384,-9353.79576319334,"x"
"9150",9416.34300773539,-7723.62356747305,"x"
"9151",9931.2572300081,-8614.54493009692,"x"
"9152",9565.06232021948,-7977.1159206071,"x"
"9153",10197.4394530871,-9471.9104711723,"x"
"9154",10064.9465207747,-8962.50853959374,"x"
"9155",9632.38466512169,-8003.91221377402,"x"
"9156",9678.03651549298,-8142.46243909574,"x"
"9157",10045.4820621237,-8908.62346578667,"x"
"9158",9939.89882717269,-8616.59321605678,"x"
"9159",10225.179664623,-9519.43964040407,"x"
"9160",9443.58516325496,-7622.20045653624,"x"
"9161",9536.69415169929,-7812.9031141819,"x"
"9162",10014.1963457982,-9023.74896601605,"x"
"9163",9974.4537487623,-8670.49905707959,"x"
"9164",10180.8841665264,-9404.72747089674,"x"
"9165",9393.55872230023,-7528.34851387689,"x"
"9166",9678.91200491079,-8254.39641895267,"x"
"9167",9346.22303989494,-7305.55467841788,"x"
"9168",9307.60443323996,-7375.90561990897,"x"
"9169",10029.3110738853,-8984.54318168462,"x"
"9170",10184.3247542165,-9522.17659294352,"x"
"9171",9537.78397739879,-7892.86869366161,"x"
"9172",9977.24380583133,-9003.96910773086,"x"
"9173",9450.09840347539,-7619.22767952368,"x"
"9174",9640.02217173371,-8021.04121157345,"x"
"9175",9988.67797956983,-8848.43706788333,"x"
"9176",9674.78028450963,-8116.0993283996,"x"
"9177",9519.99223279365,-7783.9170871919,"x"
"9178",9313.72355674472,-7109.1388215656,"x"
"9179",10372.8205517481,-9747.21417022848,"x"
"9180",9633.417158235,-8394.96911076671,"x"
"9181",9977.31636476767,-8796.20321779844,"x"
"9182",9610.78257626983,-7938.72702319207,"x"
"9183",9490.90067226836,-7626.60301210842,"x"
"9184",9323.04911325607,-7346.84522517591,"x"
"9185",10034.8499514597,-8943.12687904946,"x"
"9186",9210.29206768421,-7158.18166861284,"x"
"9187",9510.64564457666,-7762.99214128636,"x"
"9188",9583.40581468396,-7885.74237048227,"x"
"9189",10196.2399622949,-9261.63108993535,"x"
"9190",9992.73592670316,-8676.44624643017,"x"
"9191",9804.18003001039,-8439.3704492269,"x"
"9192",9561.57417129337,-7834.83451498669,"x"
"9193",9736.18170885338,-8342.2938106749,"x"
"9194",9734.35615573449,-8359.28085564353,"x"
"9195",9892.93444087715,-8529.13955124437,"x"
"9196",9859.28706287841,-8484.00768873266,"x"
"9197",9784.40933673059,-8335.89356822038,"x"
"9198",10078.8232201963,-9014.06123055288,"x"
"9199",9553.68514615802,-7733.6283302475,"x"
"9200",9709.00927343227,-8075.37158261542,"x"
"9201",9489.63861646055,-7799.70509987915,"x"
"9202",9266.46967444703,-7044.60839240948,"x"
"9203",9852.39063957859,-8779.54181958026,"x"
"9204",10086.9085726526,-9063.97315624801,"x"
"9205",9352.99066612457,-7446.54905580708,"x"
"9206",10054.9044560117,-9293.20700002292,"x"
"9207",9647.33638202225,-8116.51547072395,"x"
"9208",9792.65791744312,-8283.12135143267,"x"
"9209",10175.3673799518,-9204.49652249528,"x"
"9210",9853.29585791585,-8468.68214990546,"x"
"9211",9322.47816496173,-7275.96253821054,"x"
"9212",10119.8771544792,-9310.5139743783,"x"
"9213",9759.24557647352,-8270.57527435261,"x"
"9214",10153.2631366874,-9261.70855588686,"x"
"9215",9877.6663564839,-8543.80407041556,"x"
"9216",9456.54215782076,-7641.96933186379,"x"
"9217",9840.49273898855,-8485.64724028301,"x"
"9218",9031.67904308754,-6653.8931572933,"x"
"9219",9939.62334063219,-8785.23695579919,"x"
"9220",9356.2003015082,-7468.05062820287,"x"
"9221",10260.5377182232,-9423.32992752285,"x"
"9222",9888.6455306511,-8572.95520010699,"x"
"9223",10257.2411024298,-9416.3061493371,"x"
"9224",9627.84665691294,-7889.64068556212,"x"
"9225",9565.29639154155,-7867.31347149339,"x"
"9226",9410.48502964557,-7604.88986406872,"x"
"9227",9959.28836446424,-8526.72072338652,"x"
"9228",9799.87597887885,-8419.9597913589,"x"
"9229",9657.48936778618,-8152.2038608384,"x"
"9230",9772.22567111355,-8292.62735704404,"x"
"9231",9750.07081154665,-8105.20232437333,"x"
"9232",9837.62536263909,-8426.61491597161,"x"
"9233",10257.5870816882,-9482.00490287214,"x"
"9234",10140.0093661986,-9309.91863963581,"x"
"9235",10298.1731739216,-9467.99158909197,"x"
"9236",9939.03108412738,-8691.89284250334,"x"
"9237",9874.00749569324,-8464.27145961729,"x"
"9238",9712.6268705983,-8107.07706278124,"x"
"9239",9237.45873671204,-7018.61471891514,"x"
"9240",9588.14140122866,-7765.27747858034,"x"
"9241",9358.09924920484,-7413.34811520065,"x"
"9242",9688.91743432909,-8317.32072471791,"x"
"9243",9834.98280279777,-8469.67917900276,"x"
"9244",9858.13418257241,-8545.00290478122,"x"
"9245",10033.9250728891,-9117.80849539999,"x"
"9246",10213.9344522165,-9268.06381661046,"x"
"9247",10105.0160903616,-9059.14405172594,"x"
"9248",10059.4814328344,-8912.02896886538,"x"
"9249",9805.27519928184,-8490.76082994237,"x"
"9250",9632.32285289484,-7968.42737441131,"x"
"9251",9356.58447883035,-7342.84802630662,"x"
"9252",9556.31793121807,-7784.80229569215,"x"
"9253",9886.49885275797,-8552.32373383296,"x"
"9254",9761.01268563885,-8303.46638636912,"x"
"9255",9627.78852989809,-7894.70322340132,"x"
"9256",10319.5737295603,-9343.34989679479,"x"
"9257",9958.01729312622,-8714.91774205674,"x"
"9258",10079.7655037358,-9221.47975487566,"x"
"9259",9163.54613490259,-6878.55791159187,"x"
"9260",9745.50560366906,-8323.28004154357,"x"
"9261",9964.09743279417,-8844.5014313779,"x"
"9262",9702.62846193836,-8024.20547352897,"x"
"9263",9156.14771509345,-6870.56234195663,"x"
"9264",9918.94309479215,-8785.78809056698,"x"
"9265",9239.78435700821,-7212.26588725454,"x"
"9266",9802.00402299852,-8310.3233983109,"x"
"9267",9883.08261573266,-8597.49239470837,"x"
"9268",10240.2234238823,-9535.99630672426,"x"
"9269",9715.34150745646,-8087.27486482404,"x"
"9270",10083.9498407022,-8956.98167911785,"x"
"9271",9246.51723458431,-7261.32340360791,"x"
"9272",9226.80425470583,-7088.56141318542,"x"
"9273",9579.52540242595,-7822.23635391487,"x"
"9274",9469.36575732322,-7756.81062743004,"x"
"9275",9838.07276729663,-8362.06447567055,"x"
"9276",10079.1497104619,-8946.59747659007,"x"
"9277",9332.24277099695,-7346.38204147375,"x"
"9278",10077.1262806537,-8995.20736020313,"x"
"9279",9967.48821923716,-8728.28609672171,"x"
"9280",9223.30930186346,-7004.87523751773,"x"
"9281",9855.52428603942,-8480.75625923332,"x"
"9282",9697.41136577612,-8110.61702292205,"x"
"9283",8771.98217960574,-5947.39293643473,"x"
"9284",9326.04486265189,-7364.13276955737,"x"
"9285",9761.77073100824,-8293.85606387629,"x"
"9286",9001.8259221116,-6565.6524798215,"x"
"9287",9218.14867465465,-7102.24249244861,"x"
"9288",10370.2709655921,-9670.84840298317,"x"
"9289",9839.75170680879,-8455.99747425624,"x"
"9290",9733.66447172147,-8190.41023410444,"x"
"9291",10064.2467816415,-8780.17975296998,"x"
"9292",10438.7219170928,-9819.55844864476,"x"
"9293",9788.64812615498,-8303.01394854748,"x"
"9294",9863.07727531886,-8583.46340405146,"x"
"9295",9477.89964718113,-7624.62398572962,"x"
"9296",10064.571393408,-9202.97939122845,"x"
"9297",9920.73887576502,-8502.43117596697,"x"
"9298",9302.88971277273,-7316.12012863108,"x"
"9299",10059.7311994337,-9082.44379836723,"x"
"9300",9274.84504840343,-7183.88179547065,"x"
"9301",9627.21267968026,-7967.46818935576,"x"
"9302",9574.97682525237,-7851.33104268563,"x"
"9303",10389.4203626509,-9721.86609724937,"x"
"9304",9754.1010358119,-8300.47581856874,"x"
"9305",9582.69774112217,-7898.12063820497,"x"
"9306",9926.8833694778,-8627.5053035733,"x"
"9307",8629.98192551505,-5729.61552185552,"x"
"9308",10005.2307389725,-8686.12702486652,"x"
"9309",9908.02203296131,-8526.85396435214,"x"
"9310",9705.62417400245,-8128.68705386594,"x"
"9311",10187.5658007956,-9232.19943834746,"x"
"9312",10300.2340056283,-9491.0816608818,"x"
"9313",9899.09391419415,-8604.93785773218,"x"
"9314",10234.2062683223,-9355.50002546872,"x"
"9315",9238.39332546255,-7004.76537555585,"x"
"9316",10042.0634654572,-8879.32079585818,"x"
"9317",9287.10062187036,-7195.04226754192,"x"
"9318",9936.15988073239,-8678.46581503564,"x"
"9319",9878.97328076811,-8443.8085342482,"x"
"9320",10018.9172270273,-8751.15060497955,"x"
"9321",9539.20708606384,-7828.62599419709,"x"
"9322",9751.91030648199,-8333.5485084028,"x"
"9323",9582.65972817718,-7920.95323823734,"x"
"9324",9674.41328245143,-7952.26891714878,"x"
"9325",9868.42614187174,-8568.24292636313,"x"
"9326",9785.43743602202,-8570.95728802167,"x"
"9327",9575.88754493676,-7873.95127855253,"x"
"9328",9857.08780863431,-8648.23599043876,"x"
"9329",9821.96203852497,-8324.63020731415,"x"
"9330",10202.2202543346,-9416.89777016364,"x"
"9331",9980.4865039798,-8779.23608035236,"x"
"9332",9583.49042401982,-7899.13076427714,"x"
"9333",9678.15831995189,-8003.41004467701,"x"
"9334",10069.0519898826,-8961.57365768917,"x"
"9335",9882.09112461637,-8594.49256678232,"x"
"9336",9257.29457586368,-7123.71231723017,"x"
"9337",9770.0514419409,-8248.17577429101,"x"
"9338",10413.7766750117,-9754.09153959709,"x"
"9339",9851.18306202037,-8551.80684554226,"x"
"9340",9890.59468683741,-8509.48531168781,"x"
"9341",9896.66762152217,-8646.25159020393,"x"
"9342",9490.13106635137,-7648.5461740571,"x"
"9343",9832.078145267,-8362.04982710902,"x"
"9344",9389.57016538306,-7597.1925378274,"x"
"9345",8938.74732938671,-6596.34666293795,"x"
"9346",9967.61610998643,-8744.56352005177,"x"
"9347",9506.00022231114,-7656.59808555286,"x"
"9348",9357.95755599894,-7447.41723203955,"x"
"9349",10022.9114629096,-8814.3819454198,"x"
"9350",9699.50646780353,-8101.37571437652,"x"
"9351",8976.01595855002,-6437.84381278022,"x"
"9352",9510.75698456511,-7740.21687539465,"x"
"9353",8782.63875593493,-6100.7281408833,"x"
"9354",9758.53957637711,-8279.20071728136,"x"
"9355",9913.53608069584,-8598.0271711126,"x"
"9356",10058.299987102,-8917.35230235991,"x"
"9357",9939.8308791621,-8727.02237320755,"x"
"9358",9767.71789069389,-8407.76218264144,"x"
"9359",9978.68557355711,-8764.06458743001,"x"
"9360",9757.17481149256,-8504.34863517682,"x"
"9361",8926.09534569689,-6416.84922760361,"x"
"9362",10140.3554026203,-9426.96074392499,"x"
"9363",9775.54755175106,-8171.65321313496,"x"
"9364",9294.94965697149,-7167.20553211811,"x"
"9365",9536.34401668511,-7883.28081937903,"x"
"9366",9142.76685664708,-6928.11165637136,"x"
"9367",10134.4552775683,-9142.39838209875,"x"
"9368",10202.8578885809,-9512.66418946546,"x"
"9369",9691.54518544204,-8089.65720293081,"x"
"9370",9681.45928075153,-8147.01855498225,"x"
"9371",9162.88668157579,-6919.21757597211,"x"
"9372",9535.966455458,-7730.98133588184,"x"
"9373",9966.22082663769,-8816.15098865713,"x"
"9374",10073.5614624735,-9088.65765070494,"x"
"9375",9931.69986936309,-8677.29516104258,"x"
"9376",9941.44896224549,-8678.25388235936,"x"
"9377",9575.74143947837,-7834.42009251416,"x"
"9378",9502.57357663465,-7816.12189958802,"x"
"9379",10162.9895028782,-9147.40435037308,"x"
"9380",9717.25163500086,-8183.18834160951,"x"
"9381",9344.96612943869,-7090.94365519291,"x"
"9382",9036.88485211536,-6629.81281776114,"x"
"9383",10184.1865812933,-9217.50267149471,"x"
"9384",9812.04086997579,-8460.76427441105,"x"
"9385",9520.37517020271,-7859.06777142701,"x"
"9386",9879.73549814443,-8418.29469782572,"x"
"9387",9757.65281493213,-8251.59130993537,"x"
"9388",10070.3773627067,-9048.8358008461,"x"
"9389",9916.99564234235,-8643.09035879311,"x"
"9390",9163.75567693024,-6934.5175483376,"x"
"9391",9485.20371701319,-7587.52197007699,"x"
"9392",9789.63762697754,-8284.560796289,"x"
"9393",9675.09792752475,-8110.27488750123,"x"
"9394",9487.59665142398,-7615.78186207491,"x"
"9395",9721.43311246396,-8157.95574468193,"x"
"9396",10296.8998384891,-9688.83177245361,"x"
"9397",9818.63297011669,-8382.25168957436,"x"
"9398",9605.10088511055,-7937.65115670696,"x"
"9399",9849.13039306818,-8657.62297532506,"x"
"9400",9661.3624837906,-8066.2260121567,"x"
"9401",10133.898584898,-9041.8219508553,"x"
"9402",9911.76494788752,-8680.24408461154,"x"
"9403",10071.4622843894,-8970.00532746897,"x"
"9404",9768.92143775553,-8267.29761869722,"x"
"9405",10073.7002021516,-9028.58406377979,"x"
"9406",9809.57059166212,-8366.36127568038,"x"
"9407",9658.55713516677,-8102.49857444809,"x"
"9408",10090.9106840877,-9291.45531841129,"x"
"9409",9662.92512283007,-8157.67945788964,"x"
"9410",9869.42245323257,-8530.63725636219,"x"
"9411",10239.3975409126,-9636.46035239801,"x"
"9412",9942.20056824166,-8634.20008499176,"x"
"9413",9943.61147517745,-8887.33736284193,"x"
"9414",10118.9846128704,-9075.99159152873,"x"
"9415",9757.9721581891,-8297.60363413802,"x"
"9416",9490.31850413981,-7800.62138163488,"x"
"9417",10095.6986086738,-9051.46069951228,"x"
"9418",9743.35200523931,-8166.6103417042,"x"
"9419",9997.51345984483,-8699.41194311026,"x"
"9420",9638.67873429725,-8051.67347081743,"x"
"9421",9822.14957192798,-8515.21402919359,"x"
"9422",9961.25901203498,-8930.68233949007,"x"
"9423",10239.8387321081,-9380.99565743201,"x"
"9424",9408.40463958216,-7420.03438833047,"x"
"9425",9224.1267580695,-7150.15623319591,"x"
"9426",10206.6077154984,-9359.1153160009,"x"
"9427",9757.09011084272,-8401.16627964131,"x"
"9428",9540.2304803149,-7824.45640934996,"x"
"9429",9391.87394092209,-7369.90996619992,"x"
"9430",9880.63524957854,-8403.01542851353,"x"
"9431",9834.54868764505,-8473.3055689255,"x"
"9432",9305.92577123496,-7247.18334571967,"x"
"9433",9775.31603053672,-8342.96834184564,"x"
"9434",9946.78459082935,-8907.59190617361,"x"
"9435",9628.12657597825,-8095.76669007656,"x"
"9436",10213.3651881313,-9337.03718686067,"x"
"9437",10078.1397110352,-8907.49698908042,"x"
"9438",9812.32579340713,-8364.8120081769,"x"
"9439",9431.98346680275,-7470.64829693782,"x"
"9440",9600.91666217959,-8044.09681534927,"x"
"9441",9890.22175568065,-8803.95107637118,"x"
"9442",9690.61487444921,-8127.3098478245,"x"
"9443",10067.1748429111,-8918.48504683339,"x"
"9444",9592.91337330573,-7909.72394404578,"x"
"9445",9455.73755228482,-7484.60946134202,"x"
"9446",9701.18681726384,-8138.11204025989,"x"
"9447",9517.78021158005,-7784.01712945246,"x"
"9448",9527.26794399298,-7812.38241672354,"x"
"9449",9898.8515441628,-8555.81940508324,"x"
"9450",10073.0720954261,-9008.08770883218,"x"
"9451",9820.66946619634,-8494.87345431496,"x"
"9452",10168.2574437616,-9188.49177601524,"x"
"9453",9996.23457817398,-8867.75780592873,"x"
"9454",9843.98373101343,-8666.98588668004,"x"
"9455",10007.7616765546,-9067.3122557336,"x"
"9456",9325.5433824334,-7486.29114000428,"x"
"9457",9477.15456384562,-7680.57472889025,"x"
"9458",9919.10357572858,-8722.93715559476,"x"
"9459",9860.66571703654,-8558.2256504752,"x"
"9460",9850.36727619333,-8344.59436763142,"x"
"9461",9539.18227111543,-7795.61139673841,"x"
"9462",10134.3968817419,-9059.70350021693,"x"
"9463",9707.56682313488,-8068.2885242309,"x"
"9464",10168.6922653928,-9399.60735837086,"x"
"9465",9951.60091188881,-8911.61387396539,"x"
"9466",9627.0400666199,-7926.88958373723,"x"
"9467",10111.3649633483,-9282.34272841258,"x"
"9468",9627.69706650317,-7916.18496345294,"x"
"9469",9688.85804914753,-8187.80166611013,"x"
"9470",9747.37617873568,-8291.42497488045,"x"
"9471",9440.40915431664,-7562.60326251778,"x"
"9472",9984.25409852916,-8719.63090978049,"x"
"9473",9646.78188356094,-8039.70401727385,"x"
"9474",9828.64990368612,-8354.78985721301,"x"
"9475",9744.63217614571,-8212.22938673683,"x"
"9476",9543.45867866292,-7801.95514572341,"x"
"9477",9972.29199708133,-8774.07372755083,"x"
"9478",9122.38630170043,-6879.52268880087,"x"
"9479",9737.1002698328,-8263.43639750499,"x"
"9480",10272.6196126991,-9452.96051391236,"x"
"9481",9812.57061799525,-8338.89947285739,"x"
"9482",9344.35307761592,-7334.86394451206,"x"
"9483",9590.84221965754,-7997.59656742447,"x"
"9484",9857.91931683448,-8521.5049982638,"x"
"9485",9388.38695169048,-7388.12597680044,"x"
"9486",9759.99457163839,-8383.86329291606,"x"
"9487",9750.47731958683,-8152.37023533075,"x"
"9488",9856.05153264149,-8471.91150609088,"x"
"9489",9936.55014885124,-8718.45137838987,"x"
"9490",9600.07476780674,-7990.30073851976,"x"
"9491",9768.2993185742,-8178.43933873743,"x"
"9492",10056.4673432279,-8851.04371888022,"x"
"9493",9246.16587262735,-7217.82550234763,"x"
"9494",9764.78443849978,-8477.63476746456,"x"
"9495",9954.81467708003,-8669.11462593731,"x"
"9496",9981.60929310602,-8681.21298454878,"x"
"9497",10017.0627110141,-8853.97426248622,"x"
"9498",9281.94425390894,-6978.83994512857,"x"
"9499",10121.8929748788,-9083.8939110923,"x"
"9500",9655.90146234671,-8043.33588025659,"x"
"9501",9553.1928450653,-7893.75185129121,"x"
"9502",9612.96343657061,-7820.2806379071,"x"
"9503",10089.9891184098,-9152.73017541784,"x"
"9504",9907.37926399461,-8612.77218482199,"x"
"9505",9150.59135289528,-7039.06290715818,"x"
"9506",9599.16557334394,-7892.08504221955,"x"
"9507",9950.97475343404,-8766.69541133584,"x"
"9508",9629.73450306186,-8008.82250130565,"x"
"9509",9112.53801802502,-6747.99429089366,"x"
"9510",9735.25668087847,-8256.94994752393,"x"
"9511",10068.6328663253,-8998.11887418147,"x"
"9512",9906.16405594876,-8547.15207804821,"x"
"9513",9749.3535221671,-8074.84036268927,"x"
"9514",9759.24605925202,-8202.87995154162,"x"
"9515",9868.13460034702,-8500.7559407107,"x"
"9516",9199.43370642103,-7131.34568325864,"x"
"9517",9653.83625259005,-8133.05396991486,"x"
"9518",9478.16979138317,-7656.37442868018,"x"
"9519",10528.8505595643,-10080.2626782327,"x"
"9520",9835.68947482348,-8683.3277458001,"x"
"9521",9609.1531765819,-7973.26376008645,"x"
"9522",9749.97739986118,-8194.74706069395,"x"
"9523",9689.49541789141,-8234.78709444718,"x"
"9524",9627.42488927662,-7998.80394660821,"x"
"9525",9930.17338709584,-8685.36237022243,"x"
"9526",9817.64400321515,-8428.87784012788,"x"
"9527",9900.70980982232,-8610.60711541297,"x"
"9528",9756.72888780917,-8350.48867438434,"x"
"9529",10146.8440309098,-9071.5397376793,"x"
"9530",8661.47847004014,-5870.65269660595,"x"
"9531",9117.7148437894,-6847.66758920512,"x"
"9532",9973.6239806911,-8802.36703282999,"x"
"9533",9979.63000108072,-8948.35489658723,"x"
"9534",9147.40856527435,-6921.58507314981,"x"
"9535",9023.19258218387,-6630.47552107659,"x"
"9536",9318.01372267168,-7288.64977098672,"x"
"9537",9364.42067375908,-7313.31452640068,"x"
"9538",9586.94834548546,-7902.12319169778,"x"
"9539",9477.04526799957,-7655.97970686269,"x"
"9540",9575.44884427127,-7913.22995241529,"x"
"9541",9736.30169196031,-8076.02583704273,"x"
"9542",9873.77181294201,-8537.02081387421,"x"
"9543",9898.70632688233,-8852.12390326456,"x"
"9544",9826.39033526883,-8485.7670219472,"x"
"9545",9787.04824492137,-8403.64772988297,"x"
"9546",9408.37050069742,-7329.69615549635,"x"
"9547",9268.03538868621,-7059.04468499309,"x"
"9548",9576.9738767578,-7804.9272066868,"x"
"9549",9566.4401154425,-7936.03905873374,"x"
"9550",9018.26664643423,-6667.23054425644,"x"
"9551",9420.26005393332,-7578.06224643828,"x"
"9552",10287.4551695324,-9294.11159548558,"x"
"9553",9023.95518299766,-6851.02553316632,"x"
"9554",9907.81485201548,-8548.06481643079,"x"
"9555",9858.34121759061,-8419.96566162221,"x"
"9556",8972.00876315887,-6476.67560336696,"x"
"9557",10071.6554804671,-9227.22279536492,"x"
"9558",9021.2233778965,-6614.93844298533,"x"
"9559",9679.1080345241,-8133.43055332571,"x"
"9560",9470.25532849166,-7679.52098574419,"x"
"9561",9949.58766688642,-8740.60736090009,"x"
"9562",9452.71150691449,-7616.64408828019,"x"
"9563",9938.99188561479,-8661.82632627385,"x"
"9564",9459.62730960179,-7604.25115521259,"x"
"9565",9474.02966549125,-7727.78615097202,"x"
"9566",10083.6025910059,-9050.04075845875,"x"
"9567",9704.19984154351,-8175.36990309432,"x"
"9568",9742.1901513383,-8221.45629544757,"x"
"9569",10250.5851776788,-9451.07711002541,"x"
"9570",9901.79060519708,-8654.18342596012,"x"
"9571",9649.24330593459,-7953.48354477781,"x"
"9572",9424.8353632949,-7541.08571317647,"x"
"9573",10079.4225359959,-8874.81062561069,"x"
"9574",9431.3080339045,-7614.56456769004,"x"
"9575",9964.153455971,-8655.51567349299,"x"
"9576",9105.82759365352,-6936.72268863874,"x"
"9577",10007.1597448011,-8744.69711166707,"x"
"9578",10182.4971944218,-9227.33358552019,"x"
"9579",10237.7356201155,-9166.23013337504,"x"
"9580",9743.79737435662,-8321.18569921215,"x"
"9581",9823.75785986093,-8317.79576087811,"x"
"9582",9906.35563909352,-8468.79696281473,"x"
"9583",9368.09811373401,-7355.95932681259,"x"
"9584",9331.62813663541,-7359.8082451924,"x"
"9585",10129.2066534174,-8895.94884783262,"x"
"9586",9954.75350765072,-8698.23739417031,"x"
"9587",9307.87828099423,-7187.37418425409,"x"
"9588",9320.08756099942,-7319.31377531451,"x"
"9589",9937.57125352875,-8805.67926594227,"x"
"9590",9858.46757726243,-8375.97621637805,"x"
"9591",9557.06571605688,-7932.11917680135,"x"
"9592",9614.81694264795,-8038.72194319392,"x"
"9593",9084.4852166234,-6829.18892285501,"x"
"9594",10019.0925270991,-9049.20442496646,"x"
"9595",9642.55004648665,-8060.8128268282,"x"
"9596",10013.304305767,-8899.42543181808,"x"
"9597",9554.15851885907,-7825.56357704199,"x"
"9598",9149.61193259715,-7124.55556028963,"x"
"9599",9624.04402700324,-7972.69685537066,"x"
"9600",9873.94487025856,-8555.00850476567,"x"
"9601",10014.2538639795,-8944.38720989503,"x"
"9602",9762.21334948874,-8265.24939949128,"x"
"9603",10026.5830526364,-8902.8556079569,"x"
"9604",9517.35160212597,-7803.98712398611,"x"
"9605",10258.3280630317,-9505.53776031391,"x"
"9606",9585.84984426352,-7984.66646238465,"x"
"9607",9598.61469129359,-8005.81855664617,"x"
"9608",10093.3798992649,-9143.08420623971,"x"
"9609",9154.78811452173,-7003.57507846599,"x"
"9610",9632.47572185497,-7923.85014384393,"x"
"9611",10198.7653836717,-9277.85760867893,"x"
"9612",9837.82619059425,-8506.77314980421,"x"
"9613",9642.10872199388,-8115.66903151321,"x"
"9614",9684.11838440164,-8013.26591767659,"x"
"9615",9756.13591882815,-8243.48937392307,"x"
"9616",9792.8069348672,-8480.45096688038,"x"
"9617",9612.95545470908,-7871.09731940178,"x"
"9618",9672.39484284867,-8207.76359855314,"x"
"9619",10249.2083682407,-9467.38169601614,"x"
"9620",9679.39356617047,-8199.40585780461,"x"
"9621",9126.95072429871,-6990.44528208145,"x"
"9622",9602.02734706974,-8060.39496914946,"x"
"9623",9378.86912845312,-7538.15488038752,"x"
"9624",9858.56065048319,-8353.94529868687,"x"
"9625",10308.5545167155,-9609.54874307768,"x"
"9626",10071.4348361032,-8924.78988551336,"x"
"9627",9422.39797583261,-7534.37071337254,"x"
"9628",9524.6082433473,-7775.89864257844,"x"
"9629",9201.0470661843,-7088.23936437659,"x"
"9630",9704.22547373552,-8185.62201617531,"x"
"9631",9953.02291618504,-8640.42928588043,"x"
"9632",10397.1173380347,-9658.19883844125,"x"
"9633",9318.04798692889,-7290.03915749713,"x"
"9634",10011.5476004606,-9017.3337239427,"x"
"9635",10214.9245944553,-9423.98547414294,"x"
"9636",9693.01839474095,-8054.45165775243,"x"
"9637",9744.66743339463,-8254.35819600508,"x"
"9638",10060.2482124915,-8906.97604845983,"x"
"9639",9845.99013683758,-8430.71721366621,"x"
"9640",9816.68245365277,-8313.87452608235,"x"
"9641",9672.88631944534,-8068.18501295074,"x"
"9642",9151.70636371576,-7004.17676416959,"x"
"9643",10104.951242582,-8937.53878989445,"x"
"9644",9087.36058720569,-6790.963469968,"x"
"9645",9093.89019661582,-6900.8328312936,"x"
"9646",9802.02858248265,-8409.05204360295,"x"
"9647",9529.92265482372,-7852.64552406936,"x"
"9648",9977.91310720526,-8726.62162151697,"x"
"9649",9976.70757718496,-8868.49890054305,"x"
"9650",9593.16795888903,-7923.85373082079,"x"
"9651",10026.2304281056,-9131.43013733307,"x"
"9652",9481.73348440354,-7527.25809738589,"x"
"9653",9873.57606440249,-8648.94421782357,"x"
"9654",10028.95673052,-8997.02876664606,"x"
"9655",9693.67413187714,-8016.83240449647,"x"
"9656",9161.99800013405,-6890.17124196497,"x"
"9657",9548.4230396271,-7788.75705783,"x"
"9658",9903.75376913567,-8764.6025386486,"x"
"9659",9690.04957270302,-8205.14682138294,"x"
"9660",9760.12059339129,-8325.06867720447,"x"
"9661",9771.62333836547,-8399.58801285836,"x"
"9662",9963.55476829368,-8739.68843781295,"x"
"9663",9626.69837568397,-7908.95577863184,"x"
"9664",9005.55988945027,-6784.57245494195,"x"
"9665",10055.7972692089,-9006.3447726007,"x"
"9666",10252.9096256705,-9649.09681906326,"x"
"9667",9741.35236171281,-8343.17083574213,"x"
"9668",9720.50771362569,-8307.97738349697,"x"
"9669",9803.05246651903,-8423.34642175786,"x"
"9670",10243.7651736266,-9391.31486040105,"x"
"9671",9493.94766091147,-7649.69735069908,"x"
"9672",9662.19547192208,-8143.28121990145,"x"
"9673",10169.94533896,-9273.78821409998,"x"
"9674",9772.32176555358,-8322.83775482733,"x"
"9675",9430.89092735702,-7663.8530526389,"x"
"9676",10175.9351692616,-9313.58329376974,"x"
"9677",10066.854310885,-9114.28240418656,"x"
"9678",9501.67803194083,-7751.83846875923,"x"
"9679",9892.08511816866,-8625.77117684797,"x"
"9680",10071.6067527543,-8995.20150543504,"x"
"9681",9355.07027285804,-7378.62050647243,"x"
"9682",9487.08752399988,-7871.88996340049,"x"
"9683",10256.1208816449,-9248.63426685663,"x"
"9684",10102.6475914118,-8925.34083279928,"x"
"9685",9585.75604907654,-7859.29165415932,"x"
"9686",9396.49757289811,-7465.49895935842,"x"
"9687",9733.94041378437,-8254.76457567562,"x"
"9688",9604.52336004295,-7909.61625311702,"x"
"9689",9196.14337381332,-7059.83183605575,"x"
"9690",9665.93006904672,-8062.12391539995,"x"
"9691",9652.14337476014,-8047.54321028491,"x"
"9692",9576.91492542364,-7994.93973185155,"x"
"9693",9694.28685147419,-8145.3768695856,"x"
"9694",9943.11958404644,-8742.14413419462,"x"
"9695",10011.4834546945,-8872.4696697501,"x"
"9696",10004.24494036,-9104.79990727791,"x"
"9697",9975.35420062136,-8901.91258788497,"x"
"9698",9780.2029642614,-8268.49030737082,"x"
"9699",9853.06952698322,-8509.63639827097,"x"
"9700",9546.09970531727,-7704.13265217403,"x"
"9701",9687.71030779929,-8317.39600784382,"x"
"9702",9639.62718304363,-8032.78421407539,"x"
"9703",9358.78476494851,-7396.99220068879,"x"
"9704",9125.79135175405,-6788.68813232902,"x"
"9705",9563.73704851689,-7910.36606572562,"x"
"9706",9080.70741556667,-6752.69225133372,"x"
"9707",9591.98047423243,-7982.81097821111,"x"
"9708",9900.72521534118,-8570.16986440365,"x"
"9709",9597.49054149678,-7896.96209730115,"x"
"9710",9989.85068792869,-8639.09070702018,"x"
"9711",9797.06811394684,-8346.31734788014,"x"
"9712",9567.11547517939,-7907.49409579179,"x"
"9713",9298.83138164954,-7218.04278545402,"x"
"9714",9405.72687963935,-7524.09253888514,"x"
"9715",9879.51817385517,-8410.63960844238,"x"
"9716",9377.88676313009,-7465.62640076889,"x"
"9717",8983.14058305682,-6361.51640176344,"x"
"9718",9853.86162801897,-8657.40262082643,"x"
"9719",9764.29886332877,-8330.13786028358,"x"
"9720",9950.03841414356,-8737.21805509702,"x"
"9721",9656.55340337174,-8102.99286966928,"x"
"9722",10168.7744235902,-9091.38977878217,"x"
"9723",10157.0849694202,-9122.90854095715,"x"
"9724",9122.72266106831,-6827.8808893335,"x"
"9725",9690.87917765644,-8247.95039655355,"x"
"9726",9937.0674208093,-8655.09192766286,"x"
"9727",10392.6780613835,-9655.57891051356,"x"
"9728",9605.08499770665,-7951.97158899881,"x"
"9729",9523.56212322552,-7779.89825085971,"x"
"9730",9647.90274197591,-8071.61302464479,"x"
"9731",9164.71891331885,-6936.90172165281,"x"
"9732",8997.10904499041,-6544.48490833007,"x"
"9733",9615.60259553895,-7958.82206724664,"x"
"9734",9945.1828914493,-8923.87973246202,"x"
"9735",9022.24786840085,-6599.55696775773,"x"
"9736",9343.28864357433,-7373.48469680687,"x"
"9737",9319.07236041548,-7225.46187717585,"x"
"9738",9781.4205748105,-8307.98594448365,"x"
"9739",10029.8826922147,-8898.16372734117,"x"
"9740",9716.73518809888,-8192.81862107572,"x"
"9741",10254.7990465648,-9391.55145951239,"x"
"9742",9274.15329265675,-7281.01772354722,"x"
"9743",9573.81471215287,-7949.07267723062,"x"
"9744",9928.4304886727,-8722.40477849592,"x"
"9745",9611.11532761633,-7897.10206138756,"x"
"9746",9756.52078154598,-8329.30999733749,"x"
"9747",10051.0895529035,-8842.1625073066,"x"
"9748",9996.25191623339,-8757.75166386784,"x"
"9749",10143.469445796,-9162.01792011882,"x"
"9750",9029.9992142141,-6577.25383654725,"x"
"9751",9996.88573391605,-8992.9929307371,"x"
"9752",10034.5936247945,-8955.82675355445,"x"
"9753",9946.7984238685,-9012.71769492817,"x"
"9754",9066.34266050113,-6567.21426527691,"x"
"9755",9755.68564461884,-8348.20937528767,"x"
"9756",10053.7495425166,-9116.28937411689,"x"
"9757",9414.32897534673,-7433.25584063274,"x"
"9758",10195.8853547815,-9255.83463090917,"x"
"9759",9844.02004414118,-8422.2026518714,"x"
"9760",9751.35470875846,-8311.88670329803,"x"
"9761",9326.83418019138,-7360.82691319991,"x"
"9762",9865.36678029655,-8415.88114666131,"x"
"9763",9929.67866740318,-8580.05582210379,"x"
"9764",10169.3364929972,-9392.70636933091,"x"
"9765",10181.1730908355,-9191.37248696775,"x"
"9766",9276.95552317308,-7140.69617116327,"x"
"9767",10187.1303788043,-9273.61529678767,"x"
"9768",10145.4955340688,-9231.10374402904,"x"
"9769",10226.1132255461,-9260.46924570706,"x"
"9770",9109.94965158671,-6922.47667335602,"x"
"9771",10033.055639833,-8906.48116376604,"x"
"9772",10199.6871018632,-9182.92226446598,"x"
"9773",9435.72687053431,-7715.19330839371,"x"
"9774",9762.64885037226,-8333.98374095744,"x"
"9775",9747.77953099155,-8260.66573033676,"x"
"9776",10048.8981335671,-9034.99889779001,"x"
"9777",9103.6391272764,-6636.24991865864,"x"
"9778",9726.32080818213,-8228.11781586802,"x"
"9779",9860.15133860902,-8574.51446581082,"x"
"9780",9424.54487221902,-7614.5896229696,"x"
"9781",9681.13470765032,-8123.92677954214,"x"
"9782",9806.06074188253,-8410.75198926519,"x"
"9783",10122.228779789,-9113.593358696,"x"
"9784",9177.75171802274,-6941.56664679185,"x"
"9785",9973.99986984895,-8839.49526476476,"x"
"9786",9390.62512961399,-7501.18754048914,"x"
"9787",10198.4461513239,-9275.2642619034,"x"
"9788",9938.11672219216,-8849.07839897374,"x"
"9789",9708.07749235824,-8054.94164742442,"x"
"9790",10341.7902504695,-9800.85547259846,"x"
"9791",9628.63446196759,-8156.64032547085,"x"
"9792",9591.97942945628,-7995.96255665375,"x"
"9793",10187.6832491484,-9140.8669147967,"x"
"9794",10109.7483103765,-9049.25426294024,"x"
"9795",9425.57123822323,-7488.80840440251,"x"
"9796",9917.68121527881,-8584.71963658903,"x"
"9797",10012.8386904658,-8774.28249990905,"x"
"9798",9099.76830072147,-6694.69689438546,"x"
"9799",8893.9232047942,-6415.90632425379,"x"
"9800",9674.64612641194,-8046.36776274846,"x"
"9801",10148.3460665476,-9118.22039290945,"x"
"9802",10159.4713068733,-9096.34774816232,"x"
"9803",10074.1708061619,-8947.891179498,"x"
"9804",9917.24694746362,-8632.34908278629,"x"
"9805",8981.41810216113,-6671.5046144631,"x"
"9806",9159.92842267128,-7072.87339376195,"x"
"9807",9803.98928078498,-8342.39940757442,"x"
"9808",9049.01999601156,-6768.09146365633,"x"
"9809",10297.4926386245,-9447.86751662658,"x"
"9810",9221.8617017127,-7159.80419860853,"x"
"9811",10003.8524269186,-8826.64958330446,"x"
"9812",10315.2613693497,-9396.13702050282,"x"
"9813",9668.36500303246,-7980.19038685402,"x"
"9814",9203.08336026067,-7176.39691197382,"x"
"9815",9994.95369191897,-8969.44871291558,"x"
"9816",9110.58952819445,-6758.1319596341,"x"
"9817",8987.85853441095,-6563.5232296726,"x"
"9818",10086.1717725896,-9040.49250926888,"x"
"9819",9762.66027741722,-8156.51339946333,"x"
"9820",10160.5898238942,-9139.48668375289,"x"
"9821",9338.92220738856,-7553.9936719832,"x"
"9822",9085.02595302265,-6674.97663861558,"x"
"9823",9884.08300865426,-8500.4633857775,"x"
"9824",10211.2028384585,-9222.16177008742,"x"
"9825",9959.67932482513,-8822.3618334765,"x"
"9826",9563.35216319571,-7825.90534003611,"x"
"9827",10182.6522436416,-9220.508158555,"x"
"9828",9169.21480918919,-6988.77102988267,"x"
"9829",10064.44483877,-9031.85835388127,"x"
"9830",9164.70720663219,-7004.44552053723,"x"
"9831",9921.52770198266,-8682.01511663382,"x"
"9832",9899.22877262007,-8559.2668522398,"x"
"9833",10264.0864952639,-9555.39835580105,"x"
"9834",10139.1169853527,-9156.23220333255,"x"
"9835",9539.77689574974,-7913.18437109702,"x"
"9836",9851.21779610879,-8589.08267364415,"x"
"9837",9793.49803505296,-8390.79286431964,"x"
"9838",9583.7144089869,-7886.43546960669,"x"
"9839",9313.24846181333,-7265.83134188283,"x"
"9840",9738.8831313736,-8162.52091591107,"x"
"9841",10207.4444539806,-9235.27504405017,"x"
"9842",9359.06348178581,-7446.42991723381,"x"
"9843",9936.96862757014,-8719.90849619648,"x"
"9844",9782.8762873172,-8443.54805291758,"x"
"9845",9774.59473367057,-8507.26291141555,"x"
"9846",9875.65965999402,-8538.67072681243,"x"
"9847",9431.94610507069,-7544.53712090506,"x"
"9848",9644.76915064843,-8189.94121766468,"x"
"9849",8686.82233500323,-5939.27280922962,"x"
"9850",9539.47254222743,-7718.6970718458,"x"
"9851",9783.6103338945,-8430.27078847165,"x"
"9852",9819.57666674811,-8574.25993105541,"x"
"9853",9371.18325950695,-7292.52599643409,"x"
"9854",9661.97527338791,-7977.4479054746,"x"
"9855",9625.3831880378,-8000.512296217,"x"
"9856",9537.61150088736,-7675.51941881834,"x"
"9857",9849.47116251245,-8612.85220124886,"x"
"9858",9972.43423582403,-8950.31874937589,"x"
"9859",9502.88583997077,-7573.76120931687,"x"
"9860",10269.4683346802,-9398.96597795741,"x"
"9861",9783.69381515169,-8342.00560544275,"x"
"9862",9629.29052814406,-8054.02766688187,"x"
"9863",9580.1363279816,-7861.60570978901,"x"
"9864",9523.9254051493,-7847.93654488662,"x"
"9865",9616.51134385803,-7935.80846332099,"x"
"9866",9313.01928382642,-7353.23579321158,"x"
"9867",9730.93416505198,-8262.90398497203,"x"
"9868",9260.51246792576,-7127.21126262118,"x"
"9869",9390.96295901771,-7641.83293162807,"x"
"9870",9873.80808474297,-8657.25382044655,"x"
"9871",9651.68922582544,-8138.03616131998,"x"
"9872",10001.3334781501,-8872.4634389566,"x"
"9873",9836.8233111801,-8410.87299696248,"x"
"9874",10017.7124279487,-9127.55038496607,"x"
"9875",9660.16460334539,-8054.5279832111,"x"
"9876",9998.11753259739,-8883.63447825712,"x"
"9877",9877.14189364643,-8494.96697716401,"x"
"9878",9843.82652583941,-8377.70941042304,"x"
"9879",9386.99457559904,-7455.50325733189,"x"
"9880",9464.36128219848,-7713.1022562816,"x"
"9881",10077.2194477606,-9161.70713601404,"x"
"9882",9912.51056973199,-8557.14475627487,"x"
"9883",10134.6856978887,-8991.94130391833,"x"
"9884",9977.19573003698,-8794.53766086944,"x"
"9885",10124.1965611708,-9270.11569170559,"x"
"9886",9076.72015359828,-6657.1291082365,"x"
"9887",9265.54202906391,-7130.36351245061,"x"
"9888",9521.69989219911,-7628.28964404764,"x"
"9889",10106.6088485808,-9059.26091852064,"x"
"9890",9683.5385335496,-8228.90372885077,"x"
"9891",9914.041880668,-8756.275738726,"x"
"9892",9057.60875493999,-6824.95545796494,"x"
"9893",9986.50666743836,-8723.44493269463,"x"
"9894",9672.77235712647,-8185.82940418989,"x"
"9895",9992.83852078703,-8925.96604734935,"x"
"9896",9829.41338099057,-8288.90655595205,"x"
"9897",9790.61237041718,-8297.27205536024,"x"
"9898",9678.92196323213,-8243.86032589629,"x"
"9899",10132.5309087723,-8900.45453781095,"x"
"9900",9847.61124397828,-8483.60903636439,"x"
"9901",9970.12186040972,-8695.8204003401,"x"
"9902",9941.45067109047,-8757.78372227661,"x"
"9903",9632.36262057408,-8024.0066202966,"x"
"9904",10201.9095653565,-9493.12922069253,"x"
"9905",9842.57392468215,-8569.55520808315,"x"
"9906",9532.25173581476,-7707.37205020012,"x"
"9907",9203.26426867211,-6980.30000374923,"x"
"9908",10291.5650215172,-9388.63357346203,"x"
"9909",9631.94113925877,-7976.51146710227,"x"
"9910",9647.05138895629,-7997.81507390902,"x"
"9911",9964.94917870739,-8818.29160334576,"x"
"9912",9807.39933243672,-8241.8012095503,"x"
"9913",10165.0879733744,-9038.64576514312,"x"
"9914",9993.57934140587,-8802.40949937446,"x"
"9915",9858.51420799831,-8394.44366736817,"x"
"9916",9781.5264066189,-8350.14341843026,"x"
"9917",9875.66078662307,-8722.28241620777,"x"
"9918",9700.0308208493,-8094.04998747735,"x"
"9919",9905.69217891044,-8486.48361804571,"x"
"9920",10063.0662563573,-8967.48823566009,"x"
"9921",9047.46619893913,-6708.73117561701,"x"
"9922",10074.3254822571,-8976.26420061307,"x"
"9923",9297.23089227503,-7365.17738850272,"x"
"9924",10271.0543677735,-9701.61993691727,"x"
"9925",9687.16829157214,-8161.3709490612,"x"
"9926",9909.10124355163,-8726.63111480107,"x"
"9927",9656.89462055891,-8023.64493399274,"x"
"9928",9561.35098985717,-8041.67687566038,"x"
"9929",10179.4157336384,-9323.20039962982,"x"
"9930",10103.1184970753,-9099.41856058069,"x"
"9931",9782.09590009609,-8326.04443923264,"x"
"9932",10265.8049224273,-9220.77624623262,"x"
"9933",9595.54994939639,-8055.78886966167,"x"
"9934",9696.25441574714,-8371.01749723636,"x"
"9935",8516.43405026688,-5259.04639171507,"x"
"9936",9689.55613515323,-8265.14306623175,"x"
"9937",9323.47720639194,-7392.06493410067,"x"
"9938",9832.51476107563,-8442.32310571917,"x"
"9939",9809.52629613668,-8465.94097130832,"x"
"9940",9695.58947974953,-8280.11238306171,"x"
"9941",9557.17514998619,-7891.79636558337,"x"
"9942",9517.05905152048,-7809.82392523994,"x"
"9943",9127.35382592348,-6856.43597117819,"x"
"9944",9798.82809698421,-8481.78540798425,"x"
"9945",9511.17740021635,-7705.43515322239,"x"
"9946",10227.0947639434,-9334.8077678125,"x"
"9947",9813.34557895353,-8384.70273101828,"x"
"9948",9443.05296220179,-7536.37144591059,"x"
"9949",9738.51181366508,-8250.72301336612,"x"
"9950",9518.70711683664,-7730.70886184161,"x"
"9951",9345.16191319281,-7344.05060927334,"x"
"9952",10350.3216106486,-9669.64546083399,"x"
"9953",9860.66051537941,-8547.18738303084,"x"
"9954",9998.26835986844,-8964.14155230325,"x"
"9955",9331.72836625821,-7166.78040026934,"x"
"9956",10072.2701771818,-9221.89124735342,"x"
"9957",9397.39124139581,-7327.43130145198,"x"
"9958",9299.76867288964,-7213.15514249897,"x"
"9959",9914.12650562049,-8558.789958354,"x"
"9960",8912.07605891912,-6378.91436297505,"x"
"9961",9762.1154994341,-8263.26970466765,"x"
"9962",9384.22410396516,-7422.67365701176,"x"
"9963",9474.8649014712,-7688.8939889809,"x"
"9964",9963.03373286686,-8835.94684074248,"x"
"9965",9789.87520124644,-8481.23335725511,"x"
"9966",9648.72382735666,-8003.74878100101,"x"
"9967",9780.01857278171,-8383.54513995132,"x"
"9968",10315.7624352695,-9701.82463792891,"x"
"9969",9717.66872250456,-8108.41054551164,"x"
"9970",9955.37141059384,-8740.23717707363,"x"
"9971",9977.69717533975,-8870.43281555616,"x"
"9972",10097.6358808556,-9043.75201390222,"x"
"9973",9090.98065092471,-6770.91642775414,"x"
"9974",10204.0309032395,-9379.42170387737,"x"
"9975",9924.61374633785,-8602.37969128832,"x"
"9976",8599.60858396767,-5298.05384619435,"x"
"9977",9798.12720847978,-8503.3532672956,"x"
"9978",9787.99647250754,-8357.83777854943,"x"
"9979",10239.3562924741,-9322.54869271961,"x"
"9980",10222.5182487459,-9412.01239624914,"x"
"9981",9887.29363448303,-8590.44957669343,"x"
"9982",9947.85119712388,-8664.29165249638,"x"
"9983",9880.54726059389,-8487.45140829086,"x"
"9984",9765.04151635439,-8342.03848990885,"x"
"9985",9619.07279532124,-7948.06216380209,"x"
"9986",10007.3736996935,-9011.48806273415,"x"
"9987",9797.16029054841,-8372.71254616541,"x"
"9988",9155.55098185766,-7049.71943409466,"x"
"9989",10029.0653412646,-8968.10643875142,"x"
"9990",9684.67367406107,-8153.06443479316,"x"
"9991",9910.27625850492,-8591.43917915344,"x"
"9992",9437.86487315964,-7586.55015475422,"x"
"9993",9843.9204236811,-8480.3249591157,"x"
"9994",9579.17714347885,-7902.20903066754,"x"
"9995",10059.4312735029,-9057.17123528635,"x"
"9996",9143.02899556473,-6801.54351191369,"x"
"9997",10070.0427920024,-8968.9714589946,"x"
"9998",10195.0057309056,-9334.85799296661,"x"
"9999",9422.0523512493,-7556.08545690374,"x"
"10000",9943.69915821664,-8544.77226253022,"x"
