"","Estimate","upperCI","Cul"
"1",15089.4278763601,16159.2608931363,"x"
"2",15133.195655446,16190.8722001816,"x"
"3",14616.261362461,15293.6201963556,"x"
"4",14792.7981277273,15396.6106576874,"x"
"5",15214.4105553019,16269.1924947379,"x"
"6",14683.1625513532,15215.0769861897,"x"
"7",14942.2318131632,15915.9128125702,"x"
"8",14888.0862256581,15819.2473307535,"x"
"9",14697.1949053018,15241.8993588345,"x"
"10",14980.2184248499,15787.5390823802,"x"
"11",14657.1907058425,15302.1041031685,"x"
"12",14860.8861549399,15755.8212649528,"x"
"13",14860.5648630616,15727.9413369315,"x"
"14",15106.3092049178,16140.9603438613,"x"
"15",15025.2830334628,16148.2646465378,"x"
"16",14936.7030194693,15754.1748256362,"x"
"17",16802.5542266309,20158.0001910275,"x"
"18",15195.4443797023,16230.7279845446,"x"
"19",15101.8169427304,16264.6806756738,"x"
"20",14828.3021964677,15635.840159445,"x"
"21",15297.9323202852,16429.8881401502,"x"
"22",14808.2246381436,15476.3828504189,"x"
"23",14716.8802970869,15251.4315583183,"x"
"24",15470.630579769,17053.7307361682,"x"
"25",15059.1426773782,16120.625640535,"x"
"26",14641.2346026915,15220.4437074837,"x"
"27",14492.948522929,14800.7151833441,"x"
"28",14867.5373642247,15543.7723095815,"x"
"29",14875.1622524194,15737.6933922424,"x"
"30",14932.4107606971,15569.7325482089,"x"
"31",14535.498530565,15136.4598728075,"x"
"32",15203.3175482819,16422.1190378369,"x"
"33",14924.9066782393,15737.881375672,"x"
"34",14948.6365559265,15791.8529729868,"x"
"35",14940.9752653043,15662.724199692,"x"
"36",15233.3873566349,16624.4237875367,"x"
"37",14704.5256771877,15228.0298499389,"x"
"38",15454.4301845585,16883.4629237654,"x"
"39",14712.3543926276,15320.3389908456,"x"
"40",14798.3766773146,15626.0778373446,"x"
"41",14808.8570843429,15676.3812173649,"x"
"42",14864.8922984417,15637.6049393325,"x"
"43",15166.6269140343,16107.6751879373,"x"
"44",14602.6170622002,15009.980505274,"x"
"45",14704.6784729259,15316.8678142348,"x"
"46",15118.6794327625,16065.9345204879,"x"
"47",14993.6491526167,15905.0558240559,"x"
"48",15569.0663483556,17430.3725527184,"x"
"49",14854.3719690548,15520.9810392316,"x"
"50",14937.5798627208,15714.3056136029,"x"
"51",14789.5769351503,15543.0230789579,"x"
"52",14658.6773364198,15132.4724148063,"x"
"53",15114.1040184701,16222.8169576218,"x"
"54",14991.859690817,15958.8550287427,"x"
"55",14578.1138732308,15001.8620617359,"x"
"56",14918.3141094085,15674.9047437471,"x"
"57",14706.8891548645,15305.8766633198,"x"
"58",15244.3890705396,16689.7346324246,"x"
"59",14675.1025767218,15331.8575202735,"x"
"60",14675.8876251918,15206.5494692187,"x"
"61",15098.0750490115,16191.4059294481,"x"
"62",15087.4645162463,16145.0476997066,"x"
"63",14707.7802087219,15310.7584512103,"x"
"64",14644.5563178356,15282.4204914499,"x"
"65",14597.7810263638,15101.458009713,"x"
"66",14603.5803235085,15116.5009127436,"x"
"67",14948.931619447,15617.4231169903,"x"
"68",14515.2274350179,14902.543135557,"x"
"69",14832.185091678,15547.3938545404,"x"
"70",14812.7910255395,15424.0735777422,"x"
"71",14617.417131176,15314.4396536434,"x"
"72",15132.4597170432,16236.4428531816,"x"
"73",14712.494081661,15463.2950964647,"x"
"74",15308.383631143,16561.0668623784,"x"
"75",15190.928275242,16078.451253803,"x"
"76",15322.8597685422,16714.3474127716,"x"
"77",14767.1159072103,15353.3150596279,"x"
"78",14589.7964623164,15168.9900501566,"x"
"79",14960.5697034514,15844.0105758473,"x"
"80",14840.4123627894,15565.8258349875,"x"
"81",14742.3748574327,15297.5478547894,"x"
"82",14498.852327298,15090.2661026007,"x"
"83",14840.721790839,15666.4343750164,"x"
"84",14875.6579857354,15561.7069423337,"x"
"85",15410.3276873428,16754.8349922345,"x"
"86",14740.0509056956,15282.446271615,"x"
"87",14945.8200331492,15854.028971935,"x"
"88",14619.6573278283,15144.198429514,"x"
"89",14811.7692565411,15531.3676513668,"x"
"90",14817.4660257178,15461.1935051086,"x"
"91",14604.472486918,15039.3007247158,"x"
"92",15466.0954843083,16854.1085253301,"x"
"93",14567.3747243596,15019.6982914429,"x"
"94",14845.0466168162,15717.5068566054,"x"
"95",15184.9064062015,16474.8298092959,"x"
"96",14772.1909009773,15549.0030312849,"x"
"97",15137.7586461447,16111.2712060538,"x"
"98",14908.2572403767,15980.0594007711,"x"
"99",15549.4779180487,17191.4416438422,"x"
"100",15065.4488393979,16182.5934808601,"x"
"101",14415.5214024765,14787.2259293758,"x"
"102",15412.8908545863,16573.5454268026,"x"
"103",14824.1594173671,15464.1861435652,"x"
"104",14789.9538623087,15633.0584856623,"x"
"105",14731.4089935563,15435.0183612052,"x"
"106",14770.2424582112,15440.508791662,"x"
"107",15044.2091276787,15910.6418114793,"x"
"108",15112.6456571254,16403.3528070128,"x"
"109",15327.3003229334,16627.7906320143,"x"
"110",15353.8225210174,16716.4467956124,"x"
"111",14993.7639869772,15946.3187984582,"x"
"112",15335.3113586432,16556.8179116774,"x"
"113",15008.9444180703,15998.645142889,"x"
"114",14867.2068236225,15686.5780648822,"x"
"115",14597.1830793154,15136.7781209317,"x"
"116",14664.8608271068,15214.4090367246,"x"
"117",15018.9083373171,16102.8293845478,"x"
"118",14946.7708127857,15791.1295874612,"x"
"119",14767.0840070064,15506.5191654229,"x"
"120",15015.389837639,15686.3421071727,"x"
"121",14845.228915699,15586.2828926903,"x"
"122",14748.3157223989,15499.5472430578,"x"
"123",14953.5550243675,16004.9371354046,"x"
"124",15244.3325531568,16520.1706416234,"x"
"125",14934.3914224458,15747.8990487858,"x"
"126",14914.5192661214,15653.6680744964,"x"
"127",14961.9453131434,15822.8460771198,"x"
"128",14983.763135789,15858.4560436228,"x"
"129",14566.0988464462,15122.3395390071,"x"
"130",15021.2901057992,15800.1204326992,"x"
"131",14490.8189173713,14942.232787035,"x"
"132",15145.1083308042,16241.6408626007,"x"
"133",16822.3224839161,19843.0141295278,"x"
"134",14899.5086438771,15869.0840415982,"x"
"135",15064.9199271594,16149.1889840589,"x"
"136",14736.3096038103,15454.3934717478,"x"
"137",15200.8098427303,16196.2695034844,"x"
"138",14940.7122578357,15914.3990618217,"x"
"139",14800.9315548408,15454.346338847,"x"
"140",14802.0090619135,15478.6723175114,"x"
"141",14781.1887027334,15568.9216657964,"x"
"142",14626.7654035625,14955.2581307008,"x"
"143",14845.3771674613,15547.1656718197,"x"
"144",14920.9444545766,15840.1455885013,"x"
"145",14904.7590673867,15716.815414203,"x"
"146",15197.4970062186,16162.8963681145,"x"
"147",14761.817398275,15407.8989964452,"x"
"148",14761.6546811613,15635.9279620056,"x"
"149",14992.8256979158,15774.1873194426,"x"
"150",15333.1082549546,16457.6976626837,"x"
"151",14462.798972436,14795.7672516468,"x"
"152",14627.0459156615,15102.7433583826,"x"
"153",14909.8581237538,15879.4911906376,"x"
"154",15278.544043715,16481.030080081,"x"
"155",14987.6489057339,15794.8414234772,"x"
"156",14839.3164363791,15700.4749089156,"x"
"157",14938.7056676559,15838.9465050368,"x"
"158",15249.105212657,16575.6498974337,"x"
"159",14863.4598609995,15723.3380803143,"x"
"160",14739.339948806,15574.294636521,"x"
"161",14693.1512206635,15257.0659334813,"x"
"162",15068.5748980292,16039.8168508663,"x"
"163",15635.5101425562,17196.4065038961,"x"
"164",14524.1990118322,15079.6832690094,"x"
"165",14877.3165072225,15585.1171932497,"x"
"166",14978.5917746192,15952.2369682815,"x"
"167",14990.954297152,15890.0410628707,"x"
"168",14927.1023618066,15786.3518563419,"x"
"169",14672.102134628,15072.8813196462,"x"
"170",14925.7894086252,15715.3910212239,"x"
"171",14848.4371799332,15528.7016729305,"x"
"172",15437.671526391,16876.56096085,"x"
"173",14797.7298324274,15592.1694041206,"x"
"174",15253.8032630516,16461.8206033161,"x"
"175",14793.5053069017,15391.0215886772,"x"
"176",14872.1465521731,15698.7545499642,"x"
"177",14395.9515787748,14680.3359408838,"x"
"178",15079.3746035439,16042.2108256719,"x"
"179",14856.8603109543,15679.8195413786,"x"
"180",14972.0911805713,15822.152498954,"x"
"181",14352.1726865561,14546.5099954666,"x"
"182",14846.2393131886,15663.8582504867,"x"
"183",14999.5116355002,15949.9538764488,"x"
"184",14760.0753062821,15567.9985463135,"x"
"185",14879.4327892243,15706.3650590458,"x"
"186",15265.2486549987,16418.4564070385,"x"
"187",15061.0113845367,16110.4697257268,"x"
"188",14878.660174245,15376.1152377918,"x"
"189",14668.5967178254,15188.554027148,"x"
"190",14933.0522687355,15732.4018870073,"x"
"191",15236.0496990877,16403.772247694,"x"
"192",15587.8892547038,17237.2997660606,"x"
"193",15151.9385328876,16521.6892443838,"x"
"194",14910.0928539055,15738.6839034226,"x"
"195",15034.349684871,15914.9923800091,"x"
"196",14708.2734877604,15263.762177501,"x"
"197",15121.9589763805,16118.455272816,"x"
"198",15023.9022851093,15907.633039756,"x"
"199",14949.3895511013,15789.7374295901,"x"
"200",14914.4033644501,15826.8653239309,"x"
"201",14546.4425792228,14966.7766723304,"x"
"202",14687.0742085979,15262.019498013,"x"
"203",15112.3607240097,16040.6264933106,"x"
"204",14629.9197287024,15187.4086699004,"x"
"205",14741.7722065518,15372.7789873238,"x"
"206",14603.8741246098,14976.9536049239,"x"
"207",14990.5273544839,15817.9754974787,"x"
"208",15136.579941255,16483.5340941918,"x"
"209",14537.601107055,15125.6117614894,"x"
"210",15076.3207623732,16153.8376251143,"x"
"211",14592.9846781497,14939.820841394,"x"
"212",14738.4813435535,15476.4598022121,"x"
"213",14593.0219230158,14936.108191508,"x"
"214",14559.3371534145,15026.7795173721,"x"
"215",15259.9883750548,16772.9300243891,"x"
"216",14838.3840119177,15393.9858704976,"x"
"217",14786.3891465665,15547.6947342761,"x"
"218",14902.461233043,15974.431888592,"x"
"219",15002.1086095708,15929.5359758808,"x"
"220",14759.1770061686,15479.0611231366,"x"
"221",15580.4420444077,17319.2955932378,"x"
"222",14729.5852495798,15202.8053982135,"x"
"223",14781.2165078811,15495.7415091786,"x"
"224",14895.9141001699,15688.4882574222,"x"
"225",14587.4475083003,15113.7230584515,"x"
"226",14588.1112543164,15253.7767928744,"x"
"227",14863.6346765345,15810.225152841,"x"
"228",14727.1271018728,15326.2583707342,"x"
"229",14538.9768103248,15059.7985217293,"x"
"230",15232.3547230499,16623.6902702603,"x"
"231",14761.6078691071,15401.0383345554,"x"
"232",14755.6764446624,15342.6312439694,"x"
"233",14696.0447977553,15385.1773255967,"x"
"234",15186.1994188237,16393.5232366651,"x"
"235",14605.8516040704,15225.0535667809,"x"
"236",14931.467844961,15846.5181605615,"x"
"237",14837.2759641222,15382.0911987176,"x"
"238",14580.5425717364,14976.9751173095,"x"
"239",14523.8257627127,15079.3815336175,"x"
"240",14800.3419831065,15492.5900407277,"x"
"241",14575.2540380313,15166.8649932991,"x"
"242",14413.1843652126,14743.3558516254,"x"
"243",14431.0363655911,14870.4635097736,"x"
"244",15609.1003190239,17378.6944311129,"x"
"245",14946.899346853,15843.6428422823,"x"
"246",15123.5644318474,16157.5942719643,"x"
"247",14907.4037682634,15909.0098835987,"x"
"248",14871.5649671394,15718.1400573441,"x"
"249",15140.1094000386,16239.8901366951,"x"
"250",15318.0822372547,16487.5435289443,"x"
"251",14810.8725228881,15613.6470453726,"x"
"252",15432.8422356347,16879.1645999951,"x"
"253",15029.7790123925,15804.0040007332,"x"
"254",14588.4465422753,15130.8554483556,"x"
"255",15138.9786369174,16480.6650063162,"x"
"256",14641.8126544288,14991.5968821339,"x"
"257",14932.9687114771,15779.2904943278,"x"
"258",14705.9389434979,15174.6462078135,"x"
"259",15000.2441237847,15880.5644434985,"x"
"260",15133.8428578746,16087.4910181126,"x"
"261",15242.3353067861,16459.0253592527,"x"
"262",14682.2846282439,15431.5118579788,"x"
"263",14923.7288604616,15616.0575889182,"x"
"264",14597.4095768475,15081.9257834616,"x"
"265",14769.520338124,15608.9909180959,"x"
"266",14707.0642528836,15083.8910717438,"x"
"267",14827.1356904017,15499.9625312999,"x"
"268",14847.373944474,15796.8038028577,"x"
"269",14630.9804724369,15341.4878557393,"x"
"270",15001.2398943091,15830.0396455829,"x"
"271",14708.6820190536,15581.8726608999,"x"
"272",14688.9809033301,15459.4847452228,"x"
"273",15167.6754122709,16303.4430180055,"x"
"274",15192.6601004175,16200.0809461274,"x"
"275",14538.1024627,15001.8107505592,"x"
"276",14797.9790219679,15415.9100865112,"x"
"277",14561.4697997024,15093.1747087631,"x"
"278",14695.9688754789,15381.9459312959,"x"
"279",14677.1085603447,15142.8240535739,"x"
"280",14964.0638860768,15862.727611151,"x"
"281",14866.8884236499,15560.6850707986,"x"
"282",14570.4072352674,14953.2988953874,"x"
"283",14728.7599008773,15459.0208013816,"x"
"284",14571.0555818437,15235.3770545077,"x"
"285",14585.1802172315,15170.0051137605,"x"
"286",14678.2770861076,15062.1425031841,"x"
"287",14653.408174191,15162.7266505491,"x"
"288",15491.2493966819,16980.5585993614,"x"
"289",14620.7613849761,15149.8618598616,"x"
"290",14698.8737944677,15354.5379509664,"x"
"291",14977.4335409249,16029.9117156078,"x"
"292",15011.7085082901,15944.0992791865,"x"
"293",15063.8570970157,16073.9664360766,"x"
"294",15387.4849885421,17396.6669611476,"x"
"295",14861.7633846981,15513.2265218621,"x"
"296",15069.8059521295,15945.4924222985,"x"
"297",14960.7418940565,15686.7128986351,"x"
"298",15077.5761340058,15871.6706409591,"x"
"299",15585.1943432126,17023.8853081901,"x"
"300",15300.3934433161,16690.5357590696,"x"
"301",14679.3391110566,15253.668444265,"x"
"302",15240.2137499732,16510.8361340419,"x"
"303",14923.7246964458,15702.1314394069,"x"
"304",14547.9968688458,15175.0643060259,"x"
"305",14597.4919763448,14948.7975590171,"x"
"306",14890.9657912049,15739.866010927,"x"
"307",14757.6295213681,15480.3755943969,"x"
"308",14897.1161873842,15724.2612246026,"x"
"309",15045.8430443326,15949.3230974109,"x"
"310",14613.7722869647,15336.4140324079,"x"
"311",15049.8494019983,16018.3300672425,"x"
"312",14909.1798523028,15842.4324343278,"x"
"313",14721.8801816268,15378.1598203138,"x"
"314",14848.9838145488,15809.2339776992,"x"
"315",14622.4077904829,15166.7063586483,"x"
"316",14907.7932911097,15908.748886252,"x"
"317",14811.6244487008,15588.6095675856,"x"
"318",14725.2673055467,15444.1131605632,"x"
"319",15014.8155834505,15822.1526423635,"x"
"320",14651.8638044589,15264.5523895558,"x"
"321",14532.6432359688,14976.2500720568,"x"
"322",14932.443195424,15547.7882367105,"x"
"323",14715.6902061755,15211.34759831,"x"
"324",14952.8483759654,15856.4535587091,"x"
"325",14677.1704607198,15355.7424732623,"x"
"326",14808.8298581396,15409.1069022068,"x"
"327",14693.6254789072,15299.8714376615,"x"
"328",14554.8643847961,15130.9021531801,"x"
"329",14206.8809341393,14421.0867283933,"x"
"330",14422.7197680817,14784.0448280858,"x"
"331",15175.277085338,16211.1335542179,"x"
"332",14638.5749935967,15224.1306684888,"x"
"333",14712.4239848546,15477.750224327,"x"
"334",14810.0101484763,15465.2400603135,"x"
"335",14696.0911096083,15192.3041278172,"x"
"336",14833.9375539701,15469.4609746692,"x"
"337",14500.8955189157,14949.1454863561,"x"
"338",14867.0882109302,15673.5313318818,"x"
"339",15110.6385937514,16289.973829552,"x"
"340",15024.1315040691,16011.4651928172,"x"
"341",14860.3366884502,15665.9928015134,"x"
"342",15034.0102055324,15953.8780486302,"x"
"343",15063.3487976203,16050.7107164833,"x"
"344",15051.3504086889,15944.9313643184,"x"
"345",14652.5660193897,15235.199486927,"x"
"346",14939.4514128092,15629.1125082944,"x"
"347",14794.3943288386,15358.4871415951,"x"
"348",14975.978105865,15746.2818938894,"x"
"349",14392.9253642145,14857.4149558129,"x"
"350",14866.748940641,15600.2367032962,"x"
"351",15675.5067638852,18349.1605318066,"x"
"352",14631.7304036765,15230.0507803868,"x"
"353",14735.0457107121,15459.3684201261,"x"
"354",15230.6459744428,16329.4667169619,"x"
"355",14902.3812346445,15667.4190712825,"x"
"356",15056.3638639009,16096.242955506,"x"
"357",14753.0709768897,15449.2536344761,"x"
"358",14475.2429126164,14648.183493394,"x"
"359",14927.5709008264,15622.5626291081,"x"
"360",14647.4012000361,15202.3392116481,"x"
"361",14938.3569279871,15781.1011892655,"x"
"362",15234.6438603822,16579.7219780927,"x"
"363",14682.3350571987,15360.1492514947,"x"
"364",15030.5144567492,15935.4837725694,"x"
"365",15058.9216248926,16120.3350757639,"x"
"366",14840.6703221614,15495.2629553499,"x"
"367",14535.902946001,15025.7165604156,"x"
"368",14591.6465410462,15031.2809338924,"x"
"369",14701.6253923827,15434.1013334505,"x"
"370",14566.0351466295,14800.0607612965,"x"
"371",14771.0046506458,15496.7516250247,"x"
"372",14827.155502132,15472.1274572818,"x"
"373",14725.7964659479,15416.8858532801,"x"
"374",14392.0693376714,14747.7943950175,"x"
"375",14948.0340176959,15891.0519441739,"x"
"376",14939.9407596567,15833.7551874537,"x"
"377",15106.7619602734,16434.9568276119,"x"
"378",14800.179757549,15588.8820291425,"x"
"379",14645.2383738252,15347.9000945932,"x"
"380",15275.7041379228,16709.4292019601,"x"
"381",14925.4820537003,15741.8903598558,"x"
"382",14802.5980648635,15602.3637629478,"x"
"383",15148.3951411832,16242.8848390561,"x"
"384",14771.8897008287,15426.9825852605,"x"
"385",14901.437979026,15676.6140711721,"x"
"386",14729.9883738754,15290.3882992827,"x"
"387",14723.79798694,15454.9601157456,"x"
"388",14834.813449254,15384.1969635894,"x"
"389",14731.6105263916,15446.2469198814,"x"
"390",15148.3091062944,16365.0920756286,"x"
"391",14768.5109265917,15477.2034486094,"x"
"392",14893.7455181762,15660.0272172502,"x"
"393",14807.2958231136,15544.6825607272,"x"
"394",14923.2414628935,15711.9088570205,"x"
"395",14803.6007613948,15342.9583049872,"x"
"396",14950.6263871426,15855.410450432,"x"
"397",15220.0601030179,16214.5130898047,"x"
"398",14727.8881951205,15421.1948354241,"x"
"399",14832.6513499572,15618.7233817906,"x"
"400",15133.6482976052,16729.5661629843,"x"
"401",14644.3578811286,15058.664043217,"x"
"402",15284.8192254249,16518.0628915956,"x"
"403",15350.034945928,16679.1518993687,"x"
"404",14749.0903451407,15535.8286501471,"x"
"405",15332.0715987354,16599.3674525856,"x"
"406",14618.4181874978,15259.753490459,"x"
"407",15329.7920271909,16773.7861566709,"x"
"408",14677.2455912634,15264.1938060078,"x"
"409",14951.6346860562,15759.6142563285,"x"
"410",14655.2123497025,15185.6198365481,"x"
"411",14883.895776841,15482.6773007441,"x"
"412",14545.5233049588,14893.0273758883,"x"
"413",14677.4584943498,15204.0001362348,"x"
"414",14926.4938217779,15679.574676095,"x"
"415",14815.8781852083,15645.149830053,"x"
"416",14826.1149411208,15741.8879586997,"x"
"417",14791.5215054531,15653.3783280806,"x"
"418",14807.5697319034,15541.0022924655,"x"
"419",14756.6136441606,15380.251298407,"x"
"420",14954.9699113852,15797.4098364933,"x"
"421",14792.2375644968,15403.5218024637,"x"
"422",14819.1047757393,15471.2818069639,"x"
"423",14620.0611874592,15145.5190505861,"x"
"424",14615.3529158731,15012.4218451313,"x"
"425",14724.8526456313,15355.6689215545,"x"
"426",14707.0926313016,15241.7057487573,"x"
"427",15179.8600317266,16260.0420529595,"x"
"428",14895.6536536514,15742.5320822122,"x"
"429",15189.3566198675,16269.1469866091,"x"
"430",15039.763690726,15985.4835233691,"x"
"431",15098.1179149939,16016.4207898179,"x"
"432",14744.2513269499,15608.5553154494,"x"
"433",14975.3761147312,15776.5007357377,"x"
"434",15209.5014104204,16892.8407582288,"x"
"435",14712.3526469524,15415.9467681264,"x"
"436",15527.1416030533,16856.9705890437,"x"
"437",14716.4032825999,15525.5202105598,"x"
"438",14641.6789869678,15076.2285580443,"x"
"439",14873.1673340247,15575.1817113815,"x"
"440",14561.1952999072,14975.0281590248,"x"
"441",15112.0525903957,16053.3933709364,"x"
"442",14698.912284739,15235.5403344239,"x"
"443",14963.7657805713,15681.726737629,"x"
"444",14651.7559033188,15016.3551335092,"x"
"445",15288.0456888739,16700.1875111265,"x"
"446",14569.6633157615,15078.3942534392,"x"
"447",15219.1617554908,16428.290585999,"x"
"448",14978.5049133843,16022.2332125912,"x"
"449",14718.123323794,15294.4195403613,"x"
"450",14855.0034641539,15638.8454831625,"x"
"451",14880.6173981809,15558.5180071428,"x"
"452",14835.5852890716,15535.488210894,"x"
"453",14888.5493869814,15651.4883906846,"x"
"454",14915.2442139053,16010.5187181536,"x"
"455",14695.1251461177,15178.2243095065,"x"
"456",14875.2944975819,15696.8119246339,"x"
"457",15016.1071936249,16058.5483207443,"x"
"458",15145.074667028,16350.0291628626,"x"
"459",14930.7539367082,15730.7364063402,"x"
"460",14723.6422653608,15560.8779281176,"x"
"461",14950.0678239858,15766.9316694448,"x"
"462",14623.5585943102,15307.9809194906,"x"
"463",14925.5443985205,15767.7106927761,"x"
"464",15281.8993262624,16416.948960501,"x"
"465",14730.5191314518,15530.5355810164,"x"
"466",14489.4082169048,14966.9321054342,"x"
"467",14557.2504594878,14993.92775221,"x"
"468",15083.0424494261,16102.8936085915,"x"
"469",14793.7072485979,15537.5780064539,"x"
"470",14763.3226267848,15375.2130667268,"x"
"471",15220.2964345867,16347.6325204563,"x"
"472",14664.4307376218,15283.5811805462,"x"
"473",14562.9627887382,15014.9255863509,"x"
"474",14591.7456263663,15073.8291310038,"x"
"475",14914.5643017821,15928.9123131612,"x"
"476",14697.960855282,15303.9022202619,"x"
"477",14898.8648468445,15734.16931996,"x"
"478",14942.4485841583,15834.9800221083,"x"
"479",14472.6500985253,14847.1854414922,"x"
"480",14712.4343507901,15314.2973860872,"x"
"481",14595.3503302449,15180.3967000342,"x"
"482",15133.4322381218,16242.3818904016,"x"
"483",14600.8745333154,14958.3746414194,"x"
"484",15076.0809136417,16137.2051210315,"x"
"485",14979.3457472848,15955.8104185601,"x"
"486",14535.0462590004,14923.3806467796,"x"
"487",15293.6428019044,16613.029154905,"x"
"488",15217.0696709903,16354.6111658461,"x"
"489",14622.144742523,15367.891843174,"x"
"490",14796.2353036609,15328.2829542999,"x"
"491",15118.5179515767,16305.5570361273,"x"
"492",14972.3838736904,15908.5402721619,"x"
"493",14652.4829939259,15238.9360538365,"x"
"494",14730.0242571813,15378.6800528923,"x"
"495",14704.5381324699,15395.9484484402,"x"
"496",15136.2215942019,16350.1983322167,"x"
"497",14991.5925253547,15808.9765751154,"x"
"498",14627.0957695559,15118.6405036792,"x"
"499",15144.1143244461,16177.1963454082,"x"
"500",14612.5076736652,15108.3445237804,"x"
"501",14907.7479755678,15674.7850298199,"x"
"502",14905.7183579817,15728.562506434,"x"
"503",14518.6176357364,15042.9008095696,"x"
"504",14636.2001041505,15071.1285944434,"x"
"505",15167.8630949905,16279.0178491438,"x"
"506",14705.5904811928,15476.5192118887,"x"
"507",14708.3674955767,15222.4013106984,"x"
"508",14761.0362193783,15371.4356609119,"x"
"509",14985.8235315048,15892.6453924224,"x"
"510",15093.0572093885,16061.9611766703,"x"
"511",14730.416891654,15268.9561532701,"x"
"512",14820.3489789648,15600.5529191529,"x"
"513",14838.1657797502,15608.2049636593,"x"
"514",14530.3183867258,15137.1920070209,"x"
"515",14735.5705557095,15319.0809411911,"x"
"516",14879.6958567782,15662.3975122472,"x"
"517",15178.1369861911,16290.3516931061,"x"
"518",14883.2178224308,15536.2666725216,"x"
"519",14834.5370889784,15574.2205594895,"x"
"520",14837.3312561875,15413.3708081332,"x"
"521",14989.2595398997,15922.0791930567,"x"
"522",14706.2094529009,15445.2563815649,"x"
"523",14873.0635409677,15606.7590800441,"x"
"524",14897.0242913238,15789.3979646591,"x"
"525",14579.6171904293,15017.9659061363,"x"
"526",14693.6012235423,15460.3257740653,"x"
"527",14712.0844090442,15262.0078810948,"x"
"528",14730.6405712011,15338.0662390523,"x"
"529",16025.4191232611,18178.8423969325,"x"
"530",14576.855939644,15051.9074402834,"x"
"531",14552.687282629,14794.4674949901,"x"
"532",15238.7102731564,16437.1807207021,"x"
"533",14771.2985333653,15420.4635002384,"x"
"534",14650.5454312975,15354.8886470359,"x"
"535",14879.8380632354,15573.7897149503,"x"
"536",15813.7051491906,17922.2609135903,"x"
"537",14702.557239019,15382.8804533294,"x"
"538",14420.9787922786,14720.1908991524,"x"
"539",14817.4347576365,15578.0915454081,"x"
"540",14770.004716915,15373.2985028942,"x"
"541",14985.6011935871,15817.1605096709,"x"
"542",14603.1599004227,15172.1617393284,"x"
"543",14792.9574018803,15534.5283862815,"x"
"544",15450.3047604427,16863.885718609,"x"
"545",15190.1374468791,16012.3538230426,"x"
"546",14666.2009593914,15221.5460551065,"x"
"547",14628.3409781615,15299.3149469645,"x"
"548",15023.1011567851,15618.4488342922,"x"
"549",15016.2405710156,16007.499348536,"x"
"550",14444.1491557416,14722.8111994181,"x"
"551",14374.8651653161,14754.1311248368,"x"
"552",14894.8002005415,15882.9859861856,"x"
"553",14746.0389478896,15386.6237311375,"x"
"554",14942.8920528243,15811.9520248936,"x"
"555",14879.1723563975,15642.6749690973,"x"
"556",14968.7147569175,15831.5734781118,"x"
"557",15513.1568277154,16921.2275399875,"x"
"558",14950.1105777474,15913.9932791256,"x"
"559",14784.3039697459,15305.093568445,"x"
"560",15237.7537491474,16238.4438388769,"x"
"561",14321.4869667276,14703.1207967131,"x"
"562",15019.8855394532,16032.0410651816,"x"
"563",14688.609198245,15238.5621690338,"x"
"564",15014.2503734872,16061.460052329,"x"
"565",14848.9511143202,15466.4761824597,"x"
"566",14904.2177404045,15687.9176282057,"x"
"567",15140.301399121,16111.869581855,"x"
"568",15277.685469034,16407.4252493711,"x"
"569",14662.6758043937,15129.6253153612,"x"
"570",14713.5844128108,15317.1313545016,"x"
"571",14765.2709053495,15511.8563985397,"x"
"572",14892.7909126324,15655.3247973325,"x"
"573",15214.9798204547,16591.5578941328,"x"
"574",14773.9429772651,15113.2479547637,"x"
"575",14393.9461999691,14710.3823916484,"x"
"576",15272.2906619356,16476.4233068894,"x"
"577",14806.5448561665,15591.5685499503,"x"
"578",14831.0009571007,15564.439430864,"x"
"579",14770.6601867775,15272.2819322963,"x"
"580",15023.2073294706,16025.1695350783,"x"
"581",14875.9653661453,15424.9957599789,"x"
"582",15066.9662502516,16038.3380903989,"x"
"583",15009.3121095148,15878.5775712617,"x"
"584",14696.0532100431,15490.1877127394,"x"
"585",15032.1555654242,16031.8589239092,"x"
"586",15029.1569419576,15887.4963771721,"x"
"587",15732.8083324948,17494.4029726339,"x"
"588",14766.1519365313,15549.2041855823,"x"
"589",14960.2073448167,15856.2492031793,"x"
"590",14912.6481244857,15791.2580804764,"x"
"591",14798.6655630723,15496.8848322094,"x"
"592",15019.0774874112,16038.8200876498,"x"
"593",14711.2971401184,15213.5000028966,"x"
"594",15102.0152021144,15950.0743587163,"x"
"595",14703.1333402535,15235.5288676745,"x"
"596",14956.5582161588,15766.4069285205,"x"
"597",14867.3422065892,15699.2613403765,"x"
"598",14881.4886014323,15735.5504508811,"x"
"599",14977.2051900713,15855.1933291743,"x"
"600",15107.6708919389,15881.4165062548,"x"
"601",14977.1933538672,15967.7488144287,"x"
"602",14943.8608284743,15839.0637256282,"x"
"603",15372.3374716277,16709.4130272541,"x"
"604",14980.9637538968,15861.8571023903,"x"
"605",14917.4670182113,15571.4630017397,"x"
"606",14790.5111309993,15524.2424867451,"x"
"607",14890.3748516354,15617.6597139965,"x"
"608",14725.8678274775,15302.4268273404,"x"
"609",14831.6690023439,15379.8218032031,"x"
"610",14561.6129061698,14960.5011009322,"x"
"611",14474.2433356848,14961.6364155313,"x"
"612",15128.3359245766,16222.4189906482,"x"
"613",14172.4386480951,14412.6644634996,"x"
"614",14921.8896716931,15766.3526075184,"x"
"615",15387.8913573839,16704.0161242046,"x"
"616",14352.5153371642,14811.1502835724,"x"
"617",15428.6842687472,16986.3536778953,"x"
"618",14661.3493850575,15357.7537476673,"x"
"619",14844.1197177757,15627.3384337218,"x"
"620",15453.4184564398,17125.7954038316,"x"
"621",15156.5129574867,16373.7459917729,"x"
"622",15127.2837941287,16292.194386299,"x"
"623",15199.8732340474,16611.2205980974,"x"
"624",15197.0264178999,16287.4665712833,"x"
"625",15014.4976708312,15665.9103625722,"x"
"626",14650.2828681506,15296.5148477222,"x"
"627",14872.7044889062,15738.0987373276,"x"
"628",14604.152727295,15041.0638342206,"x"
"629",15073.5822484303,16053.063485189,"x"
"630",15100.71558069,16049.8811582481,"x"
"631",14644.5516038361,15142.3063426619,"x"
"632",14561.6859639375,15136.4730928843,"x"
"633",14994.8200144308,16072.6423527357,"x"
"634",14653.4099823634,15094.0033170125,"x"
"635",14828.8608346981,15629.9566005862,"x"
"636",15042.5142461855,15824.5650361353,"x"
"637",14799.0013153362,15508.2549373741,"x"
"638",14707.3464340349,15363.0512591679,"x"
"639",15111.8478420568,16324.2305416713,"x"
"640",14954.248986079,15638.3884407893,"x"
"641",14621.617686349,15274.3873250465,"x"
"642",14959.1717904393,15781.6027510491,"x"
"643",15178.9571137097,16449.0284589442,"x"
"644",15167.6752123856,16373.136856674,"x"
"645",15075.5226767657,16140.1656365145,"x"
"646",14996.523387387,15750.5584550012,"x"
"647",14842.9432136398,15357.4802059298,"x"
"648",14826.7980049516,15524.1862129292,"x"
"649",14606.764607895,15129.8666830191,"x"
"650",15172.7249692627,16315.3612407358,"x"
"651",14926.2492514528,15554.6197378253,"x"
"652",14701.211321003,14993.4535167396,"x"
"653",16094.8222405674,18009.0784472812,"x"
"654",14695.5616106594,15454.2997711784,"x"
"655",14938.1095991263,15846.9799304891,"x"
"656",14911.4127021662,15731.1524744736,"x"
"657",14831.4154167363,15600.7755273818,"x"
"658",14984.2206273132,16000.1643850361,"x"
"659",14981.1971622389,15765.3337229572,"x"
"660",15030.0770729965,16198.3896046199,"x"
"661",14822.2357520615,15593.6684358275,"x"
"662",14687.7200830726,15404.2624773723,"x"
"663",15068.4349212335,16135.4138844825,"x"
"664",14867.8919012598,15805.5432922598,"x"
"665",14676.8487461756,15181.750909247,"x"
"666",14489.0974603426,14757.7930243803,"x"
"667",14626.3160704577,15357.3729293594,"x"
"668",15208.033512123,16373.4026285892,"x"
"669",14684.6359955495,15195.8993717965,"x"
"670",14843.6137973858,15656.1795145485,"x"
"671",15281.2550309647,16753.7973507899,"x"
"672",15099.1406645689,16131.2488046183,"x"
"673",14664.4845028508,15172.0892669808,"x"
"674",14562.5890064077,15051.9435829718,"x"
"675",14869.7265560874,15576.0800891319,"x"
"676",14836.5159013398,15584.207210697,"x"
"677",14936.5863403138,15781.3165202726,"x"
"678",14574.8771274235,15041.559294538,"x"
"679",14715.6607662115,15317.5182230871,"x"
"680",14557.2116560266,14988.8382625162,"x"
"681",14870.7272887081,15764.3712081515,"x"
"682",15268.6743118135,16402.4893785835,"x"
"683",14955.7679231769,16129.5112974029,"x"
"684",14666.6680979862,15281.0700378094,"x"
"685",15040.0306131598,16110.4389593609,"x"
"686",15180.2483049926,16440.1264477189,"x"
"687",15210.5821482272,16504.4478331408,"x"
"688",15095.3586471289,16173.8751254518,"x"
"689",14974.6796788325,15870.8644844316,"x"
"690",15058.2894448569,16029.4744749433,"x"
"691",14566.082954776,15135.1353883393,"x"
"692",15212.6018446294,16317.3119946497,"x"
"693",14505.5667937056,15166.3629579667,"x"
"694",14678.4882503688,15271.9098985079,"x"
"695",14562.2701477481,15149.1122602884,"x"
"696",14740.7255234434,15200.8144913757,"x"
"697",14614.1072467689,15213.0041711122,"x"
"698",14665.0634599979,15177.6958500842,"x"
"699",14873.7373572844,15658.4630547137,"x"
"700",15022.1561921859,16104.7455962367,"x"
"701",15063.7734553031,15961.2013260344,"x"
"702",14626.1705155287,15147.3731935575,"x"
"703",15285.190565598,16500.5042875201,"x"
"704",14603.5708274134,15094.9189278972,"x"
"705",15126.0561396693,16152.3623820651,"x"
"706",14911.2632777075,15536.3285478736,"x"
"707",14565.617961563,15033.2155504951,"x"
"708",14361.8529915165,14684.6240591574,"x"
"709",14701.2226213271,15472.6901193343,"x"
"710",14738.9767400824,15299.2385154641,"x"
"711",14927.7885183856,15876.8428482488,"x"
"712",14612.1404372893,15110.2751752629,"x"
"713",14921.4519998135,15808.8248009031,"x"
"714",14792.7846193826,15635.4062280482,"x"
"715",14899.706871922,15886.5268592304,"x"
"716",14625.3206548371,15097.2055089101,"x"
"717",15059.5141907241,16179.7601157881,"x"
"718",14956.8369129586,15831.2254748495,"x"
"719",15032.8234321329,16022.9912615305,"x"
"720",14662.891397389,14935.3140053918,"x"
"721",14998.2694547288,15945.304393007,"x"
"722",14946.7122607347,15720.855036665,"x"
"723",14842.0915793823,15646.0205751146,"x"
"724",15140.0509076539,16009.6289768612,"x"
"725",15230.8530452506,16374.9055582397,"x"
"726",14873.7440638823,15584.7106060589,"x"
"727",14912.1215509363,15742.9378619524,"x"
"728",14988.4837232812,15731.4541511307,"x"
"729",15378.1363155777,16882.688032061,"x"
"730",14830.3700895328,15457.9329614373,"x"
"731",14863.6270964833,15633.0827573787,"x"
"732",14944.7439905909,15615.1598921342,"x"
"733",14941.8719491971,15732.8930201792,"x"
"734",14671.3499360019,15344.3536946269,"x"
"735",14749.2894365799,15546.0765516912,"x"
"736",14918.2071923216,15724.4649893892,"x"
"737",14877.20250886,15764.0497465805,"x"
"738",15152.5980930631,16146.5824478209,"x"
"739",14876.1532242044,15672.397038578,"x"
"740",14721.7714960872,15380.4311500401,"x"
"741",14844.2256345578,15492.4384782711,"x"
"742",14896.9082736078,15755.2234296328,"x"
"743",14458.7647065553,14808.5438518981,"x"
"744",15200.3974849505,16374.8006198576,"x"
"745",14823.9035268533,15493.1977159395,"x"
"746",15195.6750335667,16401.5661057442,"x"
"747",15279.012353813,16430.6514486637,"x"
"748",15021.8518453043,16042.5998749456,"x"
"749",15044.8750634025,16090.6322455845,"x"
"750",14740.6164613117,15231.4283945529,"x"
"751",14705.3898676715,15248.236852525,"x"
"752",15044.5160646022,16132.1351771232,"x"
"753",14731.7280357285,15225.4249531189,"x"
"754",15225.0024178007,16461.7011661299,"x"
"755",14749.3985569774,15603.5069110376,"x"
"756",14646.8729381488,15265.606087854,"x"
"757",15009.7990386113,15994.0633674777,"x"
"758",14766.7453675941,15468.4795331111,"x"
"759",14810.4531633041,15522.537870046,"x"
"760",14911.6409331043,15830.0844277316,"x"
"761",14895.16887967,15536.8631711677,"x"
"762",14798.8661779312,15516.1393506733,"x"
"763",14881.293675031,15591.8582652986,"x"
"764",15171.1338270799,16400.7577910622,"x"
"765",14683.7558295981,15348.6893082014,"x"
"766",14947.2051597298,16036.0472306771,"x"
"767",14649.2305645268,15054.3421548083,"x"
"768",14861.2341726305,15928.5309744822,"x"
"769",14852.7142083536,15453.6665340662,"x"
"770",14677.6634756946,15257.475163972,"x"
"771",15764.1690323931,17954.8814147934,"x"
"772",14716.5318441841,15266.3878800392,"x"
"773",14513.1176652715,14901.8279372157,"x"
"774",15348.9388005788,16905.6859554344,"x"
"775",14654.2183378596,15120.1677135717,"x"
"776",14991.9313077849,15784.0991793453,"x"
"777",14888.7738428975,15507.3105353982,"x"
"778",15240.2760491499,16406.7603095166,"x"
"779",14682.0798864848,15191.0542034439,"x"
"780",14807.5346930151,15436.8773348331,"x"
"781",15005.2091449755,15885.7701060143,"x"
"782",14779.4376328917,15336.121008506,"x"
"783",14891.2690416016,15867.0644444244,"x"
"784",14649.1593639108,15288.3803413831,"x"
"785",14698.2865838783,15196.1624170897,"x"
"786",15364.7652590946,16565.752854891,"x"
"787",14997.6545109122,15924.0977734271,"x"
"788",14672.9968024543,15139.4723806053,"x"
"789",15174.0464722553,16325.6318074387,"x"
"790",14423.2919981978,14720.2898451065,"x"
"791",14834.6367710596,15715.8349280145,"x"
"792",14945.9970230379,15693.980972024,"x"
"793",14727.5872766305,15447.7518830592,"x"
"794",14845.1762452593,15602.9394890004,"x"
"795",15579.7597752034,17581.751050529,"x"
"796",14826.3888084023,15461.3024122677,"x"
"797",14636.997833836,15210.2388094895,"x"
"798",14791.6083797499,15440.2236303569,"x"
"799",14703.7809161598,15465.3373099797,"x"
"800",15271.4922969533,16441.8635310577,"x"
"801",15112.6803713637,16147.4262000256,"x"
"802",14610.5157900489,14963.5832797743,"x"
"803",15050.2552119283,15993.0820994409,"x"
"804",14533.4964973376,15061.9768434704,"x"
"805",15107.3164654711,16187.3655203678,"x"
"806",14455.9904962718,14944.1506118434,"x"
"807",14613.2452441202,15253.0673688118,"x"
"808",14572.9436923348,15067.0667085736,"x"
"809",15262.6518899427,16424.0966194516,"x"
"810",14477.9099848992,14759.5927082518,"x"
"811",14382.6411299907,14617.5552889725,"x"
"812",14949.5959817947,15766.2249941258,"x"
"813",14620.818557207,14971.2409404496,"x"
"814",14406.7176477247,14692.2084791024,"x"
"815",14906.6558482769,15760.6392012237,"x"
"816",14536.0375486135,15122.615411623,"x"
"817",16022.4197187344,18473.4437826553,"x"
"818",14909.7518955561,15683.853896361,"x"
"819",14719.9640381454,15233.6218611581,"x"
"820",14752.2167250423,15418.3751246489,"x"
"821",14662.0006481809,15366.90435379,"x"
"822",14537.4714816001,15098.8464683538,"x"
"823",14861.0596479633,15663.9721999336,"x"
"824",14955.231680873,15517.7779711513,"x"
"825",15111.5339683535,16166.2422029834,"x"
"826",14643.1409038723,15155.0542464161,"x"
"827",14555.6183137618,14961.9794035247,"x"
"828",15060.2803862248,16126.3666089741,"x"
"829",15394.9357928261,16719.8320267992,"x"
"830",14799.1720043716,15555.8663119706,"x"
"831",14630.0865362705,15082.996731549,"x"
"832",15063.9020141198,16054.9645157759,"x"
"833",14977.8215204273,15971.5243830172,"x"
"834",15211.7474694015,16519.8747707161,"x"
"835",15224.1967370343,16455.4377659796,"x"
"836",14798.9877461661,15498.9863971312,"x"
"837",15000.4886111432,15756.3982735307,"x"
"838",14755.202852125,15305.6641040669,"x"
"839",14753.848452717,15373.7983028419,"x"
"840",14972.9554025127,15818.0174022206,"x"
"841",14755.8804301351,15349.6360942647,"x"
"842",14816.5201577916,15610.8400308176,"x"
"843",15327.2558505718,16365.1304983284,"x"
"844",14960.2862945143,15706.6859874047,"x"
"845",15245.2181713314,16583.5173152845,"x"
"846",14804.8714690782,15547.1388446508,"x"
"847",15181.7979049824,16395.9226035923,"x"
"848",14977.9691034846,16075.6894186388,"x"
"849",14659.4572282043,15102.6243973167,"x"
"850",15184.8902692205,16100.72307042,"x"
"851",14855.0026915549,15673.61974518,"x"
"852",15152.5151538525,16216.0113773235,"x"
"853",15197.3215583236,16046.4661899751,"x"
"854",14766.6813294031,15598.057288781,"x"
"855",14525.1963966405,15028.4567938103,"x"
"856",14968.3201387465,15734.7436130261,"x"
"857",14568.0416538527,15115.8538029611,"x"
"858",15140.0325668912,16262.279687163,"x"
"859",14687.6315152413,15043.4354491018,"x"
"860",14922.5346275339,15827.2833167572,"x"
"861",15122.3614507691,16187.6854754415,"x"
"862",14560.5573392758,15153.4237558355,"x"
"863",14869.3240260475,15636.2175587075,"x"
"864",14724.9804696187,15426.5051411903,"x"
"865",15271.389196274,16355.5820147332,"x"
"866",15405.6409886041,16799.3912705347,"x"
"867",14729.491022552,15435.4002416117,"x"
"868",14695.5318693566,15362.0142556424,"x"
"869",14666.2342653133,15301.5293032453,"x"
"870",14744.8551653409,15350.5144933719,"x"
"871",14641.2224022727,15272.9446174652,"x"
"872",15019.6176540658,15668.3461199047,"x"
"873",14852.818071201,15455.2098970871,"x"
"874",14735.8632059321,15549.760637501,"x"
"875",14717.2686771667,15298.2440254309,"x"
"876",14745.5446714063,15404.3714568431,"x"
"877",15488.2403676431,17243.3949962619,"x"
"878",15120.951764122,16151.5586132571,"x"
"879",15141.6601095011,16256.6577248142,"x"
"880",14923.7484685122,15909.1091594943,"x"
"881",15255.9052918211,16454.4671769568,"x"
"882",15108.6134525624,16120.9880960603,"x"
"883",14671.8420020042,15331.2590701338,"x"
"884",14798.3574057897,15449.0281514245,"x"
"885",15001.6965825933,15864.9608911305,"x"
"886",14851.328126047,15623.6078025182,"x"
"887",15004.6986292124,15947.9844389218,"x"
"888",15020.4943890642,15838.0591475063,"x"
"889",14549.6273291038,15121.6956883321,"x"
"890",14883.3590423796,15670.3043214954,"x"
"891",14845.5795633684,15778.7818005954,"x"
"892",14729.6096729067,15442.008111617,"x"
"893",14911.8115794255,15844.4793546759,"x"
"894",15150.874684796,16180.856358928,"x"
"895",14489.2288656631,14801.6647997833,"x"
"896",14952.0474101248,16007.3968993186,"x"
"897",14893.2431602088,15597.7445088848,"x"
"898",14602.7056527083,15187.1092986733,"x"
"899",15150.7773424046,16124.0384705788,"x"
"900",14649.8606309265,15349.1061545022,"x"
"901",15276.134053861,16409.1913721813,"x"
"902",14725.0789890953,15319.9526653831,"x"
"903",14577.6427231409,14885.8571180507,"x"
"904",14711.8139823732,15419.4010487808,"x"
"905",14938.42480126,15682.6187604568,"x"
"906",15540.613009529,17042.7471400365,"x"
"907",15211.3038436711,16355.1747653913,"x"
"908",14983.7501908029,15944.619265298,"x"
"909",14856.7572823272,15681.8810181454,"x"
"910",14445.8234353766,14876.50196985,"x"
"911",14729.3435514279,15260.3178031249,"x"
"912",15119.2831075646,16172.8552332014,"x"
"913",14848.9009622079,15623.9950867697,"x"
"914",14591.5438134212,14899.1066978667,"x"
"915",14655.5036503356,15400.3981544858,"x"
"916",15074.5428427157,15911.7767978135,"x"
"917",15031.278198861,15914.9189448342,"x"
"918",14491.4995225916,14998.7453874737,"x"
"919",14709.9313595167,15382.7545784468,"x"
"920",14976.0441966486,16025.7040559352,"x"
"921",15388.6511726319,16626.9721099106,"x"
"922",14657.7383583216,15316.4618897104,"x"
"923",14866.5400262336,15526.1484923086,"x"
"924",14796.8467516753,15281.0801465858,"x"
"925",14755.9967844739,15294.8304927973,"x"
"926",15192.8114838009,16187.448766025,"x"
"927",14823.9339987584,15526.5442428145,"x"
"928",14754.688216626,15328.4326597059,"x"
"929",14614.085887584,15171.9516008107,"x"
"930",14860.1729063811,15577.1574262051,"x"
"931",14615.1326116517,15037.9133208467,"x"
"932",14919.4523795365,15892.551421219,"x"
"933",14783.3846330768,15568.5128352621,"x"
"934",14856.9800731855,15508.8879892574,"x"
"935",14674.2213598202,15188.8859351094,"x"
"936",14655.5027168607,15314.1658216971,"x"
"937",14631.2840970708,15394.7740330964,"x"
"938",14637.6405675698,15316.3757069593,"x"
"939",15035.6842691689,16055.9719388473,"x"
"940",14739.3159064894,15173.5113439486,"x"
"941",14897.3868984492,15850.2508499545,"x"
"942",14848.9678321901,15618.8621372679,"x"
"943",15024.7490425007,15881.9939211907,"x"
"944",15160.2143560444,16343.7403007574,"x"
"945",14689.1964830822,14923.5510874838,"x"
"946",14657.4940173294,15303.0162064643,"x"
"947",15424.3998595867,16456.9439930838,"x"
"948",15126.3711492906,16185.5026110983,"x"
"949",14454.7604859959,14751.2767963495,"x"
"950",15349.2506736166,16858.0390774373,"x"
"951",14669.676643041,15309.1126386956,"x"
"952",14593.3591651045,15066.1429551171,"x"
"953",15236.4791878832,16355.8338526603,"x"
"954",14510.1120287487,14980.74342083,"x"
"955",14811.249847228,15613.6959759319,"x"
"956",14674.3228682438,15405.9686610232,"x"
"957",15361.9401669021,16863.1424624685,"x"
"958",14831.0744157765,15775.927147881,"x"
"959",14661.4751457969,15158.9065055204,"x"
"960",14853.8575363975,15780.3425070933,"x"
"961",14555.8698791289,15157.7451560402,"x"
"962",14856.6379376805,15520.403150228,"x"
"963",14905.9589551755,15756.1361949145,"x"
"964",14672.5446118169,15278.8852913551,"x"
"965",14567.5760984892,14944.491185236,"x"
"966",14604.1841934041,15019.5903130611,"x"
"967",14945.9798659023,15787.2876633571,"x"
"968",14798.114049797,15433.2471719979,"x"
"969",15004.0850814748,15929.4110081393,"x"
"970",14632.657086722,15242.3627080454,"x"
"971",14891.3634035042,15723.2054481768,"x"
"972",14859.5252951759,15709.2033704639,"x"
"973",15107.0386260652,16324.2393916388,"x"
"974",14608.3739943689,15228.5981915452,"x"
"975",15031.5885579871,16171.5722146641,"x"
"976",14698.1514267955,15423.0902683609,"x"
"977",14873.4210080618,15615.1689964767,"x"
"978",15173.2389646087,16368.2573059074,"x"
"979",14807.2432643391,15511.8656011605,"x"
"980",14864.3883962561,15722.4047374785,"x"
"981",15369.6158954103,16662.9058076554,"x"
"982",15070.6258920661,16227.6001235245,"x"
"983",15004.6577386118,15977.6656615944,"x"
"984",14453.3063333362,14827.8635712942,"x"
"985",14633.6356122742,15091.8491217602,"x"
"986",15132.5042733429,16278.0331112307,"x"
"987",14747.3400053847,15439.9075843882,"x"
"988",15080.0792651935,16050.0469907926,"x"
"989",14847.7663609679,15583.3329798945,"x"
"990",15077.1053746879,16216.4379891861,"x"
"991",15051.6887138137,16205.1216127921,"x"
"992",14675.9708520522,15236.0993559712,"x"
"993",15207.679948574,16281.0572618224,"x"
"994",14604.3782253253,15038.596957451,"x"
"995",15356.1282451272,16513.290759304,"x"
"996",14656.7252009504,15109.6127973984,"x"
"997",15341.8106000584,16517.3870651534,"x"
"998",14675.4467796371,15425.3942539725,"x"
"999",14634.4625273668,15143.9386225271,"x"
"1000",14671.4425901092,15261.0815869665,"x"
"1001",15574.3492522204,17232.6972508559,"x"
"1002",14800.6212149408,15533.9069278738,"x"
"1003",15081.195890189,15917.9442490771,"x"
"1004",16343.4996382114,18697.3950623824,"x"
"1005",14869.4105169526,15627.213049171,"x"
"1006",15166.2264340863,16281.7107524883,"x"
"1007",14992.9618588467,15914.8754128017,"x"
"1008",14909.1997665774,15798.0878433099,"x"
"1009",14578.8429301311,15134.7924174968,"x"
"1010",14666.2340667909,15281.4693944289,"x"
"1011",14616.2210833016,15034.3233657153,"x"
"1012",14881.5351629202,15695.2982911808,"x"
"1013",14564.3288237787,15209.3894410086,"x"
"1014",14760.8313380015,15611.3444753965,"x"
"1015",14818.7614143149,15461.1729266501,"x"
"1016",14713.979357531,15216.6680601838,"x"
"1017",14520.4004317844,14977.1627598249,"x"
"1018",14881.9246064486,15721.195243249,"x"
"1019",14831.5014937101,15650.1377302128,"x"
"1020",14633.6148531105,15260.6903218039,"x"
"1021",15052.5520359464,16017.9817716662,"x"
"1022",14840.1891661016,15615.093983134,"x"
"1023",15451.5626080053,16765.6597997892,"x"
"1024",14748.6713440258,15366.5235120038,"x"
"1025",14718.7112305162,15368.0996321783,"x"
"1026",14854.1873083695,15613.1888778683,"x"
"1027",15159.0953505442,16229.1703175092,"x"
"1028",14821.5535553095,15385.6333069453,"x"
"1029",16028.0072634208,18052.2679325729,"x"
"1030",14667.7294179957,15350.8137530154,"x"
"1031",14777.1694749393,15373.7602788457,"x"
"1032",15045.2895398349,15927.7067931651,"x"
"1033",14969.6672552891,15979.6396251505,"x"
"1034",15090.0830151902,16163.5446034816,"x"
"1035",14530.0202248532,14897.3187357879,"x"
"1036",15106.8634835579,15992.413156106,"x"
"1037",15247.9411764133,16390.4775298331,"x"
"1038",15294.9510169662,16504.4316976524,"x"
"1039",15108.4045979039,16161.0256394344,"x"
"1040",14854.2698214869,15611.7630856285,"x"
"1041",14928.122711441,15690.3205412084,"x"
"1042",15074.7828539214,16082.7450717609,"x"
"1043",14736.7944316976,15300.4479634618,"x"
"1044",14870.9318344117,15477.2902895977,"x"
"1045",14971.7216285368,15795.8765088618,"x"
"1046",14366.5582454339,14798.8316409625,"x"
"1047",14469.2091370956,14755.2282955384,"x"
"1048",15119.1236989035,16313.0563946941,"x"
"1049",14638.3443780458,15326.0440000611,"x"
"1050",14482.5459626936,14983.9883669146,"x"
"1051",15067.7266602154,16045.4767438234,"x"
"1052",14634.1318843081,15218.7769241956,"x"
"1053",14891.6574640915,15890.2843327159,"x"
"1054",15305.9463065413,16628.2700408955,"x"
"1055",14958.933746484,15872.4665381492,"x"
"1056",15119.4199590947,16020.2943888251,"x"
"1057",15796.0898895148,17782.9498043298,"x"
"1058",14877.693890418,15616.9172764123,"x"
"1059",15038.3702111769,15806.6852801274,"x"
"1060",14690.6321575138,15380.8401601883,"x"
"1061",14737.0398255795,15376.6546520471,"x"
"1062",15628.0727189873,17339.8442988521,"x"
"1063",15029.724496752,16103.2384246073,"x"
"1064",14733.5606890604,15392.6369902365,"x"
"1065",14599.478598288,15318.8156119616,"x"
"1066",14916.069442828,15706.0586695475,"x"
"1067",14832.1477797664,15572.8206919507,"x"
"1068",14439.5057217019,14840.7698788095,"x"
"1069",14573.8808269531,14884.3845740482,"x"
"1070",14488.0500420851,14962.0348620999,"x"
"1071",15429.6505623275,17061.6606737145,"x"
"1072",14534.9144925516,14915.6985044468,"x"
"1073",15344.1516304859,16734.2173402166,"x"
"1074",14512.9494838444,14932.5547161641,"x"
"1075",14865.6061922287,15689.8686508892,"x"
"1076",14697.5057750643,15398.8198325432,"x"
"1077",14839.6994631814,15636.8069866627,"x"
"1078",14919.9104942383,15709.4891801352,"x"
"1079",14713.1442148639,15202.9393125883,"x"
"1080",14891.0822036327,15672.5163221622,"x"
"1081",14690.8447373488,15198.8752360337,"x"
"1082",14899.0547506234,15729.1689061155,"x"
"1083",14695.9509068983,15175.1923820719,"x"
"1084",14833.9755959506,15720.8665901165,"x"
"1085",14886.4505773866,15695.747284992,"x"
"1086",15196.630717372,16255.5125301293,"x"
"1087",14566.699156473,14971.4486754395,"x"
"1088",14650.753418365,15263.601488371,"x"
"1089",14781.374387922,15356.6912280556,"x"
"1090",15048.1535610328,16022.4451545877,"x"
"1091",15671.2860397314,17130.8715965657,"x"
"1092",14676.6087566586,15304.8052813233,"x"
"1093",15012.5862831152,16167.8189008686,"x"
"1094",14748.5134487047,15283.6665569065,"x"
"1095",14889.0790174858,15864.90947856,"x"
"1096",14813.1864544284,15388.3732134086,"x"
"1097",15201.0857383607,16527.686043491,"x"
"1098",14920.0693414548,15746.3508813171,"x"
"1099",15169.504575047,16467.0723120054,"x"
"1100",15107.6603427518,16142.6787156645,"x"
"1101",14829.7342102989,15618.3639920274,"x"
"1102",14564.1658575919,15071.982629683,"x"
"1103",14816.5600110121,15244.7118427534,"x"
"1104",14493.4521636101,14870.0779286028,"x"
"1105",15001.5682562878,15812.9794601714,"x"
"1106",14761.0090572695,15336.1869485058,"x"
"1107",14795.59006223,15696.4435872303,"x"
"1108",14863.4043272058,15613.1813363702,"x"
"1109",15070.2015846884,16194.2298273501,"x"
"1110",14777.039919931,15603.3506767415,"x"
"1111",14819.233008944,15532.1447085539,"x"
"1112",15054.2456626657,16090.0088985321,"x"
"1113",14759.5216259189,15363.5920050841,"x"
"1114",15138.2870620345,16240.196019326,"x"
"1115",14702.4877836165,15239.5001457078,"x"
"1116",14841.6393976986,15753.1610989309,"x"
"1117",14979.1041056877,15809.4111692013,"x"
"1118",14772.0383773588,15275.1501954958,"x"
"1119",14760.8912264194,15203.5627892022,"x"
"1120",14493.1987945266,15062.5183331469,"x"
"1121",14774.4923696742,15298.1697255116,"x"
"1122",14559.6361390246,14983.3621127493,"x"
"1123",14923.241773322,15725.1903352305,"x"
"1124",14791.7644396061,15514.8214114614,"x"
"1125",15045.8537428865,16242.0085428777,"x"
"1126",14759.3270217469,15433.3012147015,"x"
"1127",14893.7110229021,15700.9688184875,"x"
"1128",14712.3125276864,15317.7559174658,"x"
"1129",15381.4480820266,16838.8564401554,"x"
"1130",14884.107085383,15595.5881032187,"x"
"1131",14924.9316164623,15800.2755842272,"x"
"1132",15117.9895359603,16255.918995303,"x"
"1133",14787.3074123567,15509.1516997687,"x"
"1134",15179.2770615696,16240.481684134,"x"
"1135",14870.4056948018,15658.7474529158,"x"
"1136",14607.4048522927,15148.8220527822,"x"
"1137",14984.5304952802,15855.8772160108,"x"
"1138",15170.431302393,16384.0414945906,"x"
"1139",15950.6434833809,17781.1260978631,"x"
"1140",14995.2517073882,16010.5690771877,"x"
"1141",14845.5523944773,15654.5521596129,"x"
"1142",14592.5190327632,15115.1225488845,"x"
"1143",15144.900347648,16155.2065450749,"x"
"1144",15371.6367109865,16715.7878100383,"x"
"1145",14682.6311978193,15258.4785694159,"x"
"1146",15058.3424065463,16029.0702774287,"x"
"1147",14721.2395331847,15258.9902997557,"x"
"1148",14455.5936449624,14871.4238375326,"x"
"1149",14895.8791256169,15748.3551438595,"x"
"1150",14657.4453063641,15065.4406313279,"x"
"1151",15063.6590807958,16033.6343471612,"x"
"1152",15148.4688351947,16161.8728919482,"x"
"1153",14962.6359600826,15728.3867140033,"x"
"1154",14838.8321208925,15543.2447216986,"x"
"1155",14699.5629920621,15182.3790026595,"x"
"1156",14814.604116545,15573.4743443647,"x"
"1157",14854.916209559,15383.2934040204,"x"
"1158",14830.4454892621,15502.8783842614,"x"
"1159",14883.8362112938,15913.4448827647,"x"
"1160",15073.6559333338,16236.8888601699,"x"
"1161",14998.3434183891,15923.6438225176,"x"
"1162",14844.7764222006,15472.0117581787,"x"
"1163",14827.4148122135,15570.5688565828,"x"
"1164",15208.4191494042,16429.0214833867,"x"
"1165",14709.5059258245,15336.8603454792,"x"
"1166",14969.5600391949,15847.8138388725,"x"
"1167",14491.994556316,15036.0480931288,"x"
"1168",14932.7599778981,15824.3435066621,"x"
"1169",14899.2471456367,15731.3726530631,"x"
"1170",14764.4959332671,15557.6757215222,"x"
"1171",15351.6038788802,16862.3242650757,"x"
"1172",14714.0820444889,15288.908815809,"x"
"1173",15214.1851416716,16468.4189799632,"x"
"1174",14790.8698439979,15569.7931861059,"x"
"1175",14654.9129724248,15359.0031296047,"x"
"1176",15042.0880045975,15999.1683505881,"x"
"1177",15099.0079215621,16081.0160238563,"x"
"1178",15038.8594813632,16015.2252644597,"x"
"1179",14921.5405594705,15744.9256130199,"x"
"1180",14722.9721210753,15314.4611347643,"x"
"1181",15040.3369206847,16058.3554571779,"x"
"1182",14682.8477517681,15536.2886684883,"x"
"1183",14820.03246892,15556.7941993235,"x"
"1184",14901.2543644888,15713.5320830865,"x"
"1185",15154.9077138528,16221.2576239691,"x"
"1186",14717.0688723122,15239.0513367737,"x"
"1187",14423.5972114605,14925.9632423548,"x"
"1188",15427.7091313272,16865.133800082,"x"
"1189",14469.7774153241,14774.9484078459,"x"
"1190",14847.2835169095,15514.0738736335,"x"
"1191",14611.5112211779,15014.9717991594,"x"
"1192",15282.5417588031,16450.1085882299,"x"
"1193",14927.343486737,15818.736789609,"x"
"1194",15018.4922761139,16056.6469856931,"x"
"1195",15165.5689791078,16317.3610418878,"x"
"1196",14634.8487840929,15259.8136438507,"x"
"1197",14731.9907560969,15236.9322207701,"x"
"1198",14693.1317786672,15242.347264696,"x"
"1199",14757.2550929013,15439.6818761595,"x"
"1200",14806.5764783498,15493.3570225761,"x"
"1201",14738.0751745221,15386.8235889378,"x"
"1202",14995.7813367739,15874.8111096918,"x"
"1203",14889.0092756727,15734.9617366125,"x"
"1204",15316.4675381587,16652.1226106013,"x"
"1205",14940.6132776664,15738.6655780408,"x"
"1206",15016.5696382375,15991.9951692404,"x"
"1207",14753.6202367416,15606.1465555691,"x"
"1208",14951.4856199881,15848.9801613989,"x"
"1209",14661.0536485336,15318.5470256329,"x"
"1210",14846.2418641207,15706.3024248185,"x"
"1211",14953.7406904872,15790.2063275359,"x"
"1212",14660.4918028929,15207.0566160205,"x"
"1213",14714.1179098565,15300.7807032181,"x"
"1214",14757.0922183138,15325.1575779999,"x"
"1215",15492.9063593123,17115.7233810601,"x"
"1216",14472.3084310669,14830.4598183615,"x"
"1217",14946.3248082787,15890.2204173641,"x"
"1218",14909.2137833685,15964.5412632237,"x"
"1219",14821.4758628483,15442.3924084743,"x"
"1220",15048.4726135109,15921.0737011024,"x"
"1221",15381.6216196982,16531.6286294634,"x"
"1222",14529.7226940263,15171.9908421013,"x"
"1223",16080.6311968601,17925.2959965681,"x"
"1224",15239.3430281459,16350.7336052129,"x"
"1225",14934.8338165171,15684.5945157366,"x"
"1226",14691.8895661551,15461.9717727876,"x"
"1227",14884.3386699031,15886.0177790738,"x"
"1228",14846.4588844265,15595.631958238,"x"
"1229",14620.6930911904,15069.1723075232,"x"
"1230",14982.4254687866,15864.6940678063,"x"
"1231",15215.5639148096,16302.1393212107,"x"
"1232",14748.6388983748,15410.9825914117,"x"
"1233",15104.4307912026,16098.7409896026,"x"
"1234",14697.1333629245,15302.7084008618,"x"
"1235",14722.9350341986,15326.7577096875,"x"
"1236",14467.9298157415,14849.9248000569,"x"
"1237",14625.3440702876,15184.371918678,"x"
"1238",14989.4506148553,15676.118970879,"x"
"1239",14883.2825760044,15726.3101499239,"x"
"1240",14393.2465180132,14722.8075463972,"x"
"1241",15147.4766116164,16323.3877802415,"x"
"1242",15055.6763719073,16003.4329906238,"x"
"1243",14602.0375016895,15141.8222131312,"x"
"1244",14938.4986617334,15753.5400818697,"x"
"1245",14787.5277800104,15504.3877495791,"x"
"1246",14834.2292004677,15630.9515286706,"x"
"1247",14664.436132417,15212.2270556292,"x"
"1248",15116.2509620249,16419.1022488029,"x"
"1249",14688.4624766761,15444.3320898155,"x"
"1250",14499.6481130232,15007.5747098541,"x"
"1251",14982.9860061919,15865.330175137,"x"
"1252",14867.0205465735,15474.266363564,"x"
"1253",14534.4288392846,14812.5737574251,"x"
"1254",14702.9932396764,15323.3365134838,"x"
"1255",15183.0142799264,16371.8576269627,"x"
"1256",14735.7784597599,15359.0609805189,"x"
"1257",14630.3997139403,15362.9566076774,"x"
"1258",15120.6941545233,16231.2740136641,"x"
"1259",15075.6076021694,16050.8618386096,"x"
"1260",15011.4108728609,16031.201126851,"x"
"1261",14529.7118303074,15001.6417765304,"x"
"1262",15095.3016817699,16080.5402419813,"x"
"1263",14999.4002571185,15805.7034183744,"x"
"1264",14823.0535022085,15527.1035638117,"x"
"1265",15088.7145167836,16210.6010336265,"x"
"1266",15068.3633673562,16031.6975313392,"x"
"1267",14725.3203534192,15555.4246929313,"x"
"1268",14749.3091743636,15407.7855352178,"x"
"1269",15438.6691475607,17100.271858336,"x"
"1270",14901.6565409892,15867.6819676231,"x"
"1271",14902.5563644104,15611.5584167176,"x"
"1272",15095.953372969,16114.5488452816,"x"
"1273",15317.088240541,16557.2504572744,"x"
"1274",14779.637708208,15451.8314209276,"x"
"1275",14806.0175517305,15640.2205744516,"x"
"1276",14821.4426053288,15573.1996659338,"x"
"1277",14598.2267490971,15096.3015844674,"x"
"1278",15013.7653438274,15973.1008642358,"x"
"1279",14974.7404970081,15877.2635926802,"x"
"1280",14965.418250112,15859.2065825401,"x"
"1281",15200.2003269605,16460.0614229795,"x"
"1282",15030.2679585809,16050.1616631929,"x"
"1283",14691.9172704142,15293.4588801276,"x"
"1284",14636.3777283775,15146.7741578483,"x"
"1285",14650.5918745677,15307.1323909062,"x"
"1286",14596.228353899,15090.6801389899,"x"
"1287",14961.7966754068,15778.1630210745,"x"
"1288",14728.1110524887,15343.2700858508,"x"
"1289",14836.6847228094,15826.7892774245,"x"
"1290",14429.1959401736,14870.7394269146,"x"
"1291",14665.0245774772,15170.3750666816,"x"
"1292",14841.7824247703,15651.8393451381,"x"
"1293",14859.5522557376,15565.5190843805,"x"
"1294",14964.2433275109,15881.7494040322,"x"
"1295",14845.4293241371,15853.0534562573,"x"
"1296",14797.4618540594,15471.7304387692,"x"
"1297",14973.6971220143,15939.3273141035,"x"
"1298",14298.1854740585,14879.5901716537,"x"
"1299",14531.2897873851,14802.5452779751,"x"
"1300",14754.1458564071,15566.7684803509,"x"
"1301",14648.9308975489,15352.3788998679,"x"
"1302",14871.4330245516,15444.1678850807,"x"
"1303",15203.9068240501,16544.533956904,"x"
"1304",15146.911414331,16288.8152448895,"x"
"1305",15299.0652180093,16324.069629628,"x"
"1306",14622.703334342,15088.2280820439,"x"
"1307",15370.5447459732,16815.6817778967,"x"
"1308",14833.2815133399,15492.7011872572,"x"
"1309",14494.473325594,14906.701538262,"x"
"1310",14883.5067613916,15536.8844281802,"x"
"1311",14684.7222340834,15225.0325538422,"x"
"1312",14671.7284533341,15244.8920326939,"x"
"1313",15041.244140634,16049.7277997353,"x"
"1314",14585.4919392625,15075.4070871086,"x"
"1315",15136.8095812816,16207.1012320048,"x"
"1316",14945.3654762591,15845.3787759314,"x"
"1317",14870.8786682226,15575.2486328005,"x"
"1318",14819.2756921397,15234.72779585,"x"
"1319",14817.5608121934,15692.5249259941,"x"
"1320",15244.289200726,16495.7618003247,"x"
"1321",14510.2883507551,15020.356669299,"x"
"1322",14527.6136118785,15062.7240873112,"x"
"1323",15244.2224749035,16455.989393744,"x"
"1324",14973.4880373431,15968.6794979865,"x"
"1325",15483.8188375987,16937.5113906288,"x"
"1326",14887.9459508874,15582.7365599587,"x"
"1327",15119.1843545444,16225.9552553247,"x"
"1328",14960.230024584,15914.9194172901,"x"
"1329",15075.0337374885,16019.5399238602,"x"
"1330",15174.6051558203,16087.950663471,"x"
"1331",14620.4905297043,15228.6321766886,"x"
"1332",14605.3634895719,15118.8213894808,"x"
"1333",14937.0174043133,15883.0360399963,"x"
"1334",14952.7656280681,15605.95351564,"x"
"1335",14957.2538894409,15865.1616825196,"x"
"1336",14652.4013083018,15189.4277922631,"x"
"1337",14593.8208828582,15115.4558672111,"x"
"1338",15049.8630290381,15960.3543426234,"x"
"1339",14776.2783342595,15399.6147479258,"x"
"1340",14796.6614199674,15293.590423444,"x"
"1341",14760.3055968572,15304.2078423529,"x"
"1342",14855.648303263,15717.028148335,"x"
"1343",15109.4840678467,16215.3981046516,"x"
"1344",14436.428225746,14857.9548167485,"x"
"1345",14651.0531590958,15176.6010646394,"x"
"1346",15234.4610261541,16464.2668230315,"x"
"1347",14599.8484077419,14980.8831461147,"x"
"1348",15363.6971073375,16782.7168471871,"x"
"1349",15280.0079752755,16645.260216683,"x"
"1350",15082.6282944436,15911.8158612692,"x"
"1351",14537.6729113531,15050.2289664354,"x"
"1352",14954.7223384626,15860.1706612136,"x"
"1353",14736.2336868272,15385.2597315505,"x"
"1354",14623.930963331,14922.4650479586,"x"
"1355",14999.7284327204,15737.8286732977,"x"
"1356",15184.3118689126,16304.1103080482,"x"
"1357",14808.1311644438,15599.1705127372,"x"
"1358",15159.5759062678,16299.1108612325,"x"
"1359",14638.4709804402,15144.9244337637,"x"
"1360",14961.7477807732,16030.2279645888,"x"
"1361",14676.8151256013,15071.6959157281,"x"
"1362",14697.8331004539,15283.6266318311,"x"
"1363",15133.0191966632,16252.358168448,"x"
"1364",15336.2316283263,16661.0011950142,"x"
"1365",15227.3014736541,16289.9738651787,"x"
"1366",15131.6827567417,16092.3335122049,"x"
"1367",14536.0654069625,14832.6092454945,"x"
"1368",14864.9775084573,15771.3934816762,"x"
"1369",14812.7909408361,15345.0224701674,"x"
"1370",15280.4138208345,16512.4463919902,"x"
"1371",14900.7205570169,15628.3110503163,"x"
"1372",14974.6235500227,15924.4871090015,"x"
"1373",14766.5142264905,15161.0073849952,"x"
"1374",15071.0085051743,16072.1868043445,"x"
"1375",14663.1100260553,15285.013469718,"x"
"1376",15008.6044488445,15928.4472186279,"x"
"1377",14883.6554305284,15686.0296993111,"x"
"1378",15280.6973632417,16675.6947705544,"x"
"1379",15344.1076384189,16871.0849253597,"x"
"1380",15146.8780341979,16210.6926181666,"x"
"1381",14880.5377363751,15573.7080514441,"x"
"1382",14809.9313019527,15528.8643714288,"x"
"1383",15023.2727109152,16058.9737266871,"x"
"1384",14726.3838096612,15159.2822456834,"x"
"1385",14781.5925960445,15601.3845318543,"x"
"1386",14970.981438862,15873.8332325086,"x"
"1387",15011.466704355,15950.7164487525,"x"
"1388",15009.6893301897,15670.4158165676,"x"
"1389",15139.3912045089,16251.4155878788,"x"
"1390",14654.6726582057,15125.0875129741,"x"
"1391",14951.6905574498,15817.6436203805,"x"
"1392",14635.3008777973,14983.8018047767,"x"
"1393",14568.8411863665,14979.8823381726,"x"
"1394",15165.3191078101,16249.3083323937,"x"
"1395",14839.1045744842,15461.6674208121,"x"
"1396",15079.7626420455,16144.2674317206,"x"
"1397",14810.5500090124,15476.7792983232,"x"
"1398",15162.8850872616,16209.6877374102,"x"
"1399",14528.9365929084,14845.1721969717,"x"
"1400",15674.0527612245,17495.8720074535,"x"
"1401",14704.0846994209,15363.3214344588,"x"
"1402",14831.8495078809,15443.804392132,"x"
"1403",15129.43073871,16303.4567053891,"x"
"1404",14799.9041627099,15286.5311890735,"x"
"1405",14648.1065132156,15183.3916496162,"x"
"1406",14904.5259933464,15733.7577111634,"x"
"1407",15051.1303954561,16305.7985571739,"x"
"1408",15675.6249606467,17522.4117083976,"x"
"1409",14934.2635226461,15763.090724684,"x"
"1410",14741.9124033013,15278.4851763099,"x"
"1411",15212.1497132659,16357.0556808483,"x"
"1412",14993.8056432985,15971.8269287011,"x"
"1413",14877.1796754871,15765.1063029708,"x"
"1414",14812.2759453471,15163.3880232297,"x"
"1415",15010.0039768043,15976.6706268013,"x"
"1416",14698.6591017468,15386.4860183369,"x"
"1417",15175.6406972535,16491.8145376599,"x"
"1418",14514.3981366353,15018.7981145473,"x"
"1419",15290.8482143232,16707.7474916573,"x"
"1420",14935.0328200795,15644.6411598364,"x"
"1421",14589.4113505676,15184.3511649659,"x"
"1422",15034.528079182,16094.9640376556,"x"
"1423",15128.4352458264,16388.6408634139,"x"
"1424",15063.0157019319,15794.3958720439,"x"
"1425",14874.3365386204,15655.0832468188,"x"
"1426",14704.8421499308,15246.3927743766,"x"
"1427",14914.2618617613,15769.7830475831,"x"
"1428",14709.9414920135,15313.2385322827,"x"
"1429",14752.6981844304,15367.0294011371,"x"
"1430",14910.1700225305,15702.8530416333,"x"
"1431",14782.9913181861,15421.8255713316,"x"
"1432",14560.9897532751,15191.5302643766,"x"
"1433",14505.0339159248,14901.5490134486,"x"
"1434",14532.8106281371,15038.9984299409,"x"
"1435",15349.9774347,16501.9967421976,"x"
"1436",15153.3036873958,16334.7512437769,"x"
"1437",14815.9755824914,15409.9809255815,"x"
"1438",14831.6952321151,15730.6533196754,"x"
"1439",14729.9622262452,15338.4558940785,"x"
"1440",15045.050034668,15867.1211158427,"x"
"1441",14678.7358837795,15324.6057942241,"x"
"1442",15009.8357542798,15906.8608129387,"x"
"1443",15078.950378563,16036.7908689853,"x"
"1444",15104.3590003115,16176.1184472242,"x"
"1445",14619.6624371214,15045.2855209345,"x"
"1446",14809.1817538516,15486.8587843419,"x"
"1447",14827.9851749361,15402.1167416226,"x"
"1448",14493.6095619112,14979.1290191093,"x"
"1449",14835.7364844502,15754.1677241627,"x"
"1450",15003.872949889,16046.6028778884,"x"
"1451",14596.5570730432,15010.2000143396,"x"
"1452",15300.2525165028,16476.8556725704,"x"
"1453",14968.2238660544,15953.5470154696,"x"
"1454",14789.448584027,15445.8377608055,"x"
"1455",14762.9267830986,15605.23287941,"x"
"1456",15160.8411557544,16209.3400553248,"x"
"1457",14711.5083257694,15129.1873948395,"x"
"1458",14803.5390243685,15325.2691954734,"x"
"1459",15286.2695857713,16462.3403950166,"x"
"1460",14763.6741153393,15549.0528372656,"x"
"1461",14659.2124103063,15283.485570213,"x"
"1462",14945.6452868269,15873.7702383979,"x"
"1463",14685.6612702005,15275.185226175,"x"
"1464",14688.4925905694,15258.8983540788,"x"
"1465",14600.5263906739,15239.61758868,"x"
"1466",14711.6582277785,15244.3272148338,"x"
"1467",15050.8115594117,16221.3717892919,"x"
"1468",15167.7536869711,16344.3004934741,"x"
"1469",15128.0235991481,16019.1071817765,"x"
"1470",14511.7144337114,14907.8949105992,"x"
"1471",14959.7245889766,15884.5808560754,"x"
"1472",15102.3792580891,16325.9658024231,"x"
"1473",14617.035161141,15270.5485236881,"x"
"1474",14661.9897081673,15256.241273922,"x"
"1475",14668.4687252765,15199.8049693235,"x"
"1476",14700.536026758,15315.9600324949,"x"
"1477",14478.8148081355,14806.2196693691,"x"
"1478",14782.4151123499,15549.8556020404,"x"
"1479",15099.101931297,16122.8136969033,"x"
"1480",15100.9066542633,16188.8539150208,"x"
"1481",15014.5675943395,15965.5703714936,"x"
"1482",14645.1161456547,15140.4662606193,"x"
"1483",15062.0020456844,15988.6867538161,"x"
"1484",15293.4355297335,16258.7467790861,"x"
"1485",14582.0850591259,15009.2569442124,"x"
"1486",14727.3148117469,15388.4504701931,"x"
"1487",16170.8884587944,18401.6439830297,"x"
"1488",14732.8975612368,15317.2050872958,"x"
"1489",14642.7184073124,15279.0956373327,"x"
"1490",14715.9318869975,15349.3322798688,"x"
"1491",14678.4705802873,15156.5317941521,"x"
"1492",14992.1461265546,15932.7341496196,"x"
"1493",15106.9838822217,16278.9563533619,"x"
"1494",14861.7280155148,15529.7016561628,"x"
"1495",15192.6553942764,16223.1088589344,"x"
"1496",14681.080086476,15450.9553673932,"x"
"1497",14984.9215562086,15849.9354645252,"x"
"1498",15077.8606744428,15941.4002927301,"x"
"1499",14802.7585525385,15375.0906391569,"x"
"1500",15102.5580330658,16296.948445659,"x"
"1501",14372.5046344901,14698.5845553337,"x"
"1502",15070.9281005156,16226.449744961,"x"
"1503",15252.5795604936,16421.0194897945,"x"
"1504",14635.0838710152,15303.8111834866,"x"
"1505",15209.4209647642,16609.968483594,"x"
"1506",14933.5824195868,15640.0166014986,"x"
"1507",14733.2055651745,15445.3478225848,"x"
"1508",15228.4686439932,16487.7177210715,"x"
"1509",14728.9422814022,15381.1271692549,"x"
"1510",15051.1230762903,16018.4780681106,"x"
"1511",14713.4399665381,15059.3890737532,"x"
"1512",14541.5656520196,14745.7586239629,"x"
"1513",14391.1210256914,14688.0788003578,"x"
"1514",15404.3218924314,16699.4265370112,"x"
"1515",14696.8215450622,15236.2518980832,"x"
"1516",14584.4942485881,15181.2087218587,"x"
"1517",15028.8945284458,15910.303913245,"x"
"1518",15056.7266758421,15932.8433369421,"x"
"1519",15171.9423871384,16429.1952066662,"x"
"1520",15192.1599752837,16068.8176351473,"x"
"1521",14854.9274629629,15731.5473643375,"x"
"1522",14664.6960824566,15236.9669946354,"x"
"1523",14998.1245170291,15792.451557695,"x"
"1524",15039.8013900951,16113.1879956159,"x"
"1525",14790.8684939343,15352.4922950749,"x"
"1526",14775.6964029913,15235.4495834823,"x"
"1527",14897.3141904366,15668.719295184,"x"
"1528",14568.4352668934,15030.3332111656,"x"
"1529",14992.5422256836,15804.9133445503,"x"
"1530",15389.2663155374,16513.81147031,"x"
"1531",15301.7263585299,16622.153272245,"x"
"1532",14984.0727298719,15715.1385195396,"x"
"1533",14885.9651108653,15720.1366982546,"x"
"1534",15035.0723952018,16021.6850082287,"x"
"1535",14629.3943749863,15077.5999949133,"x"
"1536",14663.8224267425,15229.9863539634,"x"
"1537",15414.4232163632,16679.6572106717,"x"
"1538",14467.10522445,14787.4628899008,"x"
"1539",14662.4068234028,15123.3770922576,"x"
"1540",14344.7907703497,14801.1857351873,"x"
"1541",15445.5147642769,16876.460233455,"x"
"1542",14481.2760707353,14918.6782821176,"x"
"1543",14479.455327727,14936.736568265,"x"
"1544",14628.2834791786,15122.8092746813,"x"
"1545",14513.6643974777,14906.2504961439,"x"
"1546",15059.6556471577,16043.207535954,"x"
"1547",14836.4380658487,15657.0150289791,"x"
"1548",14845.3015653169,15507.1668921937,"x"
"1549",14776.538787879,15596.0851952807,"x"
"1550",15197.9387976758,16288.4207774868,"x"
"1551",14900.2161995411,15726.7406126477,"x"
"1552",15177.1549630667,16320.7999082669,"x"
"1553",14939.8977892751,15755.0629093051,"x"
"1554",14768.386439223,15553.9605014444,"x"
"1555",15135.4179464629,16247.0161436978,"x"
"1556",15332.077516018,16319.7743950977,"x"
"1557",14867.0601971262,15711.9853926598,"x"
"1558",14693.4269815243,15153.8745586414,"x"
"1559",14934.5613821088,15842.6251536714,"x"
"1560",14902.3877610518,15924.5402635128,"x"
"1561",15040.2948557248,15913.8133091523,"x"
"1562",14529.526273792,15046.4506268641,"x"
"1563",14734.9594781843,15334.5101725934,"x"
"1564",14914.6888107447,15914.845937836,"x"
"1565",14765.97540717,15428.867446979,"x"
"1566",14891.8072776241,15736.7546801936,"x"
"1567",14819.7671685973,15663.1738622453,"x"
"1568",15059.3897005819,16248.7115455748,"x"
"1569",15778.7323794543,17851.4500196616,"x"
"1570",14600.9424897847,15050.8508206173,"x"
"1571",14618.0537678099,15329.9676313244,"x"
"1572",14557.7914692132,14997.845141427,"x"
"1573",14863.3412924374,15513.7814271759,"x"
"1574",15273.4389700679,16516.1820810068,"x"
"1575",14528.3610521981,14967.7710355443,"x"
"1576",14559.4039437007,15083.3364869216,"x"
"1577",14807.3413560278,15553.5866465421,"x"
"1578",14749.4122073485,15324.1718976288,"x"
"1579",14479.3610518995,14820.4569400413,"x"
"1580",14621.073931552,15325.9668444256,"x"
"1581",14827.862759046,15564.0192271922,"x"
"1582",15004.2166767311,15818.333085727,"x"
"1583",15061.0340260964,15803.9823550464,"x"
"1584",14747.0320978699,15445.3898193043,"x"
"1585",14965.0954608426,16000.3841704976,"x"
"1586",14855.2360133755,15694.558266342,"x"
"1587",15142.7522079657,16275.9549637799,"x"
"1588",14705.4607887774,15303.2872916568,"x"
"1589",14983.1338932554,15781.456207231,"x"
"1590",14883.3063240166,15736.1976733575,"x"
"1591",14478.9541356432,14845.2116240387,"x"
"1592",15239.055305641,16545.3510309927,"x"
"1593",14637.6770016361,15218.1913219175,"x"
"1594",14837.0342553984,15629.5951708926,"x"
"1595",14453.4779817311,14895.4846093646,"x"
"1596",14979.8794869327,15836.0345336876,"x"
"1597",15269.6661974511,16361.7884406256,"x"
"1598",14617.2460797953,15069.9010551169,"x"
"1599",15119.1405726867,16380.8738090362,"x"
"1600",15129.7635127501,16093.0099599449,"x"
"1601",14888.5100480454,15770.35349794,"x"
"1602",15076.3938401825,15934.9621516284,"x"
"1603",14834.6395037673,15553.8856825152,"x"
"1604",15540.6126111955,17040.2673255316,"x"
"1605",14779.5030057536,15608.7010579955,"x"
"1606",14570.0666555857,15052.6109398053,"x"
"1607",15035.1772906504,15836.901166441,"x"
"1608",15328.9946154385,16686.1124943015,"x"
"1609",14913.5553598675,15655.1166703738,"x"
"1610",15456.3657602593,17041.4944961217,"x"
"1611",14828.338851947,15654.4819309863,"x"
"1612",15167.5806820929,16190.3730324247,"x"
"1613",14833.2554017422,15508.8986912068,"x"
"1614",15024.6348485384,16025.6856890512,"x"
"1615",15010.0988446369,16214.8297793625,"x"
"1616",15516.3937088638,16798.7530579883,"x"
"1617",14612.26541415,14946.4635778729,"x"
"1618",14922.0773015248,15808.7849220466,"x"
"1619",15167.6771941406,16358.1632842789,"x"
"1620",14462.7044382391,14956.7879195963,"x"
"1621",14688.5799734767,15176.90593472,"x"
"1622",15242.8298939601,16593.1331981074,"x"
"1623",14902.2327459239,15360.2641006497,"x"
"1624",14556.8400380994,15045.5790276027,"x"
"1625",14498.1026091681,14887.048211607,"x"
"1626",14581.6327541473,15152.6054970522,"x"
"1627",15108.3053875818,16137.4304257631,"x"
"1628",14533.4320469321,15015.9713459401,"x"
"1629",14502.6599854305,15049.7611084463,"x"
"1630",15386.9409192489,17047.8895740733,"x"
"1631",14703.2925082864,15369.0893639577,"x"
"1632",14750.5746693146,15295.8527407104,"x"
"1633",14765.0635387705,15520.6287139969,"x"
"1634",15101.2333205952,16190.5778767058,"x"
"1635",14623.7137842154,15217.8840170287,"x"
"1636",15404.6773616101,16824.1125072281,"x"
"1637",14835.1073072069,15635.1950886291,"x"
"1638",15208.2682253614,16303.4308761121,"x"
"1639",14926.6906167659,15751.3575844493,"x"
"1640",14781.3814509623,15185.3977597152,"x"
"1641",15098.3066082573,15993.3966214626,"x"
"1642",15102.7070089831,16234.7221663094,"x"
"1643",14583.903333772,15064.3020002399,"x"
"1644",14577.624354653,15251.3082534338,"x"
"1645",14791.3661029528,15370.0750178109,"x"
"1646",14763.1706779725,15594.7182648908,"x"
"1647",14637.4575765711,15252.5222542557,"x"
"1648",15137.0330120489,16284.6972666264,"x"
"1649",15125.7552020749,16042.4101327134,"x"
"1650",14790.6335551286,15612.1316300304,"x"
"1651",14570.8132782043,15134.0083462415,"x"
"1652",15058.4310561988,16027.2812243196,"x"
"1653",15009.0117499767,15984.3423392623,"x"
"1654",14503.8556151263,14973.3913283335,"x"
"1655",14866.7004209592,15611.2424895025,"x"
"1656",14444.2748214165,14865.9296147425,"x"
"1657",14682.4191185706,15211.2981046864,"x"
"1658",14625.0832372014,15190.4625397685,"x"
"1659",14695.9255377795,15169.3236875527,"x"
"1660",15180.2022161392,16234.7890906329,"x"
"1661",14950.8371629045,15813.8638163401,"x"
"1662",14853.9731819462,15675.917613325,"x"
"1663",15074.7905587901,16143.3200922661,"x"
"1664",14981.420103757,15858.8732679766,"x"
"1665",14660.2914455266,15182.4205079525,"x"
"1666",14861.0585078353,15663.3548697426,"x"
"1667",15189.1482458206,16392.6731611007,"x"
"1668",14845.0724157968,15678.6068392967,"x"
"1669",15093.6166511997,16136.0673020833,"x"
"1670",14282.2723680316,14456.379125966,"x"
"1671",14860.9159276635,15676.1332445044,"x"
"1672",14905.0494977249,15542.7054792578,"x"
"1673",14917.0084892975,15950.7241816091,"x"
"1674",14889.3908269425,15830.8007333999,"x"
"1675",14875.7883197991,15669.624283486,"x"
"1676",15004.7719959352,16017.7980538455,"x"
"1677",14617.1719468754,15164.2426207197,"x"
"1678",15610.6746464983,17326.8191505431,"x"
"1679",14953.3858996906,15972.2450537146,"x"
"1680",14845.5762011437,15684.987352266,"x"
"1681",14746.8031613053,15372.3847975182,"x"
"1682",14958.0420839173,15849.0489214215,"x"
"1683",15385.9291013752,16754.9937249935,"x"
"1684",14590.1863602422,15042.5816458366,"x"
"1685",14541.8956299279,15170.8226930567,"x"
"1686",14823.2024715309,15527.0275481058,"x"
"1687",14650.3506748092,15343.0673576313,"x"
"1688",15123.6129738004,16406.1068171108,"x"
"1689",15173.580286211,16109.2733498838,"x"
"1690",14929.8630666819,15623.4666274233,"x"
"1691",15046.7428808431,16042.9247395897,"x"
"1692",14840.2696960014,15654.2833762749,"x"
"1693",14951.1903832326,15966.6229685107,"x"
"1694",15038.2140767887,16351.0264325099,"x"
"1695",14933.2944000727,15853.3779515334,"x"
"1696",15173.0569193445,16089.2633632029,"x"
"1697",14899.8878036971,15989.5000562758,"x"
"1698",15405.7010346837,16658.5238621052,"x"
"1699",14595.5047393246,14958.5204606608,"x"
"1700",14929.8268483778,15510.6665283532,"x"
"1701",15100.4510879283,16279.2507663931,"x"
"1702",14698.3473917053,15507.9753554366,"x"
"1703",14829.3832828285,15751.8464467365,"x"
"1704",14473.2087738392,14902.065076036,"x"
"1705",14796.7755441431,15601.4803252061,"x"
"1706",14683.0252044741,15307.1458957908,"x"
"1707",15003.5115853653,15935.9902998494,"x"
"1708",15148.0224560703,16135.7828339892,"x"
"1709",14566.8669499547,14926.3388862673,"x"
"1710",14670.1259891439,15221.9788387801,"x"
"1711",14496.0496224986,14961.7223360938,"x"
"1712",14738.174128729,15416.2215061234,"x"
"1713",14631.8838385085,15059.2915524283,"x"
"1714",14828.5942002645,15496.7310467849,"x"
"1715",14806.8556035611,15521.027046788,"x"
"1716",15012.1584189077,15818.1699150979,"x"
"1717",14985.2721022856,15800.0290374193,"x"
"1718",15382.6364466099,16513.2281294138,"x"
"1719",14447.1281623894,14773.5562136063,"x"
"1720",14644.3955537384,15223.6777388024,"x"
"1721",14545.5401127564,15175.6842932224,"x"
"1722",15485.0784584412,17097.7733386246,"x"
"1723",15023.6896784618,16170.0167178209,"x"
"1724",14850.5700432899,15633.0054025424,"x"
"1725",14860.543106764,15668.7682186938,"x"
"1726",14875.6273408254,15512.8689364232,"x"
"1727",14627.2660765333,15187.2125491877,"x"
"1728",15198.8403286019,16546.281543282,"x"
"1729",15537.2662038461,16889.4037660303,"x"
"1730",14815.9694204929,15446.9120363904,"x"
"1731",14580.5840323278,14881.0401405432,"x"
"1732",14396.2497113269,14680.1495980991,"x"
"1733",14443.2917944511,14605.2923558457,"x"
"1734",15343.3148667696,16849.9832395199,"x"
"1735",14453.2653370833,14679.4866413723,"x"
"1736",14869.699080342,15781.4429420658,"x"
"1737",15142.1076140866,16355.84688384,"x"
"1738",14975.2151319772,16099.7885850509,"x"
"1739",14773.5379316229,15542.4335169933,"x"
"1740",14389.9668587629,14731.0468821033,"x"
"1741",14702.7200744874,15182.3181034882,"x"
"1742",14864.4750268194,15688.8066129264,"x"
"1743",14631.5204909588,15245.2968287458,"x"
"1744",14779.8609709556,15629.3728133837,"x"
"1745",14895.483686391,15745.2769364741,"x"
"1746",15610.5154529048,17638.5555206721,"x"
"1747",15053.8670684608,15974.1369210209,"x"
"1748",15658.5431431571,17654.024649898,"x"
"1749",14875.5869570851,15661.2259444648,"x"
"1750",14877.5363531302,15712.4522311218,"x"
"1751",14594.4798142508,15075.2658466204,"x"
"1752",14969.3192645565,15894.0173049991,"x"
"1753",14518.6664298623,14934.914084369,"x"
"1754",14848.4156111723,15533.601344911,"x"
"1755",14920.1944935607,15719.3008414303,"x"
"1756",15263.6086207295,16230.538967811,"x"
"1757",15112.927673297,16134.5383577487,"x"
"1758",14883.1936764205,15714.886771086,"x"
"1759",14760.9959375024,15081.1543439305,"x"
"1760",14588.0239665571,15229.5226154683,"x"
"1761",14790.0143976036,15328.9364452871,"x"
"1762",15459.1548909999,16996.6823607347,"x"
"1763",14717.6164780561,15444.9722730107,"x"
"1764",14980.7918245059,15755.009986288,"x"
"1765",14793.9390723954,15548.9912509784,"x"
"1766",14910.1142378656,15808.6265203261,"x"
"1767",14985.7209970593,15917.8217214731,"x"
"1768",15115.9863674876,15835.8344641177,"x"
"1769",14800.5440482394,15469.1062662205,"x"
"1770",14894.8971056198,15739.2167223731,"x"
"1771",14966.4178068573,15888.6848847354,"x"
"1772",14844.0200287121,15729.0772589791,"x"
"1773",14860.0022506331,15587.936898201,"x"
"1774",14703.7963506651,15180.4350852885,"x"
"1775",14841.6792652852,15634.7702425636,"x"
"1776",15750.2454799287,17288.9208731766,"x"
"1777",14906.1348826161,15668.9016777398,"x"
"1778",14830.2600937799,15441.744662712,"x"
"1779",14723.990560406,15308.0276921789,"x"
"1780",14973.6038294822,15910.6256431718,"x"
"1781",14754.8080937357,15630.1367357068,"x"
"1782",15163.9799852375,16175.12198181,"x"
"1783",14617.1436039661,15224.6356130917,"x"
"1784",15418.4175275079,16938.2110124747,"x"
"1785",14797.6990338642,15543.0049695714,"x"
"1786",14914.6047977232,15715.9198008722,"x"
"1787",14842.5169379784,15669.0458476044,"x"
"1788",14486.2063738951,14979.1078881093,"x"
"1789",14774.7878512254,15487.9326938571,"x"
"1790",15160.8747389886,16014.4814694181,"x"
"1791",14726.6664820025,15503.7445446898,"x"
"1792",14384.8364335458,14802.1572314657,"x"
"1793",14854.1385214982,15590.3617330358,"x"
"1794",14574.3011862754,15152.7172222898,"x"
"1795",14722.8196024313,15278.3674240914,"x"
"1796",15101.462790641,16164.6343962406,"x"
"1797",14776.9523696054,15568.7400429461,"x"
"1798",14678.0069407926,15172.2308975534,"x"
"1799",15274.6534499702,16601.7829551647,"x"
"1800",14476.4556040888,14902.9570884681,"x"
"1801",14942.3289815149,15969.5562119248,"x"
"1802",14937.9433921648,15861.3050134543,"x"
"1803",14949.6129797639,15765.0915197253,"x"
"1804",14446.6827264649,14799.0068716407,"x"
"1805",14732.2356119167,15375.2104803353,"x"
"1806",14999.5424360814,15920.3208303385,"x"
"1807",15013.4323074048,15992.5542836207,"x"
"1808",14629.0293104084,15204.323565283,"x"
"1809",14720.8266179449,15173.4821793745,"x"
"1810",15114.1271671403,16389.6027431279,"x"
"1811",14969.1735509653,15851.4324516697,"x"
"1812",14808.3976797747,15558.934253,"x"
"1813",14915.1168631061,15842.4845030425,"x"
"1814",15204.5448683357,16374.5310192952,"x"
"1815",14706.2705538039,15288.7436303025,"x"
"1816",14695.4105700705,15285.7464483869,"x"
"1817",14707.1736837105,15297.7197916952,"x"
"1818",14847.2573352806,15618.3400419588,"x"
"1819",14634.3706814884,15111.24879083,"x"
"1820",14596.7468607447,15205.1681431062,"x"
"1821",14989.1508117281,15783.7697717153,"x"
"1822",15114.9988552402,16482.3553659751,"x"
"1823",15632.1525063646,17445.032721765,"x"
"1824",15401.0658723856,17144.6581081889,"x"
"1825",14777.3355936033,15542.8261067924,"x"
"1826",14711.5321297004,15078.89141436,"x"
"1827",14599.4568621374,15197.5603652489,"x"
"1828",15015.0641517415,16096.5154574557,"x"
"1829",14643.223491003,15121.481334056,"x"
"1830",14722.6916747933,15362.4485841172,"x"
"1831",14502.791251398,15063.643194747,"x"
"1832",15310.2398022637,16462.1283778176,"x"
"1833",14498.6308931012,14753.5810609238,"x"
"1834",15050.0230855235,15786.7517881975,"x"
"1835",15118.7070163101,16174.5630678523,"x"
"1836",14708.5436618118,15222.9484757055,"x"
"1837",14920.9197642156,15821.4266714854,"x"
"1838",14607.7325690673,15220.2788733658,"x"
"1839",15165.1187457018,16351.5122727359,"x"
"1840",14701.4605215484,15352.0419818553,"x"
"1841",14979.9562059722,15905.0739938313,"x"
"1842",14507.4067605949,14910.539275936,"x"
"1843",14492.2913505197,14777.7594481527,"x"
"1844",14795.5581464357,15490.4197505412,"x"
"1845",15094.4296412319,15990.8710171239,"x"
"1846",14704.2823906103,15512.2624533534,"x"
"1847",14781.7173006095,15247.4562001428,"x"
"1848",14825.8907049237,15571.9403737655,"x"
"1849",14754.6574479139,15500.5323660851,"x"
"1850",15070.9249912524,16006.647959258,"x"
"1851",14494.5688479538,14853.1164043215,"x"
"1852",15471.0163744497,16954.1319784158,"x"
"1853",15909.4391145572,17859.0639537106,"x"
"1854",14807.6707691927,15607.9383689017,"x"
"1855",15116.7715321056,16282.8046702868,"x"
"1856",14832.6598308171,15630.6150094705,"x"
"1857",14465.3713155112,14828.0392508154,"x"
"1858",14596.3599418448,14956.9751349582,"x"
"1859",14948.7747157217,15800.9004437373,"x"
"1860",14710.3142807432,15305.0920359279,"x"
"1861",14754.7898566281,15361.1818431204,"x"
"1862",14525.294849329,15083.9541057281,"x"
"1863",15173.9398191332,16398.8925535651,"x"
"1864",15168.2233869829,16129.3368895796,"x"
"1865",14850.5648452057,15604.802802671,"x"
"1866",14918.7813813491,15859.6463484122,"x"
"1867",14536.6589913032,15022.5060948448,"x"
"1868",14725.6879095127,15294.6020358031,"x"
"1869",14930.726392739,15822.74922081,"x"
"1870",14884.6207486598,15779.6013143377,"x"
"1871",14963.3704384401,16140.2461066097,"x"
"1872",14928.4742060327,15945.47182997,"x"
"1873",15064.3194072926,16080.8177602553,"x"
"1874",14729.563665066,15477.1757991954,"x"
"1875",14895.1415270265,15689.5847511676,"x"
"1876",14793.9917238841,15517.2896405089,"x"
"1877",14720.1466032828,15449.9576460275,"x"
"1878",14954.2608907044,15824.3850986436,"x"
"1879",15340.0477666735,16446.442594725,"x"
"1880",15219.5626208199,16654.4173410454,"x"
"1881",15003.0258723739,15734.6952332919,"x"
"1882",14918.7654342682,15539.4049390881,"x"
"1883",15002.2913219237,15900.4971150674,"x"
"1884",14736.461377598,15541.3024160508,"x"
"1885",16017.7590881421,18196.2709006674,"x"
"1886",15669.9430264812,17631.3496972633,"x"
"1887",15041.0547119075,15946.0301605644,"x"
"1888",14828.4103324455,15582.3023537711,"x"
"1889",14919.8535208145,15607.2474126951,"x"
"1890",14681.2373792258,15148.8322234215,"x"
"1891",15156.8847697552,16155.2391917677,"x"
"1892",14638.7946422772,15289.8149398918,"x"
"1893",14957.4110221998,15882.8886045275,"x"
"1894",14819.6655689853,15388.1944122018,"x"
"1895",15396.8403288943,16708.1816870262,"x"
"1896",14383.5099834133,14779.218020135,"x"
"1897",14996.2717914108,15913.9888359521,"x"
"1898",15063.2217752685,16058.785138487,"x"
"1899",14686.4559517104,15208.3874416494,"x"
"1900",14770.910727096,15502.1839938534,"x"
"1901",15485.7094280449,17106.1688148774,"x"
"1902",14850.486516905,15701.9169106319,"x"
"1903",14580.9223346939,15046.711250503,"x"
"1904",14934.518820293,15475.4157457473,"x"
"1905",15254.422635434,16612.1153170785,"x"
"1906",15056.5116982825,16077.3601076134,"x"
"1907",15028.2419488301,15862.2450654345,"x"
"1908",15879.9988735883,18156.5389567707,"x"
"1909",14851.7668572405,15406.6088425022,"x"
"1910",14844.8333816989,15563.4251725215,"x"
"1911",14736.4992462098,15280.2913521788,"x"
"1912",14893.9750860999,15779.6461245153,"x"
"1913",14618.1596780348,15111.8538177357,"x"
"1914",14900.0613250432,15789.3770326773,"x"
"1915",15137.6378800731,16379.0166197671,"x"
"1916",14827.9833072205,15447.9895527619,"x"
"1917",14962.4309922696,15819.1920068059,"x"
"1918",15022.0371483999,16098.2178128065,"x"
"1919",15106.2414064386,16231.858081505,"x"
"1920",14888.9299462704,15750.6551165377,"x"
"1921",15109.0153801227,16287.1844953981,"x"
"1922",14683.7924662497,15429.1762452839,"x"
"1923",14754.8076219196,15426.542150191,"x"
"1924",14745.8501321957,15513.0583006896,"x"
"1925",14888.1313313986,15569.2672747181,"x"
"1926",14943.8160416945,15961.8490395772,"x"
"1927",14691.3736781769,15265.1530365131,"x"
"1928",14670.3953499741,15187.4448927329,"x"
"1929",14602.3938237932,15136.0305285151,"x"
"1930",14792.4107058431,15544.5502438387,"x"
"1931",14833.231525077,15516.2049939583,"x"
"1932",14713.9918572941,15388.6942051325,"x"
"1933",15538.1500592971,16876.6814997102,"x"
"1934",14745.7085460481,15423.1042018463,"x"
"1935",15088.5018096376,16293.9100468202,"x"
"1936",15359.8352716034,16732.1852331103,"x"
"1937",14912.3221711099,15690.4695835477,"x"
"1938",15113.6704685632,16475.750345648,"x"
"1939",14907.6424929415,15824.181809751,"x"
"1940",15061.9524543631,16073.4196097104,"x"
"1941",14861.4388692638,15721.2396511024,"x"
"1942",14761.7026184226,15643.4854530157,"x"
"1943",14817.6801842324,15586.8035485382,"x"
"1944",14874.1265083673,15522.1370522858,"x"
"1945",14787.842856749,15567.5281823759,"x"
"1946",14737.4433147749,15352.3022911571,"x"
"1947",15195.6494915407,16408.9840515384,"x"
"1948",14987.1628151078,15721.3095798212,"x"
"1949",14719.8620932668,15233.9900018272,"x"
"1950",14570.7891191397,15093.6218651175,"x"
"1951",14953.982364398,15713.7449920996,"x"
"1952",14704.4023549022,15246.8650793132,"x"
"1953",14803.3313759714,15523.9685135485,"x"
"1954",14492.1220675185,15094.5023790186,"x"
"1955",14940.5651074754,15696.2350329532,"x"
"1956",14999.9752912528,16104.4708452734,"x"
"1957",14944.1205551047,15821.3665578189,"x"
"1958",15449.6397666294,17007.8431285705,"x"
"1959",14413.5841448738,14724.917995258,"x"
"1960",15310.8645547959,16635.7435793544,"x"
"1961",14898.440272122,15691.743641852,"x"
"1962",14650.5590643011,15330.5688576272,"x"
"1963",15249.4744049531,16457.3426514278,"x"
"1964",14801.8703696721,15457.9044375397,"x"
"1965",14633.6994426092,15149.7067315766,"x"
"1966",14879.0131775467,15685.4447680604,"x"
"1967",15104.2500152774,15962.3249897307,"x"
"1968",14511.154299976,15085.1720261937,"x"
"1969",14733.9987879129,15440.299043657,"x"
"1970",14645.8128309968,15194.6670216722,"x"
"1971",14605.9039650892,15298.7031348521,"x"
"1972",14519.3065312453,14895.9213299559,"x"
"1973",14594.4204574481,15125.3215613723,"x"
"1974",14666.0427596874,15279.2482441978,"x"
"1975",14756.4580111627,15418.7007321753,"x"
"1976",14951.8418121146,15788.4125203056,"x"
"1977",14939.925816568,15740.0153273671,"x"
"1978",14817.7508132017,15537.2799414278,"x"
"1979",14921.7683754605,15678.2022953666,"x"
"1980",14929.0946714769,15439.7623022316,"x"
"1981",14899.6315566586,15798.6841009857,"x"
"1982",15128.790674634,16138.6145054981,"x"
"1983",15070.6929395858,16044.0141069934,"x"
"1984",14998.2272158181,15865.0131288633,"x"
"1985",14700.1039430862,15273.7048025471,"x"
"1986",14451.2293891125,14994.23757363,"x"
"1987",14711.9621413179,15297.3339577653,"x"
"1988",15056.7097902192,16071.6063473094,"x"
"1989",14947.2031398034,15784.7438609378,"x"
"1990",14744.8296649471,15453.9610173358,"x"
"1991",14887.4140593454,15898.821195673,"x"
"1992",14820.4827071726,15698.3830329108,"x"
"1993",14319.5736205283,14647.5136589054,"x"
"1994",15237.8740520045,16460.7941972717,"x"
"1995",14972.7360992437,15921.125910883,"x"
"1996",14858.9259330977,15729.7866291011,"x"
"1997",14519.7254070818,15134.9445694003,"x"
"1998",14685.8092298558,15238.2272423024,"x"
"1999",14979.4525195148,16008.0552325149,"x"
"2000",14668.2715766326,15341.9554410875,"x"
"2001",14525.4314065502,15049.2467267018,"x"
"2002",14856.8543366693,15533.5348696355,"x"
"2003",15064.4837265973,16216.946792704,"x"
"2004",15090.899898751,15960.9495798089,"x"
"2005",14857.2543076316,15709.7226419279,"x"
"2006",15025.2777813107,16153.3761186237,"x"
"2007",14672.766276995,15100.7936079719,"x"
"2008",14685.3420080194,15093.5758609314,"x"
"2009",14923.7135604339,15686.1973806881,"x"
"2010",14914.4996604367,15745.359105452,"x"
"2011",14738.8564727083,15417.9862414814,"x"
"2012",14759.0959484639,15664.0810228633,"x"
"2013",14731.3846070741,15485.7008871606,"x"
"2014",14525.9710986365,14927.1678998928,"x"
"2015",15097.5059150619,16232.1874593275,"x"
"2016",14973.4349984832,16018.3522276029,"x"
"2017",15069.719991368,16239.0065390484,"x"
"2018",15205.7681404433,16532.3543563217,"x"
"2019",14937.8167273926,15809.3095380915,"x"
"2020",14784.6363237093,15475.3424176368,"x"
"2021",14692.031151362,15310.3594821918,"x"
"2022",15083.7714076089,16281.8055460804,"x"
"2023",14541.2338859194,14974.703651658,"x"
"2024",15304.5507483727,16841.3237048364,"x"
"2025",15328.975687523,16843.5517910455,"x"
"2026",14750.0787784838,15330.1726654912,"x"
"2027",14431.6277757542,14837.5681689153,"x"
"2028",14824.9799565792,15370.3634887107,"x"
"2029",14700.7445178495,15408.4718448094,"x"
"2030",14717.5138950125,15282.0228453665,"x"
"2031",14540.066129387,14964.515794994,"x"
"2032",14584.4923217536,14866.7689266786,"x"
"2033",15207.9455096503,16368.9062829091,"x"
"2034",15011.333065112,15845.6754302382,"x"
"2035",14654.7954263505,15040.2135807322,"x"
"2036",15085.7808872857,16066.8491969253,"x"
"2037",14988.5632505044,15860.1460890455,"x"
"2038",15641.9577298941,17234.8445679489,"x"
"2039",14803.5541790904,15539.1170693811,"x"
"2040",14663.6331862648,15041.1300271869,"x"
"2041",14757.9138692196,15380.5042284116,"x"
"2042",15133.3122729813,16035.6244398135,"x"
"2043",14910.6122604202,15746.9098428505,"x"
"2044",14895.5197776814,15803.2742114605,"x"
"2045",14754.725600141,15275.2287847592,"x"
"2046",14513.3419922149,14985.7969322137,"x"
"2047",14907.7299623509,15734.1731299564,"x"
"2048",14912.1659996916,15725.315408238,"x"
"2049",14958.9582717421,15646.1271948499,"x"
"2050",14953.9180283208,15546.1383157518,"x"
"2051",15327.1607640716,16619.8558537518,"x"
"2052",14834.2291224358,15846.1581247682,"x"
"2053",14337.2347365258,14654.551931157,"x"
"2054",14653.594461542,15179.8957717795,"x"
"2055",14704.7214059,15418.9318026176,"x"
"2056",14589.5934491548,15184.3819867948,"x"
"2057",14753.9405481522,15480.69376167,"x"
"2058",15322.38117343,16564.9593762432,"x"
"2059",15016.7827792387,15959.3712960489,"x"
"2060",14684.1542683154,15480.7925522968,"x"
"2061",14686.3499585856,15309.0539046349,"x"
"2062",14898.4843131918,15721.9892933754,"x"
"2063",14997.024171198,15824.4265308383,"x"
"2064",14891.2825760711,15666.6181271307,"x"
"2065",14867.2335014265,15525.3835008363,"x"
"2066",14912.7529077595,15440.5138296224,"x"
"2067",14753.6092636398,15535.8651659831,"x"
"2068",15081.3064645454,16110.773687272,"x"
"2069",14525.5259910485,14834.4596308935,"x"
"2070",14578.1645409637,15132.9330686005,"x"
"2071",15656.0794287952,17889.2863860438,"x"
"2072",15220.0175320382,16257.9246016284,"x"
"2073",15133.3710741517,16128.8392775839,"x"
"2074",14885.6963808622,15578.4758292958,"x"
"2075",14913.7239938274,15625.7280295324,"x"
"2076",14674.5898489275,15107.1732257898,"x"
"2077",15061.6387985088,15931.2912397097,"x"
"2078",14783.785750953,15592.2356073199,"x"
"2079",15064.5936693366,16105.9348086353,"x"
"2080",15008.9924715743,15992.1225413128,"x"
"2081",14891.1514741789,15754.2003433832,"x"
"2082",15140.9758279488,16231.4895574031,"x"
"2083",14919.2079445306,15780.1940816314,"x"
"2084",14821.3196573163,15402.5306636404,"x"
"2085",15173.6947573965,16337.3611319744,"x"
"2086",15020.5889075929,15990.4917786647,"x"
"2087",14796.1506136435,15797.639331879,"x"
"2088",15060.0929376667,16329.6137749565,"x"
"2089",14698.5731908734,15394.564704776,"x"
"2090",15207.1528402239,16646.5386212581,"x"
"2091",14607.9323734778,15214.0009272245,"x"
"2092",14831.7871615571,15635.4037168853,"x"
"2093",14561.4436303384,15150.173986013,"x"
"2094",14744.1384780244,15390.6498214357,"x"
"2095",14783.0350859117,15236.3918397974,"x"
"2096",14550.6451075714,14855.847920976,"x"
"2097",14620.053983383,15237.6707801767,"x"
"2098",14624.774705175,15009.9544588398,"x"
"2099",15746.3365931102,17684.8856255911,"x"
"2100",15244.871577013,16412.4713423821,"x"
"2101",15037.5889510517,16169.149923528,"x"
"2102",14619.1962350782,15187.2992490767,"x"
"2103",14905.6917680756,15776.8830842448,"x"
"2104",14548.8082246754,14893.0163141218,"x"
"2105",14974.4564636671,15778.4968956166,"x"
"2106",14911.3924437787,15774.3463252175,"x"
"2107",15293.3132026817,16550.202870314,"x"
"2108",15283.3028046166,16818.5595968818,"x"
"2109",15193.8900161806,16372.9895394975,"x"
"2110",15161.88489159,16223.8996463918,"x"
"2111",14648.3612006377,15356.2433397007,"x"
"2112",14336.5281755057,14693.0585675864,"x"
"2113",14824.483515317,15475.9868602021,"x"
"2114",14745.3226848279,15347.0068326283,"x"
"2115",16136.6906439933,18033.4767659474,"x"
"2116",15084.8005804196,16223.3367175411,"x"
"2117",14633.7646131923,15004.0139035505,"x"
"2118",14826.3455076472,15736.7135550594,"x"
"2119",15272.6441138149,16356.9554581878,"x"
"2120",14547.6017689142,14867.2221225362,"x"
"2121",15193.0581160023,16548.567925035,"x"
"2122",14968.8691856926,15898.3449130965,"x"
"2123",14452.9463722357,14812.3277061143,"x"
"2124",14820.7204641048,15578.8985387645,"x"
"2125",14795.2796888585,15431.2607074493,"x"
"2126",14438.3404542226,14950.3110261583,"x"
"2127",15173.7726773991,16204.2302778484,"x"
"2128",15453.4144433893,16949.5914712704,"x"
"2129",14513.5095732706,14950.7700923655,"x"
"2130",14631.4714937486,15188.579969779,"x"
"2131",15085.5083417691,16074.2834173,"x"
"2132",15649.7148810398,17104.1835158384,"x"
"2133",14836.4609212396,15517.0548340235,"x"
"2134",15238.0710005378,16207.9075877884,"x"
"2135",15144.3191078838,16258.5459306585,"x"
"2136",14956.7617752269,16009.9096400661,"x"
"2137",14853.5850319656,15509.1367531204,"x"
"2138",14452.882914588,14754.1660075057,"x"
"2139",14787.0119196975,15334.6612024873,"x"
"2140",15506.9902457218,16609.7948947551,"x"
"2141",15207.5630653144,16178.9250755809,"x"
"2142",15068.4525559499,16183.7348830047,"x"
"2143",14857.3657312969,15736.9555399493,"x"
"2144",15425.617413302,16847.4346403812,"x"
"2145",15392.0935649253,16841.0406559829,"x"
"2146",14738.499211815,15232.7913999756,"x"
"2147",14754.3824876221,15296.7399412443,"x"
"2148",15015.6388562114,16087.373256989,"x"
"2149",14540.1971027061,14733.2516207443,"x"
"2150",14807.1792567075,15498.9613438969,"x"
"2151",15262.6284383773,16619.6725830989,"x"
"2152",14799.7935745937,15707.8680405463,"x"
"2153",14627.3731334977,15363.2112538057,"x"
"2154",14641.4056128946,15257.3758402688,"x"
"2155",14780.4308614542,15434.4947168096,"x"
"2156",14935.2696497294,15798.6704055799,"x"
"2157",14839.8248705285,15450.2848322514,"x"
"2158",14828.6268629166,15641.264919957,"x"
"2159",14580.0489226764,14995.1693762394,"x"
"2160",14705.5889469712,15064.9055308337,"x"
"2161",15096.6274161256,15929.5244870662,"x"
"2162",14828.7722693305,15568.1108417121,"x"
"2163",14763.3317330999,15447.9417231546,"x"
"2164",14588.7951660047,15115.5273863319,"x"
"2165",15029.1012022544,15862.714293903,"x"
"2166",14631.7589700791,15179.549503848,"x"
"2167",14966.1858961816,15891.7486878703,"x"
"2168",14485.0106234484,14764.6931082372,"x"
"2169",14681.6381545631,15398.806523056,"x"
"2170",14670.8825474691,15146.1263677468,"x"
"2171",14968.5649249228,15753.6945045219,"x"
"2172",14797.2077560872,15478.0039782708,"x"
"2173",14874.6227900402,15686.28918802,"x"
"2174",14847.5263685415,15520.6096383014,"x"
"2175",14923.0844705406,15527.417578105,"x"
"2176",15324.9872470764,16606.3430731376,"x"
"2177",15006.5381374776,15889.4925860001,"x"
"2178",14989.6403073948,15810.098478464,"x"
"2179",14483.9563041391,14885.8487943801,"x"
"2180",14738.493407956,15435.6251410243,"x"
"2181",14539.2748328847,14843.8846064207,"x"
"2182",14921.8400816656,15778.4988004519,"x"
"2183",14533.0459139499,14937.790048376,"x"
"2184",15022.8722065606,15976.3514778191,"x"
"2185",15460.6316321069,17091.7974294826,"x"
"2186",14705.9376216458,15122.4285023613,"x"
"2187",14797.4748612927,15483.193310666,"x"
"2188",14688.4990972255,15262.023586134,"x"
"2189",15077.1886888763,16219.0373520223,"x"
"2190",14712.7651522707,15407.3852886764,"x"
"2191",15038.6464994892,16048.6115293945,"x"
"2192",14604.7071003635,15112.7059663703,"x"
"2193",15048.5982705457,16085.7153467264,"x"
"2194",15389.4462324063,16801.5048123835,"x"
"2195",14809.8487815134,15663.1566337862,"x"
"2196",14789.2543840415,15520.8974213005,"x"
"2197",15012.944694452,15857.539157014,"x"
"2198",14647.1962444956,15327.6499540024,"x"
"2199",14764.8453680271,15511.2740463879,"x"
"2200",14777.9286668359,15393.7777512605,"x"
"2201",14912.5230189526,16111.515459953,"x"
"2202",14638.3878115699,15220.5903056678,"x"
"2203",15005.816947819,15887.7436901033,"x"
"2204",14690.9917438502,15404.0119396297,"x"
"2205",14859.8783513393,15596.1726744902,"x"
"2206",14721.5879975315,15455.2000773145,"x"
"2207",15026.3852529799,16028.6637974549,"x"
"2208",14784.3404248388,15443.9852721039,"x"
"2209",14544.5625937381,15071.4933094542,"x"
"2210",14891.6666809548,15641.9270468865,"x"
"2211",15693.300370114,17518.9914765364,"x"
"2212",14480.9131209943,14973.4406211847,"x"
"2213",15223.1262807116,16398.9070227163,"x"
"2214",14644.7982283814,15276.497761851,"x"
"2215",14977.9980863812,15818.5234973545,"x"
"2216",14879.6507607126,15836.2680521198,"x"
"2217",15024.8459610771,15793.1854466324,"x"
"2218",14961.5826521851,15899.3367018434,"x"
"2219",14702.9277792363,15452.6547907935,"x"
"2220",15075.0063515388,16245.8867886681,"x"
"2221",14843.1860830241,15439.5726196285,"x"
"2222",14786.2173625506,15466.9186741776,"x"
"2223",15359.3887842625,16896.5895837464,"x"
"2224",14917.9092571608,15837.739821296,"x"
"2225",14915.9096874447,15734.4126685528,"x"
"2226",14410.5488918489,14661.0430381021,"x"
"2227",14853.15745012,15581.8724623258,"x"
"2228",15004.4331621502,15930.1738250934,"x"
"2229",15150.2413423366,16298.0793356051,"x"
"2230",15386.0539759479,16477.1015643386,"x"
"2231",14627.7481048093,15253.8189225193,"x"
"2232",14916.0801848273,15962.847955944,"x"
"2233",14787.1070032501,15496.858583672,"x"
"2234",15258.1777319274,16356.9683579917,"x"
"2235",15003.6902040864,15679.2891118522,"x"
"2236",14726.9206336069,15100.3767742669,"x"
"2237",15272.1990935955,16323.7584672122,"x"
"2238",14640.930318554,15182.3552116602,"x"
"2239",14793.6724332914,15646.0909985142,"x"
"2240",14755.4550893876,15239.7732687256,"x"
"2241",14661.3139037282,15217.5045693088,"x"
"2242",14511.2771085225,14916.3324399647,"x"
"2243",14614.0477635167,15386.2369984401,"x"
"2244",15057.4730437781,16182.3335058109,"x"
"2245",14901.9884780699,15586.4123922501,"x"
"2246",14916.3396515713,15949.0186544032,"x"
"2247",14986.2635670082,15873.3601277985,"x"
"2248",14959.8675823063,15765.7670339417,"x"
"2249",14546.9785016965,14822.8430961103,"x"
"2250",14881.26324674,15651.9302392354,"x"
"2251",14736.3010010128,15269.0101314021,"x"
"2252",15470.8655257214,17066.0468618743,"x"
"2253",14822.1422518161,15509.8442158913,"x"
"2254",15292.6377540991,16542.0774316561,"x"
"2255",14755.9392479253,15419.0377426754,"x"
"2256",14665.5283918686,15173.2048747872,"x"
"2257",14568.6875768013,14942.8184775421,"x"
"2258",15109.2638362958,16365.8291399334,"x"
"2259",14749.6214235429,15226.6733091403,"x"
"2260",15200.1814524354,16575.7689816296,"x"
"2261",15062.5866515548,16064.0349775874,"x"
"2262",15083.7457142429,15986.1311033566,"x"
"2263",14521.7723817201,14912.0867706076,"x"
"2264",15375.3800052355,16743.9250521289,"x"
"2265",15327.3210701418,16573.345688409,"x"
"2266",15143.6426395959,16006.4207672254,"x"
"2267",14737.7827715328,15476.7415272872,"x"
"2268",14758.0288519239,15423.8466209973,"x"
"2269",15124.6528206792,16172.7443129802,"x"
"2270",15002.9166144296,16044.2084571619,"x"
"2271",14824.641378333,15637.6425362286,"x"
"2272",14547.1271464612,14961.9199038367,"x"
"2273",15021.2247332609,15895.409816075,"x"
"2274",14451.3722661062,14986.4729982247,"x"
"2275",14588.5471871037,15075.8339164737,"x"
"2276",14791.2185013335,15534.0428879819,"x"
"2277",14673.0169891,15349.506533237,"x"
"2278",14565.9380936403,14949.2306531409,"x"
"2279",14700.5584211216,15379.8616529016,"x"
"2280",14650.7110664181,15004.6666196598,"x"
"2281",14390.320617936,14656.1460219066,"x"
"2282",14696.8109979016,15347.1891845651,"x"
"2283",14861.1657851712,15444.4775124844,"x"
"2284",15110.1964304487,16122.7636007096,"x"
"2285",14989.6608982038,15875.783681947,"x"
"2286",14762.1495147194,15479.5829826641,"x"
"2287",14754.1052670447,15556.3194957803,"x"
"2288",14680.557114958,15345.2675719958,"x"
"2289",14691.2165687786,15173.2736794161,"x"
"2290",14917.3917896778,15588.8663897076,"x"
"2291",15584.1743529556,17691.6325368864,"x"
"2292",15133.1768424725,16360.7616314708,"x"
"2293",14699.4646762485,15384.6730672946,"x"
"2294",15029.618851032,15774.4063770085,"x"
"2295",14579.9625560453,15296.4974401663,"x"
"2296",15042.5485376932,15887.8881045345,"x"
"2297",14494.812463438,14786.1286149103,"x"
"2298",14777.0267171262,15479.8067346592,"x"
"2299",14411.711356731,14765.778309583,"x"
"2300",14902.1454279791,15560.1022744504,"x"
"2301",15096.4575463571,16292.4228111048,"x"
"2302",14534.4024047404,14984.9830114826,"x"
"2303",15255.385307944,16572.144606276,"x"
"2304",14708.3289873482,15290.4472815403,"x"
"2305",15034.6343420383,15872.5227756213,"x"
"2306",14801.3356096712,15543.5773375592,"x"
"2307",15206.6979938247,16242.9118184292,"x"
"2308",14452.6112366287,14934.557438831,"x"
"2309",14795.4050450417,15611.7379355304,"x"
"2310",15147.713519741,16297.8892760796,"x"
"2311",15930.744695424,17802.8984163404,"x"
"2312",15220.8706701637,16474.3882996477,"x"
"2313",14600.8250894862,15032.8605946091,"x"
"2314",15624.9952419418,17495.2912049922,"x"
"2315",14756.6605644723,15436.2452011419,"x"
"2316",14823.4375773428,15503.8193286856,"x"
"2317",14943.1432359992,15803.5443386919,"x"
"2318",14906.3045694565,15896.7790662189,"x"
"2319",14614.0915901514,15158.4467561418,"x"
"2320",14864.2592957127,15361.07398292,"x"
"2321",14595.280201654,14945.6765312629,"x"
"2322",14701.494978589,15357.2709247342,"x"
"2323",14808.6047798871,15494.829008182,"x"
"2324",14638.4016107158,15276.2641985733,"x"
"2325",14692.4716274213,15393.463688708,"x"
"2326",15379.6218563969,16781.0455824843,"x"
"2327",15523.5271309234,17020.5766372807,"x"
"2328",14725.8359208164,15332.4606233037,"x"
"2329",14652.527446913,15073.817597658,"x"
"2330",15240.031316412,16504.9236690708,"x"
"2331",14726.5950446086,15422.1067113374,"x"
"2332",14774.6510384025,15371.1024181873,"x"
"2333",14426.8991243907,14745.2545635996,"x"
"2334",15281.149908478,16724.5028915915,"x"
"2335",15024.1591244334,15853.6048290462,"x"
"2336",14838.0987343193,15534.1918043104,"x"
"2337",14810.1081536159,15461.7381508233,"x"
"2338",14736.8857410371,15347.3542168643,"x"
"2339",14731.3934237742,15488.014565914,"x"
"2340",14917.3581055576,15441.4049457003,"x"
"2341",14572.3047517794,15153.5839332692,"x"
"2342",15094.704773744,16065.7027183508,"x"
"2343",15036.2339287215,15958.8516628323,"x"
"2344",14744.4495363039,15335.2255134504,"x"
"2345",15130.0162909303,16405.4884275011,"x"
"2346",14671.2792776499,15267.0519919946,"x"
"2347",14532.7497595655,15123.3434223869,"x"
"2348",14706.7027923608,15375.3219945628,"x"
"2349",14735.3672656282,15317.414320745,"x"
"2350",14772.951083835,15431.1602749997,"x"
"2351",14795.7150145166,15449.3860283571,"x"
"2352",14870.8235664881,15727.8812036853,"x"
"2353",15084.303380365,16198.4359727195,"x"
"2354",14664.6454302381,15255.431363115,"x"
"2355",15359.1833595179,16938.6300098124,"x"
"2356",15235.5492799891,16360.8996310055,"x"
"2357",14956.1061434917,15627.7168500039,"x"
"2358",14944.6503446181,15795.8339001822,"x"
"2359",14519.0615168246,14989.599548418,"x"
"2360",14773.2129751652,15415.3650696059,"x"
"2361",14605.7187518773,15137.6311575395,"x"
"2362",15324.1714363376,16604.632990666,"x"
"2363",15151.2273660459,16287.7723239031,"x"
"2364",14765.1528779112,15436.0073794033,"x"
"2365",14832.1990002423,15519.6215942741,"x"
"2366",15238.4457014309,16380.114248795,"x"
"2367",15213.8456267028,16614.6457160649,"x"
"2368",14879.8458969743,15548.7733947947,"x"
"2369",15099.5685926604,16105.8044915138,"x"
"2370",15280.8419395133,16354.6133138739,"x"
"2371",14780.6672674424,15732.377095528,"x"
"2372",14670.1560146097,15223.2450711422,"x"
"2373",14477.977340318,14968.7627487983,"x"
"2374",14887.5841531985,15590.2206890794,"x"
"2375",15109.5481763837,16101.2591845849,"x"
"2376",14791.3074193312,15466.3748934647,"x"
"2377",14508.8687121541,14943.0680560174,"x"
"2378",15330.0906750927,16815.4809549344,"x"
"2379",14902.9783997105,15727.6978862898,"x"
"2380",15095.0991837782,15954.2889264028,"x"
"2381",14848.7238183993,15581.9492863509,"x"
"2382",15018.9333399959,15925.9881850718,"x"
"2383",15099.8346920187,15795.3814165733,"x"
"2384",14567.0824022213,15144.6334051659,"x"
"2385",14841.2176541858,15652.5151216601,"x"
"2386",14898.9210845909,15646.7017763536,"x"
"2387",15154.2121251906,16208.2813877198,"x"
"2388",15006.8574085372,15886.8147606395,"x"
"2389",15314.2938324587,16481.3983791742,"x"
"2390",14777.2247380462,15459.105193212,"x"
"2391",15030.3002947928,15989.5600445093,"x"
"2392",15136.9681951226,16364.2079319464,"x"
"2393",15046.5109370311,15898.9770016553,"x"
"2394",15242.9998935694,16274.7044179262,"x"
"2395",14610.8053008182,14987.7754781089,"x"
"2396",14612.0115960754,15319.2784982402,"x"
"2397",15041.433813133,16033.613025112,"x"
"2398",15085.6402488329,16038.5672860193,"x"
"2399",14591.8625523523,15126.3751838035,"x"
"2400",14895.0358277267,15657.5887518475,"x"
"2401",15011.3008234434,15943.7640463951,"x"
"2402",14611.4514826008,14790.9443483651,"x"
"2403",14769.7390880523,15327.0129249659,"x"
"2404",14769.1945457063,15380.1823294737,"x"
"2405",15161.0727538773,16403.6348946779,"x"
"2406",15177.8254490242,16174.8099931118,"x"
"2407",15085.4853879989,16134.9418651641,"x"
"2408",14877.4894886574,15665.2716039223,"x"
"2409",14966.6047144753,16111.2092112236,"x"
"2410",15257.0866339017,16392.5787006893,"x"
"2411",14508.9918034509,14874.9611314143,"x"
"2412",14451.5020222954,14939.4501385774,"x"
"2413",14892.1352642512,15463.3617541785,"x"
"2414",15126.9786316771,16328.2770433447,"x"
"2415",14927.6654097211,15698.4690289755,"x"
"2416",14743.4720447554,15400.0823792308,"x"
"2417",15165.5141020029,16424.4074792832,"x"
"2418",15041.141478072,16117.0928039681,"x"
"2419",15242.7647304022,16440.03268782,"x"
"2420",15293.1431273313,16485.8882196007,"x"
"2421",14583.770682434,15073.5854794696,"x"
"2422",14451.9815978365,14804.9352154046,"x"
"2423",14950.128168093,15909.2800128343,"x"
"2424",14542.7207019487,14980.8761447778,"x"
"2425",15054.9036208395,16094.7346256656,"x"
"2426",15005.8831429598,16061.5061503767,"x"
"2427",14676.6500675593,15224.9974726138,"x"
"2428",14738.5025561197,15460.7177723958,"x"
"2429",14738.5808121878,15299.0548007836,"x"
"2430",14580.9371178137,15062.1110196022,"x"
"2431",14979.6250732506,15837.2774988777,"x"
"2432",15276.7863431162,16275.8534712556,"x"
"2433",15469.892405733,17246.5002623973,"x"
"2434",14729.23002869,15449.1767767226,"x"
"2435",14784.9318741844,15511.3726959797,"x"
"2436",14459.5327891941,14840.3888277994,"x"
"2437",15056.4031149667,16073.0130996271,"x"
"2438",14592.1458826737,14841.4685837737,"x"
"2439",14905.9730977248,15789.1533842663,"x"
"2440",14970.4310308359,16060.5881224479,"x"
"2441",15200.3104170268,16179.5171371595,"x"
"2442",15105.3636188897,16203.3539339042,"x"
"2443",15220.8896647338,16185.5095684258,"x"
"2444",14637.2566310929,15345.610056759,"x"
"2445",14983.7700064702,15843.2511451856,"x"
"2446",14701.8891655434,15428.3536737398,"x"
"2447",15354.8936745875,16870.4844556164,"x"
"2448",14828.4208690953,15543.6919851957,"x"
"2449",14830.994012497,15436.444228271,"x"
"2450",14792.8959753936,15720.8253726307,"x"
"2451",15172.7426824329,16416.6877304671,"x"
"2452",14998.4843662242,15904.9148841709,"x"
"2453",14520.1810952269,14976.7915222201,"x"
"2454",14784.3269280165,15451.5225318287,"x"
"2455",14559.3432903132,15205.7419794752,"x"
"2456",14972.8344311176,15891.4272859088,"x"
"2457",15245.8184927563,16490.596707183,"x"
"2458",14845.9798993517,15558.2025745407,"x"
"2459",14720.2541714693,15265.2833047518,"x"
"2460",14904.4908223926,15602.9801386573,"x"
"2461",15419.8401560148,16866.9492671129,"x"
"2462",14906.0552941155,15687.6652183505,"x"
"2463",14974.3950892149,16057.3543592692,"x"
"2464",14923.6683542576,15700.3948278704,"x"
"2465",15103.0613669774,15906.2073839036,"x"
"2466",14599.6019979515,15101.4578072905,"x"
"2467",14519.2122830437,15138.5308903526,"x"
"2468",14882.4013411985,15585.8378665575,"x"
"2469",14841.6224138673,15630.1279384665,"x"
"2470",14811.9021748563,15644.6928817772,"x"
"2471",15170.2336893482,16192.9851215124,"x"
"2472",14973.7016200607,15913.0837611097,"x"
"2473",14993.6624183508,15880.3750696043,"x"
"2474",15182.7461186765,16140.3421593012,"x"
"2475",14825.8553932201,15461.9619699399,"x"
"2476",15066.4369637613,16051.0171462506,"x"
"2477",14739.8473870641,15329.9292975726,"x"
"2478",15085.156962517,16076.6838296959,"x"
"2479",15323.7813652462,16463.789301595,"x"
"2480",15219.7014749724,16294.5067302701,"x"
"2481",14734.10528679,15215.6320759546,"x"
"2482",15383.264837118,16575.2787604366,"x"
"2483",14554.9658784646,15064.9939033008,"x"
"2484",14488.8476278546,15005.139024,"x"
"2485",14636.0872863233,15074.1833172725,"x"
"2486",14825.9267069052,15555.8549497935,"x"
"2487",14631.522390859,15205.0616177929,"x"
"2488",15011.1774449132,15958.9478968845,"x"
"2489",14623.0124800777,15191.9556219131,"x"
"2490",14848.0876212971,15600.7370668628,"x"
"2491",15316.2961849614,16634.3209118133,"x"
"2492",15096.3390743591,16194.4545535312,"x"
"2493",15133.3449396868,16290.2926713302,"x"
"2494",14408.8288630075,14853.9462008873,"x"
"2495",14707.0335668269,15306.3895825857,"x"
"2496",15080.5584032016,16099.0911709841,"x"
"2497",14860.4829634414,15741.8262987636,"x"
"2498",15050.574890899,15920.9520182176,"x"
"2499",14921.1519529361,15852.5710541589,"x"
"2500",14982.6394661033,15776.5689259647,"x"
"2501",14628.7010629024,15207.6598257028,"x"
"2502",14671.5190023867,15077.2533637561,"x"
"2503",14763.4464698409,15458.9679561916,"x"
"2504",14942.3157979656,15948.4505666029,"x"
"2505",15301.0494054321,16568.093232815,"x"
"2506",15007.0586257722,16020.4047123296,"x"
"2507",14561.4599691459,15109.8949037078,"x"
"2508",14652.9681775372,14928.2951324781,"x"
"2509",15227.6721698674,16363.8393792397,"x"
"2510",15617.7691295726,17182.4498645479,"x"
"2511",14705.1058775445,15296.6128565501,"x"
"2512",14792.23405717,15375.4234936765,"x"
"2513",15050.2611858436,15976.8687097858,"x"
"2514",14966.8491206136,15937.5213448412,"x"
"2515",14906.5850551101,15947.39968983,"x"
"2516",15149.6367722526,16160.5658153478,"x"
"2517",15039.3709088434,16053.0902969319,"x"
"2518",14635.0335893955,15130.4146224012,"x"
"2519",15076.9812586734,16162.632924786,"x"
"2520",14988.8406615939,15754.1007544598,"x"
"2521",14658.2847297984,15211.7620530131,"x"
"2522",14741.3904395298,15491.3488264003,"x"
"2523",15070.8032952409,16199.9917594881,"x"
"2524",14574.4186469492,15154.4060129131,"x"
"2525",14453.4685146487,14817.1104911439,"x"
"2526",14817.8828146887,15675.7314514902,"x"
"2527",15042.8618012432,15967.650131416,"x"
"2528",15357.1668452438,17180.2469341627,"x"
"2529",14713.3658178907,15031.9589209242,"x"
"2530",14580.4865147727,15097.3491721698,"x"
"2531",15187.3925074559,16359.1663670502,"x"
"2532",14849.7536635863,15591.7919952676,"x"
"2533",15061.3617678328,16160.0068147643,"x"
"2534",15157.0166397227,16280.9353603656,"x"
"2535",14982.9954930191,15823.9169144507,"x"
"2536",14822.0885723319,15575.3215080328,"x"
"2537",14818.5587602449,15538.5374137744,"x"
"2538",14533.7636862127,15051.9614660207,"x"
"2539",14810.2102771111,15587.1472509916,"x"
"2540",14746.7046256838,15278.7704565624,"x"
"2541",14193.2435279175,14521.4376979201,"x"
"2542",14574.1635224953,15163.5282286608,"x"
"2543",15420.6596177788,16933.944024301,"x"
"2544",14552.7860611903,14993.6845746225,"x"
"2545",14658.3328551226,15200.8147589283,"x"
"2546",14963.2261851191,15871.3413639989,"x"
"2547",14625.0413680419,15053.7157348332,"x"
"2548",14827.6583008743,15425.9644274859,"x"
"2549",14793.7417686645,15426.1496465156,"x"
"2550",14635.8593165159,15084.9634139906,"x"
"2551",14998.43268747,15965.2876595823,"x"
"2552",16917.0624129071,20196.6844373228,"x"
"2553",14552.4795315552,14989.6211513663,"x"
"2554",15047.4322571609,16131.9073522966,"x"
"2555",14988.4128053953,15452.101257782,"x"
"2556",15078.7510223049,16267.8606767026,"x"
"2557",14699.2260392738,15471.0409640331,"x"
"2558",14618.3401872636,15060.2894296125,"x"
"2559",14537.1946706425,14852.0001674267,"x"
"2560",14989.6428238376,15895.1211933593,"x"
"2561",15255.2434431647,16627.0613320019,"x"
"2562",15248.6960079297,16576.5327375537,"x"
"2563",14686.628765052,15314.3548699547,"x"
"2564",14538.6340304614,14939.1804518841,"x"
"2565",15141.4525664178,16202.3798725577,"x"
"2566",14666.314723443,15349.9060039828,"x"
"2567",14571.0745518084,15165.8008890821,"x"
"2568",14915.9517101105,15827.3714172524,"x"
"2569",14888.3813873262,15806.7261441783,"x"
"2570",14725.2849651552,15325.2400372645,"x"
"2571",14948.4363303347,15831.2207693614,"x"
"2572",15270.6362960481,16617.7323579953,"x"
"2573",14495.27046456,14987.608437051,"x"
"2574",14708.010991345,15126.6763083011,"x"
"2575",15710.4608684203,17367.0372725788,"x"
"2576",14839.0116325601,15637.993295905,"x"
"2577",14967.6026110404,15905.0126176573,"x"
"2578",14575.1658965892,15101.859218165,"x"
"2579",14786.5754351858,15409.384476686,"x"
"2580",15239.2626622735,16651.0444585745,"x"
"2581",15056.8853224776,16017.1430763562,"x"
"2582",15130.5141163357,16225.4022726601,"x"
"2583",15106.5907035001,16119.5081960352,"x"
"2584",14874.0726633159,15659.6823086861,"x"
"2585",15129.3460099777,16159.357683674,"x"
"2586",14881.9725871089,15655.7142662595,"x"
"2587",14695.1937379348,15290.5232969372,"x"
"2588",15134.4720912742,16346.8100209614,"x"
"2589",14989.7283093209,15737.0234297847,"x"
"2590",15003.4897102171,16020.9593508277,"x"
"2591",14613.1901456965,15357.7147676862,"x"
"2592",14574.067639006,15064.5604150142,"x"
"2593",14784.6197208989,15625.1613204534,"x"
"2594",14638.1764401025,15165.1297106459,"x"
"2595",14688.0476493786,15240.3515197505,"x"
"2596",15306.7019525078,16532.6676404664,"x"
"2597",14578.1975859253,14995.9715615109,"x"
"2598",14808.6550180885,15496.076170371,"x"
"2599",14946.5049062681,15736.1116226768,"x"
"2600",15100.6628694579,16110.8049276818,"x"
"2601",14941.2526106313,15890.5050220827,"x"
"2602",14511.2821531143,14816.5830939553,"x"
"2603",14643.9192221578,15346.4084930526,"x"
"2604",14806.8915928993,15612.054495105,"x"
"2605",14543.944440354,15093.9637800774,"x"
"2606",15169.7903842281,16246.3734365345,"x"
"2607",15274.3271202373,16819.582599773,"x"
"2608",15279.9461757722,16457.0989377463,"x"
"2609",14945.7418971889,15888.8181951745,"x"
"2610",14841.3488830066,15477.2514589954,"x"
"2611",15054.5035904646,16013.2116802584,"x"
"2612",14567.5045256517,15123.3645256034,"x"
"2613",15120.8473282013,16307.2213900973,"x"
"2614",15061.9533738074,15945.801927524,"x"
"2615",14868.8029285612,15794.9766442717,"x"
"2616",15690.7030412349,17946.3877538706,"x"
"2617",14661.0333349504,15239.4318352483,"x"
"2618",15108.0614834527,16214.3648412851,"x"
"2619",14762.090918425,15434.3354850539,"x"
"2620",14600.2147181456,14925.3683761001,"x"
"2621",15071.491018326,16125.6597531546,"x"
"2622",14477.511620637,15061.5143975743,"x"
"2623",14995.2750840352,16014.5550014974,"x"
"2624",15059.5241784302,16078.1654055364,"x"
"2625",14856.8689713344,15639.6166181881,"x"
"2626",14758.0367246641,15407.7656446527,"x"
"2627",14456.0792831791,14766.1798205963,"x"
"2628",14958.8383993379,15986.4169140959,"x"
"2629",14755.2948406632,15206.6390958124,"x"
"2630",14748.349018632,15401.6284017049,"x"
"2631",14964.1144185772,15784.1140897557,"x"
"2632",15221.7666203362,16327.6516424899,"x"
"2633",14389.41132436,14929.9286431079,"x"
"2634",14616.8270539243,14986.7209234021,"x"
"2635",14943.7682492372,15982.0724730214,"x"
"2636",14757.7848943074,15290.0779228006,"x"
"2637",14787.8755355344,15581.4716938246,"x"
"2638",14849.7821417964,15480.3044087299,"x"
"2639",15201.1961773652,16343.1501016412,"x"
"2640",14727.7541380804,15521.6949147377,"x"
"2641",14977.2289279423,15867.5823908131,"x"
"2642",14584.3900416182,15016.4570163234,"x"
"2643",14790.3852383246,15459.0105695396,"x"
"2644",14708.3917282154,15144.8984722995,"x"
"2645",15038.9749479268,16041.8037321225,"x"
"2646",14715.3425924152,15362.5217726697,"x"
"2647",14891.1670642354,15708.4126428054,"x"
"2648",14802.3586883282,15756.1444343789,"x"
"2649",14729.7123229407,15476.5184701239,"x"
"2650",14759.7542450795,15343.9379550313,"x"
"2651",14511.0892548674,15021.407935663,"x"
"2652",15421.8707396922,16755.8316811906,"x"
"2653",14537.8765966221,14921.6690607615,"x"
"2654",15689.3016958493,17388.3437325054,"x"
"2655",14861.5228475737,15596.4586802999,"x"
"2656",14382.7586407679,14780.106231263,"x"
"2657",14702.1818532101,15157.6706845741,"x"
"2658",14912.1786694504,15808.7698423545,"x"
"2659",15087.2361899423,16167.797476692,"x"
"2660",14506.4983711415,14943.6677819653,"x"
"2661",14837.1536454106,15424.962188061,"x"
"2662",14621.4172680186,15163.8394888032,"x"
"2663",14771.0836569081,15549.9262939631,"x"
"2664",14969.639340894,16010.5561458088,"x"
"2665",14867.9359712786,15489.7198328432,"x"
"2666",14933.286365854,15677.129740781,"x"
"2667",15142.3676267791,16240.585695943,"x"
"2668",14723.1248363152,15115.0723059965,"x"
"2669",14695.8681692667,15178.3617330121,"x"
"2670",15241.8181274267,16502.897685242,"x"
"2671",14700.5614276819,15210.7272887336,"x"
"2672",15383.4665602991,16843.0656441116,"x"
"2673",14899.7669267597,15677.1382509085,"x"
"2674",14871.291101041,15690.0149677473,"x"
"2675",14759.6600657909,15511.4629179949,"x"
"2676",14741.5266584634,15510.7877411861,"x"
"2677",14688.9698847664,15235.0868084255,"x"
"2678",14813.3670963063,15579.4908493797,"x"
"2679",15567.7106904708,17105.9648000719,"x"
"2680",14780.2693593984,15419.8443886737,"x"
"2681",14535.3867183735,15067.1107691781,"x"
"2682",14753.4938480517,15283.9174718391,"x"
"2683",14837.5597129413,15524.3536880491,"x"
"2684",14849.5429345414,15554.6513808258,"x"
"2685",14970.6116407705,15950.3751676936,"x"
"2686",14968.1448659341,15947.8740791359,"x"
"2687",15517.8324876555,17079.5300071497,"x"
"2688",14768.1532636847,15338.7338677465,"x"
"2689",14918.8276739285,15726.6550800405,"x"
"2690",14835.7249546693,15559.3907194385,"x"
"2691",15010.6381293998,15849.9463919041,"x"
"2692",14919.2233104569,15959.6453631258,"x"
"2693",14756.1488466975,15286.0477436462,"x"
"2694",14740.1087671949,15436.1169335991,"x"
"2695",14722.5194298513,15261.4443643348,"x"
"2696",14818.7723323526,15373.9682298453,"x"
"2697",14871.1981055964,15650.8833003762,"x"
"2698",15148.7623194978,16298.5940097977,"x"
"2699",15006.4463999892,15906.354107995,"x"
"2700",15017.2642651025,15973.8922285559,"x"
"2701",15202.8586991749,16213.1254193096,"x"
"2702",15541.8127247884,16942.5858947116,"x"
"2703",14536.570055286,15110.1878149346,"x"
"2704",14524.0633086426,15024.3280952591,"x"
"2705",15104.8403304251,16189.5334901392,"x"
"2706",14517.6337200486,15059.6203102167,"x"
"2707",14668.1529228576,15208.0749720881,"x"
"2708",15200.5331576364,16299.8711455189,"x"
"2709",15335.5372247172,16838.6097653338,"x"
"2710",14622.0608887396,15253.3415912328,"x"
"2711",14696.7814945896,15272.6402110262,"x"
"2712",14726.973760305,15267.2049544416,"x"
"2713",15114.6750128576,16333.6921885786,"x"
"2714",14746.5231362601,15350.9765382807,"x"
"2715",15730.5725912751,17271.5916654388,"x"
"2716",15031.4286005772,15761.7176747024,"x"
"2717",15010.9235530157,15979.9674365485,"x"
"2718",14848.5305736545,15610.1224368975,"x"
"2719",15175.0487086486,16218.9786148414,"x"
"2720",14640.2370998562,15169.2588990461,"x"
"2721",14803.5415497467,15552.3541661542,"x"
"2722",15163.4207306685,16347.3990854872,"x"
"2723",15067.6083038491,16044.5460536001,"x"
"2724",14872.5699115619,15618.1823707313,"x"
"2725",15081.3264224613,16108.6798394671,"x"
"2726",14800.4938339191,15424.1264476178,"x"
"2727",15026.0725382432,16013.3526861313,"x"
"2728",14747.2200651491,15365.2767555494,"x"
"2729",15059.5988383424,16010.3953947024,"x"
"2730",14915.4839121054,15662.4347944692,"x"
"2731",14851.4840038163,15764.4776865029,"x"
"2732",14885.2806533369,15575.1866685582,"x"
"2733",15257.6117013931,16613.3135650668,"x"
"2734",14768.5032533037,15513.2730019201,"x"
"2735",14671.9420703566,15247.4105620565,"x"
"2736",14631.2547781594,15264.507410209,"x"
"2737",15277.3056294021,16678.4767262852,"x"
"2738",14986.365662249,15968.7387377651,"x"
"2739",14593.4973186722,15127.2671247296,"x"
"2740",14749.9699649805,15367.9874647682,"x"
"2741",14805.0712192077,15595.1237401192,"x"
"2742",15074.2701981504,16111.0683212055,"x"
"2743",15480.3355402358,16980.9727451953,"x"
"2744",15942.0371166134,17703.5673136203,"x"
"2745",15183.2661293017,16177.8698937761,"x"
"2746",14754.928266692,15393.9929309465,"x"
"2747",14962.4822577993,15978.1120426413,"x"
"2748",14685.3187706009,15329.289662645,"x"
"2749",14987.9252338663,15936.7814456725,"x"
"2750",14610.0239657935,15136.7963379944,"x"
"2751",14908.1132592305,15510.9839230553,"x"
"2752",14974.8666900056,15809.7047876827,"x"
"2753",14584.8896251039,14947.2982883074,"x"
"2754",15093.6911121931,16182.1044712991,"x"
"2755",14986.2792436544,16028.6567239031,"x"
"2756",14557.652940536,15176.4963201537,"x"
"2757",14658.3104359003,15149.0335808899,"x"
"2758",14738.1928630565,15368.7228690074,"x"
"2759",15368.454395198,16903.0971112465,"x"
"2760",15178.8724399902,16448.824712862,"x"
"2761",14956.9575139256,15652.3560975495,"x"
"2762",15141.8058696962,16299.4367053734,"x"
"2763",15376.7634443488,16580.6829313509,"x"
"2764",14837.2475080425,15518.6876497425,"x"
"2765",14356.3375851714,14595.2791035936,"x"
"2766",14795.7266307911,15516.0965187347,"x"
"2767",14635.737286266,15009.9598773555,"x"
"2768",15118.9725802838,16327.6970029063,"x"
"2769",14935.5005919306,15701.8938448528,"x"
"2770",14810.9395296411,15398.8176315347,"x"
"2771",14687.6624212582,15395.0236203413,"x"
"2772",15181.4529778714,16312.5353416062,"x"
"2773",15064.2259405223,15888.9226638087,"x"
"2774",14558.4687216947,15138.1392160803,"x"
"2775",14920.0605922934,15864.1254877166,"x"
"2776",14949.3338810954,15959.4484085779,"x"
"2777",14705.0423961962,15351.3195805182,"x"
"2778",15454.1420969362,16676.2241490991,"x"
"2779",14949.6232304833,15851.582535405,"x"
"2780",15280.6390672537,16284.5691616362,"x"
"2781",14801.0694029547,15306.5564007758,"x"
"2782",15318.6859791749,16597.7681926156,"x"
"2783",14779.6509085249,15553.7808578537,"x"
"2784",14943.570897912,16017.664106865,"x"
"2785",14693.8044196705,15391.9724937658,"x"
"2786",14859.2097585761,15616.9184010346,"x"
"2787",14835.5662689568,15361.6678488877,"x"
"2788",14866.1157096762,15572.10436581,"x"
"2789",15309.6155176444,16650.5340655093,"x"
"2790",14808.709212085,15323.8318577089,"x"
"2791",14805.5805518285,15413.0297804734,"x"
"2792",15170.1398692597,16437.0267361089,"x"
"2793",15068.5004746575,16012.686046511,"x"
"2794",14618.9572050659,15286.322158408,"x"
"2795",14887.5959820393,15708.1450496712,"x"
"2796",14871.9239105063,15776.0751049604,"x"
"2797",14979.6701369448,15858.9653019453,"x"
"2798",14826.2676836948,15626.1157149053,"x"
"2799",14723.4872888267,15193.7845348924,"x"
"2800",15141.996016299,16103.1265448275,"x"
"2801",15070.2379991321,16077.7262557797,"x"
"2802",14484.7197804453,14725.6526911762,"x"
"2803",14956.5509668155,15713.8870161202,"x"
"2804",14942.0907263719,15761.2049017708,"x"
"2805",14722.7788282809,15324.4272102252,"x"
"2806",14697.1600544315,15161.8843152766,"x"
"2807",15719.3394437562,18181.5767303872,"x"
"2808",15347.6955831974,16769.0489471774,"x"
"2809",14570.0404861447,14943.4467403144,"x"
"2810",14491.7578314947,15053.675219388,"x"
"2811",15168.7284582904,16357.6529785971,"x"
"2812",14634.4618131193,15065.7913712839,"x"
"2813",15269.0335238072,16402.3655729328,"x"
"2814",15234.2624203419,16705.8639684853,"x"
"2815",14961.7398418675,15797.2276560788,"x"
"2816",14916.4808492853,15451.0484233712,"x"
"2817",14572.8910507162,15090.3202936712,"x"
"2818",15326.3548844518,16470.687724478,"x"
"2819",14942.462318556,15686.2457096208,"x"
"2820",14889.6957528462,15702.8774826569,"x"
"2821",14659.7751037008,15254.2781295576,"x"
"2822",14490.9835992138,15054.9996758967,"x"
"2823",15138.1853705539,16125.7773703691,"x"
"2824",14841.5320606978,15548.7868592564,"x"
"2825",14924.5708022165,15830.4355201546,"x"
"2826",14894.981606184,15487.2895173876,"x"
"2827",14791.9885047418,15634.865114791,"x"
"2828",15114.2481768671,16087.8555386207,"x"
"2829",15018.6739213753,15913.5418491698,"x"
"2830",15069.3816722324,16174.7345385418,"x"
"2831",15179.7387678174,16289.9748502478,"x"
"2832",14808.9532429131,15562.0973846288,"x"
"2833",15238.2139928181,16461.6571125669,"x"
"2834",15270.7266434696,16590.6155420485,"x"
"2835",14779.7874442966,15332.1352073407,"x"
"2836",14766.5228601978,15552.602142889,"x"
"2837",15911.2491809714,17651.5474554079,"x"
"2838",14829.1032656661,15324.2608944617,"x"
"2839",14994.2772404694,15818.5867560062,"x"
"2840",14986.8133098446,15783.2433100189,"x"
"2841",14817.1177949578,15501.0029538245,"x"
"2842",14896.8762128644,15556.9644540529,"x"
"2843",14972.8534303399,16095.6695096904,"x"
"2844",14657.9362588864,15221.1397629311,"x"
"2845",14753.9311723967,15298.5187161134,"x"
"2846",15179.1085699165,16138.2308677056,"x"
"2847",14839.1081440935,15546.636087256,"x"
"2848",14940.9464148768,15860.4513114104,"x"
"2849",15079.8384037714,16160.8355498562,"x"
"2850",14897.6373505752,15632.1091688652,"x"
"2851",14504.3194863956,14813.3864792929,"x"
"2852",14366.021949827,14787.406962187,"x"
"2853",14698.7759585228,15327.0310300419,"x"
"2854",15057.9455954678,16067.1765692229,"x"
"2855",14482.4454191205,14984.5540610486,"x"
"2856",14976.6048849144,15785.1794960462,"x"
"2857",14928.923723009,15707.6905242537,"x"
"2858",15191.845369408,16564.918754908,"x"
"2859",14713.0975854822,15335.9915683303,"x"
"2860",14680.9755182761,15279.0397103574,"x"
"2861",14946.8405847428,15807.9269537126,"x"
"2862",14536.3850762974,15045.331239774,"x"
"2863",14527.5136052161,15078.1520845108,"x"
"2864",14682.2304060208,15231.234735431,"x"
"2865",15088.0766387256,16110.9402747087,"x"
"2866",14929.2685075237,15654.1388866864,"x"
"2867",14728.2522106251,15328.8607240712,"x"
"2868",15186.855873068,16213.4147697889,"x"
"2869",14674.8101496928,15267.8904591623,"x"
"2870",15222.8323003114,16561.9679306241,"x"
"2871",14554.6832716018,15040.2081957892,"x"
"2872",15435.1634144617,16828.1018948931,"x"
"2873",15296.9159402746,16610.5048747746,"x"
"2874",14781.1434031172,15462.7729733065,"x"
"2875",14943.7841450954,15673.711266749,"x"
"2876",14973.7733681125,15861.24928571,"x"
"2877",14901.5130388942,15674.2014691191,"x"
"2878",14688.6509778947,15380.5269920223,"x"
"2879",14967.868152294,15886.2922640551,"x"
"2880",14844.0720440811,15779.7569653381,"x"
"2881",14807.5275891267,15415.5018981254,"x"
"2882",14788.8190545927,15458.7993718094,"x"
"2883",14956.0459059973,15916.3385596578,"x"
"2884",15243.1364116136,16676.3579029475,"x"
"2885",14670.3082025761,15358.8836337449,"x"
"2886",14908.1271468216,15679.699783772,"x"
"2887",14796.2931773391,15541.5146961459,"x"
"2888",14708.6686507957,15359.3199402321,"x"
"2889",14892.2689142295,15778.3365366479,"x"
"2890",14965.1016720246,15808.9274436039,"x"
"2891",14826.746034575,15471.2119770782,"x"
"2892",14768.5568897177,15273.1992758866,"x"
"2893",14757.8249869839,15353.230780872,"x"
"2894",14550.8200335697,15046.6291028701,"x"
"2895",14538.5721419376,15027.8488708391,"x"
"2896",14812.6811182052,15563.8766684332,"x"
"2897",14721.0509544804,15401.5093251397,"x"
"2898",14753.4112086653,15416.0882516108,"x"
"2899",14447.0261375438,14959.2615178923,"x"
"2900",14663.3685955844,15105.2877547808,"x"
"2901",14333.304903299,14574.7090323125,"x"
"2902",15073.7759537597,16047.554010353,"x"
"2903",14870.3134496833,15734.6048415729,"x"
"2904",14627.7047399915,15235.3992132444,"x"
"2905",14243.1226813875,14688.5534789223,"x"
"2906",14388.55751281,14770.8301889911,"x"
"2907",15108.1842022685,16143.0655330108,"x"
"2908",14937.1436818604,15780.1637382932,"x"
"2909",15057.4417145791,16079.2226470079,"x"
"2910",14865.403562673,15677.8413807355,"x"
"2911",14744.1518992609,15362.3993799711,"x"
"2912",14666.1608314928,15181.8110823428,"x"
"2913",14829.5551714399,15591.9162846639,"x"
"2914",15533.0085077297,16965.9382199957,"x"
"2915",14869.9987239236,15624.4971391169,"x"
"2916",14744.1945112802,15346.2222141678,"x"
"2917",15128.8822708022,16018.5944725507,"x"
"2918",14869.9136756947,15754.9459938105,"x"
"2919",14418.2128068207,14884.9002138758,"x"
"2920",14345.60409127,14708.7371847246,"x"
"2921",14837.9884188341,15759.808810825,"x"
"2922",14670.0856657667,15412.1422837883,"x"
"2923",15180.7754079295,16320.4015581714,"x"
"2924",14912.5005029033,15824.2544756006,"x"
"2925",14658.9739791851,15152.5829332406,"x"
"2926",15849.9397947365,17869.3531373452,"x"
"2927",14630.0536477478,14942.7842121389,"x"
"2928",14816.9741694242,15531.0108630726,"x"
"2929",14587.2312408456,15227.7502774072,"x"
"2930",15031.3019120483,15742.5439061147,"x"
"2931",14916.3906427918,15827.5548497625,"x"
"2932",15023.7587669956,15833.2982975613,"x"
"2933",15172.2537239545,15988.817467809,"x"
"2934",14847.9149682095,15557.8472053388,"x"
"2935",14674.742272772,15415.4032783634,"x"
"2936",14634.3453102337,15211.6525303386,"x"
"2937",14841.8500630362,15551.5303885891,"x"
"2938",14828.7201947873,15588.4936955828,"x"
"2939",14782.6268221955,15341.9790743405,"x"
"2940",15564.7317811177,17030.4991915789,"x"
"2941",14451.3992042176,15042.321613431,"x"
"2942",14740.5996265844,15371.7019790652,"x"
"2943",14421.0103780916,14832.7202294906,"x"
"2944",14713.4797676325,15335.809690759,"x"
"2945",14806.3931001677,15595.6587632645,"x"
"2946",14718.5311054112,15284.9634093319,"x"
"2947",14685.1864388255,15400.9543058331,"x"
"2948",15207.4475672409,16504.2190775118,"x"
"2949",15010.6493644987,15799.3520410726,"x"
"2950",14531.4568783454,14971.2098979157,"x"
"2951",14835.169381203,15686.399807393,"x"
"2952",15022.5914491604,16018.3131001627,"x"
"2953",14876.2873606556,15682.3597603628,"x"
"2954",14733.7517948694,15232.3537738549,"x"
"2955",14971.4503979735,15786.2538068688,"x"
"2956",15308.73960492,16356.5956079549,"x"
"2957",14949.6402567728,15904.9815659222,"x"
"2958",14786.7839846482,15565.6349222631,"x"
"2959",14784.778660986,15462.2726807084,"x"
"2960",15091.9645187293,15990.0213282716,"x"
"2961",14467.2930558448,14885.0949257994,"x"
"2962",14809.796235614,15575.3087794556,"x"
"2963",15819.9679059697,17901.8593846755,"x"
"2964",14797.31180269,15430.4856394841,"x"
"2965",15238.4198883641,16501.7695513311,"x"
"2966",14838.1127776228,15597.7746674872,"x"
"2967",15289.7987603893,16394.7447830872,"x"
"2968",14905.7439256546,15792.8638806371,"x"
"2969",14981.2156367302,15960.5658586991,"x"
"2970",14832.5041668036,15557.1970376603,"x"
"2971",14819.6381185202,15512.1386791964,"x"
"2972",15435.0167378133,16721.4151633794,"x"
"2973",14974.8198029217,15967.9777983455,"x"
"2974",14711.2960053694,15557.4830321866,"x"
"2975",14767.0942200803,15432.8743453048,"x"
"2976",14512.9209838963,14882.5257287358,"x"
"2977",14872.2948800316,15589.4031716718,"x"
"2978",15137.1648534333,16087.5669612736,"x"
"2979",14604.6216667554,15014.6925217828,"x"
"2980",15585.4103848241,17211.5300548569,"x"
"2981",14621.5572153897,15133.6435630247,"x"
"2982",14801.3765425564,15261.7373610879,"x"
"2983",14800.8333777408,15587.8754394904,"x"
"2984",14935.4531704865,15825.6298595959,"x"
"2985",14800.9803389901,15252.1645245193,"x"
"2986",15286.5812438242,16562.2343825047,"x"
"2987",15008.5013284528,16051.5565737766,"x"
"2988",14727.4651687278,15400.1031171889,"x"
"2989",14823.61582914,15653.2661350442,"x"
"2990",15267.5450066695,16289.1106932625,"x"
"2991",14755.4464348005,15403.2929880563,"x"
"2992",15035.6360788647,15802.4318687412,"x"
"2993",15580.017836439,17650.0178030969,"x"
"2994",14836.6564108417,15530.0990146287,"x"
"2995",14854.9095223458,15420.4288735005,"x"
"2996",14994.3514658753,15713.7705949707,"x"
"2997",15046.6963817093,16044.5325801257,"x"
"2998",14699.7657368983,15289.020475898,"x"
"2999",14943.4509507486,15963.9574079004,"x"
"3000",14466.5758033298,14871.4990200883,"x"
"3001",14623.1203478721,15118.6848468775,"x"
"3002",14661.9156582873,15282.2099710902,"x"
"3003",14862.1159101904,15578.6541944888,"x"
"3004",14988.2486512594,15888.4586572063,"x"
"3005",14980.1647537973,15810.4729821559,"x"
"3006",15135.6733746777,16218.786699209,"x"
"3007",14762.2437089173,15312.5662552148,"x"
"3008",14664.5523520933,15320.8333598181,"x"
"3009",14899.282701253,15723.6651854707,"x"
"3010",14960.2401531607,15666.9766446982,"x"
"3011",14770.5514578757,15317.1900482972,"x"
"3012",15208.727130171,16260.9643572433,"x"
"3013",14765.6910259427,15390.0643965761,"x"
"3014",14659.8444726309,15088.3402605318,"x"
"3015",15267.2070998599,16350.3231172056,"x"
"3016",15024.4030704297,15970.0819540368,"x"
"3017",15215.6827164745,16461.0013747816,"x"
"3018",14727.3046055295,15444.1026891121,"x"
"3019",15012.09442136,15973.3220623709,"x"
"3020",14654.8587442259,15036.0134105933,"x"
"3021",14769.8438647209,15449.7151614985,"x"
"3022",14491.1536517516,14891.8735066554,"x"
"3023",14279.6496932155,14610.0052325314,"x"
"3024",15044.4590230753,16035.9077512585,"x"
"3025",15013.1616559007,15997.6080040797,"x"
"3026",14812.440031925,15576.1042279744,"x"
"3027",15289.927237777,16510.0370573891,"x"
"3028",15324.6938706537,16527.05310432,"x"
"3029",14806.9876429221,15499.8762316004,"x"
"3030",14896.8697725218,15745.3680886162,"x"
"3031",14737.1635262613,15219.3097124697,"x"
"3032",14778.5509421523,15577.7603227582,"x"
"3033",15413.2291040475,16981.4021072828,"x"
"3034",14405.7995683885,14563.1938034531,"x"
"3035",14873.643734197,15704.5481007122,"x"
"3036",14724.5386103915,15122.8532702253,"x"
"3037",14707.8252866467,15352.0003007473,"x"
"3038",15131.8314087001,16207.6237161708,"x"
"3039",14718.5881387435,15146.6817061826,"x"
"3040",14957.6843248062,15839.5932354265,"x"
"3041",15214.055522346,16616.6103438552,"x"
"3042",15078.1759612849,15914.1550920876,"x"
"3043",14531.3440765192,14850.685786541,"x"
"3044",14685.7835237002,15341.232359012,"x"
"3045",14622.5636766362,15231.9626578316,"x"
"3046",15353.3838560183,16722.4184803084,"x"
"3047",14613.9993390144,15180.5986385436,"x"
"3048",14818.7138955076,15649.2205376961,"x"
"3049",14818.9340522412,15777.8783409292,"x"
"3050",15488.4521880582,17032.6756286269,"x"
"3051",14726.3505872994,15375.4177292824,"x"
"3052",14770.2763623481,15626.3778337922,"x"
"3053",14703.8059868638,15400.276020602,"x"
"3054",14745.6865152163,15458.536087953,"x"
"3055",14924.4395763131,15631.3620116221,"x"
"3056",14489.8748558723,15027.532544305,"x"
"3057",14752.8576443025,15427.5047473702,"x"
"3058",14681.8191716549,15408.053315017,"x"
"3059",15311.4175216821,16510.7626795201,"x"
"3060",15033.3786270965,15904.3036414896,"x"
"3061",15292.4187783788,16457.2618552817,"x"
"3062",15153.1396663403,16268.1120999114,"x"
"3063",14900.3352819795,15542.5070914624,"x"
"3064",15340.4640616889,16597.4605042369,"x"
"3065",14722.2796088427,15351.2509387557,"x"
"3066",15113.7161015279,16202.9781366966,"x"
"3067",14630.6133245737,15219.6766339635,"x"
"3068",14875.6416348639,15639.2470846881,"x"
"3069",14816.901567325,15333.8202140058,"x"
"3070",14606.7323645961,15208.8717387213,"x"
"3071",14897.5547241667,15692.8247282243,"x"
"3072",14954.7708649904,15864.8246325074,"x"
"3073",14621.4346499636,15306.5678907201,"x"
"3074",15065.9412813787,15842.424111318,"x"
"3075",14725.9755817352,15317.2438435497,"x"
"3076",14751.6812611921,15551.5913917255,"x"
"3077",14686.3119597298,15253.8146301732,"x"
"3078",14523.6951217032,15122.6965024251,"x"
"3079",14930.9974563859,15693.5715492251,"x"
"3080",14987.6171641726,15932.6408704165,"x"
"3081",14631.762103426,15088.0886513899,"x"
"3082",14663.3438202168,15387.9149758269,"x"
"3083",15041.8121640226,16038.0304965164,"x"
"3084",14534.6386179141,15037.0901231841,"x"
"3085",15245.2948044939,16491.2846907096,"x"
"3086",14824.6446610029,15396.6501582832,"x"
"3087",14766.9487917708,15471.0989367119,"x"
"3088",14976.1695936949,15837.2054855664,"x"
"3089",15403.6215263343,17052.8089413793,"x"
"3090",14300.1798139472,14565.7619136937,"x"
"3091",14897.0707487623,15749.8753542302,"x"
"3092",14739.4796509501,15473.1722191295,"x"
"3093",14985.6811348413,16013.8524995073,"x"
"3094",14710.9510341216,15308.4244221028,"x"
"3095",14699.9428905179,15188.9112964792,"x"
"3096",14713.263549612,15286.5809218295,"x"
"3097",14963.9021251281,15961.8227215905,"x"
"3098",14665.4895599173,15124.628590096,"x"
"3099",14770.4740912025,15338.1876967041,"x"
"3100",14791.2337668642,15507.9468304682,"x"
"3101",15093.5664821715,16172.2276901406,"x"
"3102",15245.3407921509,16673.9762350564,"x"
"3103",15036.7510000759,16025.1067904188,"x"
"3104",14561.0976015808,15216.1646620658,"x"
"3105",14833.7167663856,15529.7364461873,"x"
"3106",15293.2926977159,16452.149074815,"x"
"3107",14653.9687995778,15047.8650768697,"x"
"3108",14965.1401331967,15964.8543521259,"x"
"3109",14727.9925366739,15186.2987173228,"x"
"3110",14635.5643978278,15376.9192091708,"x"
"3111",14875.0195729768,15676.8830997541,"x"
"3112",14792.379812478,15673.9285983821,"x"
"3113",14497.214974651,14958.8300718217,"x"
"3114",14919.8547481956,15730.2333201369,"x"
"3115",14724.2929505607,15393.6945128495,"x"
"3116",14891.8378511695,15731.2897820702,"x"
"3117",14828.883536524,15503.6233880184,"x"
"3118",14771.2802516643,15148.2516571756,"x"
"3119",14899.9713903256,15668.2050239923,"x"
"3120",14581.6838613663,14899.4609908087,"x"
"3121",15410.0526897457,16923.9147562803,"x"
"3122",15016.7795540004,15811.0880215894,"x"
"3123",14871.2804481032,15528.4544294433,"x"
"3124",14591.1858839005,15146.5520250058,"x"
"3125",14839.4682774911,15542.1831511349,"x"
"3126",14734.4258325436,15317.9462800863,"x"
"3127",15232.1583826747,16498.1281428418,"x"
"3128",14841.22478086,15521.2292120464,"x"
"3129",15264.2237928053,16473.3708465533,"x"
"3130",14539.9033774649,15016.9869003363,"x"
"3131",14836.9958962323,15457.8736068322,"x"
"3132",14492.8145218233,14965.325295539,"x"
"3133",15367.8441884613,17007.1842855101,"x"
"3134",14754.3447045122,15442.9395095006,"x"
"3135",15176.4566310062,16373.8310591292,"x"
"3136",14884.4244023434,15791.8223272896,"x"
"3137",15495.409351376,17117.9600469364,"x"
"3138",15126.3995845314,16212.1724468844,"x"
"3139",14877.5343795118,15727.293226201,"x"
"3140",14926.1491583893,15566.5111382259,"x"
"3141",15047.0470317925,15877.7001751108,"x"
"3142",14768.5428181869,15521.5778464102,"x"
"3143",14756.8353466712,15473.066989621,"x"
"3144",14767.9841017673,15433.1174225613,"x"
"3145",15265.4857724407,16382.0935765971,"x"
"3146",14794.4258648122,15583.0612505863,"x"
"3147",15043.5094280107,16039.4751181084,"x"
"3148",14832.6987253391,15603.8977557211,"x"
"3149",15099.6032369546,16222.3102241098,"x"
"3150",14710.6039202644,15213.0963435383,"x"
"3151",14750.0067766035,15423.7269329896,"x"
"3152",15484.1573132598,17045.2403904485,"x"
"3153",14938.0965060371,15881.2984958565,"x"
"3154",14774.672349074,15324.1298784083,"x"
"3155",14840.8371742989,15441.94134575,"x"
"3156",14703.5473000503,15200.7717301206,"x"
"3157",14831.7906627577,15478.8821866707,"x"
"3158",14478.5715310331,15031.9021173703,"x"
"3159",14910.3128964422,15533.136231437,"x"
"3160",14832.1626078539,15572.5388860874,"x"
"3161",14872.4085813661,15689.9936083627,"x"
"3162",14864.6654123989,15552.2005027307,"x"
"3163",16218.7674649172,18284.6241792271,"x"
"3164",14991.2718638862,15890.7108901558,"x"
"3165",15194.1086454352,16366.135352777,"x"
"3166",14667.158978408,14911.6799134509,"x"
"3167",14640.1659830074,15330.6905181601,"x"
"3168",14824.6505274508,15591.990951683,"x"
"3169",14888.9014470737,15779.1128152622,"x"
"3170",14777.2212808885,15588.4976161973,"x"
"3171",15019.9012207164,15697.8175006601,"x"
"3172",14920.800913796,15689.3909069716,"x"
"3173",15157.6521056483,16274.0603597895,"x"
"3174",14663.5102508409,15004.2696087879,"x"
"3175",15050.5525855822,16213.0858161562,"x"
"3176",14423.2957199909,14734.775057374,"x"
"3177",15203.9927898235,16335.8908801052,"x"
"3178",14999.1629346568,15794.7286644503,"x"
"3179",14681.0953552659,15054.2462455733,"x"
"3180",14840.2456593262,15408.5339795783,"x"
"3181",14674.3716502748,15210.9452731391,"x"
"3182",14603.3004921404,15181.1536006099,"x"
"3183",15315.2512967898,16670.9551399424,"x"
"3184",14999.1478339841,15824.2760284005,"x"
"3185",14717.6707519945,15393.9038007443,"x"
"3186",14880.9237734433,15595.212604312,"x"
"3187",14762.4427661878,15371.7934726093,"x"
"3188",14750.5683255499,15385.116129404,"x"
"3189",14856.3009781703,15522.6476913335,"x"
"3190",15240.6121137224,16654.8950733262,"x"
"3191",14494.5853104048,14958.8796853762,"x"
"3192",14528.2779739192,15106.2543898758,"x"
"3193",15237.9601904591,16142.5017401677,"x"
"3194",14935.15861581,15879.2110577092,"x"
"3195",15056.1446125788,16234.3281738607,"x"
"3196",15209.8036457303,16492.5071670818,"x"
"3197",14514.0907480351,15197.225218572,"x"
"3198",14746.0305033618,15321.2126453524,"x"
"3199",15012.3406800521,15923.083839488,"x"
"3200",14772.170046693,15464.7675446732,"x"
"3201",14716.4104983642,15296.8123163042,"x"
"3202",15138.5938277751,16325.385143892,"x"
"3203",14859.6173764888,15635.2148178096,"x"
"3204",14823.4378913402,15615.7224408146,"x"
"3205",14858.8904638643,15777.1018348753,"x"
"3206",14898.4570454191,15608.6136175832,"x"
"3207",14439.2830211273,14941.4101251391,"x"
"3208",14822.3702468991,15617.7141227606,"x"
"3209",14773.2127419913,15265.3122492647,"x"
"3210",14632.0197324596,15143.8937474461,"x"
"3211",14934.5001335334,16061.3050573023,"x"
"3212",14860.852622628,15696.1872570042,"x"
"3213",14671.1784040682,15277.0397438944,"x"
"3214",14932.3663846725,15808.5282916177,"x"
"3215",15045.4828467573,16087.9533571431,"x"
"3216",15051.5083325283,15993.2406844291,"x"
"3217",15068.9140609216,15903.3308866283,"x"
"3218",15011.7259000139,15973.4239134643,"x"
"3219",14766.6594885877,15497.4659130067,"x"
"3220",14975.41613857,15958.0121245624,"x"
"3221",14819.2976552583,15391.6193975956,"x"
"3222",14623.3044368792,15280.9836944812,"x"
"3223",14722.487439904,15306.1359727428,"x"
"3224",14865.1050081754,15630.3402559582,"x"
"3225",15288.7844037615,16543.5975303295,"x"
"3226",14594.4428890702,15080.9481077684,"x"
"3227",14684.7112402837,15492.1309606439,"x"
"3228",15244.2049258342,16235.862151956,"x"
"3229",14805.1263702894,15676.8344879426,"x"
"3230",14867.6773599321,15542.5687916159,"x"
"3231",15148.1893240916,16131.5469742572,"x"
"3232",15270.9609463867,16540.3731811601,"x"
"3233",14595.8737971171,15152.0140279679,"x"
"3234",14620.0950833847,15250.4005490524,"x"
"3235",14950.7589470344,15746.9060608793,"x"
"3236",14671.7777862004,15365.151300751,"x"
"3237",14715.4744993184,15219.448085155,"x"
"3238",14722.2760972644,15399.3308229779,"x"
"3239",15087.1988432322,15988.5608409368,"x"
"3240",14678.8884400159,15339.4213749244,"x"
"3241",14789.9026466504,15617.8711924697,"x"
"3242",14921.1961590926,15614.3589880116,"x"
"3243",15013.2236650356,15921.272233718,"x"
"3244",14697.0055862789,15135.8802421534,"x"
"3245",14645.0175847695,15256.6961583266,"x"
"3246",14401.4746041272,14789.3760896269,"x"
"3247",14547.3469550142,15139.1323060924,"x"
"3248",14876.7154138391,15530.6976407135,"x"
"3249",14160.3739896582,14312.6271245548,"x"
"3250",15310.440825138,16505.3882689112,"x"
"3251",14670.5019049751,15311.5235846608,"x"
"3252",15077.7261319757,15981.4320229502,"x"
"3253",14796.2508971179,15361.8037149551,"x"
"3254",14784.6386345768,15477.1698671679,"x"
"3255",15081.3847435464,16332.990857079,"x"
"3256",14845.0482567114,15654.3387908631,"x"
"3257",15845.3666252683,17519.9204594158,"x"
"3258",14927.5111308025,15882.0916648453,"x"
"3259",14754.485527989,15574.515127106,"x"
"3260",14945.2437563219,15847.8228641179,"x"
"3261",15059.1580188757,15971.6819277213,"x"
"3262",14746.2162118389,15402.9279893116,"x"
"3263",14720.8947014036,15522.2125416909,"x"
"3264",14511.7310608265,15077.1065542087,"x"
"3265",15007.5961507326,16066.5299143097,"x"
"3266",15351.6031224091,16810.8115138518,"x"
"3267",14872.1601786663,15723.7288736004,"x"
"3268",14773.0223333357,15498.8890058635,"x"
"3269",14814.7377219009,15478.9212542514,"x"
"3270",14857.2897507594,15537.7683551867,"x"
"3271",14764.6646202206,15483.104205109,"x"
"3272",14908.1176468104,15627.7603811514,"x"
"3273",14824.4173114365,15426.8906285449,"x"
"3274",15590.9538245068,17282.6924861968,"x"
"3275",14841.8921725188,15589.0745088097,"x"
"3276",14557.660049282,14968.2527357939,"x"
"3277",15135.0344486707,16263.4123768376,"x"
"3278",14647.6736175802,15159.8318418159,"x"
"3279",14844.7780798086,15716.9021523447,"x"
"3280",15002.8977572223,15987.1178749232,"x"
"3281",14722.5682510223,15445.8993882224,"x"
"3282",14932.0553361639,15657.4310231688,"x"
"3283",14989.9679825943,16032.1778499662,"x"
"3284",14602.7726802387,15058.5401882421,"x"
"3285",14815.6705896988,15495.7418061565,"x"
"3286",15027.5546178527,16049.4056356536,"x"
"3287",14549.5699040758,14878.3399699916,"x"
"3288",15340.3309970632,16639.077526133,"x"
"3289",15359.4847494395,16808.611490289,"x"
"3290",15012.0718486947,15810.8194466985,"x"
"3291",14834.6461059181,15530.1465747863,"x"
"3292",14958.3688207497,15903.4834815054,"x"
"3293",15209.4626774909,16337.7770971348,"x"
"3294",14795.1574480666,15562.7365011952,"x"
"3295",14786.3610807007,15531.4492899995,"x"
"3296",14662.6257449249,15343.7433994479,"x"
"3297",14958.7836653423,16030.0144797704,"x"
"3298",14617.3641727894,15058.5905237954,"x"
"3299",14741.4363122282,15304.811086214,"x"
"3300",14947.0937073292,15834.3836792765,"x"
"3301",14692.8024295426,15210.7257524026,"x"
"3302",15023.0139831522,16063.4669495148,"x"
"3303",14362.2985472614,14619.6724964292,"x"
"3304",14822.9269376589,15414.710080149,"x"
"3305",14781.8674147968,15549.1403653025,"x"
"3306",15179.6839644869,16247.1275962819,"x"
"3307",14855.1004991977,15561.6541138099,"x"
"3308",15084.7055612682,16142.2922712405,"x"
"3309",15023.6653652515,16133.057389633,"x"
"3310",14710.6401331665,15190.7049899444,"x"
"3311",14726.3834812278,15315.1417379482,"x"
"3312",14761.8515800616,15506.8989018392,"x"
"3313",14926.0197545752,15834.8612928956,"x"
"3314",14920.1949530283,15669.6458635996,"x"
"3315",14892.5895639265,15649.648160016,"x"
"3316",14537.7364413628,15069.428164016,"x"
"3317",15434.0952028686,16691.7478015667,"x"
"3318",14526.8443175903,14807.5107897542,"x"
"3319",14910.4145855996,15789.736425443,"x"
"3320",15002.7038337051,15886.0255998262,"x"
"3321",15177.8997163787,16385.5483202252,"x"
"3322",15211.1156670285,16477.8843898008,"x"
"3323",14754.1914699044,15501.7067817306,"x"
"3324",14752.2811949595,15326.8440975136,"x"
"3325",14716.3891000206,15238.8747682915,"x"
"3326",14981.8497785879,15741.0423429382,"x"
"3327",14882.0853676713,15868.5141739748,"x"
"3328",15173.8418249101,16316.9968105689,"x"
"3329",15145.3005351961,16214.5377583969,"x"
"3330",15467.9160463448,16949.5613942801,"x"
"3331",15396.4656747987,16772.1558903651,"x"
"3332",14982.0152683314,15698.5739416706,"x"
"3333",14879.3730936087,15720.1675359804,"x"
"3334",14908.5365393845,15805.9311286541,"x"
"3335",14898.5468156969,15506.9971433459,"x"
"3336",14687.3414183454,15348.036363112,"x"
"3337",14620.7963150904,15360.3696006148,"x"
"3338",14594.6184718861,15067.454557181,"x"
"3339",14768.3216079132,15287.6105016763,"x"
"3340",14477.8653127382,14909.4947810642,"x"
"3341",14475.5811728091,14783.3995149689,"x"
"3342",14810.9853086141,15410.6442994022,"x"
"3343",14740.060182396,15405.6293378196,"x"
"3344",14978.6309204927,15854.056576899,"x"
"3345",14526.5473933455,14890.3718078897,"x"
"3346",14980.4228756533,15920.8586792356,"x"
"3347",14498.9150467892,14852.9746775228,"x"
"3348",14886.9976056957,15679.6909438148,"x"
"3349",14623.8757795343,14988.7177128327,"x"
"3350",14898.3812385176,15504.6959625449,"x"
"3351",14682.7505128587,15487.9343671773,"x"
"3352",14834.2775723476,15689.740394553,"x"
"3353",14586.6550747602,15049.5556645498,"x"
"3354",15373.7851002805,16725.085459679,"x"
"3355",14841.88623125,15365.025948742,"x"
"3356",14837.5727583034,15495.3114821137,"x"
"3357",14752.579842289,15264.7289107885,"x"
"3358",14905.3151422844,15541.85941367,"x"
"3359",14690.830196131,15392.4716535523,"x"
"3360",14630.1413129974,15348.8144700015,"x"
"3361",14615.2214027359,15144.071188309,"x"
"3362",14907.2209883014,15807.2656784769,"x"
"3363",14844.5272002438,15609.9058928959,"x"
"3364",14809.8547174012,15476.6815821306,"x"
"3365",14733.9906900214,15447.3245948188,"x"
"3366",14703.605281775,15144.7029096678,"x"
"3367",14872.6359708823,15755.0387157913,"x"
"3368",14587.706604751,15170.0901110807,"x"
"3369",14705.7116275478,15154.9557528772,"x"
"3370",14744.4476020054,15293.5216583147,"x"
"3371",15330.8146490915,16663.5009299058,"x"
"3372",15181.7563286516,16334.9002896111,"x"
"3373",15011.9418828366,16026.1644779969,"x"
"3374",14650.8291049509,15377.4176482313,"x"
"3375",14750.2203984883,15342.3546589912,"x"
"3376",14714.3628552124,15226.3104484819,"x"
"3377",15125.5232793966,15959.902787959,"x"
"3378",14812.2909309658,15625.0043571865,"x"
"3379",14414.6957360263,15028.8071507775,"x"
"3380",15269.6029663234,16499.8502017899,"x"
"3381",14877.6203139558,15685.3846336503,"x"
"3382",14492.0916589926,14822.7225238314,"x"
"3383",15406.037451693,16983.7673286382,"x"
"3384",15036.6599140684,16151.2637737572,"x"
"3385",14494.3851168726,14896.0717211218,"x"
"3386",14673.8812308697,15344.722724552,"x"
"3387",15174.3303198319,16427.734890215,"x"
"3388",14945.7395746575,15807.414153294,"x"
"3389",14795.7115270792,15482.4334075394,"x"
"3390",14628.795015522,15060.2511175067,"x"
"3391",14847.1469966184,15692.1247653715,"x"
"3392",14727.4504087158,15493.0437757676,"x"
"3393",14730.7471402636,15560.4393068277,"x"
"3394",14867.1826104457,15461.531002019,"x"
"3395",14633.8517234353,15150.7941478915,"x"
"3396",14795.2940620352,15600.6413546027,"x"
"3397",15168.0308644587,16323.983580886,"x"
"3398",15173.0008211471,16309.1345816423,"x"
"3399",15016.073824382,15955.7756323704,"x"
"3400",14931.8373072531,15851.6095262835,"x"
"3401",15157.6752878922,16350.0556048109,"x"
"3402",15040.2459671205,15908.4297587643,"x"
"3403",15212.7390033775,16379.6448575932,"x"
"3404",15073.665412527,16055.4633015343,"x"
"3405",14770.6680228186,15341.5344246221,"x"
"3406",15049.1048352159,15904.3316110209,"x"
"3407",14617.9828001515,15214.3660628711,"x"
"3408",15033.9148590511,16157.5260969221,"x"
"3409",14727.0704286978,15420.8589049601,"x"
"3410",14419.4727061205,14802.140109224,"x"
"3411",14737.8120481824,15408.8880631709,"x"
"3412",14318.6183901847,14639.8296805576,"x"
"3413",14820.530929306,15567.0720119752,"x"
"3414",15159.4347218376,16096.8744892455,"x"
"3415",15316.7552135018,16603.2022332871,"x"
"3416",14435.9261360175,14851.7191334141,"x"
"3417",15169.3327270877,16164.8187248051,"x"
"3418",15271.8126810153,16732.6380627888,"x"
"3419",14976.3411122778,16049.034493728,"x"
"3420",15357.4558796491,16772.6634433859,"x"
"3421",14709.9483301466,15466.6902508206,"x"
"3422",15159.0055128739,16470.4667164654,"x"
"3423",14927.6348856152,15805.6463477872,"x"
"3424",14842.7283115515,15379.8009200185,"x"
"3425",14708.9481827324,15340.1722842368,"x"
"3426",15119.3828161638,16191.3602148599,"x"
"3427",15553.6242029463,17063.0491697548,"x"
"3428",14760.8784874037,15502.4307869037,"x"
"3429",15066.4871495122,15994.8898399865,"x"
"3430",14774.6471969391,15395.9693040987,"x"
"3431",14901.8187795421,15759.0854312906,"x"
"3432",15053.6734202853,15949.4859133028,"x"
"3433",15059.5987690426,15892.3958865447,"x"
"3434",15120.9511553967,16334.9127541066,"x"
"3435",14684.524794139,15139.524208554,"x"
"3436",14906.4115700288,15633.95514449,"x"
"3437",14958.9515655202,15945.927085135,"x"
"3438",14545.0353249979,14952.4842829155,"x"
"3439",14586.7036277217,15004.6253613055,"x"
"3440",14735.7799881261,15288.5743355056,"x"
"3441",15166.7633859116,16181.4516167365,"x"
"3442",14416.2157209489,14862.8464655355,"x"
"3443",14769.7157635169,15416.6663973415,"x"
"3444",14525.2808732104,14857.4241748003,"x"
"3445",14747.9443080041,15378.0685343813,"x"
"3446",14902.4313194725,15510.2088903452,"x"
"3447",15197.0316641855,16177.0431566572,"x"
"3448",15395.0208813999,16762.7328567711,"x"
"3449",14703.9899120425,15305.8093356509,"x"
"3450",14820.0500857998,15608.7253695183,"x"
"3451",14754.7519460769,15296.7049936564,"x"
"3452",14884.7054210887,15703.6347949985,"x"
"3453",14862.3204131551,15582.4926690073,"x"
"3454",14965.2100093089,15988.7278316153,"x"
"3455",14617.4780464712,15093.4755654811,"x"
"3456",14926.2528244073,15903.5820830539,"x"
"3457",14742.4516570215,15036.1688819182,"x"
"3458",15133.938924187,16191.307919179,"x"
"3459",15546.1792941878,17060.8353067587,"x"
"3460",14587.0850374666,15228.6637459084,"x"
"3461",15053.0096880443,16216.049258709,"x"
"3462",14927.86688343,15819.1650939274,"x"
"3463",15039.5524853175,15830.0567018468,"x"
"3464",14773.781394504,15444.02391165,"x"
"3465",14524.2448838547,14964.5197770986,"x"
"3466",15014.2715801042,15739.0349594722,"x"
"3467",14641.0476435447,15335.6093152989,"x"
"3468",14655.9413958591,15177.9124540824,"x"
"3469",14903.414569612,15755.467064597,"x"
"3470",15081.2329682413,16057.6650970188,"x"
"3471",15028.1267389395,15896.0238664307,"x"
"3472",14511.2062877813,14906.8536779792,"x"
"3473",14732.4059139065,15501.5994192979,"x"
"3474",15068.700443614,16124.4731326002,"x"
"3475",15180.2762028614,16234.9405558563,"x"
"3476",14861.7043472785,15576.6433885814,"x"
"3477",14893.916266323,15664.9852000396,"x"
"3478",15029.6552254171,16133.639673872,"x"
"3479",14812.8547049477,15494.3679155411,"x"
"3480",14730.9630025847,15362.21962407,"x"
"3481",14721.9357565067,15337.224454544,"x"
"3482",14996.2493896255,15905.0368383623,"x"
"3483",14980.3034674803,16076.2644893013,"x"
"3484",15055.7956296971,16046.1283967381,"x"
"3485",14923.0586551096,15755.0625372128,"x"
"3486",14568.0498288286,15085.9290105877,"x"
"3487",14789.9583421463,15777.1592046416,"x"
"3488",15006.5364673706,15952.2965455431,"x"
"3489",15101.3017619353,16332.4079101132,"x"
"3490",14764.7615155352,15330.7878745184,"x"
"3491",15349.5846799022,16409.4056823787,"x"
"3492",14387.8293501067,14811.307681366,"x"
"3493",14757.6596689659,15222.3062437575,"x"
"3494",15040.6739022102,16128.69083446,"x"
"3495",14887.9011686407,15527.9919972138,"x"
"3496",14744.0279126988,15417.4854408405,"x"
"3497",15262.4133023714,16681.1802169021,"x"
"3498",14985.5109918925,15632.5857882516,"x"
"3499",15305.9959215664,16690.4724078473,"x"
"3500",14985.8066669855,15889.6177105876,"x"
"3501",14689.675841465,15298.5748862219,"x"
"3502",14784.2925989526,15483.0830955337,"x"
"3503",14789.0383795324,15498.2061287792,"x"
"3504",14776.6932525438,15446.7252491134,"x"
"3505",14781.2734484264,15638.1023629845,"x"
"3506",14951.9442169356,15768.228999785,"x"
"3507",15186.8591551095,16297.2558426381,"x"
"3508",15309.7500301513,16410.4833206749,"x"
"3509",14526.1963166106,14971.4538765985,"x"
"3510",14890.8938437648,15673.8265348959,"x"
"3511",14989.693962809,15936.5343945416,"x"
"3512",14602.4876804126,15077.7091351586,"x"
"3513",15054.4294375263,16130.1220476947,"x"
"3514",14817.3531304389,15491.5195454832,"x"
"3515",14658.7310677918,15034.7152711036,"x"
"3516",14853.3559281791,15459.8814039554,"x"
"3517",15069.0506693369,16167.3562318681,"x"
"3518",15201.0737024709,16364.220292599,"x"
"3519",14993.051453197,15867.5194016033,"x"
"3520",15594.3626537717,16983.998960795,"x"
"3521",15005.2426428486,15852.0419992686,"x"
"3522",14676.6837406926,15277.6258476798,"x"
"3523",14573.5988648444,15122.2240791595,"x"
"3524",15918.915233715,18721.4303734145,"x"
"3525",14997.9846814257,15987.8964962017,"x"
"3526",14738.7893514786,15296.6473794694,"x"
"3527",15085.1345416273,16099.5429511842,"x"
"3528",14614.291579547,15158.7635770626,"x"
"3529",14681.4213786783,15221.6048093217,"x"
"3530",14883.0123989092,15801.8526125705,"x"
"3531",14723.6647852796,15291.8072043207,"x"
"3532",14844.5803870165,15692.5408825929,"x"
"3533",14865.8947596528,15571.9495742274,"x"
"3534",14816.4070425244,15566.5962210785,"x"
"3535",15087.7022055379,16123.0674609342,"x"
"3536",14768.2487952642,15398.0833754466,"x"
"3537",14963.9665635418,15871.0819140501,"x"
"3538",15112.9534423335,16349.363464248,"x"
"3539",14743.5044474684,15526.6156269423,"x"
"3540",14597.1588014639,15089.8085435363,"x"
"3541",14714.8560025489,15367.9911953953,"x"
"3542",15803.8463189562,17662.6733225064,"x"
"3543",15131.6222382242,16242.3139495446,"x"
"3544",15521.2858099293,17267.7207800715,"x"
"3545",14885.2626168512,15819.5585444273,"x"
"3546",14661.462666546,15260.7371284861,"x"
"3547",14653.8881123591,15040.3344793971,"x"
"3548",14876.8539117072,15752.1590147608,"x"
"3549",14839.0831117463,15374.1336479659,"x"
"3550",15156.6983799852,16389.0224427548,"x"
"3551",14671.5699236837,15258.2803128114,"x"
"3552",14932.5626177469,15439.8156304492,"x"
"3553",14898.3266534457,15935.6462836403,"x"
"3554",14811.3756031654,15477.1166731951,"x"
"3555",14566.9686158098,14996.8984199419,"x"
"3556",14484.8036661493,14927.9190181957,"x"
"3557",15039.0433169815,16048.3952620941,"x"
"3558",14892.764124234,15797.5476199836,"x"
"3559",15242.4081168288,16684.5215250225,"x"
"3560",14703.4553023481,15321.3915071565,"x"
"3561",14694.8445057622,15241.8478257238,"x"
"3562",14777.027968112,15506.1692743888,"x"
"3563",14735.5753341377,15239.9334400601,"x"
"3564",15259.7885940931,16527.8694373556,"x"
"3565",14721.2305305997,15528.7759517212,"x"
"3566",14626.0436104286,15157.8627652883,"x"
"3567",14894.8526600308,15753.7650048127,"x"
"3568",15160.926466178,16279.5706169186,"x"
"3569",14825.5146616622,15571.7568468136,"x"
"3570",14598.6906954846,15182.7789655731,"x"
"3571",14540.7012426953,14968.6508198025,"x"
"3572",14629.4892652807,15391.7142387937,"x"
"3573",15778.8609440578,17488.3540350815,"x"
"3574",14744.9292776453,15123.473815468,"x"
"3575",14917.5072227658,15691.4427263749,"x"
"3576",15062.0294215474,16277.0583530858,"x"
"3577",15002.7223308115,15937.233353143,"x"
"3578",15501.0156044123,16912.029032746,"x"
"3579",14604.6746202395,15262.1112659938,"x"
"3580",14692.4076219993,15312.0849953471,"x"
"3581",15181.7990614059,16424.1516047877,"x"
"3582",14764.8134670734,15377.5707357216,"x"
"3583",14935.4409814951,15823.346463414,"x"
"3584",15023.0664539829,15905.5518114577,"x"
"3585",14810.4804827922,15632.7043750069,"x"
"3586",15158.0177556529,16260.3922791489,"x"
"3587",14217.2015675785,14503.8058343891,"x"
"3588",14798.0079134778,15607.0269919689,"x"
"3589",14789.3225376925,15442.719854973,"x"
"3590",15324.6129962886,16563.3768591101,"x"
"3591",14386.7724424427,14772.0444836706,"x"
"3592",15016.5626135037,16323.2792986265,"x"
"3593",14942.2558188459,15862.6260896854,"x"
"3594",14669.1360321486,15258.5625480918,"x"
"3595",14619.1873495676,15190.7807050617,"x"
"3596",14706.4239979424,15445.290630242,"x"
"3597",14646.5782856479,15116.968958629,"x"
"3598",15035.616548997,15822.1145563841,"x"
"3599",15357.8757014986,16772.1142492515,"x"
"3600",14601.5134324088,15080.9611711191,"x"
"3601",14859.4856559253,15592.1522350796,"x"
"3602",14819.826250149,15337.6193242769,"x"
"3603",14832.6192242182,15759.0913134777,"x"
"3604",14887.6507615601,15725.5834134447,"x"
"3605",14585.3448394402,14906.9265273035,"x"
"3606",14786.0391036172,15508.6942419262,"x"
"3607",14444.4041846707,15047.8883813525,"x"
"3608",15051.0031539959,16008.9918740949,"x"
"3609",14737.5060925841,15496.2511047812,"x"
"3610",14952.2445379693,15964.2927958766,"x"
"3611",14702.138330648,15435.769205031,"x"
"3612",14479.0210670844,14860.4015672762,"x"
"3613",14708.1741987666,15209.8298680246,"x"
"3614",14515.0940736984,14994.215858902,"x"
"3615",14817.5879484939,15587.3962653919,"x"
"3616",14864.1348023994,15564.7269970857,"x"
"3617",14750.0509449192,15342.9034509701,"x"
"3618",14825.5673594187,15726.6371527597,"x"
"3619",15079.9427939275,16053.8014572602,"x"
"3620",14935.6998836586,15772.3312927163,"x"
"3621",15267.7216544853,16333.9039507392,"x"
"3622",15025.7514100295,15991.0076840929,"x"
"3623",14929.3043196812,15836.9142843026,"x"
"3624",14689.6609759072,15157.4439898108,"x"
"3625",14838.7637430024,15404.9422587614,"x"
"3626",14988.5858083087,15971.4348455908,"x"
"3627",15117.7492780301,16184.774036963,"x"
"3628",15141.487891802,16178.5679821742,"x"
"3629",14615.8965316224,14823.8056758202,"x"
"3630",14827.3876771299,15701.5090975974,"x"
"3631",14816.7716396888,15699.4939202672,"x"
"3632",14885.145474993,15741.4604164006,"x"
"3633",15221.6719812156,16348.043735851,"x"
"3634",14925.607042544,15699.4341523469,"x"
"3635",14913.7400103455,15665.5936364652,"x"
"3636",14824.6899578242,15624.059697087,"x"
"3637",14705.7265442725,14997.4023088245,"x"
"3638",14706.2894769101,15279.0618492901,"x"
"3639",14724.7619486118,15346.8980365915,"x"
"3640",14580.3422153479,14986.5495501063,"x"
"3641",14792.9762521035,15597.8913483077,"x"
"3642",14415.3323515084,14819.0652441311,"x"
"3643",15274.5741309802,16747.2326888181,"x"
"3644",15002.4615285343,15815.9587317412,"x"
"3645",14793.831001999,15614.7900348054,"x"
"3646",15047.9387061263,15890.9618662182,"x"
"3647",14796.4079224813,15446.8754042854,"x"
"3648",15604.9546872759,17393.5005473666,"x"
"3649",15119.6254427943,16129.7481522289,"x"
"3650",15053.9356061358,16005.9862935889,"x"
"3651",14572.4954907224,15131.3914281075,"x"
"3652",14766.8053537488,15351.1223726274,"x"
"3653",14805.0532402987,15515.4995335639,"x"
"3654",14458.2386168687,14805.0927288711,"x"
"3655",14708.7488766031,15392.5406745985,"x"
"3656",14826.3034587174,15649.6690537006,"x"
"3657",14761.4725086248,15380.5918453042,"x"
"3658",14879.7320978203,15682.1891252139,"x"
"3659",14869.4548203212,15578.7345243789,"x"
"3660",14957.0405798477,15884.0790982708,"x"
"3661",15383.3532245023,16730.8764691237,"x"
"3662",14864.1437060823,15704.9590700835,"x"
"3663",15063.2800509397,16216.0681163207,"x"
"3664",15125.3503586189,16094.7461783222,"x"
"3665",14818.6644182456,15577.4363924127,"x"
"3666",14715.2002033672,15558.1490385257,"x"
"3667",15137.4269536909,16356.078328251,"x"
"3668",14683.9148883669,15109.3102426622,"x"
"3669",15096.7124880428,16100.8336218516,"x"
"3670",15203.3472754836,16164.5120631137,"x"
"3671",14777.8083932372,15623.8389776451,"x"
"3672",14923.0681422652,15738.8079563461,"x"
"3673",15334.6633179864,16721.4751087501,"x"
"3674",14588.1951288145,14939.0955139551,"x"
"3675",15166.8929406523,16324.5947349523,"x"
"3676",14968.3244822105,15967.6424384124,"x"
"3677",14791.5134777074,15502.2621779584,"x"
"3678",15415.0567940299,16813.4438046264,"x"
"3679",15154.2833089127,16176.918414626,"x"
"3680",14878.5512067326,15586.9204927119,"x"
"3681",14595.6812693139,15188.7139295834,"x"
"3682",14694.1803510675,15273.3000110072,"x"
"3683",14911.73002634,15719.0989453158,"x"
"3684",14720.5578512152,15291.9421439337,"x"
"3685",14457.0401485522,14781.4319399341,"x"
"3686",14793.6522444481,15515.8133676022,"x"
"3687",15279.3183438516,16386.1340196752,"x"
"3688",15054.62971223,16018.740573246,"x"
"3689",14786.3617832613,15435.6260406888,"x"
"3690",14787.9095072532,15569.4631600112,"x"
"3691",14897.8470435428,15706.9667946569,"x"
"3692",14700.3079070616,15196.8744053289,"x"
"3693",15208.0890755609,16447.1987525567,"x"
"3694",15026.854870607,16021.1588906181,"x"
"3695",14715.6209810988,15307.9271437229,"x"
"3696",14826.1733374922,15579.9668557642,"x"
"3697",14641.0957535368,15187.1149935155,"x"
"3698",14538.9831674909,14951.2202321711,"x"
"3699",14881.6307582925,15546.3425783677,"x"
"3700",14715.3419432799,15214.6650886425,"x"
"3701",14664.4592179904,15229.7771842795,"x"
"3702",14862.7810735605,15673.1699270242,"x"
"3703",14877.3714958614,15472.7052832928,"x"
"3704",14736.0860165706,15265.5921158936,"x"
"3705",14651.4556629035,15469.6915241145,"x"
"3706",14673.4004398965,15285.997317491,"x"
"3707",14691.5248575945,15199.2175576735,"x"
"3708",14639.5586746596,15232.5836311708,"x"
"3709",15293.5249615501,16504.0532252226,"x"
"3710",14970.9111910917,16057.062177025,"x"
"3711",14947.4931145338,15895.1976369406,"x"
"3712",15111.2783216675,15949.4305979547,"x"
"3713",15014.3700214325,16006.2261305387,"x"
"3714",14946.6067531757,15938.8301849707,"x"
"3715",14989.3584012057,16022.5939485079,"x"
"3716",15330.3037552039,16584.8512711903,"x"
"3717",15152.0643091034,16207.1483297578,"x"
"3718",14983.7809421434,15983.4653143065,"x"
"3719",15158.1222104618,16168.7940808287,"x"
"3720",14753.9228880485,15336.6018575672,"x"
"3721",14692.646349316,15242.7682644406,"x"
"3722",14541.9656636296,15012.3026770818,"x"
"3723",14800.8926441955,15587.2763426365,"x"
"3724",14548.7371978772,15185.6320766124,"x"
"3725",14746.0552518616,15492.0280951276,"x"
"3726",14690.6525345028,15343.0460408322,"x"
"3727",14432.0345757129,14781.2441111362,"x"
"3728",14716.823319371,15611.0404330232,"x"
"3729",14723.0943319971,15306.7741840618,"x"
"3730",14762.9848251351,15437.1071014345,"x"
"3731",14909.2763933387,15818.7299219828,"x"
"3732",14899.182408596,15622.2081122018,"x"
"3733",15716.6306261201,17158.1812817533,"x"
"3734",14827.4551758187,15573.4849386633,"x"
"3735",14889.1189060878,15582.1771011042,"x"
"3736",14565.8447806452,14997.6435385574,"x"
"3737",14602.4327442174,15195.7603234884,"x"
"3738",14894.4269932988,15787.4818394898,"x"
"3739",14566.8367607256,15132.098378719,"x"
"3740",14421.8666983436,14735.571308868,"x"
"3741",16196.9653985983,18224.6203091113,"x"
"3742",15051.9515744729,16072.4869035217,"x"
"3743",15143.5080387082,16346.9061850751,"x"
"3744",14967.6069821247,15682.6069760328,"x"
"3745",15445.3055395103,16871.0816103856,"x"
"3746",14945.4547966305,15679.6030922785,"x"
"3747",15107.5452638766,16284.7633768189,"x"
"3748",14912.8085866185,15682.9093063049,"x"
"3749",14953.498261499,15752.1387517024,"x"
"3750",14911.1052133724,15735.1499961861,"x"
"3751",14822.1118051118,15485.9875045514,"x"
"3752",14627.0582761568,15157.6129964189,"x"
"3753",14809.1537226949,15595.0683769381,"x"
"3754",14980.0875567402,15849.6199619674,"x"
"3755",14653.1984642805,15239.7134875826,"x"
"3756",15283.0073420406,16370.2199124066,"x"
"3757",14694.1317592949,15366.4642754447,"x"
"3758",14700.1506595337,15219.2929293562,"x"
"3759",14898.6852684953,15850.419613653,"x"
"3760",15197.6909647697,16177.0066633767,"x"
"3761",14739.9696317163,15459.6644168829,"x"
"3762",15417.2798610424,17003.9638431792,"x"
"3763",14468.4592413715,14815.8400762031,"x"
"3764",14805.0860925243,15401.829423288,"x"
"3765",14700.3335158586,15404.0678985498,"x"
"3766",14702.4362919742,15370.974312262,"x"
"3767",14985.9695916402,15918.2940061687,"x"
"3768",14972.5012561367,15893.4149918572,"x"
"3769",14690.9488114659,15324.6045680399,"x"
"3770",15184.5679842327,16477.1199454859,"x"
"3771",14758.5293101055,15327.8761552966,"x"
"3772",14633.3900306035,15126.5109870354,"x"
"3773",14757.9511445579,15331.9356296011,"x"
"3774",14655.0179007003,15320.1001234914,"x"
"3775",14841.5170493482,15457.362135065,"x"
"3776",15065.8516892576,16127.4406495687,"x"
"3777",14964.0023749942,15957.2103289006,"x"
"3778",14690.657926115,15065.6018213395,"x"
"3779",14344.6148984594,14762.7828041322,"x"
"3780",15448.5306345063,16974.7292121184,"x"
"3781",14681.6604212403,15381.9212122602,"x"
"3782",14985.807741185,15875.620351517,"x"
"3783",15227.9189815754,16437.2054489261,"x"
"3784",15091.0301534304,16069.3388547543,"x"
"3785",14765.8380050108,15501.0825335304,"x"
"3786",14771.9912726405,15375.6885384444,"x"
"3787",14979.7324593107,15981.8398501492,"x"
"3788",14723.7765072359,15497.6835062879,"x"
"3789",14329.6590681098,14739.8373165763,"x"
"3790",14682.6562244287,15414.5835605021,"x"
"3791",14989.6123384316,15815.7747165549,"x"
"3792",14772.1490832047,15568.0626642098,"x"
"3793",14717.6323668612,15243.5740112622,"x"
"3794",14591.096410218,15020.0352182625,"x"
"3795",14435.6441412947,14796.4060534096,"x"
"3796",14735.6506232845,15276.0941141414,"x"
"3797",14835.4860748756,15531.7578124775,"x"
"3798",15139.0787836647,16320.0733205289,"x"
"3799",14850.4060879357,15764.6007798379,"x"
"3800",14938.8647877835,15799.574403455,"x"
"3801",15539.5421275533,17184.8646329824,"x"
"3802",15200.7541258047,16377.5063968672,"x"
"3803",15715.4340073594,17413.0584396172,"x"
"3804",14722.3729879947,15340.1129356378,"x"
"3805",14778.2322488686,15468.3118053014,"x"
"3806",14914.8870763102,15772.0210607657,"x"
"3807",14451.2795880032,14718.2659302037,"x"
"3808",14701.5354020678,15348.9696026994,"x"
"3809",14939.7469790698,15928.9058929852,"x"
"3810",14660.6640775735,15120.5772289291,"x"
"3811",14790.6004058156,15474.0878187014,"x"
"3812",14766.1234805276,15373.8253712361,"x"
"3813",14662.4108757548,15177.5435951889,"x"
"3814",14681.6272814443,15317.3781094947,"x"
"3815",14872.8111943567,15624.3189199078,"x"
"3816",15009.0927284234,16015.1365192785,"x"
"3817",15554.7345036086,16884.6421235038,"x"
"3818",14613.0957060237,15261.8245562862,"x"
"3819",14514.0040894493,14942.1574980675,"x"
"3820",15262.0244379531,16609.8433849366,"x"
"3821",15439.2964233653,17129.0095970417,"x"
"3822",14639.1456278191,14978.2973494022,"x"
"3823",14384.1121792989,14849.9431683779,"x"
"3824",14635.8082985832,15215.9280852686,"x"
"3825",15032.0370681655,16097.2466136823,"x"
"3826",15347.6264696772,16700.2304536123,"x"
"3827",14636.0650147483,15119.2487437087,"x"
"3828",15105.6440231773,16154.031518987,"x"
"3829",15185.857378742,16178.7486230665,"x"
"3830",14931.5037144324,15528.2920656601,"x"
"3831",14928.1840497529,15809.4745659715,"x"
"3832",14868.6589725795,15497.3792926672,"x"
"3833",14949.8447746723,16042.3142621906,"x"
"3834",14799.1395696651,15430.9994823385,"x"
"3835",15019.4840353756,15996.0851713603,"x"
"3836",14669.4851391013,15342.3491806441,"x"
"3837",15311.4196155629,16559.8980247492,"x"
"3838",14958.539784555,15868.6940053724,"x"
"3839",14985.0503776376,16050.8242526514,"x"
"3840",15283.5023636375,16590.1896065184,"x"
"3841",14874.0903772014,15612.2631607346,"x"
"3842",14902.6130548333,15730.3519822118,"x"
"3843",14716.4473582415,15313.9736777111,"x"
"3844",14535.4842623035,15072.0058381227,"x"
"3845",14781.9721242621,15271.4380479172,"x"
"3846",15286.594199162,16665.3658974188,"x"
"3847",15275.2956881108,16494.5934403254,"x"
"3848",14718.0606683619,15375.0364487964,"x"
"3849",14796.7389494042,15553.7218039127,"x"
"3850",14671.6259084735,15412.3755726579,"x"
"3851",14732.5001360833,15537.9111500669,"x"
"3852",14990.7619812587,15680.3790958214,"x"
"3853",15149.2077732601,16197.4447152779,"x"
"3854",14955.6031424807,15842.8000901748,"x"
"3855",15029.123922808,15999.4435320169,"x"
"3856",14597.041630811,14823.8777851619,"x"
"3857",15060.2826274709,16111.6461376978,"x"
"3858",15021.858459136,15922.4086710708,"x"
"3859",15202.8233953612,16342.2665181333,"x"
"3860",15092.5294941239,16127.0777761872,"x"
"3861",15069.2739545629,16041.2951204479,"x"
"3862",14920.872893458,15701.0969751622,"x"
"3863",14837.8610952592,15632.7977712886,"x"
"3864",16057.509827766,18053.1661686229,"x"
"3865",14717.1467724556,15406.771716236,"x"
"3866",14397.2931010178,14672.5121802114,"x"
"3867",14667.3777535999,15409.8691057492,"x"
"3868",14640.0646578188,15263.1171494373,"x"
"3869",14794.5570566861,15565.8236560403,"x"
"3870",15146.4117416306,16553.676593284,"x"
"3871",15051.982575433,16179.8091178836,"x"
"3872",14648.6709048369,15335.4736625224,"x"
"3873",14701.4667862517,15190.9883922207,"x"
"3874",15008.0020034244,15834.3928105224,"x"
"3875",15004.4981397576,15836.6872255039,"x"
"3876",14930.2468121706,15901.8533400654,"x"
"3877",14479.7040010014,15005.2391482846,"x"
"3878",14808.7989456245,15595.2432038706,"x"
"3879",14558.6514307419,14978.5054217408,"x"
"3880",14864.5446134042,15591.8062945617,"x"
"3881",15027.1263288973,16066.5156125001,"x"
"3882",14714.0643075463,15161.1949122623,"x"
"3883",15126.5800999137,16474.5880322312,"x"
"3884",14917.8932803264,15678.3450529088,"x"
"3885",15055.2268773745,16239.2323955575,"x"
"3886",14910.0089233174,15858.5117445717,"x"
"3887",15150.5944980726,16306.1080589426,"x"
"3888",14887.0132221718,15732.7022086183,"x"
"3889",14908.913995299,15711.1712903158,"x"
"3890",14680.6337340929,15002.967698644,"x"
"3891",15037.6090429614,16128.6484897823,"x"
"3892",14921.0516099158,15734.7657919352,"x"
"3893",14956.7831892261,15995.0594447128,"x"
"3894",15251.5368730429,16419.2292345804,"x"
"3895",14764.2421717365,15234.3949477806,"x"
"3896",14907.2263438115,15686.7632427252,"x"
"3897",14439.2057274057,14741.5512121542,"x"
"3898",14915.3887439947,15828.7097203841,"x"
"3899",14690.0307407527,15301.9039030196,"x"
"3900",14892.3491053978,15735.1572067121,"x"
"3901",14640.5610161258,15186.2029360933,"x"
"3902",14415.7949601894,14835.2647827955,"x"
"3903",14678.0909955951,15174.4408654228,"x"
"3904",14934.5663236861,15826.7915861096,"x"
"3905",14830.4333392258,15513.4690110629,"x"
"3906",15137.9207314233,16248.3856380526,"x"
"3907",15012.5176379243,15921.1861099872,"x"
"3908",14727.2264414588,15311.9587737452,"x"
"3909",14781.4760226651,15343.6700587713,"x"
"3910",14967.1361218428,15777.7189978292,"x"
"3911",14699.3048194918,15326.7850426533,"x"
"3912",15059.0595356256,15993.5293385004,"x"
"3913",14703.1768687695,15397.6729309879,"x"
"3914",14943.9186020139,16005.5579044093,"x"
"3915",14774.3237452928,15466.1226770176,"x"
"3916",14787.1144027785,15573.2849910968,"x"
"3917",14737.8834519695,15212.6417661829,"x"
"3918",15005.3319504846,16146.5821612963,"x"
"3919",14886.2023500505,15624.1995110246,"x"
"3920",14706.6671364902,15266.0889119199,"x"
"3921",14831.4706323108,15709.0769251841,"x"
"3922",14742.3170631714,15322.281494325,"x"
"3923",14594.7903666935,14960.9181103833,"x"
"3924",14634.1993456715,15077.9984378643,"x"
"3925",14695.2072511855,15434.1387272562,"x"
"3926",14663.5054704321,14941.8276172411,"x"
"3927",14433.8163235993,14881.2065971704,"x"
"3928",15094.2737085693,16062.2304636686,"x"
"3929",14986.9506726801,15939.7090190792,"x"
"3930",15129.790562633,16282.3160656167,"x"
"3931",14626.5108716218,15266.2121102292,"x"
"3932",14509.1272816188,14972.6744431725,"x"
"3933",14609.1410657426,15171.9248539338,"x"
"3934",15313.5686850778,16697.9455509598,"x"
"3935",14537.6747606097,15078.0041617008,"x"
"3936",15204.7168115105,16329.7858604946,"x"
"3937",14742.3191251932,15264.1541108786,"x"
"3938",14998.4943429805,16046.3458401104,"x"
"3939",14320.2534358767,14665.2759371821,"x"
"3940",15052.1319758078,16189.2232686368,"x"
"3941",15092.9024751628,16114.9633485535,"x"
"3942",14772.53947261,15314.5453832373,"x"
"3943",14436.6673485912,14868.324256524,"x"
"3944",14517.2555983924,14788.7623544168,"x"
"3945",14773.5260743757,15387.7498073741,"x"
"3946",14593.4669449386,15012.6946904477,"x"
"3947",14370.3699132551,14719.8970123096,"x"
"3948",14974.9901607283,15788.5488855331,"x"
"3949",14884.559617599,15607.3803499186,"x"
"3950",14828.3479694393,15409.6290966512,"x"
"3951",14751.6832660747,15557.8599641547,"x"
"3952",15252.8872723908,16587.1636989695,"x"
"3953",14984.6093116931,15944.7664831762,"x"
"3954",15074.6810403363,16010.0027314863,"x"
"3955",14930.338852699,15758.2575743724,"x"
"3956",14972.6118418391,15855.8533922511,"x"
"3957",14907.2248985822,15903.795291528,"x"
"3958",14947.8684546027,15830.1912775808,"x"
"3959",14905.6815107754,15708.9438556485,"x"
"3960",14634.4295092258,15139.1099389633,"x"
"3961",14752.8900350421,15320.8106572958,"x"
"3962",14535.4682224354,14942.4122758119,"x"
"3963",15213.7195536274,16505.6650099659,"x"
"3964",14633.7912196745,15226.3375797969,"x"
"3965",15408.7143548457,16840.555544307,"x"
"3966",14366.8838230284,14702.9471640602,"x"
"3967",15124.5306786771,16054.5750620192,"x"
"3968",15074.4671580231,16084.6213365729,"x"
"3969",14695.3721983876,15447.2129459519,"x"
"3970",14528.5284322996,14883.9138236418,"x"
"3971",15378.5528664858,16713.115977025,"x"
"3972",14862.1007072517,15515.5540944351,"x"
"3973",15080.957455231,16066.3304251598,"x"
"3974",14693.1634812895,15194.3091496112,"x"
"3975",14516.4013736808,14987.5700625738,"x"
"3976",14957.6946493103,15769.2838397212,"x"
"3977",14456.8501134798,14895.5501568282,"x"
"3978",14591.3104042412,15122.8927775821,"x"
"3979",14904.8091471184,15615.0975506305,"x"
"3980",15399.0369445566,16883.8825838303,"x"
"3981",14695.5386510634,15283.0544494501,"x"
"3982",14846.7194136767,15702.2750995159,"x"
"3983",14416.5315025146,14904.0324924211,"x"
"3984",14607.580836158,15334.371176126,"x"
"3985",14858.4569422157,15688.2466582008,"x"
"3986",15118.5618952569,16288.46560272,"x"
"3987",14325.7241688061,14476.7024948749,"x"
"3988",14589.1801928812,15087.6901297724,"x"
"3989",14883.524692204,15605.2204725514,"x"
"3990",15063.2255258875,15883.943491578,"x"
"3991",14834.6992165629,15312.1374310487,"x"
"3992",15348.4251447135,16606.1397744709,"x"
"3993",14518.281164387,14981.3240588581,"x"
"3994",14494.1105015101,14999.4311000962,"x"
"3995",14639.1522197597,15368.1854711658,"x"
"3996",14804.6982646835,15527.3470111878,"x"
"3997",15129.1740153672,15866.6045367999,"x"
"3998",14787.8651537601,15512.9800846749,"x"
"3999",15162.0848506708,16303.6424060103,"x"
"4000",14603.4041823371,15129.1839927142,"x"
"4001",14814.1431309353,15458.6271161932,"x"
"4002",14732.1511860645,15404.1824144888,"x"
"4003",14788.515412101,15373.6047869189,"x"
"4004",14811.4808099546,15598.951192128,"x"
"4005",14469.9217825374,14852.6068278123,"x"
"4006",14534.8667293886,14968.5595091213,"x"
"4007",14919.6653960685,15902.3712011989,"x"
"4008",14697.2630407084,15337.6341479058,"x"
"4009",14758.9820091164,15370.4650568999,"x"
"4010",14824.7768074286,15668.4580370774,"x"
"4011",14986.2355745441,15855.8761167622,"x"
"4012",15678.1275376469,17695.3275523434,"x"
"4013",14772.0847118004,15303.5776810159,"x"
"4014",14944.1073018611,15836.358930568,"x"
"4015",14854.3240697062,15604.616661371,"x"
"4016",15329.4470751034,16721.0432338327,"x"
"4017",14911.3264461156,15677.5556365789,"x"
"4018",14712.0210782848,15275.9880382692,"x"
"4019",14610.3353490043,15334.0579665029,"x"
"4020",14605.6785840124,15029.6548608457,"x"
"4021",15177.1657400403,16442.5761568443,"x"
"4022",14897.4100839394,15723.8584093473,"x"
"4023",15025.3549885257,15931.9925839444,"x"
"4024",15420.09888145,17045.4229533232,"x"
"4025",14765.8891261215,15565.3553283021,"x"
"4026",14650.415968479,15052.8431053234,"x"
"4027",14830.3520074876,15609.4221941734,"x"
"4028",14986.8427387743,15888.7699975567,"x"
"4029",14567.4568781817,15116.1628267697,"x"
"4030",15389.6896524034,16922.9861029431,"x"
"4031",14665.5364817172,15243.2831345833,"x"
"4032",15099.676702789,16033.4590386008,"x"
"4033",15210.1635910031,16293.6793848843,"x"
"4034",15051.5479707752,16006.1313275813,"x"
"4035",14893.3535867639,15803.8877958715,"x"
"4036",14797.7238634349,15586.9493997797,"x"
"4037",14847.6383052768,15319.2360059349,"x"
"4038",14949.0793646933,15744.981440813,"x"
"4039",15380.8501932091,16799.8994567547,"x"
"4040",15210.0629456523,16175.9950971152,"x"
"4041",15055.4728362184,15962.8190536798,"x"
"4042",15185.7416652193,16185.4252632269,"x"
"4043",14957.404847306,15874.2944879993,"x"
"4044",14922.2655611005,15728.6727473976,"x"
"4045",14891.4326852117,15686.2750321385,"x"
"4046",14831.6237879329,15456.4614747415,"x"
"4047",15273.4605812194,16475.6560981631,"x"
"4048",15377.8784906549,17020.3630726314,"x"
"4049",14798.3253568865,15274.9220990476,"x"
"4050",15569.6461109963,17328.4747608192,"x"
"4051",15355.1603442781,16915.8643505325,"x"
"4052",14740.7511343875,15172.0232153393,"x"
"4053",15336.5796597544,16761.8199670707,"x"
"4054",15126.8236193142,16143.8210384303,"x"
"4055",14867.9461624139,15992.4906297754,"x"
"4056",14549.8581965868,15015.5471414264,"x"
"4057",14974.396545673,15875.059523013,"x"
"4058",14831.6634187774,15570.2099939787,"x"
"4059",14649.8888968937,15319.1329396707,"x"
"4060",14697.1517926254,15427.4384075275,"x"
"4061",15011.6005858411,15902.3167553815,"x"
"4062",15192.1852589658,16305.421774162,"x"
"4063",15116.9281267075,16123.283164126,"x"
"4064",15157.5682477383,16150.6925628103,"x"
"4065",14688.5272249842,15282.7223962043,"x"
"4066",14807.76155647,15486.4807924205,"x"
"4067",14442.1739563453,14940.3409795806,"x"
"4068",15224.4215258725,16503.8458045817,"x"
"4069",14626.0020865505,15047.7954085521,"x"
"4070",14772.7504606379,15436.5417214586,"x"
"4071",14971.4778928288,15835.1777951323,"x"
"4072",14566.9213847125,15137.246642399,"x"
"4073",14641.4978262678,15113.4457666483,"x"
"4074",14505.6666765277,15004.7584527709,"x"
"4075",15028.6334198435,16121.5350518295,"x"
"4076",14993.847924915,16100.3770245111,"x"
"4077",15113.671487847,15961.1852385483,"x"
"4078",14904.2643009328,15773.9588270522,"x"
"4079",15051.141490521,16033.8788813907,"x"
"4080",15020.3084590006,15950.7225222276,"x"
"4081",14950.3945974434,15862.8283820684,"x"
"4082",14911.1254852605,15903.6967047808,"x"
"4083",14865.2232618026,15658.6275438533,"x"
"4084",15110.4871653717,15935.2602048927,"x"
"4085",14767.386140974,15583.402162467,"x"
"4086",15633.6627552938,17605.8631781225,"x"
"4087",15086.6960222741,16018.897279296,"x"
"4088",15148.3969833935,16184.4456004353,"x"
"4089",14861.6052021856,15478.1047600456,"x"
"4090",14889.6544544976,15739.0686519318,"x"
"4091",15281.228308394,16532.0054356908,"x"
"4092",14978.9677410185,16018.0162805181,"x"
"4093",14688.1799950568,15328.3652115124,"x"
"4094",14965.0730202377,15969.8164437584,"x"
"4095",15094.3643631789,16112.8991511123,"x"
"4096",14857.2860189095,15622.8360217487,"x"
"4097",14824.012271087,15605.7518859379,"x"
"4098",15119.7863361145,16483.0901139984,"x"
"4099",14689.2340087304,15299.5681501231,"x"
"4100",14854.6360877331,15540.0074767374,"x"
"4101",14736.6779166673,15401.0528562141,"x"
"4102",14490.8826613443,15043.1709232994,"x"
"4103",15119.6346179874,16183.204909122,"x"
"4104",15374.9589578891,16785.148458666,"x"
"4105",14967.4357939427,15944.3904794273,"x"
"4106",14934.815413552,16011.0682862118,"x"
"4107",14790.7304488918,15321.0371025047,"x"
"4108",14926.8661777507,15824.7373292337,"x"
"4109",14815.2483146353,15376.5287788478,"x"
"4110",14816.0490281474,15485.53302043,"x"
"4111",15115.9117250375,16381.8457181792,"x"
"4112",14806.4478351277,15516.1013234451,"x"
"4113",15120.3421514896,16238.0013555912,"x"
"4114",14795.0408454576,15411.6592050423,"x"
"4115",14631.8092727645,15246.4471212124,"x"
"4116",14953.6766872151,15748.9243392983,"x"
"4117",14659.9402899757,15266.3646847572,"x"
"4118",14838.4571891501,15642.5769662212,"x"
"4119",15665.0067203408,17103.4364107569,"x"
"4120",14997.7076253876,16147.4756918067,"x"
"4121",15031.9743578413,15899.0293321383,"x"
"4122",14981.0403079804,15996.0246541826,"x"
"4123",14795.6290091128,15622.0499561987,"x"
"4124",14766.4700575403,15335.1894924648,"x"
"4125",15116.5230972516,16122.2127930506,"x"
"4126",14589.0978439812,15129.404464337,"x"
"4127",14889.2236356316,15751.4502478528,"x"
"4128",14741.4859004028,15574.297087442,"x"
"4129",15108.4729608537,16272.5624866327,"x"
"4130",15463.4611929628,16820.6753417703,"x"
"4131",15007.1398569046,15941.9679050338,"x"
"4132",14624.9083544519,14944.9734621397,"x"
"4133",14430.1493712157,14974.3966909118,"x"
"4134",14925.3071910993,15777.1685931643,"x"
"4135",14693.090443858,15181.548486686,"x"
"4136",15018.9172761104,15676.9484096304,"x"
"4137",14779.5405607596,15475.3052198505,"x"
"4138",14972.2807624422,15953.6613579727,"x"
"4139",14788.9242255337,15443.3098599638,"x"
"4140",14871.5965123481,15723.2502432469,"x"
"4141",14973.9012856086,15697.2649255919,"x"
"4142",14571.9580459333,15078.2345498907,"x"
"4143",14841.4202459776,15448.6590380377,"x"
"4144",14606.787395222,15102.0370804433,"x"
"4145",14876.5835516662,15717.7196495144,"x"
"4146",15088.2144088293,16195.9166385885,"x"
"4147",14753.7797117993,15389.1497502668,"x"
"4148",14758.9379662809,15393.7520804174,"x"
"4149",15127.4583866962,16198.1624713791,"x"
"4150",14550.4808956876,15007.4744963765,"x"
"4151",15101.9543598713,16134.9572744809,"x"
"4152",15352.0148546717,17102.9685215074,"x"
"4153",14647.1642811159,15080.8734440894,"x"
"4154",14738.7677407478,15322.841882679,"x"
"4155",14755.3824585575,15572.5214383943,"x"
"4156",14660.3208429045,15338.0428576293,"x"
"4157",14590.4325684984,14915.824920055,"x"
"4158",14895.2920201094,15796.6901202092,"x"
"4159",14561.4551589177,15024.9847474857,"x"
"4160",14807.5133410718,15608.0617508898,"x"
"4161",14658.3036608787,15263.5522285172,"x"
"4162",15220.0262046352,16213.8489321359,"x"
"4163",14613.3826729629,15190.9114858262,"x"
"4164",15061.3871763082,15966.5436870347,"x"
"4165",14785.445502887,15352.9214765445,"x"
"4166",14862.99019488,15626.8848576818,"x"
"4167",14644.5409478667,15164.0163453142,"x"
"4168",15186.6330279354,16213.1309279386,"x"
"4169",14746.2284104579,15397.4357987783,"x"
"4170",14932.1833256832,15749.6284488833,"x"
"4171",15068.7205682219,16119.2381769722,"x"
"4172",15811.2162061889,17287.129858118,"x"
"4173",14654.9903080334,15021.3111118671,"x"
"4174",14553.346546988,14953.493885765,"x"
"4175",14766.06338305,15430.0269930492,"x"
"4176",15058.270977143,16089.8353225498,"x"
"4177",15040.1124227601,16073.1306820253,"x"
"4178",14718.0629689292,15347.8368660152,"x"
"4179",14818.7024452331,15556.3493543205,"x"
"4180",14460.3709982677,14768.7655783789,"x"
"4181",15403.6296536132,16735.4128760039,"x"
"4182",15111.991956124,16094.4654879264,"x"
"4183",14663.6735930089,15321.4973762284,"x"
"4184",15085.7434793606,16259.7167556116,"x"
"4185",14584.6966865195,15011.5181805035,"x"
"4186",14896.8570455591,15797.7532431525,"x"
"4187",14720.0661943648,15402.1739742105,"x"
"4188",14767.554759814,15461.0416070233,"x"
"4189",14621.456197252,15019.7524545994,"x"
"4190",14895.3714576784,15708.9024853336,"x"
"4191",15008.3760713317,15925.0757261441,"x"
"4192",14801.0323107615,15515.6232801647,"x"
"4193",15246.882260298,16521.6121663606,"x"
"4194",15077.8244460111,16201.9252175328,"x"
"4195",14852.6791729024,15559.524214152,"x"
"4196",14844.5150242171,15684.246480125,"x"
"4197",14468.0567930143,14801.4272505212,"x"
"4198",14622.8381903327,15086.7564064016,"x"
"4199",14680.810648456,15358.6860650646,"x"
"4200",14863.973557604,15777.3463715752,"x"
"4201",14887.2692900612,15782.7572347804,"x"
"4202",15067.6087905967,16035.6821540533,"x"
"4203",14411.4814919029,14801.3642926409,"x"
"4204",14870.9076315266,15538.083613138,"x"
"4205",14840.9655056365,15565.6467460643,"x"
"4206",14519.08710884,15039.8998314305,"x"
"4207",14596.5142000511,14876.404582217,"x"
"4208",14644.7814319965,14986.6242871694,"x"
"4209",14787.9917112082,15474.4856127255,"x"
"4210",14508.1424670358,14933.1139610409,"x"
"4211",14738.343538425,15531.6803878341,"x"
"4212",14923.0900828955,15758.0871970929,"x"
"4213",14952.3626193526,15729.2336486622,"x"
"4214",14900.3890182893,15639.1097677041,"x"
"4215",15137.8398849907,16253.1196943742,"x"
"4216",15333.5338188347,16657.9089158484,"x"
"4217",15250.574035261,16437.6472499427,"x"
"4218",14811.3187412956,15448.6592300804,"x"
"4219",14808.3403063947,15527.9549679006,"x"
"4220",14655.9651748317,15234.1247669106,"x"
"4221",14562.0286757684,15073.049925677,"x"
"4222",15087.1745667434,16225.1349464033,"x"
"4223",14571.6512427127,15187.998764307,"x"
"4224",15145.0226235997,16033.323738365,"x"
"4225",15779.9858321496,17978.4600522315,"x"
"4226",14990.1967590214,15853.8415408042,"x"
"4227",14567.4330799496,14927.6570372493,"x"
"4228",14563.7518793684,15093.4118953187,"x"
"4229",14760.5447738574,15360.2010716561,"x"
"4230",14743.1276050136,15278.2423147304,"x"
"4231",14822.4297331948,15711.6421788178,"x"
"4232",14655.5835995009,15145.8880329287,"x"
"4233",15103.5332013395,15943.889608971,"x"
"4234",14740.5006950708,15546.8219041909,"x"
"4235",14946.9561465025,15843.8817631456,"x"
"4236",14784.7020224007,15230.3779291229,"x"
"4237",14959.6480776968,15847.6569587858,"x"
"4238",14786.6557581504,15531.743521657,"x"
"4239",14672.1504676729,15329.0008092117,"x"
"4240",15002.4131957742,15925.6939006153,"x"
"4241",14463.8499471039,14855.014214359,"x"
"4242",15109.8008811011,15925.8434849374,"x"
"4243",14995.2800407312,15830.1383765059,"x"
"4244",14655.4086963166,15246.6526443568,"x"
"4245",14608.0351970538,15177.6263310314,"x"
"4246",14993.1352994854,16139.8488031067,"x"
"4247",14929.4736574407,15610.6624314483,"x"
"4248",15250.7906106663,16474.8867353324,"x"
"4249",14531.7001464197,15109.7295161593,"x"
"4250",14908.3077095988,15653.1040701141,"x"
"4251",14915.0542785977,15684.6901145818,"x"
"4252",14594.4100406638,15148.5692168108,"x"
"4253",14893.2135372499,15717.8328628796,"x"
"4254",14717.2635140662,15239.304853211,"x"
"4255",14902.8228438936,15624.545805152,"x"
"4256",14995.0814614537,15706.2184904551,"x"
"4257",14769.819509444,15404.1777976867,"x"
"4258",15028.0423977234,15818.7360235079,"x"
"4259",14705.7571266017,15234.9921234875,"x"
"4260",14848.7651544367,15660.5147698365,"x"
"4261",14744.8713771293,15381.4406746062,"x"
"4262",14896.5750852631,15735.8139235478,"x"
"4263",15055.7386428649,15839.0653744789,"x"
"4264",14556.3145019007,15069.5081314729,"x"
"4265",14867.3796058295,15540.2707488656,"x"
"4266",14912.2118908678,15808.5873085674,"x"
"4267",15126.7493149641,16084.7063160446,"x"
"4268",14933.2395950768,15736.7507597618,"x"
"4269",15138.3743482179,16178.6938976637,"x"
"4270",15026.5593868627,15961.9611982789,"x"
"4271",14624.7778969587,14990.4195311056,"x"
"4272",14462.7476811438,14899.8895541633,"x"
"4273",15093.6260829025,16191.3753391238,"x"
"4274",14523.731101161,15059.4565638061,"x"
"4275",14516.6845394016,14991.690270748,"x"
"4276",14777.2982922683,15379.2709010865,"x"
"4277",15037.0673308564,16111.6935164831,"x"
"4278",14953.773750914,15919.6922862699,"x"
"4279",14913.5261929986,15787.1183303371,"x"
"4280",14661.3904493587,15365.0193598495,"x"
"4281",14440.9535459403,14801.1978761135,"x"
"4282",14766.4960610763,15486.8317149051,"x"
"4283",15268.9118828347,16348.0716228819,"x"
"4284",14801.7679812504,15613.5987311402,"x"
"4285",14977.597958955,16020.9043303161,"x"
"4286",14876.6516173298,15593.3127893303,"x"
"4287",14937.9580617688,15869.4101956696,"x"
"4288",14917.1453873558,15854.8826701056,"x"
"4289",14727.5372053629,15240.7834126846,"x"
"4290",14740.293232608,15430.4509434299,"x"
"4291",14653.9335417604,15052.6215026703,"x"
"4292",14671.9045091573,15358.0285959638,"x"
"4293",14407.9833332775,14777.306284239,"x"
"4294",14798.0713958686,15608.0252239893,"x"
"4295",14503.0644360763,15001.8650114484,"x"
"4296",14896.8085136308,15685.5036969419,"x"
"4297",15195.4260144344,16426.793787596,"x"
"4298",14425.2965176471,14756.4966504254,"x"
"4299",15057.9158571292,16018.0487534131,"x"
"4300",14841.6250701134,15697.2353995053,"x"
"4301",14879.0686557477,15681.0591058426,"x"
"4302",14902.5367632136,15810.4993573104,"x"
"4303",15081.512330753,16214.9853933874,"x"
"4304",14752.896004241,15504.3456024729,"x"
"4305",14805.5877456602,15581.2581737909,"x"
"4306",14889.9637483514,15723.2834904003,"x"
"4307",14877.6011344669,15520.6272812414,"x"
"4308",14845.2249469959,15561.5293604377,"x"
"4309",14917.5653259517,15585.4971973876,"x"
"4310",14473.966483302,14876.4471731888,"x"
"4311",14789.6963705706,15226.7024040733,"x"
"4312",15389.5753017904,16778.2113726644,"x"
"4313",14529.8670653747,15024.7820415154,"x"
"4314",14768.0393548638,15579.1909452291,"x"
"4315",14660.8555683652,15106.986478668,"x"
"4316",14649.8700726336,15063.0602120356,"x"
"4317",14720.6658336131,15366.1928603052,"x"
"4318",15078.8391821312,15997.6732727467,"x"
"4319",15325.8353749858,16807.8240705888,"x"
"4320",14770.0792126592,15316.6649183883,"x"
"4321",15375.4938602158,16495.9951719966,"x"
"4322",14997.7012902445,15644.0416641181,"x"
"4323",14944.8778729545,15677.2292867164,"x"
"4324",15167.0453051644,16274.8301570243,"x"
"4325",14551.0846790982,14926.134087785,"x"
"4326",15093.6753922731,16016.0945858152,"x"
"4327",15015.980637707,16071.3259383791,"x"
"4328",14582.3607998572,15136.2877391254,"x"
"4329",14325.0110180758,14750.3583725496,"x"
"4330",14627.2628409089,15105.5306819546,"x"
"4331",15174.093361953,16309.9479400707,"x"
"4332",14699.9828472087,15338.1646161594,"x"
"4333",14797.4280342888,15518.1761856892,"x"
"4334",15098.16299116,16320.2244842089,"x"
"4335",14962.5242559243,15873.1078248782,"x"
"4336",15149.1267949199,16301.8760953234,"x"
"4337",15101.7683587341,16259.8513967166,"x"
"4338",14882.3249592534,15586.4641426509,"x"
"4339",14939.1974080344,15949.8553053377,"x"
"4340",14463.9959223081,14803.1655835521,"x"
"4341",14865.269736644,15526.3740570418,"x"
"4342",14380.7912464847,14827.5155371006,"x"
"4343",14688.7417146581,15286.96876591,"x"
"4344",14562.3326965732,15213.4832294067,"x"
"4345",14649.4354320625,15018.712668878,"x"
"4346",14883.5717432926,15677.4551677689,"x"
"4347",15001.0166327526,15805.1136556223,"x"
"4348",14766.9619213002,15601.0211063872,"x"
"4349",15127.9784818197,16126.8966820918,"x"
"4350",15056.8310288339,16050.4875410976,"x"
"4351",14675.1048281835,15211.2230693045,"x"
"4352",14671.1994806238,15368.7184559096,"x"
"4353",14753.2964215526,15456.3725095436,"x"
"4354",14754.1485783999,15421.5498254576,"x"
"4355",14747.6445588214,15428.7404941021,"x"
"4356",14936.4112530601,15776.0068519604,"x"
"4357",14692.4568325574,15247.444590525,"x"
"4358",15061.0390686896,16011.1249508458,"x"
"4359",14886.4540663631,15628.6281376353,"x"
"4360",14635.9375507231,14866.9160397417,"x"
"4361",14677.5474080338,15215.9931090097,"x"
"4362",14733.2538373332,15475.6886732544,"x"
"4363",14914.9426072907,15793.5745474914,"x"
"4364",14800.0216939744,15633.1877580062,"x"
"4365",14391.7228958776,14780.3117812035,"x"
"4366",15292.121631918,16461.2882621055,"x"
"4367",14962.3988362253,16090.8344972417,"x"
"4368",14623.9726275019,15361.5871730345,"x"
"4369",14405.835818282,14664.8136385174,"x"
"4370",14948.0572963292,15907.7672116336,"x"
"4371",14624.2191061669,15134.0848162773,"x"
"4372",15142.931651906,16395.6123358874,"x"
"4373",14557.4736978777,15107.9866000352,"x"
"4374",14683.1513310254,15390.3838331377,"x"
"4375",14511.6011202746,14786.6804852821,"x"
"4376",15101.3261517813,16000.9175196274,"x"
"4377",15590.0562298984,17299.3295364664,"x"
"4378",15145.2410992031,16327.3454130103,"x"
"4379",14983.6958829819,16123.2857140636,"x"
"4380",14823.9240675122,15437.9482229916,"x"
"4381",14872.9856587755,15532.18384558,"x"
"4382",14607.3795827294,15118.4997179265,"x"
"4383",14724.696890167,15303.9281116103,"x"
"4384",14504.2338274354,14788.6478904946,"x"
"4385",14706.9100936007,15392.2333428055,"x"
"4386",14774.2862143874,15523.9819663844,"x"
"4387",14669.1467504838,15115.8328070803,"x"
"4388",14735.2280152422,15263.3422309625,"x"
"4389",14639.7559974952,15108.4252402593,"x"
"4390",14785.4348124384,15533.5123215981,"x"
"4391",14663.3931289112,15364.6178522452,"x"
"4392",14974.2850124617,15823.172041577,"x"
"4393",14894.0569461362,15602.7446491262,"x"
"4394",15068.3526435324,16021.5392871647,"x"
"4395",15293.3938701638,16544.0823914695,"x"
"4396",14778.596325538,15308.6907981428,"x"
"4397",15524.6383565919,17035.5035324686,"x"
"4398",15750.7023313967,17169.535401972,"x"
"4399",14560.4933238145,15084.4709187729,"x"
"4400",14863.3162769929,15548.151496147,"x"
"4401",14583.8463532979,15129.6542323613,"x"
"4402",14794.6024672247,15472.4743767301,"x"
"4403",15145.4835799216,16320.242618056,"x"
"4404",14931.3228604324,15819.2862062815,"x"
"4405",15309.6348278198,16487.1168854581,"x"
"4406",14775.9877457939,15418.1250752915,"x"
"4407",15040.3030269133,16138.6979653373,"x"
"4408",14915.9600661579,15513.3427624349,"x"
"4409",15383.570916184,16843.7616930234,"x"
"4410",14928.1623375758,15799.9982147135,"x"
"4411",15022.2790462459,16011.2543095312,"x"
"4412",15093.0313804979,16219.7631914332,"x"
"4413",14355.4331803678,14834.613311199,"x"
"4414",14594.149652518,15173.2162852258,"x"
"4415",15201.6900170882,16458.3586731066,"x"
"4416",15357.7263489243,16690.6113074663,"x"
"4417",14917.3823654903,15764.7246477824,"x"
"4418",14465.5914319813,15026.4370691782,"x"
"4419",15073.1723246891,15927.9243326736,"x"
"4420",14617.1236922191,15164.7723591742,"x"
"4421",14783.8194321755,15419.6368098988,"x"
"4422",15015.8534071261,15891.4891496055,"x"
"4423",14730.5958475616,15412.6795824611,"x"
"4424",14622.0221543785,15212.0806376958,"x"
"4425",14802.8490324821,15634.6927545334,"x"
"4426",15178.8124088394,16402.4259518744,"x"
"4427",14946.0651051279,15932.3057627932,"x"
"4428",15022.3165873273,16006.5315468578,"x"
"4429",14614.0333497442,15063.4705127497,"x"
"4430",14524.8363249706,15146.6547307594,"x"
"4431",15142.7219947074,16329.1457783366,"x"
"4432",14565.9503356147,15115.4528617976,"x"
"4433",15408.1843454265,16956.490206889,"x"
"4434",14840.1412525819,15710.7516026779,"x"
"4435",14672.3170393796,15364.5794539657,"x"
"4436",14727.0416246973,15483.0713816459,"x"
"4437",14905.8997123142,15609.8238377395,"x"
"4438",15090.7800142243,16315.7349295087,"x"
"4439",14832.4824497208,15781.5453332088,"x"
"4440",14623.4574650983,15212.9256583757,"x"
"4441",14740.1232677368,15458.9752147434,"x"
"4442",14916.096768623,15566.7803494052,"x"
"4443",14797.2078599465,15479.2665291682,"x"
"4444",14703.5054408741,15336.4582362943,"x"
"4445",15098.817057385,16053.7482464577,"x"
"4446",14763.8612513939,15398.2081122185,"x"
"4447",14529.7453567025,15042.3257528688,"x"
"4448",14783.0474404458,15635.9487525653,"x"
"4449",14748.4919430057,15538.1340413658,"x"
"4450",14756.486511093,15326.9104732034,"x"
"4451",14872.0035820743,15642.6179603898,"x"
"4452",15128.8780806382,16316.1406907082,"x"
"4453",15107.3723739808,16198.5565360133,"x"
"4454",14663.2177657267,15282.0759865349,"x"
"4455",14791.5025153036,15406.8399152647,"x"
"4456",14699.9099855792,15423.1272381049,"x"
"4457",14764.8849716111,15364.9007297597,"x"
"4458",14723.2360580461,15492.3807800309,"x"
"4459",14949.6301218756,15602.9972963699,"x"
"4460",14634.2900427006,15087.696256667,"x"
"4461",14767.0505905834,15222.6796167695,"x"
"4462",14682.3461823229,15253.6191311322,"x"
"4463",14743.5787229331,15534.5980493028,"x"
"4464",15158.9951784074,16102.5128272645,"x"
"4465",14944.165507277,15782.4829763365,"x"
"4466",15114.7119966902,16186.412802754,"x"
"4467",14791.4203276188,15168.2414501635,"x"
"4468",14390.6088373028,14763.3837650212,"x"
"4469",14674.8454228918,15112.6490968711,"x"
"4470",14603.8947080369,15149.2873694515,"x"
"4471",14869.9037278076,15559.5068521538,"x"
"4472",14972.8147026071,15820.3326891098,"x"
"4473",14482.8952907994,14878.3589443846,"x"
"4474",15018.7398301408,15966.4044156253,"x"
"4475",14466.9894352071,14869.3807628241,"x"
"4476",14792.652930882,15540.2433950645,"x"
"4477",15137.280741326,16178.92058892,"x"
"4478",14998.661129505,15766.4431478504,"x"
"4479",14756.0892726015,15502.6189390253,"x"
"4480",14697.3882066671,15275.3075379558,"x"
"4481",14898.2978089646,15894.7188824134,"x"
"4482",14772.8204893217,15341.7687726289,"x"
"4483",14938.2548544802,15873.8526258168,"x"
"4484",15154.7583352123,16414.545490286,"x"
"4485",14985.1556783666,15717.8819603344,"x"
"4486",14746.8287626428,15217.1765959678,"x"
"4487",14943.97090531,15756.1536504236,"x"
"4488",15428.4717259811,16817.0317110813,"x"
"4489",14889.9716697905,15717.1099337397,"x"
"4490",14931.2400635435,15602.7381298194,"x"
"4491",14713.5584988519,15287.2523080685,"x"
"4492",16252.878514895,18315.4509370011,"x"
"4493",14694.6898965197,15113.1790458671,"x"
"4494",15120.9735037983,15978.1504846508,"x"
"4495",14740.1315911378,15420.0072413311,"x"
"4496",14611.5259175433,14949.8570213485,"x"
"4497",15222.4830509614,16523.3903562891,"x"
"4498",15627.0068024548,17150.9767355967,"x"
"4499",14691.9138749478,15470.4648051855,"x"
"4500",15217.8754994042,16385.6457757132,"x"
"4501",15074.1218266367,16108.0462783594,"x"
"4502",14761.888582826,15506.6270441814,"x"
"4503",15035.9737543465,16011.4350051139,"x"
"4504",14684.8487389239,15303.516682334,"x"
"4505",14795.6268142328,15481.6542044513,"x"
"4506",14641.8446110987,15179.3265529461,"x"
"4507",14984.173618096,15886.256065163,"x"
"4508",14551.23867452,14812.8643264681,"x"
"4509",15056.1484349148,16010.180746929,"x"
"4510",14819.8616264222,15450.1362940178,"x"
"4511",15223.1885907954,16439.0707781137,"x"
"4512",14665.5738427263,15219.5840815822,"x"
"4513",14665.0591839555,15452.3841868692,"x"
"4514",14725.0762799356,15426.3688065104,"x"
"4515",14812.556768707,15538.2590367366,"x"
"4516",14970.612480651,15765.1212321208,"x"
"4517",14960.7919918138,15843.5135672432,"x"
"4518",14796.8016176208,15543.5975283623,"x"
"4519",14987.8491849967,15788.9568027373,"x"
"4520",14573.3922064436,14970.4948051785,"x"
"4521",14812.7271817965,15301.8525905877,"x"
"4522",14702.1916478358,15407.7613269852,"x"
"4523",14611.7712083772,15160.8971161175,"x"
"4524",15150.244910565,16382.7872377016,"x"
"4525",14856.5348186975,15561.3171333727,"x"
"4526",15316.8724431958,16704.8430496859,"x"
"4527",14617.9425814883,15092.0802151601,"x"
"4528",15290.1728029245,16368.9482784614,"x"
"4529",15014.6499393544,15760.1875219406,"x"
"4530",14704.1480622341,15239.3958899869,"x"
"4531",14768.2674315422,15421.9909094151,"x"
"4532",14974.1681374185,15917.0137869701,"x"
"4533",14908.0177301304,15660.5863738884,"x"
"4534",14794.1934805354,15697.62310981,"x"
"4535",15226.925380206,16257.828380761,"x"
"4536",14786.431370205,15624.1126391263,"x"
"4537",14972.7875627237,15731.6769262238,"x"
"4538",15138.2393154711,16388.3698369178,"x"
"4539",15129.976629996,16199.135190994,"x"
"4540",14762.447716563,15497.7066178849,"x"
"4541",14694.7324576215,15374.4063846416,"x"
"4542",14920.25368115,15634.3878830971,"x"
"4543",15008.8838885622,15965.9716815368,"x"
"4544",15360.2299002981,16528.8504617185,"x"
"4545",14926.5238241798,15554.5116505057,"x"
"4546",14740.537859861,15230.2304858234,"x"
"4547",14642.4881000811,15043.8386467541,"x"
"4548",14476.8174808424,14857.7929213245,"x"
"4549",14635.35395267,15053.3229404397,"x"
"4550",14753.0653684133,15373.6824718354,"x"
"4551",14617.4859225206,15177.841441189,"x"
"4552",14860.97689905,15418.8072466877,"x"
"4553",14606.4162576942,15238.8041602526,"x"
"4554",14887.9361289316,15885.1278679054,"x"
"4555",15411.1027499421,17053.9546585364,"x"
"4556",14958.3012868669,15981.9169553909,"x"
"4557",14594.207049916,15167.6121161262,"x"
"4558",14766.5994506886,15459.423792185,"x"
"4559",14762.4335140763,15541.0728602802,"x"
"4560",14717.4160239539,15259.7618875385,"x"
"4561",14646.1943073761,15274.2655487733,"x"
"4562",15006.6216198185,15848.3724989963,"x"
"4563",14623.5010813597,15287.4512765538,"x"
"4564",15471.966163947,17033.696391483,"x"
"4565",15024.699473428,16088.8575359067,"x"
"4566",14872.2358406118,15723.1447969565,"x"
"4567",14502.809263165,14991.3814411033,"x"
"4568",15313.9872275877,16736.879760932,"x"
"4569",14692.3396057021,15266.9295944236,"x"
"4570",15087.1528678613,16194.2049193801,"x"
"4571",14364.5884000144,14840.5347625399,"x"
"4572",14999.5149683456,15977.7977189687,"x"
"4573",15778.8561057482,17211.5666246627,"x"
"4574",14442.7625088806,14877.5871671912,"x"
"4575",15002.5887210286,15915.2830178,"x"
"4576",15181.9479406462,16420.0794987836,"x"
"4577",14966.470497829,15995.983987224,"x"
"4578",15124.2928500008,16125.7319656344,"x"
"4579",14972.3257694801,15868.9612261733,"x"
"4580",15025.5470114162,15692.8489784157,"x"
"4581",14526.6103056039,14781.3538859274,"x"
"4582",15187.6360126674,16311.3966790901,"x"
"4583",14991.0106045526,16038.3449995463,"x"
"4584",15659.9713530318,17361.1373116944,"x"
"4585",15597.550356481,17158.4922509355,"x"
"4586",14757.5625665348,15520.5257647153,"x"
"4587",15135.200721165,16243.0486481517,"x"
"4588",15225.127168304,16567.1537682921,"x"
"4589",14811.8878005617,15760.6516045227,"x"
"4590",16467.2312335347,18737.2815319285,"x"
"4591",14919.9715050395,15856.9205348965,"x"
"4592",14736.1207577199,15467.7701807059,"x"
"4593",14610.1672411037,15169.195370795,"x"
"4594",14651.1351575338,15007.3660232119,"x"
"4595",14856.4068946302,15639.3020164117,"x"
"4596",15302.3580955874,16866.2975982366,"x"
"4597",15173.2875701224,16226.3182850141,"x"
"4598",14588.7524602648,15029.5356821648,"x"
"4599",15032.3178890859,15764.6671965894,"x"
"4600",15274.3014098444,16597.7381509423,"x"
"4601",14856.0626142372,15789.5693415121,"x"
"4602",15380.3694353214,16603.2501052745,"x"
"4603",14734.734419653,15314.2945531458,"x"
"4604",14777.5950194147,15541.3132431155,"x"
"4605",14705.4385603391,15300.0882994475,"x"
"4606",15002.9507100649,15991.3475612705,"x"
"4607",14714.7413962413,15667.7596354271,"x"
"4608",15067.1389396199,16064.558731449,"x"
"4609",14653.3302171153,15079.5607397334,"x"
"4610",15077.1980117996,16008.7296360555,"x"
"4611",14706.5953434516,15404.7495269068,"x"
"4612",14633.7178316299,15335.9500293963,"x"
"4613",14825.3020281982,15641.3325391163,"x"
"4614",14735.4250315724,15493.4867262627,"x"
"4615",14772.4935156275,15309.6703247084,"x"
"4616",14553.3671923214,14836.568074737,"x"
"4617",14748.1498827174,15550.2051195708,"x"
"4618",15017.0768791432,16014.8295471086,"x"
"4619",14778.1900296012,15547.0385776719,"x"
"4620",14855.9776067485,15670.5713551814,"x"
"4621",14973.200668238,15907.5909935098,"x"
"4622",14937.3580588975,15787.702272356,"x"
"4623",14592.5218639629,15003.9565807185,"x"
"4624",14647.9590758831,15184.4194065535,"x"
"4625",15438.1534286506,17046.8953235433,"x"
"4626",14833.1265270749,15363.444444052,"x"
"4627",14715.4901147274,15313.9165010772,"x"
"4628",15108.8181397265,16118.4178683986,"x"
"4629",15267.5989495756,16702.8164473208,"x"
"4630",14962.3695460274,15732.5154408879,"x"
"4631",14977.4980077668,16095.2099948819,"x"
"4632",14492.5296208581,14959.6620600856,"x"
"4633",14660.5349760722,15240.9085976596,"x"
"4634",14945.9960350019,15916.5965702448,"x"
"4635",14731.5823900569,15447.1152192911,"x"
"4636",15200.4171604513,16173.0693378761,"x"
"4637",14595.8025531342,15227.613077858,"x"
"4638",15653.316505237,17041.0388776426,"x"
"4639",14821.9896539257,15711.1820868567,"x"
"4640",14879.2939639434,15697.8848302195,"x"
"4641",15339.4526134386,16698.4969970171,"x"
"4642",14927.9800374624,15739.9631958292,"x"
"4643",15113.3950599232,16267.3460522698,"x"
"4644",15372.4735945135,16908.7547882818,"x"
"4645",14863.3602397837,15707.2144825913,"x"
"4646",15020.5972760577,16151.585013779,"x"
"4647",14941.4797452743,15786.112958335,"x"
"4648",14923.0838692092,15626.3871389344,"x"
"4649",14543.5341297175,15020.5710825968,"x"
"4650",14643.8542449474,15282.9251144275,"x"
"4651",14539.3848283879,14990.201411951,"x"
"4652",14578.5893778056,15001.2375329712,"x"
"4653",15020.0776487233,15978.6422490159,"x"
"4654",14656.4883459907,15300.880945411,"x"
"4655",14609.1169682965,14986.4851677436,"x"
"4656",14763.5325492877,15296.9910906242,"x"
"4657",15945.0348845294,18032.4424954071,"x"
"4658",14680.1893885006,15232.3081959818,"x"
"4659",14732.3793044494,15168.3130636893,"x"
"4660",15058.251019117,16156.4190469703,"x"
"4661",15043.9956082634,15900.0336154436,"x"
"4662",14703.3847321347,15458.8103646523,"x"
"4663",14730.5500932897,15276.037898896,"x"
"4664",14659.2939558242,15295.3836428187,"x"
"4665",14558.843555657,15196.2248857282,"x"
"4666",15104.1874684612,16117.2712187759,"x"
"4667",15076.5420194033,16117.5224962015,"x"
"4668",15164.9156595522,16278.4251301865,"x"
"4669",14964.7522833194,15928.1455813864,"x"
"4670",14729.3542851029,15443.0448202126,"x"
"4671",15067.5512670878,16047.6039813357,"x"
"4672",15346.1616351939,16317.5491082824,"x"
"4673",15529.0991887386,17014.7458110025,"x"
"4674",14850.3463246794,15672.9896245733,"x"
"4675",15059.6569261908,15956.6986820732,"x"
"4676",14748.851894213,15383.1715636865,"x"
"4677",15047.65127221,15905.4316046248,"x"
"4678",15172.9097830627,16113.359311319,"x"
"4679",14878.9657758017,15684.9714834919,"x"
"4680",14734.711789056,15244.8174611558,"x"
"4681",14738.2533546234,15375.5567227347,"x"
"4682",15038.1454312589,16008.3104042785,"x"
"4683",14948.0057433407,15709.5447049079,"x"
"4684",14775.1303331557,15636.197220274,"x"
"4685",14982.4150119703,15938.9474724383,"x"
"4686",15005.5649690211,15963.1912831897,"x"
"4687",15331.5381396158,16494.3178093099,"x"
"4688",15091.9271198059,16099.1804802469,"x"
"4689",15058.5238755308,15993.3592239795,"x"
"4690",14884.5057826863,15694.0096060256,"x"
"4691",14838.7974465731,15486.9405704418,"x"
"4692",14630.2588036133,15205.5261732178,"x"
"4693",14823.691815542,15625.2331798623,"x"
"4694",15614.844308934,17027.6542889191,"x"
"4695",14943.695784248,15934.3594617181,"x"
"4696",15001.931724662,15792.74571686,"x"
"4697",14757.1677732613,15498.4068263355,"x"
"4698",14976.3161950307,15668.9520950856,"x"
"4699",15177.8575781282,16285.309740844,"x"
"4700",14891.701873399,15734.5688562611,"x"
"4701",14864.2679378948,15624.3105317046,"x"
"4702",14815.6551859591,15223.3068957487,"x"
"4703",14791.9309381456,15414.7926923029,"x"
"4704",14970.4639530871,15896.4383657943,"x"
"4705",14502.0097440354,14935.7485012754,"x"
"4706",15235.1951718387,16447.9068857414,"x"
"4707",14811.7847314466,15617.9977075453,"x"
"4708",15159.0106597309,16356.1517425948,"x"
"4709",15224.439578304,16301.4357512386,"x"
"4710",14888.7791365788,15787.6670373939,"x"
"4711",15065.5722716707,16081.3593726353,"x"
"4712",15007.1870250077,15957.8743821716,"x"
"4713",14533.7706995393,15046.5542016676,"x"
"4714",14597.0969448486,14988.9684614218,"x"
"4715",14775.4891487782,15436.1584385922,"x"
"4716",14781.5816586977,15386.1397341971,"x"
"4717",14998.8406492888,15990.7848191659,"x"
"4718",14815.9752909883,15703.148260524,"x"
"4719",14882.3925330085,15300.0984293532,"x"
"4720",15155.9166229093,16365.393941583,"x"
"4721",15040.6768507062,16098.6154960323,"x"
"4722",14604.0109910551,15207.7102657108,"x"
"4723",15136.0566490084,16283.4380755515,"x"
"4724",14854.2059615468,15668.592879672,"x"
"4725",14707.2127782848,15515.9072532005,"x"
"4726",14628.9019860315,15136.6921455174,"x"
"4727",14592.984998554,15281.606160178,"x"
"4728",14990.4780828959,15941.626010411,"x"
"4729",14650.4201333403,15191.5531246005,"x"
"4730",14557.7925199769,14985.625686018,"x"
"4731",14875.9260449443,15630.3691995868,"x"
"4732",14506.7625198598,15025.4900014069,"x"
"4733",14658.2079755218,15214.4762501335,"x"
"4734",15438.0628239984,16909.2500480145,"x"
"4735",14918.183033189,15804.6924970199,"x"
"4736",15465.3525123802,16791.9863653045,"x"
"4737",14823.6532604895,15436.1987928153,"x"
"4738",14952.7945254389,15659.2219522447,"x"
"4739",15545.5308099605,17073.7993398589,"x"
"4740",14654.9035979989,15218.0320051546,"x"
"4741",15223.8453641069,16333.1746926302,"x"
"4742",14976.6650574938,15767.174165495,"x"
"4743",14685.6057820631,15247.9738195266,"x"
"4744",15392.9488396723,16784.7529095176,"x"
"4745",15163.4692008818,16201.651284684,"x"
"4746",14765.0989197333,15396.7411049865,"x"
"4747",14911.1403946008,15676.1265848412,"x"
"4748",14691.6297019182,15226.2189827192,"x"
"4749",15361.296758607,16832.2692209402,"x"
"4750",14767.746100869,15181.3368520511,"x"
"4751",14769.0037426318,15523.9632785521,"x"
"4752",15162.7106361219,16070.6853548245,"x"
"4753",15183.9475233094,16278.1485299586,"x"
"4754",14784.4279260238,15365.6588878206,"x"
"4755",14654.6278964538,15314.1908162272,"x"
"4756",15321.2476764232,16396.6012270093,"x"
"4757",15132.3808123478,16272.0010527931,"x"
"4758",14560.0597709635,15060.017563246,"x"
"4759",14645.7169848894,15156.6927263905,"x"
"4760",15410.2332109239,16916.7099805284,"x"
"4761",15162.7968414274,16448.8018419263,"x"
"4762",15023.5171040225,15998.5867571517,"x"
"4763",15115.6507371156,16395.4052245325,"x"
"4764",14704.6455846451,15377.5566194897,"x"
"4765",14626.8979350368,15211.7374247941,"x"
"4766",14548.4079598438,14879.1533079088,"x"
"4767",14664.4248371188,15172.170073188,"x"
"4768",14779.5763347632,15463.1809979841,"x"
"4769",14542.726610372,14889.7695426388,"x"
"4770",14690.4113882432,15317.6900104575,"x"
"4771",14747.9673831096,15322.9442640081,"x"
"4772",14761.7779459715,15282.6647582377,"x"
"4773",15045.5110729689,16170.2089177675,"x"
"4774",15280.4838006082,16545.2822744308,"x"
"4775",15195.321478181,16350.277717636,"x"
"4776",15134.8228354343,16108.8263972242,"x"
"4777",14678.0044449433,15277.1189026868,"x"
"4778",14576.5285080792,15108.0924079642,"x"
"4779",14868.5253169936,15758.782829584,"x"
"4780",14761.4246811471,15248.5748115909,"x"
"4781",14937.7240180999,15827.7375212016,"x"
"4782",14639.8478019047,15249.9786971089,"x"
"4783",14731.5226896973,15468.7636793451,"x"
"4784",14693.6827809843,15344.7090064755,"x"
"4785",14927.0459358953,15853.5084669917,"x"
"4786",15033.8835516692,16017.7449110475,"x"
"4787",14628.4075750677,15220.6005692363,"x"
"4788",15052.2061980453,15984.1247742363,"x"
"4789",14788.061817021,15567.99775295,"x"
"4790",14902.2724246416,15770.2131868858,"x"
"4791",14356.7148990533,14770.0027792188,"x"
"4792",14986.3142826111,15951.2584177973,"x"
"4793",14808.2532759271,15202.9632618965,"x"
"4794",14559.5125487825,14922.9733519305,"x"
"4795",14759.9173860306,15485.30331653,"x"
"4796",14806.9093949532,15476.4357045065,"x"
"4797",14709.6069105283,15142.4045047447,"x"
"4798",15178.264611748,16344.5521847713,"x"
"4799",15072.6997083612,16036.591294579,"x"
"4800",15041.6000156966,15853.7670925615,"x"
"4801",15328.1950272552,16693.4187930447,"x"
"4802",15404.6341564309,16777.6914794711,"x"
"4803",14969.8911706572,15719.335221101,"x"
"4804",15177.0136288925,16146.0067354569,"x"
"4805",15114.1305075648,16197.3779908406,"x"
"4806",15123.7980661407,15982.8018093079,"x"
"4807",14792.6885433779,15494.8340792868,"x"
"4808",14697.5713737879,15057.70258734,"x"
"4809",14611.8428894903,15144.036730829,"x"
"4810",14542.5641318242,14929.7537736404,"x"
"4811",14571.730343537,14739.2239335624,"x"
"4812",14928.5783083737,15758.9087446814,"x"
"4813",14976.9321423492,15853.7430769005,"x"
"4814",15250.2641876917,16474.7111445803,"x"
"4815",15130.4260766742,16448.9413400547,"x"
"4816",15275.2177580498,16713.9090479443,"x"
"4817",15055.2304391927,16015.0776981766,"x"
"4818",15011.76215816,15838.4772744693,"x"
"4819",14681.4726960627,15275.9211143268,"x"
"4820",14761.2063453909,15358.3901085784,"x"
"4821",15144.6745268361,16098.8536790123,"x"
"4822",14903.4758550737,15882.4636065358,"x"
"4823",15129.6950754935,16206.5163135028,"x"
"4824",14406.1594914691,14722.6432529624,"x"
"4825",15285.8662892718,16591.8669217467,"x"
"4826",15004.88139645,15931.7149253417,"x"
"4827",14738.4528557078,15408.2509041038,"x"
"4828",15025.1834338256,15806.5745794251,"x"
"4829",15488.5254392338,16977.4849703374,"x"
"4830",14703.582960097,15383.7996874201,"x"
"4831",14647.6039566369,15324.7189980544,"x"
"4832",14779.1111606173,15583.3094025694,"x"
"4833",15069.6381353431,15915.4749384114,"x"
"4834",14659.1236578793,15290.3511529332,"x"
"4835",14688.0279211306,15258.473442108,"x"
"4836",15160.9329693553,16386.2143767561,"x"
"4837",14681.339761768,15349.742240147,"x"
"4838",14984.7124193538,15905.6127013502,"x"
"4839",14840.8239604526,15595.9858824592,"x"
"4840",14808.9448258294,15563.8713151469,"x"
"4841",14393.5261687694,14763.3534354513,"x"
"4842",15173.9432300754,16267.6720679516,"x"
"4843",15310.4558428101,16533.1716286585,"x"
"4844",14601.4691894513,15160.3018586874,"x"
"4845",15015.8759501948,16004.8662921721,"x"
"4846",14824.0066809853,15474.7132237008,"x"
"4847",14687.1491230827,15249.612290324,"x"
"4848",14820.9776117858,15427.3104969893,"x"
"4849",14827.4230806411,15537.7922265267,"x"
"4850",14745.9190722126,15379.9832019254,"x"
"4851",14644.8156813985,15096.4170441275,"x"
"4852",14850.771350222,15661.2712908982,"x"
"4853",14672.0274829547,15240.8247382735,"x"
"4854",14632.5134602609,15121.7170832569,"x"
"4855",14801.2000469346,15563.8857519453,"x"
"4856",14961.9751865593,15796.0105750317,"x"
"4857",14643.4783585438,15108.8567029127,"x"
"4858",14738.9375041526,15278.307263294,"x"
"4859",14686.4202091569,15365.7407283998,"x"
"4860",15022.3129095217,16094.1256946209,"x"
"4861",14837.4197051509,15574.834025248,"x"
"4862",14768.5312745398,15373.4206249983,"x"
"4863",15034.8218851799,15905.2660466371,"x"
"4864",14949.5920842214,15879.9948349809,"x"
"4865",14765.6180090465,15423.4776895556,"x"
"4866",15091.9290950074,16120.1594459229,"x"
"4867",14906.2011067062,15641.1290795403,"x"
"4868",14976.1143516119,15958.1939292841,"x"
"4869",14779.4157648694,15606.1163432704,"x"
"4870",14845.6265912274,15772.4650425386,"x"
"4871",15317.994550422,16459.8496733213,"x"
"4872",15010.8716043542,16104.9131030519,"x"
"4873",14603.8768121165,15296.2124766933,"x"
"4874",15029.5313880047,16158.9832656099,"x"
"4875",14685.7797091778,15238.7768261717,"x"
"4876",15189.5453882805,16239.0594280668,"x"
"4877",15204.0862926322,16277.4055155534,"x"
"4878",14660.9367515203,15057.848395187,"x"
"4879",14851.5070410286,15689.4204008565,"x"
"4880",14530.1725396848,14936.7961379126,"x"
"4881",15274.1710750167,16733.8523761691,"x"
"4882",14783.1506994337,15461.3896098289,"x"
"4883",15312.1382881309,16697.7271080494,"x"
"4884",15280.3185045254,16587.2905347143,"x"
"4885",15337.4456025768,16750.8277145055,"x"
"4886",14937.5046567881,15618.1496060801,"x"
"4887",14647.5060660527,15189.1904083349,"x"
"4888",15022.0843607249,15932.5615975837,"x"
"4889",15039.4510310057,15991.1338380763,"x"
"4890",14757.0389296094,15359.8571672744,"x"
"4891",14804.1033753347,15449.5383026405,"x"
"4892",14942.7539766731,15822.6684235967,"x"
"4893",15096.3524867666,16133.9612122407,"x"
"4894",14761.854863335,15687.7180735081,"x"
"4895",15031.8897829141,16158.043252692,"x"
"4896",15189.6132379722,16253.3932238326,"x"
"4897",15097.1631927947,16435.4977184936,"x"
"4898",14636.131657759,15122.2442138501,"x"
"4899",14689.6140193773,15298.9120725363,"x"
"4900",14953.3397886682,15784.4876306337,"x"
"4901",14724.9121634909,15379.6757638795,"x"
"4902",14353.3280416167,14710.6071710856,"x"
"4903",14462.7524944107,14813.1262156668,"x"
"4904",14659.8309139523,15097.2329470332,"x"
"4905",14315.4015753238,14594.196404526,"x"
"4906",14861.1287035146,15684.493099372,"x"
"4907",14891.9370710019,15439.1823098421,"x"
"4908",14578.5667041068,15005.7569598573,"x"
"4909",14775.3193731587,15492.6798140267,"x"
"4910",14915.340853521,15790.1084629434,"x"
"4911",15210.2375909813,16440.9963778665,"x"
"4912",14812.7738483483,15468.8224910919,"x"
"4913",14626.6235370455,15184.98058059,"x"
"4914",14700.3376963697,15314.9296773235,"x"
"4915",15159.873170573,16363.3264757637,"x"
"4916",15332.5237240682,16310.9842838091,"x"
"4917",14707.8479274496,15305.6668365514,"x"
"4918",14744.1770584912,15246.0036719038,"x"
"4919",14890.3069157726,15696.3630691065,"x"
"4920",14536.0122025648,14982.5007732783,"x"
"4921",14568.8265386923,14977.8096989635,"x"
"4922",15085.2367722219,16056.6998516872,"x"
"4923",14807.3920982171,15555.2531748403,"x"
"4924",14965.2827652572,15740.764360803,"x"
"4925",14606.7074123156,15093.4017557395,"x"
"4926",14628.5520576249,15154.8479857193,"x"
"4927",15333.6313564559,16530.7926811569,"x"
"4928",15254.4115369336,16591.8752364278,"x"
"4929",14489.6790923196,15049.6516703858,"x"
"4930",14780.2438103693,15420.810274564,"x"
"4931",14781.8896119975,15430.1444237719,"x"
"4932",14923.4204565303,15922.1753111354,"x"
"4933",14835.6665879916,15754.3374845757,"x"
"4934",14655.1839878028,15237.165307158,"x"
"4935",15340.2238840895,16739.8468239352,"x"
"4936",14648.032427799,15266.5750216357,"x"
"4937",14612.9641726837,14996.5604687463,"x"
"4938",15221.6518932873,16486.2485619177,"x"
"4939",15074.2647600713,15946.0048153693,"x"
"4940",14761.9404708133,15363.7036192705,"x"
"4941",14992.533767344,15881.09462017,"x"
"4942",14541.9900612488,15198.1085955074,"x"
"4943",14905.5172488755,15589.8108511473,"x"
"4944",14708.0163261446,15283.2614099018,"x"
"4945",14529.894051341,14987.7001440258,"x"
"4946",14679.0536634945,15196.8177978988,"x"
"4947",14629.2441100739,15158.4620505588,"x"
"4948",15256.3893682275,16511.7295446042,"x"
"4949",14755.2329627384,15346.425573865,"x"
"4950",15029.6035733561,15869.0841877292,"x"
"4951",14961.4006444466,15416.8375711051,"x"
"4952",14756.2690683322,15222.0576935526,"x"
"4953",14637.5833743283,15184.1812667743,"x"
"4954",15081.8925966134,16050.0525315516,"x"
"4955",14978.946755886,15841.1122789071,"x"
"4956",14702.1632841097,15485.7221815787,"x"
"4957",14613.803001428,14849.2733605824,"x"
"4958",14826.8609014987,15621.3307303117,"x"
"4959",14646.9034419122,15205.7117660675,"x"
"4960",15010.2242221094,15973.173186044,"x"
"4961",15039.3099667018,16107.9438048825,"x"
"4962",15127.2134261072,16142.3030001297,"x"
"4963",15686.1661146454,17164.8023186449,"x"
"4964",15932.577999089,17845.0390570336,"x"
"4965",14894.5063593951,15710.0420869925,"x"
"4966",15124.9636374804,16346.5574265243,"x"
"4967",15352.0648829003,16697.6856271813,"x"
"4968",15344.5089815098,16710.6124598563,"x"
"4969",14662.7213717427,15258.9125000743,"x"
"4970",14864.6481689128,15621.4254810513,"x"
"4971",14603.7850463196,15215.9266599629,"x"
"4972",14655.0876263325,15287.12811056,"x"
"4973",15154.7231490893,15916.3567761761,"x"
"4974",14880.5894025809,15709.6349741053,"x"
"4975",14868.0596757086,15545.9672866284,"x"
"4976",15232.8691102932,16309.7723964831,"x"
"4977",14896.1878997643,15462.6405659862,"x"
"4978",14441.4185364774,14824.996255925,"x"
"4979",15034.8861504804,16021.173574754,"x"
"4980",14795.5121175977,15603.670568613,"x"
"4981",14576.2096489838,15051.8604094781,"x"
"4982",15215.6420483279,16126.355654147,"x"
"4983",14950.5677115386,15777.3003795424,"x"
"4984",14908.7112446065,15836.2436393973,"x"
"4985",14957.6145047224,15725.1580498852,"x"
"4986",14893.6255312076,15789.7036986574,"x"
"4987",14819.0431897897,15419.2871032627,"x"
"4988",14805.6894394544,15592.8616887391,"x"
"4989",14699.3882243232,15355.4956560276,"x"
"4990",14721.2088630587,15261.0272598252,"x"
"4991",15410.6235249712,16459.7266492844,"x"
"4992",14978.2778851784,15932.1901544617,"x"
"4993",14923.9117246001,15705.8722271031,"x"
"4994",14820.2276871081,15505.6136874191,"x"
"4995",15475.4144865267,17143.9106315786,"x"
"4996",14911.4881351353,15894.8438739353,"x"
"4997",14955.0481817395,15927.8052987014,"x"
"4998",15516.9385454546,17095.8725745603,"x"
"4999",14446.8266946216,14882.9684553198,"x"
"5000",14849.8906700705,15707.8812405935,"x"
"5001",14717.6899344166,15294.5647523979,"x"
"5002",14569.0022659045,15206.454121645,"x"
"5003",15247.0394906082,16247.453217054,"x"
"5004",14375.3072413518,14581.8427715217,"x"
"5005",14644.3642427183,15173.0232232839,"x"
"5006",14762.2827056955,15482.6093443325,"x"
"5007",15029.070647644,16085.7292306653,"x"
"5008",15457.6274868077,16802.8119336012,"x"
"5009",15071.919816539,16051.5983820753,"x"
"5010",14649.2908361108,15274.56665432,"x"
"5011",14718.5716095324,15402.4316033282,"x"
"5012",15260.5730169449,16489.7529209221,"x"
"5013",14646.477279166,15206.6967315383,"x"
"5014",14747.3153838248,15310.4464394373,"x"
"5015",15262.5436269723,16511.0757640899,"x"
"5016",14465.2460963782,14976.5980855496,"x"
"5017",14966.5828870722,15874.9644811884,"x"
"5018",14905.6158474865,15904.4407815995,"x"
"5019",14598.7865515007,14952.330957951,"x"
"5020",15265.0694276974,16585.8337268483,"x"
"5021",14910.3218843603,15777.3782355766,"x"
"5022",15258.7375435423,16345.0295062931,"x"
"5023",14666.8483117545,15037.5302225681,"x"
"5024",14442.0694892414,14671.5521183709,"x"
"5025",15016.2948178381,16009.9804447278,"x"
"5026",14931.4138623201,15956.0047377581,"x"
"5027",14820.6070764582,15556.9679376141,"x"
"5028",14893.6774703747,15769.9786334315,"x"
"5029",14505.1883457875,14733.7595531434,"x"
"5030",14963.9275685214,15932.4531557863,"x"
"5031",14824.2028369237,15443.4284955395,"x"
"5032",15272.8874011136,16397.624447901,"x"
"5033",14963.1688662648,15829.2807139924,"x"
"5034",14645.9526201436,15286.6800897375,"x"
"5035",15032.5138780096,15946.8111295986,"x"
"5036",14532.2068949313,14931.5816248163,"x"
"5037",14707.4407790353,15066.3625967466,"x"
"5038",16922.8529030305,19903.2071830101,"x"
"5039",15020.3995427875,15814.2511654727,"x"
"5040",15266.9465764926,16186.808791508,"x"
"5041",15507.2033318933,16886.5409608983,"x"
"5042",14967.7311657249,15766.695286477,"x"
"5043",14731.1210077276,15394.3620193121,"x"
"5044",14539.7553705197,14817.3187381539,"x"
"5045",14795.5403038601,15663.5504749311,"x"
"5046",15258.1901287627,16600.1942572342,"x"
"5047",15428.0111615235,16877.590449511,"x"
"5048",14679.7201763269,15228.2252873801,"x"
"5049",14648.3466548783,15124.9201432099,"x"
"5050",14672.9807839998,15186.9177587711,"x"
"5051",15071.400273337,15921.2184650252,"x"
"5052",14787.826128122,15447.0216939898,"x"
"5053",14998.8174645051,16054.8853569805,"x"
"5054",14995.8003795479,15813.8136158069,"x"
"5055",14599.6949574824,15150.9178859917,"x"
"5056",15165.7872088369,16402.9040714648,"x"
"5057",15533.648105213,16666.126431722,"x"
"5058",15091.6969210911,16141.9666690131,"x"
"5059",14931.0190778424,15930.1761646462,"x"
"5060",14768.8649922349,15369.0790446319,"x"
"5061",14834.7058472412,15488.1165335213,"x"
"5062",14904.0637231904,15735.3339114328,"x"
"5063",15308.9887217592,16608.7199458231,"x"
"5064",15237.7959885858,16579.3844941478,"x"
"5065",15211.3508221068,16522.4742474288,"x"
"5066",14763.3840443798,15470.5378215249,"x"
"5067",14658.3790857184,15091.1677378286,"x"
"5068",15491.9866832462,16949.9089562269,"x"
"5069",15032.1392304439,16018.3443503979,"x"
"5070",14678.8785143715,15243.1374974123,"x"
"5071",14977.7818045215,15890.5339847281,"x"
"5072",14647.4742775187,15262.2453556061,"x"
"5073",14711.0827932633,15324.5151340271,"x"
"5074",14568.5065673271,15003.1232635395,"x"
"5075",14716.0128648509,15418.2789746666,"x"
"5076",14786.0867941674,15508.357228014,"x"
"5077",14905.366564849,15731.5017932435,"x"
"5078",15322.4838614456,16643.6004213416,"x"
"5079",14590.5493126943,15061.7723769369,"x"
"5080",14837.9458235405,15527.2830922243,"x"
"5081",14815.45652266,15535.6684651437,"x"
"5082",15188.4706770252,16232.2186628872,"x"
"5083",14645.5701105964,14901.0271647826,"x"
"5084",14915.6476561891,15792.3227254376,"x"
"5085",15013.5211085127,15840.3101246695,"x"
"5086",14916.3830021844,15677.8786623637,"x"
"5087",15295.9900733294,16516.3920592636,"x"
"5088",15267.7446973688,16524.8469097277,"x"
"5089",15034.8543553905,16042.3792987578,"x"
"5090",14778.6159001629,15343.2860972873,"x"
"5091",14873.0570914949,15556.4920097512,"x"
"5092",15090.6160904899,16249.5038372336,"x"
"5093",14685.0273058353,15330.0664783275,"x"
"5094",14701.5046046285,15338.0954040578,"x"
"5095",15000.74093423,15939.8144330375,"x"
"5096",14394.9032282608,14757.3729497202,"x"
"5097",14955.08100121,15889.4508440561,"x"
"5098",15286.2570279249,16679.6927380211,"x"
"5099",14850.2208236572,15760.2289826621,"x"
"5100",15084.0867214457,16214.6539153687,"x"
"5101",15134.4314833106,15959.2387391869,"x"
"5102",14662.719039928,15324.9939681617,"x"
"5103",14613.8683434654,15281.3282940335,"x"
"5104",14816.4817593046,15531.4154370725,"x"
"5105",15359.2055355447,16647.2025254077,"x"
"5106",14913.3639357204,15973.3636355147,"x"
"5107",14906.2731344703,15946.3975761186,"x"
"5108",14791.3746238075,15371.5181193003,"x"
"5109",14723.7056212364,15478.6919507583,"x"
"5110",15354.2064557438,16490.9478163962,"x"
"5111",14957.8090965949,15743.5119340036,"x"
"5112",14876.2876341819,15484.6367699603,"x"
"5113",14876.8822760912,15705.4782853557,"x"
"5114",15007.0731694938,16072.4966229063,"x"
"5115",15033.9878011223,16117.1043576234,"x"
"5116",14783.5160608185,15455.3591709317,"x"
"5117",15063.1848303683,15961.7094681734,"x"
"5118",14880.5643497654,15805.4172817185,"x"
"5119",14540.6738662505,15087.572498788,"x"
"5120",14682.9048067092,15261.7690200307,"x"
"5121",14855.775458255,15537.6767097906,"x"
"5122",15093.6074003979,16392.5330241678,"x"
"5123",15006.9654420847,15994.2599062066,"x"
"5124",14689.4959243262,15420.0530702308,"x"
"5125",14550.4769427018,14922.5970605648,"x"
"5126",14962.6680241738,15932.52219478,"x"
"5127",14583.8593731895,15091.9161091486,"x"
"5128",15095.308808711,16191.2305681078,"x"
"5129",14756.7202769621,15556.3965051323,"x"
"5130",15250.3949467899,16588.3536605804,"x"
"5131",15225.2112038991,16360.7173202035,"x"
"5132",15170.7745744268,16599.0188474669,"x"
"5133",14595.9446812284,15308.392873092,"x"
"5134",14984.4375620853,15888.8399343429,"x"
"5135",14897.376925331,15733.7253113611,"x"
"5136",15050.7230188035,16109.1248332076,"x"
"5137",14787.9517465464,15541.908540291,"x"
"5138",14770.2662644645,15375.8031900064,"x"
"5139",15027.7760636429,16184.3777900918,"x"
"5140",15011.6516650126,15892.9114887189,"x"
"5141",15003.9813962264,16145.5696504027,"x"
"5142",14937.6890849327,15863.3662453712,"x"
"5143",15392.5984381228,16550.2473988993,"x"
"5144",15019.940294911,16017.4651454184,"x"
"5145",14892.0129321955,15768.2504320601,"x"
"5146",14739.7857223584,15329.1188066735,"x"
"5147",14741.2320376923,15341.0766147328,"x"
"5148",15099.601152139,16178.5323923828,"x"
"5149",14618.1171168265,15201.0578444024,"x"
"5150",14626.7861909953,15302.1974466489,"x"
"5151",15330.1831337444,17144.1899701031,"x"
"5152",14700.5526761164,15373.7698097468,"x"
"5153",14693.7675402514,15298.8323460705,"x"
"5154",14977.2962389388,15881.2977331692,"x"
"5155",14979.2028981513,15925.4287558104,"x"
"5156",14509.2838362091,14948.9477428524,"x"
"5157",14791.8594104702,15544.3054907471,"x"
"5158",14672.3086410606,15065.7711134153,"x"
"5159",15354.41619514,16684.706617946,"x"
"5160",14745.2934108684,15494.3086304546,"x"
"5161",14914.3179724019,15737.6334948069,"x"
"5162",14684.5427145176,15283.803639828,"x"
"5163",15041.1245418163,16010.6343116561,"x"
"5164",14775.8783031845,15346.6037421967,"x"
"5165",15915.9474211882,17467.3568855618,"x"
"5166",14694.5151833471,15331.8048072395,"x"
"5167",14949.8497706096,15767.6456379099,"x"
"5168",15366.8945244549,16585.3320739584,"x"
"5169",15211.0628865744,16211.384411496,"x"
"5170",14621.7124331016,15007.6842308141,"x"
"5171",14803.4851569358,15637.7831854934,"x"
"5172",14456.3006719991,14762.628205514,"x"
"5173",15037.8414607538,16078.731387101,"x"
"5174",15335.0805410302,16615.5001532831,"x"
"5175",14865.4234901694,15486.7904731092,"x"
"5176",14872.2486412918,15713.2261596948,"x"
"5177",14848.6147446173,15602.6276675088,"x"
"5178",14799.0208820469,15513.4332603036,"x"
"5179",14997.4495110963,16061.0940491145,"x"
"5180",15079.3621918714,16012.7035784538,"x"
"5181",14774.3477309527,15510.0063018302,"x"
"5182",14970.993381386,15950.7506416936,"x"
"5183",14756.0286494564,15452.1100067332,"x"
"5184",14630.1701892317,15200.3760544498,"x"
"5185",14870.3331537374,15575.5116646928,"x"
"5186",14821.8374181153,15585.1878176802,"x"
"5187",15143.2997074606,16222.2105183344,"x"
"5188",14532.1526015888,15044.0998360296,"x"
"5189",14848.6429119417,15516.2278917534,"x"
"5190",14686.5290433183,15212.280572383,"x"
"5191",15280.429977387,16587.4646496537,"x"
"5192",14760.3701062343,15512.3317116751,"x"
"5193",15257.6888276217,16331.8495693656,"x"
"5194",14709.2588064459,15226.116263213,"x"
"5195",15083.6894542087,16110.3174218159,"x"
"5196",14611.693717774,15259.7925638077,"x"
"5197",14973.5340771744,15970.6852675599,"x"
"5198",14517.3164653965,14980.4377499821,"x"
"5199",14619.9671162932,15188.1039493803,"x"
"5200",14926.0770808545,15909.8072020032,"x"
"5201",14877.2336300878,15570.3631631164,"x"
"5202",15000.1212180072,15875.8584613972,"x"
"5203",14663.520035271,15295.7677590552,"x"
"5204",14699.3585693189,15396.2664377758,"x"
"5205",15389.6208551511,16545.1064198403,"x"
"5206",14746.463612302,15557.0958072142,"x"
"5207",14688.437367823,15209.5990166264,"x"
"5208",15096.4395151844,16048.6776995642,"x"
"5209",14651.9680230873,15242.0980236263,"x"
"5210",15263.7303178846,16734.6905632614,"x"
"5211",14858.3631398714,15694.244403827,"x"
"5212",14892.3080337493,15861.1101980852,"x"
"5213",14645.9467272763,15281.2924628984,"x"
"5214",15100.3071986126,16122.0853418887,"x"
"5215",15073.9389682947,15851.6044465424,"x"
"5216",14779.4935298202,15651.6271772668,"x"
"5217",14800.583183437,15267.3537479767,"x"
"5218",14702.4221652985,15230.7565624998,"x"
"5219",15054.802114662,16054.3735761079,"x"
"5220",15006.606290963,15961.3315246389,"x"
"5221",15067.1314167205,16060.678559639,"x"
"5222",14457.0308539123,14798.2734902379,"x"
"5223",14574.8662710474,15204.4536273867,"x"
"5224",14873.3982593801,15691.5477319179,"x"
"5225",15113.2823072444,15905.1506429129,"x"
"5226",14908.1972538705,15784.0113410685,"x"
"5227",15292.1940067278,16760.5304377604,"x"
"5228",15161.6002166958,16087.8664522167,"x"
"5229",15647.7461851694,17496.6748151061,"x"
"5230",14411.8434694918,14762.8967786151,"x"
"5231",14684.2686810974,15137.7377090021,"x"
"5232",14821.46744744,15390.7341544659,"x"
"5233",15108.9232458571,16149.0470571414,"x"
"5234",14859.1567042969,15728.9726009385,"x"
"5235",14592.5414251861,15171.1547395817,"x"
"5236",15322.7654716621,16486.0884871813,"x"
"5237",14569.8588869156,15108.9917217539,"x"
"5238",14888.4518581092,15694.5875516314,"x"
"5239",14666.8572001116,15221.8135239645,"x"
"5240",14880.6318188909,15912.0851600303,"x"
"5241",14504.8945980362,14923.5104904128,"x"
"5242",14945.8782117475,15770.7302574575,"x"
"5243",15079.819606788,16055.2064508445,"x"
"5244",14470.8589123131,14783.6927681273,"x"
"5245",14769.4774117069,15511.0887639767,"x"
"5246",15320.6062776495,16475.8361980412,"x"
"5247",14847.9771692338,15491.5637648957,"x"
"5248",14593.5632963616,15134.3696254148,"x"
"5249",15926.4114322896,17533.2603279295,"x"
"5250",15013.8570467453,16198.9477746337,"x"
"5251",14369.2149811257,14678.2077181742,"x"
"5252",15254.4131409401,16577.9418658156,"x"
"5253",14925.1379105352,15685.9104133952,"x"
"5254",15120.8134554974,16348.1408452481,"x"
"5255",14521.1276811097,14812.7424689825,"x"
"5256",14722.2892988522,15221.9856913434,"x"
"5257",14864.1555861914,15580.7156924202,"x"
"5258",14834.1828230443,15705.9250457906,"x"
"5259",15157.3361198052,16382.3843008238,"x"
"5260",14732.7123007961,15371.8647340907,"x"
"5261",14778.1490456143,15447.1664978659,"x"
"5262",14752.0039429747,15204.5649589301,"x"
"5263",14618.9096584482,15049.863583486,"x"
"5264",14919.7247744261,15683.1624258876,"x"
"5265",15134.6777901089,16135.8466927379,"x"
"5266",14923.4550860367,15862.719081167,"x"
"5267",14619.8808769272,15031.8394359164,"x"
"5268",14706.4479271107,15443.6706303529,"x"
"5269",14815.043134927,15589.8425947121,"x"
"5270",15013.3438895232,16100.7960760127,"x"
"5271",14711.358337134,15275.7246393835,"x"
"5272",14887.1999879025,15629.2562365863,"x"
"5273",14799.1181576601,15587.6414557438,"x"
"5274",14586.7538078547,15128.4015169151,"x"
"5275",15043.9457439288,16062.1830230306,"x"
"5276",14621.2815718893,15219.8745431625,"x"
"5277",14523.2356694511,14977.7106203199,"x"
"5278",14923.7517682157,15879.9947039035,"x"
"5279",14796.1609959536,15563.4619933303,"x"
"5280",14679.3200158353,15432.8109373002,"x"
"5281",14938.6871388487,15861.320271654,"x"
"5282",14678.154282358,15232.3935308245,"x"
"5283",15030.0057394947,16042.2627881359,"x"
"5284",14590.0593108043,15066.161927215,"x"
"5285",14329.8186780798,14588.954762129,"x"
"5286",14819.672977764,15618.3581117932,"x"
"5287",14838.7829710358,15691.6971245878,"x"
"5288",15019.8969323459,16090.8830178853,"x"
"5289",14839.6716641583,15494.3902677958,"x"
"5290",14645.7215683156,15210.1653274894,"x"
"5291",14753.1129445254,15535.0802130148,"x"
"5292",14634.288582841,15281.6426948828,"x"
"5293",14672.4729556929,15200.0307328429,"x"
"5294",14997.6108671291,15821.4703696048,"x"
"5295",15080.2377772058,15987.8203464015,"x"
"5296",14879.6127672785,15666.4733917246,"x"
"5297",14700.1830995335,15059.9064209262,"x"
"5298",14762.6802779141,15365.9327008922,"x"
"5299",15070.7279090973,16020.7743370538,"x"
"5300",14631.5576093451,15065.7157636898,"x"
"5301",15019.5500939147,16053.5958270219,"x"
"5302",15006.1152304396,16034.6835271122,"x"
"5303",14950.5693649294,15828.3858498216,"x"
"5304",15074.8458452228,16043.4511818813,"x"
"5305",15186.0456615534,16206.7249229403,"x"
"5306",14699.8796749088,15363.6730008323,"x"
"5307",14896.2396698923,15856.010140136,"x"
"5308",15172.2748790827,16354.3194918237,"x"
"5309",14867.7634482517,15514.6375927225,"x"
"5310",15069.4572184885,16040.4856788954,"x"
"5311",14640.005586068,15119.8924950546,"x"
"5312",14877.6921366208,15645.616934108,"x"
"5313",15026.0000132311,15969.3326945259,"x"
"5314",15740.6264400767,17839.3374205508,"x"
"5315",14577.2817991079,14960.7818090409,"x"
"5316",14744.9031165222,15096.8418324645,"x"
"5317",14450.1182758383,14949.35602522,"x"
"5318",15030.930472868,16053.0981901799,"x"
"5319",14704.7581346817,15324.9039940727,"x"
"5320",15111.0104209649,16089.1952802391,"x"
"5321",14735.0488159651,15236.7091450392,"x"
"5322",14770.4617028817,15504.3764485685,"x"
"5323",15024.5885357455,15947.78677174,"x"
"5324",14993.448277068,15945.9180940245,"x"
"5325",15015.0153891724,15889.4961564358,"x"
"5326",14785.3971149156,15331.3059363035,"x"
"5327",15119.6376111774,16153.309269754,"x"
"5328",14764.1816467664,15412.057501347,"x"
"5329",14678.5627796166,15208.2321789236,"x"
"5330",14688.8612281989,15309.0453998163,"x"
"5331",14999.6177408206,15976.7226276915,"x"
"5332",14677.1930908451,15284.5310777837,"x"
"5333",14662.1719827165,15146.7150490216,"x"
"5334",15024.8089506992,15943.5559983303,"x"
"5335",14900.2166295828,15642.0032111078,"x"
"5336",15123.0747432696,16227.6526730936,"x"
"5337",15057.0339290433,15828.0712468081,"x"
"5338",14826.5557009546,15389.2163914522,"x"
"5339",14780.9576494201,15659.0570503892,"x"
"5340",14886.6620757966,15633.0774017624,"x"
"5341",14555.130440094,15060.4958114292,"x"
"5342",14749.3052433877,15232.7089528071,"x"
"5343",14761.8535599701,15589.004434436,"x"
"5344",14838.716360574,15577.6426103249,"x"
"5345",14619.221866141,15182.6865563876,"x"
"5346",14839.7623914592,15529.7374028813,"x"
"5347",14869.2207238141,15748.4110951197,"x"
"5348",15333.7777889384,16730.7116254207,"x"
"5349",14678.4469996068,15151.763968114,"x"
"5350",14738.6191485152,15437.74194165,"x"
"5351",14784.5120298489,15521.2318958502,"x"
"5352",15381.2882702101,16950.4775048753,"x"
"5353",14862.6558993925,15577.9615663315,"x"
"5354",14752.7284555873,15456.3903621246,"x"
"5355",14736.136858583,15462.789396574,"x"
"5356",14770.1601574037,15563.2907741765,"x"
"5357",15158.5526517666,16196.0058795537,"x"
"5358",15080.0044245636,15982.1823589281,"x"
"5359",15019.4380871127,15897.1421980029,"x"
"5360",14914.7609202021,15697.2881939824,"x"
"5361",14947.2328190666,15860.3437970616,"x"
"5362",14991.9286836722,15858.8136773715,"x"
"5363",16167.9432363512,18057.0625022259,"x"
"5364",14927.0237730661,15691.3543857756,"x"
"5365",15971.0760090388,18223.0180278862,"x"
"5366",14725.4704268728,15365.4010092545,"x"
"5367",14598.8633027371,15024.5857490395,"x"
"5368",14432.1831132881,14835.8147594725,"x"
"5369",14935.8711835587,15714.4392069313,"x"
"5370",14675.9280124917,15434.9180513925,"x"
"5371",14549.4853370426,14821.8833818153,"x"
"5372",14745.1570018244,15488.5346330262,"x"
"5373",15504.7625946319,17331.0695805381,"x"
"5374",15153.7209907043,16183.2159304131,"x"
"5375",14922.4973770537,15655.2364890298,"x"
"5376",14925.4467756896,15747.94039775,"x"
"5377",14902.6436638635,15714.204511926,"x"
"5378",14697.6117916637,15200.8051255717,"x"
"5379",14901.3560779384,15476.7695460866,"x"
"5380",14757.4037110124,15370.3849837061,"x"
"5381",14558.0961428116,14862.9475390907,"x"
"5382",14658.3177686608,15417.8166780144,"x"
"5383",15096.8330678108,16215.7529998729,"x"
"5384",14426.0278182974,14877.2899190477,"x"
"5385",14892.1874009731,15874.9304890266,"x"
"5386",15025.3821315559,15986.7538898218,"x"
"5387",15547.2614760751,17109.1950279023,"x"
"5388",15143.7869164073,16312.3907956691,"x"
"5389",14453.342992506,14827.3113293906,"x"
"5390",14666.5474196059,15496.6944365916,"x"
"5391",14375.9565094832,14632.9430322637,"x"
"5392",14817.0587902624,15452.638079374,"x"
"5393",14743.641502624,15116.7139058857,"x"
"5394",14867.6779251813,15657.5426421021,"x"
"5395",15089.7202619032,15995.7063032995,"x"
"5396",15083.1434603334,15918.7377516983,"x"
"5397",14757.8319119564,15383.7153175527,"x"
"5398",14780.5657236829,15591.6596412897,"x"
"5399",15095.6556032814,16088.7681673568,"x"
"5400",14650.5923201576,15191.6019551235,"x"
"5401",15277.5176554445,16473.758833915,"x"
"5402",15330.2952843197,16621.9921335315,"x"
"5403",14723.7585396528,15085.1865868404,"x"
"5404",14817.0805670302,15644.2237352174,"x"
"5405",14898.3357879638,15750.9672093692,"x"
"5406",14996.1079956996,15995.6096162176,"x"
"5407",14642.9405190185,15169.0356033729,"x"
"5408",14704.6437641532,15495.1476482935,"x"
"5409",14768.3152823364,15375.3745107468,"x"
"5410",14741.1172444858,15284.8054200476,"x"
"5411",14910.7119291657,15762.8983543382,"x"
"5412",14906.1513139667,15620.7626479991,"x"
"5413",14592.1743493224,14999.5691019234,"x"
"5414",14652.5802791645,15199.5715181836,"x"
"5415",14775.3010919591,15432.0690468849,"x"
"5416",14891.5157048686,15625.2495005401,"x"
"5417",14698.5218146471,15208.9110966656,"x"
"5418",14620.1808782389,15083.2042121365,"x"
"5419",14629.9434365823,15344.1522799627,"x"
"5420",14754.2653535998,15512.352262561,"x"
"5421",15067.7476494189,15892.0144014298,"x"
"5422",14956.8906864872,15900.6158017119,"x"
"5423",15173.4041938984,16499.4217691414,"x"
"5424",15197.5448712039,16383.3263271136,"x"
"5425",14611.595748473,15217.390656968,"x"
"5426",14898.3719097939,15577.8201002785,"x"
"5427",15268.9917798937,16278.7770212567,"x"
"5428",14674.0830992462,15107.4006039255,"x"
"5429",14594.0462349852,15203.5740526442,"x"
"5430",14843.3903360641,15561.1806692103,"x"
"5431",14951.5434021897,15704.8685769316,"x"
"5432",14935.7292470481,15783.7201587696,"x"
"5433",14655.666275467,15194.6731086707,"x"
"5434",15111.6277252803,16064.6862892199,"x"
"5435",14682.2887456592,15208.2729225797,"x"
"5436",14625.6155548669,15208.2822610877,"x"
"5437",14962.0016257472,15968.0900319654,"x"
"5438",15109.9432071222,16152.8901727032,"x"
"5439",15078.2553064263,16004.1024502327,"x"
"5440",14909.3827939729,15718.8223545451,"x"
"5441",15297.697793534,16636.7996315305,"x"
"5442",14817.9367192501,15675.6514256351,"x"
"5443",14990.2934336157,15936.9896736304,"x"
"5444",14860.1783804786,15684.0744561406,"x"
"5445",15068.6473100721,16200.974985747,"x"
"5446",14847.5924530595,15672.5227453634,"x"
"5447",15015.9327336466,16074.7117685415,"x"
"5448",14761.1286143457,15483.6132347974,"x"
"5449",14894.4307365412,15538.8568087998,"x"
"5450",14871.9986292292,15787.8392248903,"x"
"5451",14659.545516758,15314.5544444115,"x"
"5452",15122.5150463047,16154.4857311626,"x"
"5453",14659.3497990061,15260.6390130134,"x"
"5454",14961.8155638457,15717.8048444658,"x"
"5455",14959.721426437,15881.9767677708,"x"
"5456",15091.7655472042,15958.5424737497,"x"
"5457",14557.5437714359,15111.9092583541,"x"
"5458",15161.0183509086,16294.194583524,"x"
"5459",14480.7705115697,14928.8703282714,"x"
"5460",14487.9833184132,14942.5043346568,"x"
"5461",14592.1521660835,15122.8575403365,"x"
"5462",14770.5337980942,15382.9057849178,"x"
"5463",14888.0520930377,15758.14738943,"x"
"5464",15157.3631684745,16229.220039054,"x"
"5465",14732.0729700838,15314.0390720136,"x"
"5466",14864.0871183623,15613.402192233,"x"
"5467",15024.5326504928,16017.9006603692,"x"
"5468",14893.3011123284,15685.2587261018,"x"
"5469",14907.1812417169,15810.9012603449,"x"
"5470",15336.2413231685,16546.8193921367,"x"
"5471",15166.8858758018,16161.5555993497,"x"
"5472",14572.0661965662,14889.9177904666,"x"
"5473",14352.9652279964,14625.7278902904,"x"
"5474",14964.3102252948,16030.5031978286,"x"
"5475",15287.3420746425,16282.431613569,"x"
"5476",15410.7184815071,16684.7231030846,"x"
"5477",14735.9567835469,15168.0933450509,"x"
"5478",14515.1362217905,14971.6482142807,"x"
"5479",14492.733766771,14856.7094986277,"x"
"5480",14641.3073190486,15346.2739954681,"x"
"5481",14768.5634780929,15499.087967152,"x"
"5482",14450.5798325162,14782.4087453457,"x"
"5483",15635.6503005388,17825.0500008795,"x"
"5484",15092.0486628803,16092.3886534081,"x"
"5485",15043.1737599335,16004.7305721657,"x"
"5486",14988.4499357051,15993.8809161412,"x"
"5487",14399.7011533772,14936.4325922147,"x"
"5488",14947.5498224056,15531.7896043492,"x"
"5489",14813.3704598314,15558.3137016486,"x"
"5490",14663.5580606859,15191.7191591828,"x"
"5491",14607.1511986585,15141.4875604615,"x"
"5492",15005.577824828,15925.0246977167,"x"
"5493",14701.9117520711,15048.2987743221,"x"
"5494",14743.4521992645,15575.1424299526,"x"
"5495",15107.6176791807,16275.2185038082,"x"
"5496",17175.2627275769,20843.4768071287,"x"
"5497",15130.466122252,16183.4457464852,"x"
"5498",14977.7542444781,15800.9573433748,"x"
"5499",15267.5949470821,16626.7064331321,"x"
"5500",15029.2214414077,15995.2922849283,"x"
"5501",14975.4626997777,15744.6890185862,"x"
"5502",14616.9614974979,15140.9598462786,"x"
"5503",14869.3258560264,15568.4017129696,"x"
"5504",14891.2173049604,15724.0687363789,"x"
"5505",14789.3380633285,15300.9428164935,"x"
"5506",14674.5900078889,15170.6712354053,"x"
"5507",14496.7174605964,15015.4070274393,"x"
"5508",14988.4040052653,15897.9874056444,"x"
"5509",14742.2198070774,15498.7168036403,"x"
"5510",14747.1334111183,15479.4466954701,"x"
"5511",14897.3012411173,15753.0278827069,"x"
"5512",14937.9278412453,15795.7585331169,"x"
"5513",14948.2599303479,15782.4551656466,"x"
"5514",14941.2131091321,15494.6884942417,"x"
"5515",15129.598071282,16202.6351218607,"x"
"5516",15263.6360809519,16456.1364182597,"x"
"5517",14722.2206387206,15490.3897436067,"x"
"5518",15073.2163541246,16013.2274530579,"x"
"5519",14997.427410011,15695.1115652231,"x"
"5520",15008.754364675,16034.5296689405,"x"
"5521",14820.7969235088,15430.7522879592,"x"
"5522",14421.8425000019,14759.1852731037,"x"
"5523",14939.2502745778,15779.8837007163,"x"
"5524",14998.3209159537,15927.048805939,"x"
"5525",14948.0423768459,15874.4249062928,"x"
"5526",14706.4740514976,15271.3049629401,"x"
"5527",15097.3052078724,16335.7259970139,"x"
"5528",14681.279269514,15303.3478260178,"x"
"5529",15198.7045298281,16552.2189387987,"x"
"5530",15373.910577707,16998.2925390079,"x"
"5531",15184.0470705426,16277.1655849854,"x"
"5532",14799.2220045297,15348.6960903926,"x"
"5533",14810.9421013722,15549.1783560841,"x"
"5534",15082.4611084692,16237.5670985487,"x"
"5535",14810.08390878,15581.8672228284,"x"
"5536",15511.9643252997,17011.2846819266,"x"
"5537",14781.7443757542,15532.5639233981,"x"
"5538",14555.3945319545,15175.7906393963,"x"
"5539",14902.0105521326,15726.2678668281,"x"
"5540",14766.7894564915,15446.0237203235,"x"
"5541",15589.7799529637,17185.3032303815,"x"
"5542",14852.5244143358,15629.7094216983,"x"
"5543",14585.2327983724,15190.9808537922,"x"
"5544",14638.9806635523,15333.0770499212,"x"
"5545",15314.0064372328,16724.783017751,"x"
"5546",14849.3348476805,15676.9536190837,"x"
"5547",14380.4737509676,14652.5061500698,"x"
"5548",15069.3137068382,16076.2512121222,"x"
"5549",14667.1375201522,15078.8194049685,"x"
"5550",15105.8849008743,16005.8908247882,"x"
"5551",15093.079589754,16314.7711714627,"x"
"5552",15193.3497800524,16570.6019983444,"x"
"5553",15014.2051561342,16032.3176442172,"x"
"5554",14945.6755038689,15890.7977869793,"x"
"5555",14658.7536648709,15220.7412196309,"x"
"5556",14772.6987858594,15493.803678574,"x"
"5557",14805.0543892056,15483.6252578852,"x"
"5558",14714.9383191208,15168.9498245036,"x"
"5559",15073.9215797435,15942.1918465678,"x"
"5560",14804.8878949327,15505.0746326998,"x"
"5561",14700.6610081141,15242.6993638654,"x"
"5562",14815.5039446261,15424.9630061592,"x"
"5563",14910.8649602372,15503.3379430847,"x"
"5564",14571.0639346234,15094.0858513725,"x"
"5565",14600.8871765889,15196.4652066078,"x"
"5566",15070.6323957244,16360.7979791729,"x"
"5567",14875.7915431209,15621.0182366583,"x"
"5568",15183.8501646247,16323.8469408622,"x"
"5569",14801.3397170195,15533.7303320676,"x"
"5570",15191.9826121113,16150.0231033743,"x"
"5571",15278.4635649341,16321.3190371194,"x"
"5572",14823.0708931395,15463.3471631314,"x"
"5573",15020.3116310619,15891.644548732,"x"
"5574",14795.7102430602,15532.6989425079,"x"
"5575",14296.9915595773,14546.0971540536,"x"
"5576",15096.970075909,16029.4904453324,"x"
"5577",14633.318392119,15256.753424502,"x"
"5578",14414.1324097329,14857.7754420568,"x"
"5579",15029.2201214886,16293.984582045,"x"
"5580",14533.8801691036,14939.0062376061,"x"
"5581",14665.2331915721,15182.72281942,"x"
"5582",15826.2835413127,17557.8152544794,"x"
"5583",14951.339769821,16000.4538973963,"x"
"5584",14815.2832974769,15528.3682295528,"x"
"5585",14342.657222268,14596.2573881674,"x"
"5586",14627.5112991891,15066.5929903216,"x"
"5587",14553.4501230509,14826.8138433763,"x"
"5588",15015.1371754543,16102.0126672352,"x"
"5589",15145.4616689276,16293.0526693641,"x"
"5590",14546.3189496089,14986.117235502,"x"
"5591",14683.3038478077,15302.6025002131,"x"
"5592",15357.3279317966,16692.1756125844,"x"
"5593",14914.9792659604,15615.4361616862,"x"
"5594",14766.0836136075,15679.976831914,"x"
"5595",14406.8224295361,14826.2073343866,"x"
"5596",14493.0534569844,14880.0632355983,"x"
"5597",14871.1837847666,15599.252818399,"x"
"5598",14942.8300490557,15715.151166071,"x"
"5599",14968.7620325481,15641.8065951655,"x"
"5600",14675.3665559521,15261.1934990095,"x"
"5601",14708.6084933716,15393.5434774587,"x"
"5602",14200.7109249824,14412.4350725792,"x"
"5603",14946.7803117197,15650.7773632781,"x"
"5604",15106.6562061221,16103.1137882994,"x"
"5605",15021.3472372347,15981.0543613771,"x"
"5606",14865.0978930425,15478.0239063966,"x"
"5607",14720.7144986733,15484.0866083528,"x"
"5608",14939.4911500545,15945.173424525,"x"
"5609",15099.3806915468,16104.8760604472,"x"
"5610",15032.0787469683,15608.979189509,"x"
"5611",15176.2494560703,16497.2056667467,"x"
"5612",14907.8887369888,15869.5995632026,"x"
"5613",15053.9569127959,15936.6968778613,"x"
"5614",15314.4472921473,16550.9520586992,"x"
"5615",15241.8908919732,16509.641901824,"x"
"5616",14858.0631708834,15708.6882276462,"x"
"5617",15174.8517705922,16249.7395263585,"x"
"5618",14641.8987317918,15177.0862994335,"x"
"5619",14592.5300368345,15083.1021173735,"x"
"5620",14944.2456544202,15972.7212760092,"x"
"5621",15400.7317273156,16624.427202345,"x"
"5622",14620.657063988,15183.5003362801,"x"
"5623",14897.385269774,15490.5341329635,"x"
"5624",14469.4391063124,14839.5991603738,"x"
"5625",14637.7997810043,15145.2465613694,"x"
"5626",14421.3604988153,14899.8770238892,"x"
"5627",15513.656359811,17472.5274631217,"x"
"5628",15268.7825505186,16474.0942609452,"x"
"5629",15047.7571789615,16127.6644900353,"x"
"5630",14953.8031296657,15875.5346917249,"x"
"5631",14899.4312016705,15900.0721777397,"x"
"5632",14772.9431635928,15633.0288951869,"x"
"5633",15229.0699956309,16403.951454969,"x"
"5634",14907.9583563206,15716.3959167052,"x"
"5635",15115.9263758512,16076.2392743614,"x"
"5636",14915.6042830427,15710.89681558,"x"
"5637",15210.0543338926,16477.0999415336,"x"
"5638",14671.3037106593,15356.517186385,"x"
"5639",14971.6764617891,15998.3387201138,"x"
"5640",14945.3918120345,15704.4305724174,"x"
"5641",15104.2683306847,16088.7964278764,"x"
"5642",15418.8347814326,17096.6096480787,"x"
"5643",14821.1611685679,15604.6293436415,"x"
"5644",14673.5803916151,15328.3083957666,"x"
"5645",14743.7141805727,15485.2154520705,"x"
"5646",14949.3737237035,15704.6127014829,"x"
"5647",14570.8986681418,15136.4560919512,"x"
"5648",15463.4651635148,16866.1599126537,"x"
"5649",15056.0712170863,16053.0894899015,"x"
"5650",14804.6606392151,15563.3983120777,"x"
"5651",14929.8437595873,15742.4265668329,"x"
"5652",15072.6516971248,16166.6611531846,"x"
"5653",14625.8808672761,15111.5910445872,"x"
"5654",14741.1335069071,15409.7827731126,"x"
"5655",14879.695125797,15950.8200001858,"x"
"5656",14566.586488365,14974.944189465,"x"
"5657",15104.7804305116,16179.4550284014,"x"
"5658",15001.2553194087,16163.7735595649,"x"
"5659",14671.6421912321,15219.034627986,"x"
"5660",14648.9804774321,15298.8585097119,"x"
"5661",14754.4594164942,15396.3614692742,"x"
"5662",14710.7095765732,15325.5569789093,"x"
"5663",14890.2902401558,15855.55662466,"x"
"5664",14525.1392738306,15070.2882903097,"x"
"5665",14874.7829767516,15490.0399543078,"x"
"5666",15298.4580022289,16878.7121685803,"x"
"5667",14736.7856905971,15475.8443210141,"x"
"5668",14698.8930364051,15196.0590239911,"x"
"5669",15065.3635047845,16103.4295229749,"x"
"5670",14662.7975466352,15300.7226109047,"x"
"5671",15065.3216183324,16167.7698137498,"x"
"5672",15239.6514464029,16432.9071448722,"x"
"5673",14490.8668620373,14812.2054104174,"x"
"5674",14837.0770749032,15725.5942011633,"x"
"5675",14750.105215283,15336.7506519218,"x"
"5676",15046.6491858028,16234.627163222,"x"
"5677",14740.3912401482,15431.0600974385,"x"
"5678",15169.1295495968,16141.1360539886,"x"
"5679",14819.3790868232,15590.7150491996,"x"
"5680",14808.5010859997,15461.7130467135,"x"
"5681",14503.964216044,15003.6237728889,"x"
"5682",15018.6614407638,15954.8243329862,"x"
"5683",14717.478850401,15478.0618913756,"x"
"5684",14664.371014428,15273.1084974679,"x"
"5685",14719.0479431431,15258.1671365284,"x"
"5686",15272.248103183,16551.894887463,"x"
"5687",14618.4572690707,15319.7479374127,"x"
"5688",14728.9507563272,15115.0807736844,"x"
"5689",15158.6033645338,16213.7247661644,"x"
"5690",14406.6299323517,14583.802344788,"x"
"5691",14802.8454482118,15420.2212995253,"x"
"5692",14892.7892643541,15440.7329304222,"x"
"5693",14995.9985986722,15865.0419341963,"x"
"5694",15090.6130856615,16040.7132662874,"x"
"5695",15108.2227065811,16278.3311828781,"x"
"5696",15014.032998599,16060.2938144477,"x"
"5697",14761.9801937385,15385.0668097807,"x"
"5698",15065.9870686579,16167.3530842059,"x"
"5699",15004.9748215662,15792.051645367,"x"
"5700",15101.2831070337,16194.1628298546,"x"
"5701",15132.4947929771,16103.9563925859,"x"
"5702",15515.234011094,17352.2529985036,"x"
"5703",14554.5151276512,15147.2201543154,"x"
"5704",14678.3331140073,15311.0505343654,"x"
"5705",14724.0867614362,15615.8517033934,"x"
"5706",14968.2396328153,15879.8796673616,"x"
"5707",15011.2934476036,16034.7701067479,"x"
"5708",14832.4856526426,15577.1653514763,"x"
"5709",14611.8671775523,15254.7777364209,"x"
"5710",14566.0501755542,14957.8473230535,"x"
"5711",14629.2459986143,15152.2752829456,"x"
"5712",14958.6360205207,15625.713828578,"x"
"5713",14833.8785868501,15670.6170386999,"x"
"5714",14802.7970041842,15374.20560801,"x"
"5715",14660.6938328516,15082.1501267388,"x"
"5716",15149.0613972666,16132.4826541797,"x"
"5717",15334.9804213927,16557.4026889572,"x"
"5718",14896.4406977041,15738.7532511842,"x"
"5719",14612.4521074508,15113.9799725853,"x"
"5720",14635.3839145064,15144.5521526041,"x"
"5721",15035.7789386859,15907.2986679905,"x"
"5722",14666.094015678,15188.8269392543,"x"
"5723",14680.1708860299,15365.5446207921,"x"
"5724",14840.2388893933,15599.8267271996,"x"
"5725",14878.8214179621,15686.4840479691,"x"
"5726",14889.6443154456,15719.6751066836,"x"
"5727",14698.8663304221,15230.5790863568,"x"
"5728",14702.3445147168,15385.2253648559,"x"
"5729",14700.0471048506,15383.0353196641,"x"
"5730",15000.2692946419,15786.1636697826,"x"
"5731",15165.877953638,16606.1835609499,"x"
"5732",15003.1463863838,16023.1704748118,"x"
"5733",15072.2517739472,16222.0354066368,"x"
"5734",14850.9579457643,15657.030350235,"x"
"5735",15064.5032035551,16055.7647172035,"x"
"5736",14686.9820359207,15290.9867663338,"x"
"5737",14565.0898062428,15275.7382976338,"x"
"5738",15082.4040687343,16020.882937159,"x"
"5739",14688.4249329648,15341.0196375271,"x"
"5740",14779.8043707439,15375.1367104152,"x"
"5741",14794.9245452491,15677.6989973193,"x"
"5742",14593.2713093622,15136.2176111436,"x"
"5743",14690.9889995797,15350.8486633982,"x"
"5744",15097.3082862765,16217.2593968741,"x"
"5745",14575.3285941839,15074.6639573712,"x"
"5746",14676.7028703349,15428.8233960454,"x"
"5747",14436.5369845459,14744.3505450932,"x"
"5748",14961.4644028015,15881.6663699814,"x"
"5749",15082.0506522945,16088.5282557054,"x"
"5750",15134.46590861,16236.4864804834,"x"
"5751",15190.3878507981,16216.4018293341,"x"
"5752",14779.2670240374,15366.2588232837,"x"
"5753",14903.7541113181,15839.7223777904,"x"
"5754",14858.5771939159,15647.1590573099,"x"
"5755",15175.1958657954,16401.817041578,"x"
"5756",15349.1866790036,16603.4066802443,"x"
"5757",14969.3697943537,15891.8418343529,"x"
"5758",15292.1715458267,16491.6267314879,"x"
"5759",14978.9222606501,15743.8429522742,"x"
"5760",14825.2034583815,15342.8136111905,"x"
"5761",14909.626476565,15657.2734154097,"x"
"5762",14817.3822084693,15435.7932218738,"x"
"5763",14927.7547907275,15697.8502997211,"x"
"5764",15272.4709745459,16447.2452838868,"x"
"5765",14827.5215558859,15532.3958756711,"x"
"5766",14914.0114382007,15798.9532055435,"x"
"5767",15155.0468647916,16448.3731468434,"x"
"5768",15174.965893678,16509.5664283582,"x"
"5769",14867.739429848,15611.4018216362,"x"
"5770",15116.9041464956,16449.0929141293,"x"
"5771",14756.1306163587,15418.3686190791,"x"
"5772",14642.9741971104,15259.7753975502,"x"
"5773",14784.9289995945,15491.5307300665,"x"
"5774",14767.3037133861,15330.5858192533,"x"
"5775",14711.6876381057,15372.8337036777,"x"
"5776",15181.6738723883,16482.7933054943,"x"
"5777",15028.518207371,16087.6552302189,"x"
"5778",15174.5275060934,16239.3634116712,"x"
"5779",14599.6074414559,15040.4235074113,"x"
"5780",14803.0695775509,15516.9683503516,"x"
"5781",14745.3794041113,15542.053002231,"x"
"5782",14909.1011474253,15863.6373467726,"x"
"5783",14967.0551265259,15808.9823080842,"x"
"5784",14786.1663147224,15491.7978609329,"x"
"5785",14531.4275302687,14770.5885579366,"x"
"5786",14958.8152133089,15865.3703315635,"x"
"5787",15102.433179881,16244.9106384063,"x"
"5788",14782.7432928586,15386.681236968,"x"
"5789",14483.3853590317,14705.2774845387,"x"
"5790",14580.4991295036,15107.7188180665,"x"
"5791",14661.3360196487,15074.7215700785,"x"
"5792",15005.978094256,15954.0687186823,"x"
"5793",15229.9483431153,16473.3799560345,"x"
"5794",14423.6568312497,14859.56795149,"x"
"5795",14927.2241802686,16047.3667843883,"x"
"5796",15129.9857290381,16290.481863216,"x"
"5797",14714.036985367,15332.7218158787,"x"
"5798",14833.687835811,15452.2280548569,"x"
"5799",14743.2412273227,15347.9232236534,"x"
"5800",15018.7171053261,15854.0704220448,"x"
"5801",14748.7582806521,15291.7713912726,"x"
"5802",15165.3434116317,16120.3131755704,"x"
"5803",15083.6925260323,15985.264929479,"x"
"5804",15128.3367670786,16255.5933340881,"x"
"5805",14719.405683932,15333.4811770865,"x"
"5806",14999.1789658518,15949.3167602185,"x"
"5807",14576.1480557299,15023.3241824764,"x"
"5808",14839.3970862097,15553.667511893,"x"
"5809",15006.8521141686,16109.0002780813,"x"
"5810",15087.550773706,16259.9032080851,"x"
"5811",14863.9153234603,15749.4811710767,"x"
"5812",14868.6678056093,15382.5357548474,"x"
"5813",14919.2154440507,15641.1823913565,"x"
"5814",14866.291839057,15647.9411852803,"x"
"5815",14729.1667553044,15363.2445115443,"x"
"5816",14812.3996846395,15631.7926544497,"x"
"5817",14820.7734357391,15666.8222218746,"x"
"5818",15212.8261502094,16506.9292736702,"x"
"5819",15164.4068749155,16420.6128864488,"x"
"5820",14594.1812080707,15269.9246034104,"x"
"5821",14647.0045142075,15151.6857577506,"x"
"5822",15209.0313734724,16369.8769115619,"x"
"5823",14947.3276639684,15701.2236234093,"x"
"5824",15246.3137438748,16552.377174243,"x"
"5825",14679.9746192382,15355.8399536945,"x"
"5826",14991.6426096803,15821.8500489895,"x"
"5827",15187.8646524012,16449.9134364794,"x"
"5828",15114.7574947451,16183.3078186909,"x"
"5829",14978.2727775651,15857.5479576082,"x"
"5830",14501.3013247057,15056.6277392574,"x"
"5831",14867.1026777504,15743.7922845654,"x"
"5832",14585.744532914,14952.4958826785,"x"
"5833",15149.3070493771,16158.2434796184,"x"
"5834",15410.4085595321,16903.6868912726,"x"
"5835",14596.7464692086,15144.3309460555,"x"
"5836",14979.6486477678,15809.4412409595,"x"
"5837",14655.679537409,15118.5308262501,"x"
"5838",14818.1950959949,15552.074733493,"x"
"5839",14600.7126111084,15074.9289458235,"x"
"5840",14518.8411052567,14984.1305892633,"x"
"5841",15104.6076292404,16108.8680380665,"x"
"5842",14904.9429000205,15823.1767368883,"x"
"5843",14935.4559381282,15714.8922344932,"x"
"5844",14729.5811785993,15466.7042873645,"x"
"5845",15198.868070794,16402.9680010068,"x"
"5846",14642.4786496445,15073.6806702078,"x"
"5847",14863.6513816032,15757.1670597,"x"
"5848",15463.613655232,16773.2523637978,"x"
"5849",14771.8481100067,15576.1577466633,"x"
"5850",14798.9539803654,15575.1289266143,"x"
"5851",14729.9222710972,15275.1650198641,"x"
"5852",14980.2105483183,15928.4410244094,"x"
"5853",15112.4359947998,16170.4955617368,"x"
"5854",15090.7162693374,16331.780101125,"x"
"5855",14730.5359288752,15131.1258294972,"x"
"5856",14562.2029301729,14897.1766256245,"x"
"5857",15571.5278234824,17208.4686814581,"x"
"5858",14587.5437681831,14900.4919094866,"x"
"5859",15205.6016694344,16190.1403666659,"x"
"5860",15086.0516758685,15967.7628254449,"x"
"5861",14553.80313945,15097.5664536694,"x"
"5862",14839.9763576876,15503.9791615191,"x"
"5863",14644.7766184347,15149.4573737452,"x"
"5864",15145.3518958112,16109.1642631122,"x"
"5865",15087.7532870965,16174.0017609574,"x"
"5866",15092.4755801519,16144.6150055349,"x"
"5867",14917.7716782621,15750.5561893841,"x"
"5868",14818.6553374637,15558.2058225746,"x"
"5869",14932.5384517349,15698.7071696846,"x"
"5870",15294.1507087737,16507.8925927844,"x"
"5871",14658.6061419855,15192.5766544121,"x"
"5872",14607.9521008892,15286.8697252701,"x"
"5873",14705.3597424337,15539.2873951223,"x"
"5874",14916.8291801321,15652.8978124914,"x"
"5875",15041.7600252827,15966.7174059354,"x"
"5876",14722.2936451842,15202.7975148961,"x"
"5877",14672.4742433551,15334.0361436927,"x"
"5878",15127.0562624928,16112.5816584133,"x"
"5879",15310.4612456724,16571.2867363049,"x"
"5880",14912.4405911328,15716.7675022313,"x"
"5881",15200.6680676563,16223.9965404786,"x"
"5882",15071.1176960626,16030.3437656286,"x"
"5883",14562.3838692947,14924.0596584236,"x"
"5884",14792.0593395618,15319.0191955349,"x"
"5885",15225.3240109167,16453.0316985028,"x"
"5886",14918.4718872367,15792.921502892,"x"
"5887",14749.5043421854,15382.2637613076,"x"
"5888",14764.7709293601,15392.5449241825,"x"
"5889",15005.2078996097,15811.8920544034,"x"
"5890",14549.1255515907,15031.6462882924,"x"
"5891",14904.0985614927,15736.6303887723,"x"
"5892",15263.1751584645,16386.5092893461,"x"
"5893",15120.5523280752,16235.2468652385,"x"
"5894",14926.9074174388,15772.3551870711,"x"
"5895",14584.8347078615,15272.3162162327,"x"
"5896",14960.7505691131,15978.8484179383,"x"
"5897",14833.8612924547,15536.4284757741,"x"
"5898",14874.268463146,15551.6603997158,"x"
"5899",14928.3711316006,15741.4641777732,"x"
"5900",14699.6233555768,15109.7448986998,"x"
"5901",14525.0530121199,14950.0800930735,"x"
"5902",14603.950494831,15010.9189386438,"x"
"5903",14489.0401837878,14965.5010306779,"x"
"5904",14851.7298308243,15503.3424350148,"x"
"5905",14598.3507757926,15079.1386170048,"x"
"5906",15347.0141551737,16834.8496520419,"x"
"5907",14753.260445711,15574.1970191378,"x"
"5908",14747.0179421867,15380.1672038836,"x"
"5909",14888.3723655543,15890.678187027,"x"
"5910",14781.7389295959,15348.1875955319,"x"
"5911",14759.0437896652,15343.5022479789,"x"
"5912",14883.6757719756,15663.7448543218,"x"
"5913",14634.8068060439,15275.7777264936,"x"
"5914",14907.5726639226,15757.6762487897,"x"
"5915",14872.254934438,15836.7205293497,"x"
"5916",14850.3578875562,15555.6737602607,"x"
"5917",15013.2810144462,16124.6718087165,"x"
"5918",15059.5256224654,16235.2629673015,"x"
"5919",14676.3218195484,15292.3591940958,"x"
"5920",14512.1944584474,15196.5798837302,"x"
"5921",14918.1950201013,15760.6998970882,"x"
"5922",15881.6486102523,17644.3736177187,"x"
"5923",14818.8222775955,15583.3194327186,"x"
"5924",14705.2499034428,15364.7682841943,"x"
"5925",14963.1827909837,16032.6139651701,"x"
"5926",14909.1320370308,16021.9899465468,"x"
"5927",15032.4642329769,16010.6376058835,"x"
"5928",15133.5131797751,16071.252092746,"x"
"5929",14589.3525501235,15265.1794420687,"x"
"5930",15357.7600750199,16616.2999108386,"x"
"5931",15037.6753689073,15945.244541875,"x"
"5932",14594.9345965925,15148.0448027412,"x"
"5933",14671.874806951,15097.5013855087,"x"
"5934",14918.4964738897,15820.0651176593,"x"
"5935",15003.0620527044,16015.6841927227,"x"
"5936",14654.3057966936,15150.2806802635,"x"
"5937",15074.5685913655,16030.4113624988,"x"
"5938",14823.3610305773,15668.6869189006,"x"
"5939",14533.0212528927,15136.820039731,"x"
"5940",14791.6145863106,15468.6928946355,"x"
"5941",14657.5034382655,15086.8290097134,"x"
"5942",14831.6550706637,15707.0836298771,"x"
"5943",14718.8977606891,15295.7528360113,"x"
"5944",15048.1110891421,15950.9383119113,"x"
"5945",14864.6753119694,15668.6482266937,"x"
"5946",14804.4613011136,15394.067420859,"x"
"5947",14582.8849953035,15001.2005469264,"x"
"5948",15174.0388773231,16450.5628525695,"x"
"5949",14908.4290105254,15626.4048136369,"x"
"5950",14505.1468619743,14725.2981345306,"x"
"5951",15110.7456504178,16260.748203958,"x"
"5952",14833.0494992151,15694.664287525,"x"
"5953",15280.1618900948,16598.5014850826,"x"
"5954",14500.7533401555,14962.2862502674,"x"
"5955",15373.7004165607,16837.1390693484,"x"
"5956",15438.5412782801,16859.762002625,"x"
"5957",14577.5869554933,15066.9369196271,"x"
"5958",14801.0907151146,15723.3202258186,"x"
"5959",14596.9195632113,15127.4952755978,"x"
"5960",14904.9912055075,15803.9038125835,"x"
"5961",14927.5438659737,15710.6342030352,"x"
"5962",14669.9072237816,15281.7926798119,"x"
"5963",15373.0239217648,16747.0801738802,"x"
"5964",15101.2630963561,16153.5135831202,"x"
"5965",14753.7408093528,15648.6691932867,"x"
"5966",14704.8774507328,15083.3742865778,"x"
"5967",15494.9539253507,16916.8673389147,"x"
"5968",14801.1539253719,15440.1290618713,"x"
"5969",14542.8766313337,14987.4800175651,"x"
"5970",14786.4648513898,15424.3185380561,"x"
"5971",14529.4237127938,14958.5086480673,"x"
"5972",15080.5452097476,15917.9607911825,"x"
"5973",14850.8356759368,15459.6205765648,"x"
"5974",14780.5543884978,15338.5924212602,"x"
"5975",15132.8498064092,16369.7041267628,"x"
"5976",14756.7615702279,15527.5474562209,"x"
"5977",14812.1610389457,15383.572174108,"x"
"5978",15578.6929160174,17201.0431816003,"x"
"5979",15163.4514787112,16132.9059535191,"x"
"5980",15449.3487097613,16986.7929646642,"x"
"5981",14861.2584338249,15472.7814280975,"x"
"5982",14667.2159257653,15359.989244055,"x"
"5983",15191.8558267028,16346.3658891212,"x"
"5984",14938.3247266366,15754.7629061258,"x"
"5985",14788.8862584662,15607.4025326979,"x"
"5986",14768.0562482944,15382.987587485,"x"
"5987",14827.4558998594,15543.5293189029,"x"
"5988",14948.7494588938,15816.5486803513,"x"
"5989",14783.6730829951,15499.0649629872,"x"
"5990",14964.5191665487,15949.5678979879,"x"
"5991",14887.4924451403,15822.736938435,"x"
"5992",14801.7560423077,15124.9330994873,"x"
"5993",14980.5764674913,15858.613705703,"x"
"5994",14617.58480196,15181.7569541415,"x"
"5995",14449.2541046334,14818.7256915128,"x"
"5996",14844.9285144756,15370.6510732587,"x"
"5997",14924.5055959799,15797.4754550565,"x"
"5998",14658.2912054611,15231.6850592201,"x"
"5999",14697.6757601681,15309.4920928937,"x"
"6000",14942.6988782802,15738.3365719342,"x"
"6001",14526.4769692123,14901.7963939579,"x"
"6002",14732.5024345129,15427.8914997293,"x"
"6003",14672.1029844727,15259.4426552841,"x"
"6004",14614.0652162733,15215.7005508236,"x"
"6005",14371.4402432929,14812.0428931354,"x"
"6006",14734.2865204995,15363.1821372494,"x"
"6007",15296.9672266318,16812.769692703,"x"
"6008",14577.4551603285,14994.9988571357,"x"
"6009",15231.9772055708,16573.7800311952,"x"
"6010",15085.3045305836,16085.8057082391,"x"
"6011",14905.3571963302,15798.903589429,"x"
"6012",14896.0172598837,15636.8084296721,"x"
"6013",14961.3654521903,15922.6863693658,"x"
"6014",14776.5593556994,15568.9243300005,"x"
"6015",14934.6053368981,15630.3662373716,"x"
"6016",14766.6224214137,15321.0524286187,"x"
"6017",14881.1124494577,15518.0943622513,"x"
"6018",15081.4452294837,16208.5044289387,"x"
"6019",14924.3584921491,15877.5258736591,"x"
"6020",15192.7402458965,16294.5453811965,"x"
"6021",14886.5961445147,15682.2151918944,"x"
"6022",14915.733983043,15660.7530662519,"x"
"6023",14938.1661933853,15795.9978276532,"x"
"6024",14727.3893750897,15301.0293357006,"x"
"6025",14814.6984622385,15596.6348861388,"x"
"6026",14964.9672259913,15861.7648959088,"x"
"6027",15084.2303783654,16048.7783027173,"x"
"6028",15396.6653421795,16658.2119328415,"x"
"6029",15068.1249705004,16290.4793560117,"x"
"6030",14788.456908571,15516.3636725256,"x"
"6031",14913.2547635666,15772.1127057206,"x"
"6032",14731.2133285661,15320.8072084194,"x"
"6033",14810.5369722953,15533.5747544248,"x"
"6034",15360.001518525,16784.232790309,"x"
"6035",14866.2976803243,15801.6642906275,"x"
"6036",14878.0124112666,15637.2295726425,"x"
"6037",15593.8277403971,17096.3360891764,"x"
"6038",14629.4459941366,15262.4113639221,"x"
"6039",14923.6205396449,15628.8489769598,"x"
"6040",14510.2552179256,14926.674212916,"x"
"6041",14961.7555677015,15979.4841990335,"x"
"6042",15008.638910995,16040.2236713317,"x"
"6043",14764.9158055979,15366.8054790846,"x"
"6044",15220.4665746804,16467.01739546,"x"
"6045",14506.3245458026,14921.7589774887,"x"
"6046",15123.3104501741,16378.2429881945,"x"
"6047",15124.85139465,16291.1765613637,"x"
"6048",14763.9184561559,15397.0239981677,"x"
"6049",14668.5491483315,15226.1069362145,"x"
"6050",15223.1715865336,16495.4699242442,"x"
"6051",15053.4240770612,16048.8311260488,"x"
"6052",14924.5314125638,15746.944565348,"x"
"6053",14667.8013645098,15165.6145889149,"x"
"6054",14982.4403453993,15917.2724610771,"x"
"6055",14764.8477645662,15462.3576589194,"x"
"6056",15295.3969475234,16489.3782401668,"x"
"6057",14415.8928795654,14873.3380375158,"x"
"6058",14994.1964326282,15911.1240582202,"x"
"6059",14581.1307872712,15074.457321509,"x"
"6060",14916.3995542182,15754.5387624559,"x"
"6061",14868.0442001678,15733.9263389381,"x"
"6062",14950.5611087863,15799.666679198,"x"
"6063",14428.2189911314,14967.3243062081,"x"
"6064",15057.0606728402,16105.7668708413,"x"
"6065",14563.0422938171,15092.9910696289,"x"
"6066",14968.8962611884,15802.9225027374,"x"
"6067",14696.2621442028,15380.2251893168,"x"
"6068",15366.45078638,16636.3379545033,"x"
"6069",14900.598689922,15547.1834913547,"x"
"6070",14838.6648077947,15255.9465110628,"x"
"6071",14555.285786874,14991.9095135829,"x"
"6072",15113.6509487824,16262.9842536083,"x"
"6073",15027.8869503027,15948.2594172817,"x"
"6074",15083.7311010406,16289.9590711974,"x"
"6075",14637.2470992207,15210.9555837051,"x"
"6076",14506.2235290589,14808.0496697074,"x"
"6077",14963.3948974246,15845.6689080348,"x"
"6078",15114.5811110173,16184.4610918536,"x"
"6079",14746.5658004758,15454.1607130287,"x"
"6080",15045.8014926571,16133.4314086126,"x"
"6081",14838.7237229046,15835.1451279171,"x"
"6082",14624.0289595287,15201.0053731924,"x"
"6083",15225.7579191402,16218.1791677606,"x"
"6084",15345.6241898099,16812.4606045386,"x"
"6085",15148.9918713795,16467.1460578847,"x"
"6086",15080.6520399843,16076.9979764681,"x"
"6087",14825.5851012545,15659.387382974,"x"
"6088",15033.3839758233,15777.8495788535,"x"
"6089",15398.5015563859,16801.2854135779,"x"
"6090",14428.3593371586,14914.2830258834,"x"
"6091",15349.8715910383,16629.9180146862,"x"
"6092",14854.7391270033,15630.0132549374,"x"
"6093",14631.6961150663,14880.1385627371,"x"
"6094",14625.4044826365,14971.7586081929,"x"
"6095",14945.0334797138,15799.460773213,"x"
"6096",15042.0715924205,15998.4817721831,"x"
"6097",15083.372090075,15932.4835741268,"x"
"6098",14804.4170108256,15582.5162070454,"x"
"6099",14862.710764776,15661.5992022495,"x"
"6100",15118.0789960671,16367.7509997854,"x"
"6101",14646.7801960798,14978.6391710147,"x"
"6102",14997.0541771511,16047.1117390215,"x"
"6103",14750.7267153839,15218.2057041844,"x"
"6104",14754.7080624897,15421.2593361645,"x"
"6105",14760.9628347885,15501.9957328446,"x"
"6106",14733.0939064302,15487.561636762,"x"
"6107",14763.6233961104,15307.5016193956,"x"
"6108",14672.9939741473,15315.7602538171,"x"
"6109",14543.1734718787,14813.8522186056,"x"
"6110",14774.5010910998,15570.3526600443,"x"
"6111",14793.6106831479,15256.7412874786,"x"
"6112",14426.9638384057,14836.4690485051,"x"
"6113",14765.304555353,15410.3674013348,"x"
"6114",14838.8358620619,15765.6052189624,"x"
"6115",14524.393614165,15010.8075470715,"x"
"6116",14966.2398493303,15888.3730816602,"x"
"6117",14963.6429048687,15918.4676191568,"x"
"6118",15283.9251094506,16384.9650056596,"x"
"6119",15112.0202272725,16263.8781290132,"x"
"6120",14995.9652230114,15967.9417804679,"x"
"6121",14594.7930385039,15110.9483189319,"x"
"6122",14634.7137845358,15184.8011110532,"x"
"6123",15495.0581855198,16928.5851746521,"x"
"6124",15238.6738444216,16473.9570467014,"x"
"6125",14629.9544231408,15102.7830189524,"x"
"6126",15672.5660287268,17190.5313996402,"x"
"6127",14788.2049319366,15703.2293001606,"x"
"6128",15284.2473726154,16555.995287177,"x"
"6129",14485.5306738528,15018.464560521,"x"
"6130",15054.7667836767,16115.684669741,"x"
"6131",15032.8582566593,16316.2038516216,"x"
"6132",14941.8428673407,15868.3321543556,"x"
"6133",14886.9063724979,15489.7931386374,"x"
"6134",14899.7749061133,15741.0469639957,"x"
"6135",14961.0537522409,15810.7649082386,"x"
"6136",15057.7567629877,16011.3778281688,"x"
"6137",15286.5708241628,16648.3305924986,"x"
"6138",14384.9591513954,14687.5307326874,"x"
"6139",14936.178173681,15834.184938947,"x"
"6140",15003.4862629435,15847.0071015686,"x"
"6141",14832.2407180674,15514.5779487379,"x"
"6142",15646.549068364,17485.3945275995,"x"
"6143",14651.2920666253,15110.800615428,"x"
"6144",14621.2089180982,15269.9852825524,"x"
"6145",15003.5734662705,15908.7445585763,"x"
"6146",14589.7943761708,15186.7542280441,"x"
"6147",15470.8264065375,17037.1619272213,"x"
"6148",14735.2533210708,15434.2062452377,"x"
"6149",14770.3113856923,15659.3992296401,"x"
"6150",14599.9007624518,15064.9083973222,"x"
"6151",15102.4710855015,16080.2942600179,"x"
"6152",14855.502028857,15672.9134512304,"x"
"6153",14845.6351255109,15519.6053371498,"x"
"6154",14898.590360486,15865.0343460552,"x"
"6155",15534.8116986167,17244.4152819103,"x"
"6156",14982.4432043185,15881.7934356824,"x"
"6157",14847.2526085315,15706.1614799528,"x"
"6158",14914.1603572541,15859.4571224953,"x"
"6159",14586.3136699908,15053.3819022375,"x"
"6160",15130.7103520139,16447.9018293819,"x"
"6161",14589.46675394,14870.3526461823,"x"
"6162",14985.3029016565,16183.2328138191,"x"
"6163",15161.4902358864,16591.7373511086,"x"
"6164",15046.9664960058,15969.1554508687,"x"
"6165",14605.8018916082,15090.0263681005,"x"
"6166",15102.820645995,16246.930573569,"x"
"6167",14939.8679746061,15659.0826590033,"x"
"6168",15182.4504669958,16274.8129817834,"x"
"6169",15070.5940006311,16267.3823474112,"x"
"6170",14996.8504339913,16079.1497447378,"x"
"6171",15277.8195307434,16477.4065373789,"x"
"6172",14881.7968859506,15675.4431576209,"x"
"6173",15088.2558809763,16232.8761793467,"x"
"6174",14367.9504796023,14782.9976964694,"x"
"6175",14981.6635598995,15909.4254178671,"x"
"6176",14915.1690066093,15636.4060966407,"x"
"6177",14640.6323937243,15213.4578614309,"x"
"6178",15222.762333582,16302.1169092855,"x"
"6179",14710.055700613,15282.9194334941,"x"
"6180",14636.0808484332,15073.2200220393,"x"
"6181",14694.7164654526,15448.4315991412,"x"
"6182",14831.1222554727,15565.0207161313,"x"
"6183",14878.2113829305,15890.3817952824,"x"
"6184",14646.0284216448,15119.769491409,"x"
"6185",14853.0463687193,15557.5465910025,"x"
"6186",14563.0129561542,14914.3970006534,"x"
"6187",15132.2610928284,16266.5301424368,"x"
"6188",14857.6804993007,15664.0746564753,"x"
"6189",15236.0892049952,16308.5556403871,"x"
"6190",14847.8065399281,15662.7892084973,"x"
"6191",14923.0410396368,15636.438686498,"x"
"6192",14923.3783611015,15665.2834538497,"x"
"6193",14980.1846390946,15847.3813162488,"x"
"6194",14826.0633048842,15491.3950736952,"x"
"6195",14734.2579802117,15368.7738404429,"x"
"6196",15024.0389038586,16156.3429045911,"x"
"6197",15229.5639308545,16449.7834944393,"x"
"6198",14883.7532005607,15586.5369204128,"x"
"6199",14736.3878711277,15484.7346770724,"x"
"6200",15108.7331582197,16171.0794024158,"x"
"6201",14868.0106809236,15663.7914372788,"x"
"6202",15072.5829617674,16169.2484021739,"x"
"6203",14775.1629674319,15402.303087217,"x"
"6204",14848.6113738763,15596.167181466,"x"
"6205",14902.4002527507,15717.0463483713,"x"
"6206",15254.6028425557,16445.231750334,"x"
"6207",14990.1283330157,15869.0307693424,"x"
"6208",14849.1116029401,15721.1614746764,"x"
"6209",14733.9397445736,15398.0633384227,"x"
"6210",14997.9830785668,15806.306910956,"x"
"6211",14602.9327486834,15158.1244415564,"x"
"6212",15052.2808277214,15892.6703836244,"x"
"6213",15104.5268776576,16044.2541706202,"x"
"6214",14882.6135538601,15444.6584550414,"x"
"6215",14613.6361511793,15041.8501137634,"x"
"6216",14721.1516779772,15361.4640609025,"x"
"6217",14567.5581275321,15068.492448893,"x"
"6218",14759.6364107473,15420.2094649752,"x"
"6219",14569.7714613124,14960.0265650588,"x"
"6220",14813.0818929732,15537.7316445154,"x"
"6221",14599.4328076596,15106.3941034462,"x"
"6222",14940.8811212137,16014.5897761395,"x"
"6223",15036.6600596864,16079.7819378318,"x"
"6224",15105.76199153,16030.3109592821,"x"
"6225",14868.3037834466,15693.4860613191,"x"
"6226",15021.7249696313,15992.0629578423,"x"
"6227",15484.1180027569,17153.0167519621,"x"
"6228",14587.9783538812,15166.54393535,"x"
"6229",15382.5122116999,17010.1090107276,"x"
"6230",14720.5796704268,15188.1430644098,"x"
"6231",14970.103031814,15821.7873600043,"x"
"6232",14953.9286982057,15599.1685652058,"x"
"6233",14914.0234314929,15905.6789952764,"x"
"6234",15039.5036928065,16136.1749754336,"x"
"6235",14589.2581919886,15024.0930594276,"x"
"6236",14595.7508736092,15087.6356817814,"x"
"6237",14533.6285074492,15072.1173384724,"x"
"6238",14776.1811169865,15259.14081652,"x"
"6239",14607.9672849657,15058.7052328252,"x"
"6240",14685.9964354605,15252.6336738471,"x"
"6241",14919.4841475864,15780.4472619061,"x"
"6242",15026.7671062098,15997.2008042078,"x"
"6243",14807.139648246,15470.4205109782,"x"
"6244",14624.2113391819,15181.3036658695,"x"
"6245",14703.9172685629,15168.6576247197,"x"
"6246",14975.3308152651,15830.7152892132,"x"
"6247",14611.8821192855,15282.1109428382,"x"
"6248",15125.7856604817,16258.1213629137,"x"
"6249",15009.5067076899,16018.1682786431,"x"
"6250",14806.525704308,15361.869894748,"x"
"6251",14695.2547866504,15465.2930303288,"x"
"6252",14748.9142946105,15360.4809915849,"x"
"6253",14627.205997335,15200.6082178976,"x"
"6254",14427.1978522313,14757.9283214852,"x"
"6255",15242.705025747,16356.6726783327,"x"
"6256",14898.466402716,15660.6545756253,"x"
"6257",15095.5026460258,15928.1267427342,"x"
"6258",15318.6353635063,16453.2161912386,"x"
"6259",14860.9429774151,15677.5683934569,"x"
"6260",14625.1163902824,15164.9311461625,"x"
"6261",15220.1976889057,16268.9776605463,"x"
"6262",15442.7511260798,16710.1588522914,"x"
"6263",14806.2291373468,15608.4521709232,"x"
"6264",14687.4713214967,15296.6562677649,"x"
"6265",14850.4155430155,15637.960711475,"x"
"6266",15230.5524608973,16278.4593484928,"x"
"6267",14886.6692999441,15815.6611035124,"x"
"6268",14906.998169513,15753.7229320134,"x"
"6269",14721.7796238728,14989.8827697459,"x"
"6270",14698.3825627614,15365.0981503759,"x"
"6271",14853.6700105857,15729.0758222696,"x"
"6272",14876.7486534645,15808.6782067912,"x"
"6273",15283.1052644596,16322.1370828068,"x"
"6274",14937.1281604406,15811.7112373283,"x"
"6275",14638.221690358,15233.5890892438,"x"
"6276",14946.7103657494,15732.4075661689,"x"
"6277",14512.0167894891,15030.6775671157,"x"
"6278",14988.2853992164,15670.4455846059,"x"
"6279",14507.7999652361,14916.9858596152,"x"
"6280",14769.1492320107,15468.8235586798,"x"
"6281",14589.4760389163,15133.9780756088,"x"
"6282",15294.4997644128,16886.9330629423,"x"
"6283",14930.970289452,15881.0667708844,"x"
"6284",14483.9351835311,14897.293557582,"x"
"6285",14812.8888600878,15711.3216972705,"x"
"6286",15016.7598148774,16027.3603680594,"x"
"6287",15242.4294714708,16485.7932080703,"x"
"6288",15366.3267689735,16798.9550438628,"x"
"6289",14680.8183503616,15334.3195172046,"x"
"6290",14661.3065482325,15211.5543885559,"x"
"6291",14689.7689780139,15158.6318546372,"x"
"6292",14622.8057782928,14958.1300169167,"x"
"6293",15146.9597451099,16475.7217682067,"x"
"6294",14674.1399150079,15374.0142651264,"x"
"6295",14744.3437907289,15416.9876922157,"x"
"6296",14880.8807693419,15819.2238864575,"x"
"6297",15042.6357034619,16383.5022412515,"x"
"6298",14900.076828608,15804.0103663321,"x"
"6299",14652.7131847578,15162.0694149322,"x"
"6300",14908.9939425336,15682.1702877784,"x"
"6301",14688.5571789854,15288.2996496428,"x"
"6302",14648.9734633914,15165.2928319435,"x"
"6303",14908.9539593614,15594.9137656445,"x"
"6304",15176.6678609422,16230.8274691111,"x"
"6305",15182.939673692,16297.3337820285,"x"
"6306",14911.1205794286,15725.5133538917,"x"
"6307",14990.005588687,15957.9823513278,"x"
"6308",14890.5687664542,15698.6378132799,"x"
"6309",14961.7450315785,15682.3830982992,"x"
"6310",14503.7697731803,14925.4487168276,"x"
"6311",14883.5239889773,15761.0879496157,"x"
"6312",14447.2215808628,14756.0288407577,"x"
"6313",14469.8822433396,14916.7918631924,"x"
"6314",14531.6208828912,14906.5824623825,"x"
"6315",14850.7022221046,15504.8627817446,"x"
"6316",14615.8835354765,15234.9037930068,"x"
"6317",15324.2927502841,16374.5452603237,"x"
"6318",15089.7321347625,16091.3925953184,"x"
"6319",15075.4622492149,15991.9859885678,"x"
"6320",14875.5032663689,15761.1676022935,"x"
"6321",15072.7590819172,15948.8805972397,"x"
"6322",14822.8097445909,15608.1678368328,"x"
"6323",14593.8189181897,15083.6734572787,"x"
"6324",14741.1216337156,15420.0090240503,"x"
"6325",14458.9748225431,14906.3274799977,"x"
"6326",14554.4451744058,14988.815330133,"x"
"6327",14531.3430369384,14990.6702592107,"x"
"6328",15421.0122109484,16739.183006978,"x"
"6329",14845.5543044347,15514.4738304176,"x"
"6330",15268.0690311588,16371.0048293533,"x"
"6331",14980.7539006315,15777.1283533453,"x"
"6332",14519.8493020352,14986.3088146124,"x"
"6333",15148.9719240297,16178.7611127704,"x"
"6334",14902.0479067734,15694.5035326105,"x"
"6335",14631.5156219157,15184.8986363292,"x"
"6336",14897.5307782825,15726.9054435379,"x"
"6337",14392.1345683362,14670.4753538553,"x"
"6338",14727.3114711281,15285.0670014148,"x"
"6339",14900.9528235253,15633.8467963817,"x"
"6340",14537.9970064939,14871.8003130922,"x"
"6341",14901.2945386928,15667.1857544705,"x"
"6342",14740.6848424195,15324.9249028014,"x"
"6343",14949.6745246401,15946.0327882476,"x"
"6344",14746.6456415101,15391.3079588901,"x"
"6345",15226.659678526,16436.6796302889,"x"
"6346",14733.9630555314,15390.2231068382,"x"
"6347",14577.8533416425,15128.7463374641,"x"
"6348",14944.1077438506,16009.9295968644,"x"
"6349",14590.1181039123,15216.2804364313,"x"
"6350",14816.0212081942,15735.1670963547,"x"
"6351",16345.4410591726,19640.260667313,"x"
"6352",15145.9496207431,16143.7487193453,"x"
"6353",14787.2492166543,15569.9330195954,"x"
"6354",14794.2214266473,15318.4233582525,"x"
"6355",14794.5470458825,15685.8112208471,"x"
"6356",14901.4704730663,15670.4696866988,"x"
"6357",15161.8416393894,16287.5443084674,"x"
"6358",15146.010770929,15962.731313942,"x"
"6359",14887.5299081947,15682.9038281571,"x"
"6360",14654.4260261312,15132.3099147734,"x"
"6361",14836.4172236686,15565.8793434439,"x"
"6362",14882.7818902126,15794.8158108039,"x"
"6363",14954.0072950325,15808.2907308002,"x"
"6364",14860.133387073,15544.7122674213,"x"
"6365",15091.7612139504,16274.8865082905,"x"
"6366",15156.6306532779,16099.2554783982,"x"
"6367",14756.0283767723,15187.878082845,"x"
"6368",14900.180045932,15570.9120070601,"x"
"6369",15310.4152484758,16458.5949813073,"x"
"6370",15011.183139818,16003.5207977749,"x"
"6371",15379.0755794539,16646.5661312068,"x"
"6372",14700.5759750424,15410.1017453234,"x"
"6373",14871.7642622287,15724.0583288177,"x"
"6374",14881.1385975068,15572.3722865923,"x"
"6375",15129.6447793699,16190.9016181373,"x"
"6376",15071.7092207502,16073.0712216099,"x"
"6377",14814.4929838541,15671.7202294916,"x"
"6378",14722.7825734794,15269.734551543,"x"
"6379",14743.7992432068,15567.6596959938,"x"
"6380",15260.9663145213,16593.727092593,"x"
"6381",15018.9687876472,15997.3116186131,"x"
"6382",14722.2233926537,15407.9042859185,"x"
"6383",14767.892305105,15223.5279177789,"x"
"6384",14636.7510123676,15296.6973998559,"x"
"6385",14565.9071874784,14963.3941934835,"x"
"6386",14890.0813264543,15688.1664875873,"x"
"6387",14609.2507118045,15294.1447818532,"x"
"6388",15240.6071138652,16215.6201631634,"x"
"6389",14830.0957302425,15392.5109344175,"x"
"6390",14556.3064965919,14951.2990567666,"x"
"6391",15116.5319818985,16407.808259855,"x"
"6392",15366.2022202114,16457.6385470795,"x"
"6393",14470.7564340821,14821.5583794526,"x"
"6394",14597.2647074843,14919.8734536705,"x"
"6395",14865.7399256908,15726.3039524411,"x"
"6396",14833.2772232565,15657.0501870633,"x"
"6397",14493.2617420292,14878.8010766392,"x"
"6398",14672.2220952042,15167.7805871553,"x"
"6399",14781.8876974272,15612.0290835244,"x"
"6400",14832.0932400388,15757.9232696494,"x"
"6401",14889.8610760236,15831.2691156415,"x"
"6402",14848.8010425446,15418.5095383605,"x"
"6403",14914.2047758797,15542.6703923369,"x"
"6404",14871.6144937535,15779.0170824177,"x"
"6405",14581.8537891753,15250.8878025069,"x"
"6406",14989.0121089742,15785.1164322209,"x"
"6407",15205.5601994779,16286.7922087102,"x"
"6408",14906.9238227735,15802.924114382,"x"
"6409",15330.5708627731,16352.234403286,"x"
"6410",14889.3208269097,15583.6161381422,"x"
"6411",15072.4114543958,16047.0470041606,"x"
"6412",15561.1230845066,17280.7524663666,"x"
"6413",15028.7371266188,16222.084031282,"x"
"6414",15140.5440745434,16349.368169379,"x"
"6415",14698.3189585099,15251.1377361137,"x"
"6416",14853.1812806331,15467.5732745956,"x"
"6417",15107.3649810959,16278.5998225689,"x"
"6418",14680.0571494114,15221.9128302034,"x"
"6419",15271.2419226306,16549.5849132623,"x"
"6420",14666.9291254508,15264.0288021768,"x"
"6421",15630.0595529505,17321.8464846017,"x"
"6422",15152.1211926399,16242.9613551417,"x"
"6423",14560.8029035314,15069.6337460627,"x"
"6424",14642.4248966352,15364.6368237658,"x"
"6425",14771.8311139387,15603.8679357634,"x"
"6426",14635.0866437105,15281.2150305709,"x"
"6427",15006.8789546575,16056.6214420823,"x"
"6428",14971.9541169158,15982.3196029572,"x"
"6429",14993.767992994,16060.9739693415,"x"
"6430",14810.119428877,15575.6312615728,"x"
"6431",14706.5999351265,15375.7452544884,"x"
"6432",14672.3325264785,15138.8684799769,"x"
"6433",15313.2049304212,16568.5206546237,"x"
"6434",14554.7699110031,15072.7060611073,"x"
"6435",15206.7680040837,16363.079363549,"x"
"6436",14959.6126615769,15926.2294211117,"x"
"6437",14905.8386406175,15691.7871506587,"x"
"6438",14955.1872039669,15841.625576879,"x"
"6439",14767.558929274,15422.7556468675,"x"
"6440",14939.5335613335,15885.9187215601,"x"
"6441",14916.5783171381,15839.5963572693,"x"
"6442",15217.3500360083,16312.5853668106,"x"
"6443",15252.5154262254,16465.6846147887,"x"
"6444",15129.1876801821,16120.4848852898,"x"
"6445",14756.9590976342,15401.04189636,"x"
"6446",15279.4484730026,16617.1543494931,"x"
"6447",14589.1582538836,15115.807910449,"x"
"6448",14785.3258394022,15351.5124792575,"x"
"6449",15104.2605651981,16163.2687953312,"x"
"6450",14815.3976956679,15375.1728071372,"x"
"6451",14566.1830496305,15220.9678285056,"x"
"6452",15362.2924760973,16602.9438099488,"x"
"6453",14513.7794670728,14953.6207957487,"x"
"6454",15096.1269351429,15884.7962118508,"x"
"6455",14850.3179176572,15638.6546478245,"x"
"6456",15006.21300126,15837.5617132431,"x"
"6457",14616.26832771,15076.0763080136,"x"
"6458",14731.0517826703,15258.5054413604,"x"
"6459",15185.8101271296,16335.9948004421,"x"
"6460",14989.1231867358,15997.9284296661,"x"
"6461",14538.8368625158,15032.7958576327,"x"
"6462",14921.729955555,15688.6458337138,"x"
"6463",14640.6092458135,15375.7608768047,"x"
"6464",14913.8548789643,15740.2736158776,"x"
"6465",15101.1859337793,16043.1215391193,"x"
"6466",15405.7017411453,16783.5420421364,"x"
"6467",14853.209297054,15789.0729125093,"x"
"6468",14610.3864629502,15097.859162518,"x"
"6469",14647.3757985183,15214.99987129,"x"
"6470",14755.7171950959,15493.619662826,"x"
"6471",14806.8688774012,15635.7240476984,"x"
"6472",15080.1510064127,16139.0826299306,"x"
"6473",14903.1379293276,15646.1167220682,"x"
"6474",14624.4477174788,15231.8388961104,"x"
"6475",15014.2340152125,16106.2921124591,"x"
"6476",15558.8108762636,17039.7903502512,"x"
"6477",14844.7312789046,15638.105385511,"x"
"6478",14460.083766529,14894.5475486726,"x"
"6479",14917.7564375559,15629.8683247414,"x"
"6480",15339.203443371,16591.1791978379,"x"
"6481",14651.5168532443,15162.005786916,"x"
"6482",15093.015174533,15967.7686916283,"x"
"6483",15026.8493198604,15881.8345726717,"x"
"6484",15194.1870331038,16416.6953184096,"x"
"6485",14535.8104989475,14922.1288972507,"x"
"6486",14999.2762665019,16007.2601488035,"x"
"6487",14776.6930754172,15545.9754638798,"x"
"6488",14726.2322700236,15426.7140910428,"x"
"6489",14663.9451344898,15234.8892463914,"x"
"6490",15196.9225048118,16196.0040594874,"x"
"6491",15125.4701210871,16166.4856906812,"x"
"6492",15196.4127901864,16287.9150889224,"x"
"6493",14799.8016725484,15639.7122359716,"x"
"6494",15267.7559081112,16421.5431653771,"x"
"6495",15452.2224421806,16813.1316289051,"x"
"6496",15631.7160226366,17424.2811409688,"x"
"6497",14628.3302543549,15238.4091099891,"x"
"6498",15028.0245557616,16070.3159723641,"x"
"6499",15164.371153748,16394.5818027365,"x"
"6500",14464.9954066896,14740.6731913548,"x"
"6501",14733.3544512372,15269.4819795566,"x"
"6502",14679.8536928919,15493.0201249805,"x"
"6503",14993.0459309274,15928.1904662309,"x"
"6504",14975.8825405697,15757.8989322692,"x"
"6505",14936.5606579475,15990.285349952,"x"
"6506",15818.3308539458,18032.5838827527,"x"
"6507",15027.5569395087,15896.916835152,"x"
"6508",14796.1494651607,15483.9900000264,"x"
"6509",14910.7670840815,15731.5706587351,"x"
"6510",14954.1036496521,15850.8868736851,"x"
"6511",14776.3230760186,15325.5443603778,"x"
"6512",14830.9120221551,15602.5210243824,"x"
"6513",14747.6466543127,15337.8209504004,"x"
"6514",15093.9303763895,16163.3934592373,"x"
"6515",14998.8262249063,15991.9499018519,"x"
"6516",15352.0389225887,16721.6648134455,"x"
"6517",14725.6630427395,15307.0932076061,"x"
"6518",14604.9547895753,15077.4330119987,"x"
"6519",14484.5473402919,15174.8460796959,"x"
"6520",15058.7532283767,15971.7548930524,"x"
"6521",14745.0565500849,15284.7759432736,"x"
"6522",14968.8302805616,15832.9100068624,"x"
"6523",14900.0512375346,15774.5906974273,"x"
"6524",14666.2605437751,15399.5764795364,"x"
"6525",14768.5218707104,15500.8744553722,"x"
"6526",14600.7066090713,15009.3745368727,"x"
"6527",14900.9954857459,15672.406270725,"x"
"6528",14740.0468410194,15450.5629159968,"x"
"6529",15135.0256683094,16320.7184379255,"x"
"6530",15143.9779029588,16200.2603008295,"x"
"6531",15187.761790457,16399.4805028685,"x"
"6532",14581.2483666402,14901.9707811292,"x"
"6533",14659.9331812724,15316.3675580682,"x"
"6534",14651.458069751,15228.4612186602,"x"
"6535",14757.7876116734,15506.7553020387,"x"
"6536",14582.0182630748,15068.7434236149,"x"
"6537",14798.0757512662,15593.6570687042,"x"
"6538",14827.8170209102,15412.6762735823,"x"
"6539",14692.6707516881,15259.7720810586,"x"
"6540",14741.4135353652,15371.8384441065,"x"
"6541",15430.1348756602,16814.6225914584,"x"
"6542",14754.5330678201,15390.3429146623,"x"
"6543",15027.8071500625,15879.3732312961,"x"
"6544",14951.7908533225,15775.4613055922,"x"
"6545",14690.1046045187,15232.6526009933,"x"
"6546",14601.1337936695,15015.132704055,"x"
"6547",14731.0966039016,15294.6211793451,"x"
"6548",15101.309195542,16318.3600751222,"x"
"6549",14768.4752456441,15639.3476703077,"x"
"6550",15069.4530349825,15993.3519329121,"x"
"6551",14574.5134590613,15066.9281498565,"x"
"6552",14754.848045397,15486.6845412473,"x"
"6553",15066.9754226752,16131.2459975748,"x"
"6554",15142.4895966276,16289.8517796829,"x"
"6555",14687.3450271852,15291.923694833,"x"
"6556",14547.2751480021,15154.7508592639,"x"
"6557",14859.5907858515,15480.0261878008,"x"
"6558",14856.701437183,15755.820066216,"x"
"6559",15009.666840535,15938.3323081312,"x"
"6560",14438.0940191754,14886.7266132508,"x"
"6561",14677.9028768432,15028.3021243125,"x"
"6562",14751.3731944674,15480.1179088381,"x"
"6563",14841.1352969671,15619.9433740564,"x"
"6564",14938.5070910169,15801.0436744279,"x"
"6565",14798.4427367606,15615.9150719206,"x"
"6566",15128.2602333649,16259.0210769201,"x"
"6567",14833.4484293883,15775.7346678755,"x"
"6568",14839.5416803553,15587.8493002166,"x"
"6569",15157.3483155396,16198.8560618433,"x"
"6570",15385.5866002422,16909.5835945178,"x"
"6571",15204.0027434175,16575.3959820054,"x"
"6572",15520.1239308815,17014.7100124928,"x"
"6573",15287.5307219356,16575.5125520627,"x"
"6574",14537.4268145728,15112.5032183997,"x"
"6575",14381.901452036,14659.9011076819,"x"
"6576",14787.6701500006,15510.3276396757,"x"
"6577",14641.3535502604,15116.6211615002,"x"
"6578",15073.7049008631,16037.5735170179,"x"
"6579",14749.3872094548,15252.6335566092,"x"
"6580",14608.4699255976,15364.889253536,"x"
"6581",14617.6467489863,15033.6588960198,"x"
"6582",14779.2466746593,15757.6845859291,"x"
"6583",15083.3662188855,16188.5761852189,"x"
"6584",14626.1821141073,15195.3527231469,"x"
"6585",14570.7090819333,15191.6604100071,"x"
"6586",14425.9467005102,14697.1217304913,"x"
"6587",14934.8355175016,15942.7575560521,"x"
"6588",15201.8430639038,16453.2928097336,"x"
"6589",14937.092208325,16039.5571673219,"x"
"6590",14686.6439707159,15130.6626656067,"x"
"6591",15090.6844315732,16117.9692647132,"x"
"6592",15018.9686707995,15864.3118493339,"x"
"6593",14937.264188656,15646.9695656628,"x"
"6594",14896.4550124058,15699.1529511425,"x"
"6595",14863.5379110418,15455.2384035047,"x"
"6596",14790.3257286634,15432.0890677384,"x"
"6597",14546.3053682597,15040.8554609454,"x"
"6598",14899.2046756053,15571.8088992166,"x"
"6599",14728.0855784726,15410.2031933395,"x"
"6600",15031.786611875,15930.7603449304,"x"
"6601",14889.1049745542,15684.772527951,"x"
"6602",14680.0656145959,15254.2955786863,"x"
"6603",14626.2982635799,15094.9911912999,"x"
"6604",14670.1075767646,15176.9151291167,"x"
"6605",14799.2525582074,15275.3594147819,"x"
"6606",14482.4367992271,14904.2781732331,"x"
"6607",15073.4316044396,16022.8319084929,"x"
"6608",15008.3835822745,15844.2044718671,"x"
"6609",15043.7987750636,16125.6446001906,"x"
"6610",14978.4245121765,15805.0598378519,"x"
"6611",14898.5416473944,15686.5475880355,"x"
"6612",14545.3579584657,15039.2400541527,"x"
"6613",14955.5894208162,15543.3765436894,"x"
"6614",15163.2024976927,16417.3083373818,"x"
"6615",15043.1681494075,15920.0830853632,"x"
"6616",15295.9738930899,16481.7198394884,"x"
"6617",15317.0546912049,16445.4000173004,"x"
"6618",15305.8563498494,16842.0244595418,"x"
"6619",14743.8076447824,15306.8777393604,"x"
"6620",14662.4042432393,15349.5178071166,"x"
"6621",15041.7620096543,16144.483510082,"x"
"6622",14872.2401659484,15591.667415074,"x"
"6623",14712.3748359148,15397.5873948088,"x"
"6624",15197.1670770946,16368.6944978997,"x"
"6625",14590.9383404191,15115.9200025143,"x"
"6626",14967.1265518987,15958.4856889502,"x"
"6627",14514.8421822367,15009.3679059719,"x"
"6628",14761.6651189753,15379.2738426838,"x"
"6629",14646.0842740926,15075.8018466456,"x"
"6630",15047.193485628,16008.8178158925,"x"
"6631",14974.9589709969,15883.4597626712,"x"
"6632",14990.6555053581,15902.6243515,"x"
"6633",15130.2561250424,16195.1527004255,"x"
"6634",14612.317355598,15147.0638855687,"x"
"6635",15195.6414672017,16395.080851954,"x"
"6636",15184.7170618978,16270.6333058625,"x"
"6637",14706.8357114241,15290.3483319195,"x"
"6638",14858.03459427,15505.8128418201,"x"
"6639",14911.4144612049,15965.7314710275,"x"
"6640",15359.4158108466,16655.3284260041,"x"
"6641",15214.884157159,16295.7835110953,"x"
"6642",15007.1387728668,15984.273041177,"x"
"6643",15078.1209603463,15725.6843611833,"x"
"6644",15008.2878590871,15835.746590553,"x"
"6645",15173.1697533634,16372.8992022859,"x"
"6646",14900.7303993826,15509.3512361907,"x"
"6647",14823.8467364522,15663.0388104124,"x"
"6648",14727.5596468174,15529.9958800928,"x"
"6649",14957.4429658439,15838.7372867451,"x"
"6650",15149.4590645011,16281.8323088208,"x"
"6651",14574.7293337398,14929.044337658,"x"
"6652",14596.2055396124,15184.1844697728,"x"
"6653",15089.1033999427,16070.0194234543,"x"
"6654",15014.9809243622,15965.2510529346,"x"
"6655",14955.0849343665,15888.8631329256,"x"
"6656",14738.2518324973,15061.4874445878,"x"
"6657",15033.0698665561,16131.7767860219,"x"
"6658",14813.3237089989,15771.7911029394,"x"
"6659",14795.2407983394,15426.280349115,"x"
"6660",14630.5698721785,15066.8977438371,"x"
"6661",15009.0635902727,16071.786688813,"x"
"6662",14790.8750440235,15679.310663048,"x"
"6663",14790.8935672664,15483.6325796658,"x"
"6664",14881.0940177577,15574.0018704632,"x"
"6665",14934.1364299569,15803.749821466,"x"
"6666",14768.0131261045,15425.966677936,"x"
"6667",14878.4141087018,15595.547148663,"x"
"6668",15231.0395862557,16246.9912577128,"x"
"6669",14802.3681889749,15266.1013321324,"x"
"6670",14389.6793670591,14748.2682030696,"x"
"6671",14823.2285533871,15708.1043995534,"x"
"6672",14663.8927694704,15480.1210785196,"x"
"6673",14477.3489178704,14670.3851575904,"x"
"6674",14630.3771361654,15119.8511700477,"x"
"6675",15040.5021345041,15706.2765357207,"x"
"6676",15149.1825457166,16340.5402203807,"x"
"6677",14731.01192893,15394.5334037679,"x"
"6678",14960.1309122924,15863.475940301,"x"
"6679",15464.3384288369,17026.6301161872,"x"
"6680",14713.4147060048,15353.6761172374,"x"
"6681",15383.9977774246,16910.0464632593,"x"
"6682",15452.5881421516,16925.2178406981,"x"
"6683",15269.532539909,16351.7604297609,"x"
"6684",15281.1248316865,16832.9231110196,"x"
"6685",15058.2240555608,15869.3717328766,"x"
"6686",15122.7649775194,16061.8372913744,"x"
"6687",14501.9929557516,15080.7759482192,"x"
"6688",14792.1251312633,15360.4999507404,"x"
"6689",15150.9993440972,16279.0492813066,"x"
"6690",15672.1177378353,17656.9180633057,"x"
"6691",14717.0782877844,15385.7888801955,"x"
"6692",14719.9131979266,15194.3988401563,"x"
"6693",14813.0412385339,15554.338448327,"x"
"6694",14507.6081868419,14929.1857235567,"x"
"6695",15126.435398555,16221.0192213018,"x"
"6696",14663.782311351,15407.7720328596,"x"
"6697",14656.9854708143,15271.9954918894,"x"
"6698",14816.6314531999,15428.3523854166,"x"
"6699",14764.5648308371,15277.3408204846,"x"
"6700",14977.7509780803,16085.4572079382,"x"
"6701",14755.8916108409,15402.7548353338,"x"
"6702",14697.6507553622,15177.0528283629,"x"
"6703",14951.3139399802,15917.5758140527,"x"
"6704",14953.0450898036,15958.8969760905,"x"
"6705",15433.4285920921,16973.0051767758,"x"
"6706",15137.3246443733,16082.4839510868,"x"
"6707",15197.9130555658,16435.9014424121,"x"
"6708",15604.8703670975,17333.7627335576,"x"
"6709",14792.4168546866,15385.5185551758,"x"
"6710",14761.8682991573,15436.7847162886,"x"
"6711",15131.8796233576,16116.5691034092,"x"
"6712",14438.8508453525,14725.987883725,"x"
"6713",14840.1713201497,15635.344181793,"x"
"6714",14642.8392323417,15115.4632965021,"x"
"6715",15276.8164921363,16414.511291835,"x"
"6716",14755.0170777088,15274.4187369391,"x"
"6717",15291.084895202,16599.633938398,"x"
"6718",14977.9005714892,15837.4632879203,"x"
"6719",14992.6593019421,15879.6893767373,"x"
"6720",15179.5612858418,16326.5552310091,"x"
"6721",14684.2420863052,15327.6515436576,"x"
"6722",14606.8299207308,15111.1383005311,"x"
"6723",15101.4612219902,16078.399413395,"x"
"6724",14710.0686434415,15414.2058107329,"x"
"6725",14775.0388132307,15572.6384453481,"x"
"6726",15122.221777716,16206.3637550458,"x"
"6727",14830.2791253288,15270.6668402861,"x"
"6728",14826.976400812,15625.604170757,"x"
"6729",14557.1276785442,15070.2906880343,"x"
"6730",14886.0453826413,15623.2550918259,"x"
"6731",14802.8108290117,15718.2365803372,"x"
"6732",15008.2068443691,15934.9631711516,"x"
"6733",14792.700159688,15485.3035381339,"x"
"6734",14662.7220132104,15129.3808225334,"x"
"6735",15394.1121394422,16796.4954426057,"x"
"6736",14867.6237206096,15610.2122846324,"x"
"6737",14626.1861948906,15125.345542113,"x"
"6738",14920.8131144458,15874.8364602037,"x"
"6739",14779.2630135613,15193.597520177,"x"
"6740",15387.8244240762,16783.2193651013,"x"
"6741",14635.8211781979,15039.9282630866,"x"
"6742",14910.1422125823,15768.4456871805,"x"
"6743",14804.9505641094,15513.0329538269,"x"
"6744",14536.3374845024,14780.9432502905,"x"
"6745",14875.9244539402,15429.4189283451,"x"
"6746",14881.6610204129,15669.4401778677,"x"
"6747",14816.4347998374,15685.3355579469,"x"
"6748",15501.3986672908,16973.7541196997,"x"
"6749",14999.4062237574,15821.2754347326,"x"
"6750",14954.7932744036,15801.4422155166,"x"
"6751",15205.9075659133,16564.1041925782,"x"
"6752",15301.2146680854,16514.566522509,"x"
"6753",15106.2365931503,16242.5216121601,"x"
"6754",14916.7348418954,15778.2697471696,"x"
"6755",14817.1506790106,15648.455324125,"x"
"6756",15315.0126385514,16758.4784680829,"x"
"6757",14640.4168750113,15362.1320752032,"x"
"6758",14701.8830176085,15200.239282046,"x"
"6759",14742.2707731071,15567.528278477,"x"
"6760",14997.1307909722,16068.1394481034,"x"
"6761",15082.2147466536,16127.784340891,"x"
"6762",14662.2631719449,15419.3619372325,"x"
"6763",14870.5014510392,15690.8287301754,"x"
"6764",14584.1899014404,15170.6470661628,"x"
"6765",15191.233786739,16345.6943589759,"x"
"6766",14954.8475446616,15878.036494926,"x"
"6767",14678.2946915641,15165.9699313286,"x"
"6768",14676.161279763,15210.4691423832,"x"
"6769",15642.817900527,17124.8571858657,"x"
"6770",15106.8691423962,16290.4563395172,"x"
"6771",14790.5866858978,15407.9158651949,"x"
"6772",14855.668159728,15681.1069383525,"x"
"6773",14687.760951255,15194.7226344158,"x"
"6774",14719.8462660404,15478.6802845837,"x"
"6775",14994.2371350381,15919.5757690479,"x"
"6776",14472.5095654162,14947.6983368204,"x"
"6777",14944.399458527,15828.3538000701,"x"
"6778",14659.3867434501,15357.5871463164,"x"
"6779",14890.9861212814,15652.7509422257,"x"
"6780",14814.625654916,15563.7662950489,"x"
"6781",14930.8860136304,15790.4471514006,"x"
"6782",14527.9326480936,15017.2426117643,"x"
"6783",15139.6626961263,16031.3362459569,"x"
"6784",14964.9081112407,15918.6063233842,"x"
"6785",14862.4518832744,15621.8920249677,"x"
"6786",15374.5173535636,16789.1839731347,"x"
"6787",14797.2517675421,15264.4789917909,"x"
"6788",14766.7156060636,15330.9234669384,"x"
"6789",14925.4878547553,15918.8137424213,"x"
"6790",15133.7716979941,16177.6320489201,"x"
"6791",14797.925726006,15425.4051210613,"x"
"6792",14792.0875905281,15616.2627650416,"x"
"6793",15173.6550785321,16455.9610365649,"x"
"6794",14732.1146810791,15502.4978859964,"x"
"6795",14669.3591769915,15173.5241230796,"x"
"6796",14461.9234383517,14962.7544533663,"x"
"6797",14861.4058077214,15557.537411517,"x"
"6798",14568.5635906893,15082.6200685005,"x"
"6799",14413.2719727424,14822.3672443866,"x"
"6800",14842.3285487304,15733.4165515107,"x"
"6801",14554.8761039135,15045.9852572096,"x"
"6802",15170.9551346819,16318.4693712056,"x"
"6803",14901.5101227132,15710.3430797873,"x"
"6804",14913.8438163241,15751.9230321089,"x"
"6805",14795.5121491206,15381.5285602866,"x"
"6806",14539.1156988878,14907.2911460699,"x"
"6807",15439.2815719755,16887.9984468688,"x"
"6808",15120.0848864131,16206.4439993753,"x"
"6809",14645.8589081547,15341.028000066,"x"
"6810",15490.2793252084,16922.7510484706,"x"
"6811",14737.9904432822,15570.9931869727,"x"
"6812",14979.3487017866,15823.6695790691,"x"
"6813",14594.8522599774,15257.8707428123,"x"
"6814",14916.5721302929,15672.4704563013,"x"
"6815",14615.4964449302,15143.7933360915,"x"
"6816",14953.6870036071,15621.5316266567,"x"
"6817",14999.9615172004,15915.1467852925,"x"
"6818",14806.8672644882,15562.8131630564,"x"
"6819",15145.9031580808,16233.6362739443,"x"
"6820",14462.8290855112,14754.6082939445,"x"
"6821",14475.4408521468,14951.222045225,"x"
"6822",14963.3925904809,15934.0004954598,"x"
"6823",14591.2467236843,15014.5925052025,"x"
"6824",14992.4097101931,15988.309346829,"x"
"6825",14879.6030748699,15652.4531168576,"x"
"6826",15316.4499238118,16734.1441632203,"x"
"6827",14563.7546463042,15032.534823878,"x"
"6828",14924.4914587302,15771.2068707655,"x"
"6829",15144.4953075107,16021.0552109293,"x"
"6830",15089.5673781789,16142.8697130515,"x"
"6831",14623.6674708487,15118.3446189169,"x"
"6832",15204.5540646096,16135.753999838,"x"
"6833",15257.1584169206,16352.6105470585,"x"
"6834",14905.7020416196,15658.2060202638,"x"
"6835",14850.8214700802,15629.2109875829,"x"
"6836",14917.0308997452,15774.9528020728,"x"
"6837",14962.2270381757,15950.5378878482,"x"
"6838",14947.3158652362,15839.6455958684,"x"
"6839",14770.2438628091,15468.7108292552,"x"
"6840",14676.5182029602,14993.2460316887,"x"
"6841",15102.0159150242,16247.3404601491,"x"
"6842",14987.9801471885,15960.3971281073,"x"
"6843",14782.1162420858,15255.7881076351,"x"
"6844",14734.8938395345,15381.8605115247,"x"
"6845",14929.4961064586,15633.6790199313,"x"
"6846",15081.1105059429,16036.3034898634,"x"
"6847",15281.858716803,16621.5414616871,"x"
"6848",14820.4805616624,15471.4799723957,"x"
"6849",15165.0652502861,16147.2428783829,"x"
"6850",14897.3652468647,15755.13537959,"x"
"6851",15187.2002847796,16421.9231831796,"x"
"6852",14966.8110572918,15989.678661469,"x"
"6853",15088.0249514414,16096.750269388,"x"
"6854",14693.9821407843,15281.3356011905,"x"
"6855",14890.147548191,15857.4519472532,"x"
"6856",15231.5623501444,16724.8340140021,"x"
"6857",14959.0756405847,15666.6353932449,"x"
"6858",14971.0344447391,15944.5900383474,"x"
"6859",15344.998802568,16742.0308607105,"x"
"6860",15170.012123607,16447.7825101022,"x"
"6861",14881.685301197,15852.1170407835,"x"
"6862",14801.8127328185,15413.8143926593,"x"
"6863",14957.7974910241,15815.0805808528,"x"
"6864",14838.0078720069,15466.415230413,"x"
"6865",14668.0200794731,15200.8583923886,"x"
"6866",15405.5721536118,16862.3776620625,"x"
"6867",15980.3874430326,18098.9002988152,"x"
"6868",15008.2268822638,15946.3258330269,"x"
"6869",15039.0839885753,16060.4615749968,"x"
"6870",14789.5685663491,15396.8304974499,"x"
"6871",14998.2599768393,15942.883173639,"x"
"6872",14636.5626384705,14991.2267771396,"x"
"6873",15323.7606084787,16565.6310443135,"x"
"6874",14933.8044011862,15785.7251619972,"x"
"6875",15053.751398723,16178.4436191461,"x"
"6876",15043.7986288547,16069.627713679,"x"
"6877",14838.7859255543,15636.5142718306,"x"
"6878",14656.4988319709,15295.6650864079,"x"
"6879",15074.2192375033,15763.6670875919,"x"
"6880",15039.9200277712,16028.5744693752,"x"
"6881",14666.3584069899,15190.5135608688,"x"
"6882",14603.4326159308,15004.1005766374,"x"
"6883",15170.2270744427,16351.6179899059,"x"
"6884",14594.7632316149,15211.3740775883,"x"
"6885",15438.4162458121,16827.6439008077,"x"
"6886",14689.4976588083,15326.594322779,"x"
"6887",14572.1404819615,15008.0567320345,"x"
"6888",14842.5549409392,15630.6654163428,"x"
"6889",14578.9718750076,15078.0502808078,"x"
"6890",14778.9318440209,15439.6459766387,"x"
"6891",14676.2697555811,15416.3994714651,"x"
"6892",14705.0862114196,15476.0695656186,"x"
"6893",14903.541061297,15785.8403453823,"x"
"6894",15149.3690467636,16267.1977413921,"x"
"6895",14795.260070577,15588.4756721282,"x"
"6896",14898.6757349428,15638.5781257308,"x"
"6897",14677.1229541301,15226.6265751008,"x"
"6898",14440.657704165,14859.0121499773,"x"
"6899",15032.4595323215,16007.3237821162,"x"
"6900",14597.6055750016,14889.2850549102,"x"
"6901",14995.5021928252,16098.0992297748,"x"
"6902",15236.8567179656,16342.1904095162,"x"
"6903",14447.3643050481,14785.1194342391,"x"
"6904",14492.3580622949,14734.4126999409,"x"
"6905",14783.6012969981,15594.5789391724,"x"
"6906",14875.3853479884,15500.4588450256,"x"
"6907",14718.5611132085,15405.4877079869,"x"
"6908",15090.8639431842,16052.2304578612,"x"
"6909",14785.7309219855,15331.8663238427,"x"
"6910",14458.9529111641,14746.1165112118,"x"
"6911",14500.5481529887,14811.124059189,"x"
"6912",14617.74783686,15114.8778022484,"x"
"6913",15153.3221897043,15852.6743272868,"x"
"6914",15182.4927130225,16479.1666904006,"x"
"6915",15352.9455939871,16903.2632474657,"x"
"6916",15160.6824032253,16210.3526212043,"x"
"6917",14790.2641678902,15498.5403174941,"x"
"6918",14894.1494311337,15597.5698504902,"x"
"6919",14526.7595047335,15160.4451160009,"x"
"6920",14931.5106579712,15622.733517879,"x"
"6921",14736.4304017116,15408.2600532843,"x"
"6922",14550.2154705359,15047.1600768977,"x"
"6923",15034.1827103197,15981.689300173,"x"
"6924",14594.6227556829,14935.48709904,"x"
"6925",14644.5757280056,15293.03741457,"x"
"6926",14964.8261564839,15801.4522744649,"x"
"6927",14949.0058029536,15682.7659336738,"x"
"6928",14758.3983360903,15515.9500987048,"x"
"6929",15049.3214618581,16183.5149708829,"x"
"6930",14860.0138290011,15439.8544282885,"x"
"6931",15388.148208175,16782.3260270653,"x"
"6932",14579.5774008162,14878.1591525186,"x"
"6933",14968.3702654268,15812.5634132087,"x"
"6934",14660.2660830065,15196.5146951855,"x"
"6935",14683.3274435588,15401.9915151629,"x"
"6936",15208.9364789954,16255.2610745338,"x"
"6937",14466.9562274334,14902.6283271285,"x"
"6938",14778.0293229688,15692.4460677261,"x"
"6939",14854.2281205325,15552.5887723413,"x"
"6940",15231.3649078943,16279.3662886144,"x"
"6941",15071.6039703314,16164.2921627437,"x"
"6942",14740.6796536071,15183.3806804974,"x"
"6943",14916.5058779413,15673.4081629499,"x"
"6944",14534.3884677398,14858.2371513382,"x"
"6945",14714.2644513771,15575.1108672429,"x"
"6946",15203.4132835495,16396.8826244814,"x"
"6947",15377.5965359936,16662.4863243687,"x"
"6948",15191.9017855224,16202.7718096835,"x"
"6949",14488.5363463773,14765.4097222097,"x"
"6950",15115.5130172977,15959.8900824579,"x"
"6951",15106.1254893954,16176.3823317638,"x"
"6952",14544.903915009,15142.8115094451,"x"
"6953",14372.0284488482,14716.1322282044,"x"
"6954",15126.749621056,16187.41977823,"x"
"6955",14991.1089017186,15931.8845027998,"x"
"6956",14800.787368498,15434.3165887304,"x"
"6957",14373.1466100761,14744.1092404771,"x"
"6958",15060.0323457448,16162.1825268697,"x"
"6959",14686.3985615654,15359.5545842733,"x"
"6960",14790.5020060595,15373.1118150542,"x"
"6961",15047.955223596,15965.304510294,"x"
"6962",14875.4315429093,15606.8264407211,"x"
"6963",15012.2769020498,15819.4281453308,"x"
"6964",15113.2526801401,16214.9802032898,"x"
"6965",14796.2677967083,15330.3009845576,"x"
"6966",14840.3193907602,15618.062924222,"x"
"6967",14428.0657690961,14784.1773561806,"x"
"6968",14783.1840258073,15544.0714495651,"x"
"6969",15382.4248187858,16739.1189161043,"x"
"6970",14725.5079483616,15371.1055277113,"x"
"6971",14688.7500360855,15222.0203495613,"x"
"6972",14665.7518418617,15267.5173133281,"x"
"6973",15066.9682531549,15982.594027368,"x"
"6974",14439.646461467,14772.3664151431,"x"
"6975",14746.8372010062,15376.8999937636,"x"
"6976",14694.7879240376,15422.8315347705,"x"
"6977",14524.3238649626,14821.8626927175,"x"
"6978",14602.732860634,15036.0687508342,"x"
"6979",14911.407506397,15726.4386163681,"x"
"6980",15106.388750775,15957.2686903659,"x"
"6981",14698.2231969199,15527.727852284,"x"
"6982",14887.3985887575,15611.8685351133,"x"
"6983",15074.0454116184,15903.0195606246,"x"
"6984",14988.3702320214,15964.4016901607,"x"
"6985",14633.3787058277,15149.3418032727,"x"
"6986",14907.3376408228,15578.0413636463,"x"
"6987",14895.4259999532,15770.9216957025,"x"
"6988",14852.6465911992,15324.0563553836,"x"
"6989",15070.1509021968,15915.9681897297,"x"
"6990",14957.8408325249,15784.3120041568,"x"
"6991",14766.3735648524,15437.396490893,"x"
"6992",14797.9921304181,15397.9543129553,"x"
"6993",14772.0081623356,15395.4385806731,"x"
"6994",14753.8900541902,15502.8596498076,"x"
"6995",14870.3154819802,15604.5978019089,"x"
"6996",14921.6589844304,15675.9194476919,"x"
"6997",14975.5202556857,16047.6503354787,"x"
"6998",14910.9722777309,15777.4144957764,"x"
"6999",15063.9302966625,16052.4457469061,"x"
"7000",15419.7588258898,17055.9739716836,"x"
"7001",14962.1797403242,15953.5990808272,"x"
"7002",14662.8734434066,15290.9586104844,"x"
"7003",15010.8263660169,15927.4145544208,"x"
"7004",15085.6564312352,16076.8454022375,"x"
"7005",14696.3927168156,15253.6935145118,"x"
"7006",15923.6312157677,17581.3900855063,"x"
"7007",15075.981538835,16192.5390214277,"x"
"7008",15509.7975944077,17095.3028983751,"x"
"7009",14880.1534169242,15825.8401885199,"x"
"7010",14799.9440063418,15331.21874815,"x"
"7011",14390.6556049988,14922.5518001523,"x"
"7012",14680.9451442291,15282.0540523903,"x"
"7013",14761.8850053946,15556.8616462677,"x"
"7014",14894.7590670787,15699.4778783776,"x"
"7015",15223.7918376989,16535.1736789212,"x"
"7016",14747.2359321254,15598.3387094061,"x"
"7017",15017.0523761237,15916.978538295,"x"
"7018",15199.001794801,16322.0261848711,"x"
"7019",15004.0740049881,15801.942966623,"x"
"7020",15286.4445237034,16753.5004346931,"x"
"7021",14726.7222679065,15298.8348816236,"x"
"7022",15029.5054844418,16070.0209564334,"x"
"7023",14795.5623795598,15596.990775964,"x"
"7024",14847.7004637453,15553.7337074653,"x"
"7025",14716.3588661199,15486.3783580745,"x"
"7026",15084.3967339854,16045.4376925825,"x"
"7027",14726.658325815,15246.0315372933,"x"
"7028",14855.6222125393,15629.5254645033,"x"
"7029",14439.9432254569,14879.4817650499,"x"
"7030",15178.6536606314,16195.8316091858,"x"
"7031",14743.5614286854,15405.8289360226,"x"
"7032",14828.3228011516,15768.9838799701,"x"
"7033",15034.6713607225,15921.0684820659,"x"
"7034",14738.6122570714,15558.055285652,"x"
"7035",15045.4771144441,15876.7288910424,"x"
"7036",14714.4137644304,15326.8873638835,"x"
"7037",14747.0722789208,15515.0692291603,"x"
"7038",14824.0841090507,15581.2142701249,"x"
"7039",14796.7371459654,15389.0486646788,"x"
"7040",14956.9414008417,15966.9221679625,"x"
"7041",15081.6327143536,15924.312767084,"x"
"7042",14631.8049049788,15140.9718497951,"x"
"7043",14836.2765415159,15493.5439329153,"x"
"7044",15364.0004437864,16771.038893511,"x"
"7045",14709.2681551999,15183.6353825144,"x"
"7046",14922.8916339273,15875.0277769803,"x"
"7047",15221.2304804129,16473.3729991333,"x"
"7048",14661.8795329927,15204.7908412729,"x"
"7049",14663.6305595184,15360.7811217136,"x"
"7050",14813.9049495963,15516.8966609334,"x"
"7051",15116.576394768,16043.2698962235,"x"
"7052",14355.6111252356,14876.1042132308,"x"
"7053",14420.4174185293,14867.8135742058,"x"
"7054",14728.1283763058,15582.4797074119,"x"
"7055",15158.9297915893,16390.6196937705,"x"
"7056",15407.2573162176,16713.0564571082,"x"
"7057",14871.4996709013,15741.2656244276,"x"
"7058",14693.5690124796,15067.9812843028,"x"
"7059",15397.0959187754,16732.0338104448,"x"
"7060",14678.6031008433,15363.7770407297,"x"
"7061",15222.8039537984,16415.603241416,"x"
"7062",15117.8357782052,16196.4429330439,"x"
"7063",15004.8505078675,16073.0091188886,"x"
"7064",14716.4431685646,15278.6295372396,"x"
"7065",14873.5413191319,15718.7957554379,"x"
"7066",15309.5164759715,16695.6098382648,"x"
"7067",15158.1089181751,16292.3360136668,"x"
"7068",15222.667133486,16101.001705035,"x"
"7069",15018.6181530663,15904.286477098,"x"
"7070",14857.6626294033,15763.4647018749,"x"
"7071",14878.5336244741,15701.2383255726,"x"
"7072",15319.2572685532,16629.3654771559,"x"
"7073",14617.4417380079,15214.7687528056,"x"
"7074",15113.0299451825,16026.917979467,"x"
"7075",15381.0804604861,16925.9074724068,"x"
"7076",14542.3096555444,14953.570311288,"x"
"7077",14630.5191158334,15097.9298804804,"x"
"7078",14738.8995873528,15304.5242793195,"x"
"7079",14775.6988538454,15526.7270195941,"x"
"7080",14671.6413220642,15156.4226878971,"x"
"7081",14945.0337189124,15885.3068872732,"x"
"7082",15089.0218080848,15996.1757696397,"x"
"7083",14749.60368829,15573.5025514742,"x"
"7084",14934.0952762628,16017.7471606256,"x"
"7085",15250.3311508558,16625.3931633367,"x"
"7086",15256.8867042532,16625.0477315397,"x"
"7087",14889.1595464743,15488.1666856898,"x"
"7088",14971.7256055941,15931.2329768265,"x"
"7089",14845.5483007199,15503.1963597564,"x"
"7090",15478.3204966454,16852.4902765811,"x"
"7091",14755.8749953718,15274.2901731475,"x"
"7092",15078.1563771768,16069.7757614403,"x"
"7093",14579.2709381947,15029.5691140546,"x"
"7094",15030.6653944123,15989.9526945575,"x"
"7095",14610.1164369394,14983.578924593,"x"
"7096",14974.9735591865,15915.1138066195,"x"
"7097",14749.2988525724,15554.7385420354,"x"
"7098",15015.8073346508,16102.7014586612,"x"
"7099",14898.0241288758,15511.245156703,"x"
"7100",15220.1781486486,16412.5915635752,"x"
"7101",14755.2898063545,15514.3440911537,"x"
"7102",14595.9423561756,15052.167865408,"x"
"7103",15226.1690531288,16175.7991098571,"x"
"7104",14663.8924749706,15206.8455567729,"x"
"7105",14922.3441564564,15353.9456206955,"x"
"7106",14791.6482799938,15596.3884477794,"x"
"7107",14669.7394925772,15136.7882091345,"x"
"7108",14782.0306007379,15587.0526935674,"x"
"7109",14864.2821559389,15646.9620491256,"x"
"7110",14850.2348865894,15646.317008177,"x"
"7111",14913.7585824239,15682.9682418561,"x"
"7112",15191.8044715423,16455.576362348,"x"
"7113",14795.5497687458,15491.7249741021,"x"
"7114",14733.0906730158,15359.4957344611,"x"
"7115",14771.0327470727,15537.3185302586,"x"
"7116",14821.3115570121,15364.7669713206,"x"
"7117",15014.2187178799,16004.1018651583,"x"
"7118",14606.2021680828,15232.0386640649,"x"
"7119",14839.9737808993,15673.9771019203,"x"
"7120",14540.952200794,15151.9223556269,"x"
"7121",14824.204496433,15643.0387624502,"x"
"7122",15266.4683330839,16513.4926224376,"x"
"7123",14649.1720654798,15085.2026444641,"x"
"7124",14657.6976962675,15079.7608025368,"x"
"7125",14943.2796829574,15977.201523573,"x"
"7126",14669.3434558703,15181.5627116611,"x"
"7127",14875.0020098397,15639.0595499522,"x"
"7128",14546.8139178794,15094.2613602952,"x"
"7129",15028.3504404107,16072.1005727184,"x"
"7130",14917.8359685128,15752.9325068953,"x"
"7131",14752.4506200648,15349.7184077689,"x"
"7132",15083.7207760312,16032.2619180653,"x"
"7133",15035.3162550951,15969.712218745,"x"
"7134",15165.4767799794,16257.2385455157,"x"
"7135",14608.894009708,15082.6178992723,"x"
"7136",14812.1114007826,15688.4004723696,"x"
"7137",14903.5417980543,15687.3915520135,"x"
"7138",15006.8440699302,15873.1421009827,"x"
"7139",15026.7018408263,15917.120463274,"x"
"7140",15011.6685512286,15737.1068751229,"x"
"7141",14899.0504350926,15503.1264448849,"x"
"7142",15351.1041066875,16822.501594577,"x"
"7143",14903.0418937336,15623.3422560358,"x"
"7144",15210.9532211163,16472.2972284695,"x"
"7145",14864.9520802245,15777.9188106819,"x"
"7146",14662.2933433297,15270.1183996464,"x"
"7147",14687.6568791981,15332.3008021135,"x"
"7148",15163.1619179958,16237.8532460901,"x"
"7149",14810.3303598817,15470.4742658979,"x"
"7150",14435.3731677611,14873.6305828651,"x"
"7151",14686.1189970333,15425.5739546468,"x"
"7152",14614.8282132533,15343.1865707333,"x"
"7153",14857.0286435526,15671.5702891402,"x"
"7154",15862.6079449271,18188.9334192646,"x"
"7155",14722.786865048,15262.9561765484,"x"
"7156",14619.5548695014,14990.4254142424,"x"
"7157",14750.5127840522,15382.137980207,"x"
"7158",14647.7794959379,15316.9531089969,"x"
"7159",14991.9972376545,15965.1707400107,"x"
"7160",14505.8294771792,14826.0351003644,"x"
"7161",15435.1945987976,16621.141351542,"x"
"7162",14566.9330795708,15241.2666065885,"x"
"7163",14384.593120077,14713.9642939717,"x"
"7164",14978.0910717299,15704.9431397363,"x"
"7165",14363.2851231857,14743.6694849736,"x"
"7166",15361.2230820707,16785.2459033466,"x"
"7167",14508.6785514344,14942.0470486873,"x"
"7168",14711.1073881961,15396.8578812862,"x"
"7169",15370.7311283531,16820.7677659434,"x"
"7170",14707.5263606733,15366.5284741106,"x"
"7171",14577.5325482068,15012.0145800153,"x"
"7172",15078.2777275255,15952.4716030172,"x"
"7173",14939.3773725782,15882.2460160608,"x"
"7174",15299.2859136119,16685.855955504,"x"
"7175",15126.5990937205,16127.0892773833,"x"
"7176",14767.9057440899,15480.4874104288,"x"
"7177",15019.7771215276,16299.3715940633,"x"
"7178",15168.1969239105,16238.185749437,"x"
"7179",14574.6205788752,15200.7176376222,"x"
"7180",14592.3902000762,14878.9692788906,"x"
"7181",14627.442589303,15286.6630286207,"x"
"7182",14801.6994843092,15503.2985747391,"x"
"7183",14886.006963907,15677.8594562343,"x"
"7184",14932.3942467942,15798.7541161369,"x"
"7185",14854.6666448424,15539.3393544592,"x"
"7186",15106.9826214402,16084.0382278399,"x"
"7187",14569.3730226938,15013.5056003042,"x"
"7188",15177.0049792162,16142.1827867795,"x"
"7189",14937.0157799555,15813.5855930625,"x"
"7190",15168.931995203,16228.565929488,"x"
"7191",14443.5470318026,14769.115474112,"x"
"7192",14493.3863598929,15099.8350510779,"x"
"7193",14923.9982571893,15766.7053329358,"x"
"7194",14698.3745493642,15282.4166019692,"x"
"7195",14980.1337026523,15911.2609886395,"x"
"7196",15075.4892061642,16069.3517420791,"x"
"7197",15177.8923662837,16420.1134966802,"x"
"7198",15047.6679691556,15948.1794487595,"x"
"7199",14754.1136339335,15414.6147471744,"x"
"7200",14878.756782808,15783.5113087773,"x"
"7201",14493.6291106189,14941.5774710895,"x"
"7202",14814.0250112069,15435.8575616133,"x"
"7203",14506.1410302512,14814.6488403597,"x"
"7204",14800.4167645605,15597.7050283768,"x"
"7205",15150.5929370296,16279.518270743,"x"
"7206",14808.8096022752,15662.3660593485,"x"
"7207",14728.7895219908,15578.3985891216,"x"
"7208",15007.4879992884,15939.0204003865,"x"
"7209",14901.0779137413,15728.9219421097,"x"
"7210",15391.399184685,16512.1762265524,"x"
"7211",15067.7983388087,16090.524264041,"x"
"7212",15151.574428847,16192.8523589151,"x"
"7213",14732.6581163265,15269.0600431804,"x"
"7214",14773.0208213019,15668.2865316211,"x"
"7215",14779.7872727131,15441.7217817619,"x"
"7216",14852.2729183064,15666.9406693175,"x"
"7217",14823.3859434309,15382.4444278143,"x"
"7218",15527.9367016782,17013.46363191,"x"
"7219",15135.5889588278,16077.8089720607,"x"
"7220",15303.8398464319,16612.0552671816,"x"
"7221",14772.663526749,15423.5618655238,"x"
"7222",14779.6330902704,15588.1736420278,"x"
"7223",14944.9771411958,15822.7790886698,"x"
"7224",15524.8693443586,17126.1626421867,"x"
"7225",14866.3536055805,15603.0557472853,"x"
"7226",14788.9965394133,15638.0522055776,"x"
"7227",16076.416368453,17953.7442457956,"x"
"7228",14736.5577928293,15398.1076850068,"x"
"7229",14513.2384631242,14978.1705450143,"x"
"7230",14746.7691518604,15241.8413821719,"x"
"7231",14881.3195151776,15786.9279423315,"x"
"7232",14754.4820832918,15307.5701445611,"x"
"7233",14796.8551826902,15491.7617514847,"x"
"7234",14642.7265459643,14995.193223014,"x"
"7235",14599.3591709262,15068.9833853713,"x"
"7236",14496.3604128192,14781.2779653664,"x"
"7237",14713.9170440106,15352.9725705791,"x"
"7238",14846.3295472496,15619.1125469104,"x"
"7239",14750.3452026921,15533.4105504482,"x"
"7240",14611.089535104,15185.4873443977,"x"
"7241",14940.2421222471,15778.2402087954,"x"
"7242",14640.3755015126,15102.5449055401,"x"
"7243",14855.7958422456,15624.4497883684,"x"
"7244",15149.2580378312,16297.525232654,"x"
"7245",14758.5738413509,15386.6872203651,"x"
"7246",14964.003016783,15714.0383866483,"x"
"7247",14885.8635895815,15728.8795089901,"x"
"7248",14727.5394810727,15458.8423724904,"x"
"7249",14398.2346614228,14778.6935754984,"x"
"7250",15122.3199898726,16296.7413040382,"x"
"7251",14641.6715648931,15193.3681161872,"x"
"7252",15227.1687557844,16413.180475323,"x"
"7253",14819.3175704446,15603.1418176775,"x"
"7254",15545.3364970699,17406.8384042616,"x"
"7255",14621.8052900378,15068.3890600754,"x"
"7256",14663.6567476509,15144.6192000487,"x"
"7257",14601.4642787335,15053.4950233592,"x"
"7258",14539.5443014688,14897.4778302324,"x"
"7259",14830.7656016498,15302.8855483587,"x"
"7260",14600.4121534149,14909.5237906749,"x"
"7261",14593.0889117366,15051.0545219359,"x"
"7262",14784.0405505892,15637.6455707119,"x"
"7263",14754.9996275391,15497.3051783812,"x"
"7264",15195.8628319706,16523.0191349772,"x"
"7265",14543.180820991,14998.1307932714,"x"
"7266",14566.7187221957,15077.0400390622,"x"
"7267",14711.3230794355,15217.846332255,"x"
"7268",15447.7648889784,16985.6860284197,"x"
"7269",14579.103338992,15086.027265788,"x"
"7270",14729.2232153408,15342.7728063269,"x"
"7271",14917.2193389791,15804.3564995824,"x"
"7272",15077.088959094,16276.3342203014,"x"
"7273",14794.6262587873,15439.6828655756,"x"
"7274",15075.5434083636,16112.9576708557,"x"
"7275",14864.3107586251,15787.5898449478,"x"
"7276",14506.2868570219,15011.1988696995,"x"
"7277",15026.0408806245,16063.8167059384,"x"
"7278",15096.3722648179,16111.8113664021,"x"
"7279",15027.7732104648,15992.4166333966,"x"
"7280",14834.0018855057,15434.1251491904,"x"
"7281",14916.1107619228,15805.4153288043,"x"
"7282",15799.1712410839,17427.5784075285,"x"
"7283",14853.9645379016,15642.2249338949,"x"
"7284",14658.2527561507,15095.2356877752,"x"
"7285",14898.8236211721,15815.3020498588,"x"
"7286",14685.7202230595,15302.0626296597,"x"
"7287",15336.7264675151,16502.9818121246,"x"
"7288",14948.6875393039,15767.7359331935,"x"
"7289",14938.2587665217,15771.2674717001,"x"
"7290",14702.39527035,15398.6011409698,"x"
"7291",14346.975788594,14661.1679713533,"x"
"7292",14869.7133191994,15724.5106574606,"x"
"7293",14784.4458070425,15445.6054251981,"x"
"7294",14655.7783825556,15140.3588767811,"x"
"7295",15811.0629117742,17442.6281930776,"x"
"7296",14776.0283186055,15295.7309749001,"x"
"7297",15055.5532307238,15871.6173280725,"x"
"7298",14507.6341251819,14807.9241744674,"x"
"7299",14761.4160088656,15294.7254054293,"x"
"7300",14703.8052171359,15269.9440126174,"x"
"7301",15482.9612832557,16890.58557143,"x"
"7302",14902.800243154,15709.9523757598,"x"
"7303",14741.6398409013,15474.5685208971,"x"
"7304",14888.3933512782,15506.5494093079,"x"
"7305",15072.7462366602,15972.1188769935,"x"
"7306",14636.1736391099,15435.6223222642,"x"
"7307",15198.2170727116,16256.8774381654,"x"
"7308",15314.9912379683,16624.5138110692,"x"
"7309",14971.4010179154,15629.6319516937,"x"
"7310",14627.4086269815,15106.2512551366,"x"
"7311",14609.0709123545,15019.5959473254,"x"
"7312",14896.3115272555,15666.34422119,"x"
"7313",15237.0464219626,16573.7036313939,"x"
"7314",14846.3928764901,15590.2807503216,"x"
"7315",15091.7102421411,15927.4519849727,"x"
"7316",14602.5516789457,15038.5692978474,"x"
"7317",15020.3582615672,15912.5347039627,"x"
"7318",15734.1711458084,17174.2004978854,"x"
"7319",15071.3236436132,16041.4037609077,"x"
"7320",15169.0994405718,16321.291712652,"x"
"7321",14769.2278741619,15435.2506879833,"x"
"7322",14943.5155060309,15699.8400885633,"x"
"7323",14669.3641775369,15348.8393669502,"x"
"7324",14810.1415723528,15498.8374693196,"x"
"7325",14793.1766337125,15524.6285535842,"x"
"7326",14794.0267760392,15273.4236640892,"x"
"7327",14744.0215182498,15352.285707134,"x"
"7328",15127.8267801175,15985.7737794615,"x"
"7329",14856.5083208411,15757.9684896514,"x"
"7330",15420.4103315857,16966.4758025983,"x"
"7331",14724.5086212659,15424.0329263757,"x"
"7332",14952.960182945,15847.5419901292,"x"
"7333",15109.6890771673,16327.4099161869,"x"
"7334",14828.1799882328,15592.7325522883,"x"
"7335",15121.9433276307,16233.6069836463,"x"
"7336",15468.8970574323,17003.1886986942,"x"
"7337",14866.2246332699,15676.5201103971,"x"
"7338",14441.5838629044,14781.2166377911,"x"
"7339",14621.1766148022,15099.1109019193,"x"
"7340",14749.4962699673,15137.1965580287,"x"
"7341",14810.0340641519,15404.6731590445,"x"
"7342",14745.5033329005,15330.4419061994,"x"
"7343",15200.2820578672,16196.3190121696,"x"
"7344",14430.6788547741,14932.3153862594,"x"
"7345",15042.9218007878,15889.9383106055,"x"
"7346",14420.5687726869,14795.3665903448,"x"
"7347",14807.8605219149,15524.0602556857,"x"
"7348",14619.8532154533,15089.3334475739,"x"
"7349",14848.0899033262,15420.0890734414,"x"
"7350",15292.2358091927,16618.0544118726,"x"
"7351",14660.6206283776,15147.0699113567,"x"
"7352",15274.0875256109,16539.6242876824,"x"
"7353",14606.8022124886,15124.5841340192,"x"
"7354",14787.9095395664,15336.8112027262,"x"
"7355",14631.5186385257,15292.5263343793,"x"
"7356",15395.8398033741,16529.7288827287,"x"
"7357",15510.4966535828,16982.5709786242,"x"
"7358",14548.8568116025,15103.0609624388,"x"
"7359",14880.8074162644,15572.0777023802,"x"
"7360",15453.5302355548,16985.2166924525,"x"
"7361",14854.0990013261,15587.0306717404,"x"
"7362",14680.4302651558,15189.4718776564,"x"
"7363",14711.0864069731,15233.9060534698,"x"
"7364",15082.0430369604,16002.4682907671,"x"
"7365",15175.9128475858,16321.9755728727,"x"
"7366",14666.0213420018,15252.173247361,"x"
"7367",14730.7642265296,15474.6585389484,"x"
"7368",15369.8274303078,16826.9877485658,"x"
"7369",14681.4610767412,15472.2064921316,"x"
"7370",14787.2496717928,15271.3128353159,"x"
"7371",14443.8262177954,15001.5505197652,"x"
"7372",14618.7538863261,15241.0872291279,"x"
"7373",14773.0081143961,15491.2213916213,"x"
"7374",14703.4938605142,15281.8051087109,"x"
"7375",14957.8180194485,16016.7089513598,"x"
"7376",15317.5273842564,16607.9724633694,"x"
"7377",15003.4602429294,16049.292863694,"x"
"7378",14833.0499892135,15677.4242024599,"x"
"7379",14786.363988203,15408.7204243834,"x"
"7380",14614.0949670757,15224.4678767647,"x"
"7381",14771.7870398092,15293.7489033515,"x"
"7382",15222.6828419463,16344.7864047308,"x"
"7383",14711.0081086418,15331.5164144907,"x"
"7384",14795.7405137431,15499.8455845713,"x"
"7385",14862.5482937564,15744.8543075806,"x"
"7386",14889.9973298779,15511.6665537332,"x"
"7387",14694.6857992692,15263.6134503908,"x"
"7388",14576.3468070309,15031.1512824663,"x"
"7389",14921.1995784781,15413.7934865679,"x"
"7390",15081.7569123077,16318.4241568856,"x"
"7391",14861.2164653753,15643.2115406098,"x"
"7392",14831.8801448355,15590.018538407,"x"
"7393",14836.3181162041,15419.9661936668,"x"
"7394",14828.7408130354,15736.6886898147,"x"
"7395",14986.5985133938,15820.9526292098,"x"
"7396",14916.2870548144,15720.0796855661,"x"
"7397",14957.3052535397,15929.6312521231,"x"
"7398",15203.0111685703,16388.5634999381,"x"
"7399",15387.7094194459,16730.4105732706,"x"
"7400",14688.4961323256,15164.3789732228,"x"
"7401",14754.2005334821,15434.1725073453,"x"
"7402",14871.5645194848,15614.6539202273,"x"
"7403",14557.4938260402,14863.3525269156,"x"
"7404",15490.8014528377,17183.3395087201,"x"
"7405",15064.4477627968,16057.0859422575,"x"
"7406",15074.2977136903,16226.4756234535,"x"
"7407",14683.7643398974,15299.2793798354,"x"
"7408",15250.1417716029,16339.7721820427,"x"
"7409",15403.5572414153,16754.9531824381,"x"
"7410",15000.5073101246,15766.1363248786,"x"
"7411",14848.9018298252,15577.8774480694,"x"
"7412",15030.3432576547,15819.3486276812,"x"
"7413",15316.9197760207,16792.0651133959,"x"
"7414",14828.0502397742,15203.5411237608,"x"
"7415",14884.4839094607,15743.4091005229,"x"
"7416",14969.9551016946,15688.2534983114,"x"
"7417",14638.4274795355,14931.241287493,"x"
"7418",14881.3282018373,15714.4689355579,"x"
"7419",15190.2111482185,16124.4274382175,"x"
"7420",14992.7011005184,15948.0924133581,"x"
"7421",14751.4567229932,15274.1789192614,"x"
"7422",14744.787346962,15498.6488461466,"x"
"7423",14957.3662460228,15863.8879501526,"x"
"7424",15066.5652254187,16096.3511356528,"x"
"7425",14649.5798466254,15279.5487556324,"x"
"7426",14730.4201502102,15267.8155031894,"x"
"7427",14955.8140874693,15828.301855535,"x"
"7428",14740.0979287989,15357.4049817715,"x"
"7429",14623.6040190855,15260.3882568825,"x"
"7430",14877.7995320257,15779.9895125633,"x"
"7431",14801.812157244,15574.4740692802,"x"
"7432",15535.0700087572,17124.3720998782,"x"
"7433",15235.1546447562,16512.3891411517,"x"
"7434",15176.4698773714,16428.4331265523,"x"
"7435",14632.8932712859,14916.1139272764,"x"
"7436",14834.9126456229,15376.5982273261,"x"
"7437",15116.0718630999,16214.0217100994,"x"
"7438",14958.8181246643,15813.9514365501,"x"
"7439",14491.097501527,14770.8140527457,"x"
"7440",14625.4733961331,15383.4470410584,"x"
"7441",15171.5014987646,16148.459152393,"x"
"7442",14858.5304181637,15792.3865167312,"x"
"7443",14872.0946058009,15578.0955190117,"x"
"7444",14792.9517876666,15325.1774508642,"x"
"7445",14948.2130212267,15704.122890488,"x"
"7446",15050.6072942023,16131.0356303925,"x"
"7447",14630.4803181284,15125.6928428245,"x"
"7448",15154.0314782425,16133.827791455,"x"
"7449",15159.9248774705,16355.6927157443,"x"
"7450",15277.4441706179,16758.7281389609,"x"
"7451",14612.9838548729,15001.8330791712,"x"
"7452",14657.5148601608,15218.9265806776,"x"
"7453",15230.3451791203,16359.3362910074,"x"
"7454",14797.8702688161,15399.4365844064,"x"
"7455",14683.3068376832,15277.8353088747,"x"
"7456",14698.2816849471,15153.5538790817,"x"
"7457",14927.9848425744,15820.7014911484,"x"
"7458",14929.6623625556,15780.9741552175,"x"
"7459",14807.7945731109,15668.1937982311,"x"
"7460",15185.7735663365,16414.5007107805,"x"
"7461",14691.7088463444,15153.6739625184,"x"
"7462",15288.1301902341,16615.9742805569,"x"
"7463",14857.791386346,15654.2166413832,"x"
"7464",15402.6297445399,16792.5693198119,"x"
"7465",15076.6929111205,16079.021649867,"x"
"7466",15338.479659463,16480.7219613942,"x"
"7467",14448.732946173,14896.9493546034,"x"
"7468",14958.627151179,15984.0688598845,"x"
"7469",14493.184584162,15077.3329941141,"x"
"7470",14937.2234467985,15849.0058106879,"x"
"7471",14583.0365309461,15135.7096988292,"x"
"7472",14544.7671884325,15015.7260374405,"x"
"7473",15012.8015415699,15918.0652197271,"x"
"7474",15052.5135130343,16056.0897302062,"x"
"7475",14633.9610472455,15192.0474803892,"x"
"7476",14836.5423939025,15527.0352640299,"x"
"7477",14960.7998507553,15844.4553337982,"x"
"7478",14645.5596262869,14989.2847448734,"x"
"7479",14635.9123101083,14996.5048540856,"x"
"7480",16507.6815581835,18768.4133232306,"x"
"7481",15114.2443169995,16215.4072061533,"x"
"7482",14722.2499673842,15455.5947877534,"x"
"7483",14496.8773458759,14832.9015961816,"x"
"7484",14649.0485570948,15159.2418993814,"x"
"7485",14321.8972511557,14607.7775300899,"x"
"7486",14806.8941180161,15534.0983092975,"x"
"7487",15229.3143392246,16444.5418353308,"x"
"7488",15152.2718154461,16371.9292171515,"x"
"7489",15293.101655893,16735.2627675019,"x"
"7490",14759.8065342135,15315.3349412578,"x"
"7491",14657.3024314194,15248.1039156245,"x"
"7492",15087.5238503706,16165.2307238332,"x"
"7493",14840.7746213857,15729.0179457485,"x"
"7494",15295.578402106,16568.5456871126,"x"
"7495",14593.5093897982,15059.4930077616,"x"
"7496",14665.9433441737,15262.5114041748,"x"
"7497",14817.9957224886,15640.8578520139,"x"
"7498",14565.0842292537,14938.7309934897,"x"
"7499",14881.3200523904,15572.1840439583,"x"
"7500",15173.0761937178,16293.7961757261,"x"
"7501",14685.2842768833,15206.648940198,"x"
"7502",14610.7119757863,15103.867880959,"x"
"7503",14524.5506437006,14967.2971067713,"x"
"7504",15009.935202803,16115.7264871171,"x"
"7505",14970.7141798333,15656.8598293381,"x"
"7506",14858.2856598021,15736.0059222786,"x"
"7507",15113.0731142639,16104.7145091861,"x"
"7508",14539.6856940119,14912.6141767231,"x"
"7509",14659.963148548,15247.9142581727,"x"
"7510",15164.1827452343,16158.8739801735,"x"
"7511",14578.2020573056,15118.8598168836,"x"
"7512",14926.1013902691,15581.7414608195,"x"
"7513",14560.2719412134,15050.4751571102,"x"
"7514",14738.7470029318,15155.7752944886,"x"
"7515",14711.0118624585,15467.7192209748,"x"
"7516",15009.7301059399,16022.803590045,"x"
"7517",14889.1672485069,15637.1395187995,"x"
"7518",14843.2348691581,15662.1640047009,"x"
"7519",15097.9808687895,16143.8874096809,"x"
"7520",14803.9565744437,15538.3229678552,"x"
"7521",14866.5570993212,15692.9096772729,"x"
"7522",14916.7533020868,15797.1355248442,"x"
"7523",14533.9403623577,15135.6250625039,"x"
"7524",14687.5423909823,15310.2770159264,"x"
"7525",15631.0176815227,16854.9887305423,"x"
"7526",14389.8195474287,14847.6341278235,"x"
"7527",15898.5598146109,18092.1383622889,"x"
"7528",14635.4970310177,15097.9489196285,"x"
"7529",14869.157278311,15546.1384517525,"x"
"7530",15397.2161154323,16825.756461697,"x"
"7531",15283.5578437622,16507.3659676888,"x"
"7532",14820.6728984133,15492.139575853,"x"
"7533",14925.2235969544,15823.3489477546,"x"
"7534",14801.9823806141,15624.2043712515,"x"
"7535",14870.4103444942,15693.7578653446,"x"
"7536",14847.1424997347,15754.6987851041,"x"
"7537",14562.0722587587,15021.9146371194,"x"
"7538",15276.347671167,16573.5762074805,"x"
"7539",14732.0346083989,15368.1249789215,"x"
"7540",14841.0002224717,15732.2232508754,"x"
"7541",14675.9027775219,15139.0417152917,"x"
"7542",15234.2581246629,16716.4268044529,"x"
"7543",14989.4919412148,15902.4506363761,"x"
"7544",15177.4436043466,16287.8180965138,"x"
"7545",14996.4427781022,15832.2771919543,"x"
"7546",15534.1923545036,17126.8445391228,"x"
"7547",15034.7144609009,15948.8713903552,"x"
"7548",14544.9676124332,15002.2077210326,"x"
"7549",14710.5136209196,15468.4814897936,"x"
"7550",15239.2443136106,16443.6157936409,"x"
"7551",15208.2942179214,16232.1957901704,"x"
"7552",14479.6232753158,14714.7090142635,"x"
"7553",15036.7467871321,15878.3509674778,"x"
"7554",14646.9354825776,15234.6529385156,"x"
"7555",15370.632963037,16900.6675054175,"x"
"7556",14830.314613621,15849.361233314,"x"
"7557",14916.192819892,15858.0772686852,"x"
"7558",14626.6069435276,14991.5178200672,"x"
"7559",14395.2128725423,14781.7193626524,"x"
"7560",14906.0264879778,15694.6674108057,"x"
"7561",14658.3813215203,15110.2948658986,"x"
"7562",14667.156536421,15177.775144123,"x"
"7563",14863.8433722782,15557.6018647976,"x"
"7564",15113.1667439323,16211.8923962517,"x"
"7565",15079.6611546953,16054.7735869162,"x"
"7566",14772.273297641,15541.9228319647,"x"
"7567",15153.2409295248,16208.9758120463,"x"
"7568",15136.7524180521,16048.5398951047,"x"
"7569",14994.6609062161,15957.1757868634,"x"
"7570",14940.0606146915,15724.1516279551,"x"
"7571",14661.681153557,15218.5664327895,"x"
"7572",15176.8828740857,16212.8752716976,"x"
"7573",15011.4675460228,16122.004811298,"x"
"7574",14582.8646300654,15193.3568792853,"x"
"7575",15031.7391620609,16006.0053357999,"x"
"7576",14752.2345927888,15464.2813197729,"x"
"7577",14846.9441410564,15619.2111407409,"x"
"7578",14941.3965345567,15652.020132958,"x"
"7579",14718.0514627973,15355.4423718511,"x"
"7580",14766.3240253056,15546.1782731683,"x"
"7581",15219.524319587,16483.7785126685,"x"
"7582",14642.8579847496,15276.27500429,"x"
"7583",15060.4044140931,16088.0569262378,"x"
"7584",15119.1686996037,16050.9209483574,"x"
"7585",14720.1862665135,15402.2373983649,"x"
"7586",14787.6365337918,15453.9373677122,"x"
"7587",15403.8030649458,16898.7703982382,"x"
"7588",14837.6302273809,15595.3148417043,"x"
"7589",14721.8276825563,15351.4461470925,"x"
"7590",14824.5772755479,15687.6069515172,"x"
"7591",15217.3331834036,16626.3101727648,"x"
"7592",14574.0352422883,15127.7551676107,"x"
"7593",14997.9674378001,15866.8784449579,"x"
"7594",14997.7433052614,15878.1614395941,"x"
"7595",14655.6008202424,15191.0332360125,"x"
"7596",15029.2758458232,16016.3363896643,"x"
"7597",15498.6387221146,16668.9038645782,"x"
"7598",15323.5825998898,16565.1955516278,"x"
"7599",14870.8815957622,15659.0120751506,"x"
"7600",14884.5847022129,15892.0808086953,"x"
"7601",15020.6027319793,16038.298451951,"x"
"7602",14545.2415900674,14868.2925358871,"x"
"7603",14666.8025644429,15239.5941871144,"x"
"7604",15246.6031194577,16311.0161405688,"x"
"7605",14870.5376133215,15659.6215858743,"x"
"7606",14396.560471264,14764.2846379659,"x"
"7607",15012.143194419,15971.2649744959,"x"
"7608",15417.2375173275,16867.1113214936,"x"
"7609",14817.0247002842,15614.7193696332,"x"
"7610",15350.2796462331,16785.5388152791,"x"
"7611",15205.7947291375,16348.9569379859,"x"
"7612",14948.8786878701,15729.0383646433,"x"
"7613",15465.8635358696,17013.1090290283,"x"
"7614",14725.0788905263,15341.3265381658,"x"
"7615",14640.7409984042,15215.9839689597,"x"
"7616",15059.9736402984,16064.1305054252,"x"
"7617",15193.7602764845,16522.4090281168,"x"
"7618",14797.0430655855,15361.0844645749,"x"
"7619",14891.3893311415,15587.4891170555,"x"
"7620",14841.904437282,15382.6876976614,"x"
"7621",14444.6493651129,14884.6273499442,"x"
"7622",14700.1099735672,15294.1237441876,"x"
"7623",14594.9062152939,15099.3549040042,"x"
"7624",15566.3666747365,17190.8060627414,"x"
"7625",14761.1340679487,15384.5560074702,"x"
"7626",15257.0327507083,16435.5225019284,"x"
"7627",14563.631581497,14877.1772336484,"x"
"7628",14835.133387029,15479.9702433282,"x"
"7629",14489.3985531514,15194.7127218176,"x"
"7630",14723.1534324844,15225.3081309569,"x"
"7631",15106.1573909965,16214.3345806705,"x"
"7632",15069.8597382947,15969.6566420964,"x"
"7633",14641.1489221154,15136.6692930588,"x"
"7634",14528.924677891,14816.7247833954,"x"
"7635",14943.7481626472,15809.4308097714,"x"
"7636",14708.5787821131,15423.51524956,"x"
"7637",14835.53023352,15593.0487666152,"x"
"7638",15590.8001196133,16801.5863620761,"x"
"7639",14766.3511772875,15550.9994794728,"x"
"7640",15057.9899633889,15938.574600024,"x"
"7641",14730.2696193963,15261.0998372058,"x"
"7642",14874.6834557541,15740.372738304,"x"
"7643",14750.3810060555,15353.9212713616,"x"
"7644",14854.5895325237,15636.1793549682,"x"
"7645",14841.2048527463,15628.6352660367,"x"
"7646",14536.9278340316,14823.9138282512,"x"
"7647",15240.3120892429,16489.5475614688,"x"
"7648",14886.4755780453,15877.6753091506,"x"
"7649",14931.2343068112,15796.4826160986,"x"
"7650",14495.001572072,14861.7078295792,"x"
"7651",14934.0347485895,15842.2595616021,"x"
"7652",14951.1692230861,15779.1072478217,"x"
"7653",14551.1723501107,15103.5176909508,"x"
"7654",14659.7043869512,15281.6476405749,"x"
"7655",14804.4830077801,15373.268590604,"x"
"7656",15759.066841063,17719.8867067055,"x"
"7657",15040.0115403091,15957.5590077902,"x"
"7658",14761.952362195,15480.4921188834,"x"
"7659",14771.0888630321,15556.0552096631,"x"
"7660",14833.747398741,15542.4771314412,"x"
"7661",14867.91199402,15674.0834581055,"x"
"7662",15009.3557496617,15921.5373893039,"x"
"7663",14680.4122264757,15093.6135599066,"x"
"7664",14781.8836835662,15407.6660979428,"x"
"7665",15321.7142021461,16720.0585719602,"x"
"7666",15232.7230349415,16493.7592018264,"x"
"7667",15192.0056903055,16079.9115631615,"x"
"7668",14678.9355801506,15082.6186755324,"x"
"7669",14743.711069968,15251.7990181678,"x"
"7670",14957.0013332826,16091.3452110237,"x"
"7671",14893.5690669149,15761.7616883122,"x"
"7672",14977.897743358,15829.5478150934,"x"
"7673",14588.6470871033,15152.1557168737,"x"
"7674",14955.1072448214,15689.2913379114,"x"
"7675",14406.0671679811,14705.3970337275,"x"
"7676",14782.4201033578,15612.9456653021,"x"
"7677",14609.0417946627,15142.7637543545,"x"
"7678",14764.9480359078,15407.915451903,"x"
"7679",15093.9296160302,16087.5528469017,"x"
"7680",14713.4497414059,15179.7369032133,"x"
"7681",15245.0932547918,16448.7302217897,"x"
"7682",14446.985980876,14942.1227084629,"x"
"7683",14943.9672818184,15988.4996215329,"x"
"7684",14961.8531843715,15837.8202088247,"x"
"7685",15031.0515009076,15838.799230057,"x"
"7686",15055.9783948443,16206.947563452,"x"
"7687",14667.167488561,15341.7553511362,"x"
"7688",14534.9628494061,14962.0756783255,"x"
"7689",14563.949779284,15290.8290411238,"x"
"7690",14772.9252702525,15490.6554359345,"x"
"7691",14763.4387766654,15400.9385370055,"x"
"7692",14748.4192691899,15562.1804884296,"x"
"7693",14428.2429309578,14833.7046245613,"x"
"7694",14702.5724181845,15194.6318064433,"x"
"7695",14878.7714344908,15768.1850304022,"x"
"7696",14542.2332879249,14918.1673455771,"x"
"7697",14821.3508243468,15662.5055129253,"x"
"7698",15129.5733475593,16024.9329631985,"x"
"7699",14876.525703592,15600.4393589891,"x"
"7700",15106.9023256927,16188.5565281867,"x"
"7701",14691.1557047647,15383.2652935995,"x"
"7702",14865.8666552334,15821.0827354668,"x"
"7703",15262.4638962819,16477.0119747486,"x"
"7704",14998.0776010386,15930.2776177724,"x"
"7705",14966.4600998814,16147.3310096462,"x"
"7706",15132.9128963635,16493.4650479784,"x"
"7707",14743.9534077054,15547.2704987687,"x"
"7708",14700.0400747479,15337.8649926624,"x"
"7709",14722.0505068057,15363.6767669393,"x"
"7710",14786.6319722631,15403.1001264497,"x"
"7711",14330.3222277033,14674.6977528324,"x"
"7712",14711.7079815133,15453.4718784291,"x"
"7713",15016.735739843,16099.1563479327,"x"
"7714",14923.9222583423,15735.6892240895,"x"
"7715",14736.8048404504,15619.2527350072,"x"
"7716",15061.2863371718,16057.8616918444,"x"
"7717",14818.79145281,15565.9478373355,"x"
"7718",15131.4298339585,16218.3790022056,"x"
"7719",14976.9633452471,15926.1368980217,"x"
"7720",15272.6199201222,16546.5365818959,"x"
"7721",14979.9576807295,16070.3248718667,"x"
"7722",15315.2351998995,16696.6095425968,"x"
"7723",14961.6264277842,15731.0343127657,"x"
"7724",14765.3739627574,15151.1616578792,"x"
"7725",14258.4762183228,14630.5819911625,"x"
"7726",15146.1160180496,16393.8615919318,"x"
"7727",14641.2075391295,15071.40118599,"x"
"7728",14548.8913333039,15018.080249724,"x"
"7729",14873.358117485,15675.8425306741,"x"
"7730",15014.352654437,16132.9238111757,"x"
"7731",14685.1173733372,15306.2637126208,"x"
"7732",15417.6942187999,17102.1946891365,"x"
"7733",14669.2132618584,15240.6376043413,"x"
"7734",14657.3608585251,15282.811837069,"x"
"7735",15361.4173179868,16830.4112688714,"x"
"7736",14961.01544932,15751.1533338686,"x"
"7737",14740.5600419312,15303.4358986866,"x"
"7738",15000.0499820601,15799.8451447133,"x"
"7739",14662.4523006828,15180.3268952362,"x"
"7740",14661.4314091344,15207.079184903,"x"
"7741",14739.3332768292,15367.3806799013,"x"
"7742",14472.636739423,14857.5646426938,"x"
"7743",15052.5672394916,16111.8519880722,"x"
"7744",14674.300577897,15315.3738526771,"x"
"7745",14768.337416639,15530.1079475749,"x"
"7746",15517.584520633,17044.4007172752,"x"
"7747",14512.623083696,15017.1604544863,"x"
"7748",14827.4707004928,15537.2317362438,"x"
"7749",14618.6362271026,15266.4191260023,"x"
"7750",14830.9352294429,15493.4543146596,"x"
"7751",14911.8323767231,15709.0006618157,"x"
"7752",15032.99544619,15842.8761395191,"x"
"7753",15203.2151162909,16459.2214492492,"x"
"7754",14572.4166171503,15116.4216720521,"x"
"7755",14762.5370684821,15407.9576232313,"x"
"7756",14913.6328180204,15824.4202372495,"x"
"7757",15123.9294366245,16339.5967804547,"x"
"7758",15197.5954829975,16220.4805176975,"x"
"7759",14656.6451140798,15308.5344462169,"x"
"7760",14604.0019806649,15125.8243330802,"x"
"7761",14507.5836594854,15068.5623149486,"x"
"7762",15245.1884777734,16421.0620197518,"x"
"7763",15400.4428380625,16878.9565015939,"x"
"7764",14807.8247632728,15477.1975911518,"x"
"7765",14726.9831685038,15457.1453971573,"x"
"7766",14914.77437844,15745.4795341111,"x"
"7767",14858.5412749785,15840.2777788201,"x"
"7768",14990.7348973057,15785.4135570761,"x"
"7769",15191.0413411808,16432.3687298514,"x"
"7770",15083.9036505385,16094.0166994033,"x"
"7771",14396.6130466172,14747.4880824429,"x"
"7772",14690.1557831481,15305.8120841822,"x"
"7773",14841.242793141,15616.0330764588,"x"
"7774",14871.1872707629,15762.4287228637,"x"
"7775",14905.6823229153,15676.491268911,"x"
"7776",14930.1942398289,15779.2626366718,"x"
"7777",14890.3221450674,15525.5428155206,"x"
"7778",14433.442131249,14928.4893498798,"x"
"7779",14774.7976819383,15579.6669371705,"x"
"7780",14812.7770423257,15485.2672431213,"x"
"7781",14646.4369902546,15151.8649100488,"x"
"7782",14879.3031250264,15645.8778201929,"x"
"7783",14757.7792570828,15508.7970686193,"x"
"7784",14776.02154234,15569.7522269682,"x"
"7785",14800.5377143061,15531.1197512465,"x"
"7786",14730.3701731721,15060.6072917674,"x"
"7787",14844.6889473968,15484.9889902627,"x"
"7788",14683.0682752034,14964.2103695801,"x"
"7789",14718.4890738233,15355.0691985458,"x"
"7790",14982.7232433374,15787.4876970371,"x"
"7791",14815.4186948526,15501.0421209532,"x"
"7792",14505.7066883202,15018.9433562915,"x"
"7793",14719.0957013517,15275.9997630229,"x"
"7794",14664.0130992074,15012.1147555505,"x"
"7795",15068.8917589476,15995.1174379054,"x"
"7796",14610.3760435028,15188.012942096,"x"
"7797",14728.0057749795,15141.0320867407,"x"
"7798",14834.1230056069,15606.5783619054,"x"
"7799",14615.2881775088,15040.7279592622,"x"
"7800",14742.3603243997,15463.0107560917,"x"
"7801",15213.6895519468,16337.3985353193,"x"
"7802",14679.253976382,15211.5247757808,"x"
"7803",14677.6067322251,15114.3665944787,"x"
"7804",14747.8677333464,15397.4096483036,"x"
"7805",14793.3441223377,15414.2952986505,"x"
"7806",14939.8620725537,15863.3924250819,"x"
"7807",15089.7925932023,16218.2811795361,"x"
"7808",14688.8566941974,15316.2243674768,"x"
"7809",14642.2227666354,15227.80427221,"x"
"7810",15288.1377020349,16598.6669178894,"x"
"7811",14832.4254878904,15737.3365085673,"x"
"7812",14992.2851154829,15984.4666664707,"x"
"7813",14864.5975125964,15535.3070146084,"x"
"7814",14633.7822360262,15401.0359120433,"x"
"7815",14922.6157498939,15771.8524349468,"x"
"7816",15255.6823461484,16299.619336417,"x"
"7817",14581.0042208694,15162.4004404776,"x"
"7818",14712.6204889477,15524.5347639964,"x"
"7819",14732.663112404,15293.0907748109,"x"
"7820",14560.5099309405,14983.8482805089,"x"
"7821",14774.2354789364,15454.3072908778,"x"
"7822",14834.2752641907,15484.9331327017,"x"
"7823",14868.2764777159,15511.6943272443,"x"
"7824",15298.9361752098,16664.7812794332,"x"
"7825",14970.7835986546,15787.8868126901,"x"
"7826",14848.6095878774,15523.452289657,"x"
"7827",15058.7732258086,16050.0388259734,"x"
"7828",14880.2046041153,15719.0673741175,"x"
"7829",15043.9441320889,16000.0137020337,"x"
"7830",14891.5989272518,15501.2859576089,"x"
"7831",15048.3078890579,16097.5957968047,"x"
"7832",14570.8309179927,14998.177994959,"x"
"7833",15138.5395502019,16101.5349477869,"x"
"7834",14690.2693798377,15299.8434145008,"x"
"7835",14715.0142164913,15352.3428094564,"x"
"7836",14769.4574622157,15512.0480559264,"x"
"7837",14773.1527773573,15531.7213420276,"x"
"7838",14838.1665094662,15661.6659319023,"x"
"7839",14982.4489329096,15789.4791411822,"x"
"7840",15497.4607275282,16976.0152652838,"x"
"7841",14779.4026725368,15521.6754061564,"x"
"7842",14648.8859220414,15024.6722377496,"x"
"7843",14753.6501416173,15346.557138644,"x"
"7844",14843.1350947966,15625.899763357,"x"
"7845",15235.2111416912,16387.5609285513,"x"
"7846",14669.9719087687,15305.5308695264,"x"
"7847",15182.0052448014,16438.209715478,"x"
"7848",14505.6805916501,14861.590957224,"x"
"7849",15270.4575166645,16565.0591717838,"x"
"7850",14798.1940465523,15602.7891103649,"x"
"7851",15357.0224893839,16863.2610517132,"x"
"7852",15108.7203075384,16055.7436186036,"x"
"7853",15011.0487262978,15706.3772045654,"x"
"7854",14575.3750170925,15130.2167192822,"x"
"7855",14862.3298611198,15669.496954459,"x"
"7856",14967.464441503,15829.1946371368,"x"
"7857",15216.193536715,16323.3880764533,"x"
"7858",15026.4579000791,15929.9814651329,"x"
"7859",15051.9704795037,15857.0863932721,"x"
"7860",14750.2827265535,15321.7317952065,"x"
"7861",15320.3952618462,16554.3656132961,"x"
"7862",14725.1867898607,15314.1234070646,"x"
"7863",14741.3787122399,15511.0808022948,"x"
"7864",14832.8085647413,15547.4177126257,"x"
"7865",14728.7157310784,15260.0375537929,"x"
"7866",14996.9838842451,16054.8517631767,"x"
"7867",14703.1614517661,15239.2514721215,"x"
"7868",15042.9170429767,15902.7634633309,"x"
"7869",15052.8859255967,15907.2354922967,"x"
"7870",14605.8857547315,15105.8671128927,"x"
"7871",15054.846548635,16138.4143272251,"x"
"7872",14513.415851921,14837.7802353088,"x"
"7873",15039.3543590741,15988.9108013744,"x"
"7874",15295.9679391233,16570.690011314,"x"
"7875",15133.3988560504,16170.6648947513,"x"
"7876",14609.8943253727,15118.382909014,"x"
"7877",14434.9901086965,14653.1301968156,"x"
"7878",15066.9930394366,16064.6883795745,"x"
"7879",15317.4376873823,16886.2931148108,"x"
"7880",14557.4449118857,15138.1364826166,"x"
"7881",14886.045291571,15635.3226803539,"x"
"7882",14833.2830295168,15710.2715538196,"x"
"7883",14958.9441414905,15837.9030591477,"x"
"7884",14680.1739262841,15254.448663648,"x"
"7885",14594.2318275991,15063.2217053004,"x"
"7886",14700.9130967345,15214.6831913287,"x"
"7887",14690.3547277581,15363.2675031691,"x"
"7888",15223.6700766757,16208.6355186343,"x"
"7889",15128.2264031389,16466.2446270482,"x"
"7890",14763.0197189177,15459.0007986772,"x"
"7891",15038.3973267985,15868.7108559911,"x"
"7892",15174.8305139312,15981.220562431,"x"
"7893",14844.5395880469,15587.4646054101,"x"
"7894",14837.2702098335,15751.7473295851,"x"
"7895",15048.5300492414,16103.5480773737,"x"
"7896",15097.4281324519,16015.2609305227,"x"
"7897",14972.7010852935,15976.7178162562,"x"
"7898",15060.2541624598,16153.127660128,"x"
"7899",14956.3501588572,15814.5615088871,"x"
"7900",14775.4766497549,15351.8959594823,"x"
"7901",14471.5398365775,14760.5101849277,"x"
"7902",14962.1659080198,15876.4502426864,"x"
"7903",15786.5466494567,17919.6896419602,"x"
"7904",14845.9915541716,15536.1533234508,"x"
"7905",14862.1969137769,15516.8086216849,"x"
"7906",14605.4580393891,15063.2567240218,"x"
"7907",14946.9747809251,15758.0888109291,"x"
"7908",14436.9900662803,14695.5245786362,"x"
"7909",14816.3695021162,15281.8420729352,"x"
"7910",15376.0638219206,16789.9340076719,"x"
"7911",15550.5635121306,17108.4115089036,"x"
"7912",14810.0647602599,15558.8816601435,"x"
"7913",14989.0230446464,15870.3040240686,"x"
"7914",15049.3420279287,15978.5774747108,"x"
"7915",15118.5870170048,16047.1863136519,"x"
"7916",14712.2599309288,15209.8533212582,"x"
"7917",14627.3372794914,15036.360794447,"x"
"7918",14636.5045048853,15100.6871855953,"x"
"7919",14660.7702113682,15306.0347428353,"x"
"7920",14986.1814114364,15942.8330424629,"x"
"7921",14737.0729103358,15174.9728765574,"x"
"7922",14954.7091167711,15885.6205891502,"x"
"7923",14536.0670875942,15009.5028348856,"x"
"7924",14576.8547815718,14872.2318758686,"x"
"7925",14759.9239320614,15307.8267638401,"x"
"7926",14541.5300175665,15056.1359904935,"x"
"7927",14793.5681568902,15415.1657189105,"x"
"7928",14961.4606814611,16054.0617824944,"x"
"7929",14855.3626259016,15556.5495483536,"x"
"7930",14978.8220073715,15709.1551784453,"x"
"7931",14989.4393350747,15802.1505462882,"x"
"7932",14830.271442802,15543.1446343049,"x"
"7933",15102.3077416376,16069.3348562262,"x"
"7934",14708.2782741716,15107.6108644506,"x"
"7935",15236.7587814568,16240.265834702,"x"
"7936",14617.6000993042,15245.4622171178,"x"
"7937",14764.5910517088,15517.6576954433,"x"
"7938",14738.9052350808,15452.450759656,"x"
"7939",15007.3976375086,15910.0782408905,"x"
"7940",14867.0289803212,15643.229638175,"x"
"7941",14678.7108168144,15193.1121558015,"x"
"7942",14736.6342795229,15320.728051775,"x"
"7943",14990.0623185646,15965.7697494773,"x"
"7944",14842.2173889241,15500.1328016759,"x"
"7945",14775.9430379348,15612.038092161,"x"
"7946",14566.4967539427,15108.8851697505,"x"
"7947",14794.4594820714,15664.9585417864,"x"
"7948",14672.7475570814,15287.0904958245,"x"
"7949",14539.149121979,14849.3977561367,"x"
"7950",14738.5398452113,15563.9368240377,"x"
"7951",15460.5985642502,16604.4820906364,"x"
"7952",15067.5928878911,16118.6371406535,"x"
"7953",14944.2493495163,15829.284376499,"x"
"7954",14729.964891931,15489.6852102416,"x"
"7955",14803.9026470289,15426.4015830562,"x"
"7956",14695.3363588089,15475.5567950566,"x"
"7957",14580.0064593246,15002.4949256714,"x"
"7958",14561.6855843887,15215.8446938263,"x"
"7959",15013.5639027511,16176.199399075,"x"
"7960",14646.5698002005,15110.1179165913,"x"
"7961",15218.707066961,16113.6624799117,"x"
"7962",15147.0664894987,16396.3297289796,"x"
"7963",15270.731725099,16583.5249634761,"x"
"7964",14911.6554489345,15809.7998847846,"x"
"7965",14928.9558285847,15766.5970593267,"x"
"7966",14765.3222141206,15515.0197686613,"x"
"7967",14859.1758310629,15670.766159572,"x"
"7968",15315.0834457959,16627.2703713662,"x"
"7969",14648.4234534578,15258.9395717909,"x"
"7970",14955.7120137968,15808.4909519946,"x"
"7971",15730.8440082658,17203.2843498106,"x"
"7972",15078.2622380055,16245.9186031973,"x"
"7973",15316.5471162263,16707.6655279473,"x"
"7974",14804.7115938523,15613.4187836214,"x"
"7975",15445.1408650227,16890.0337406776,"x"
"7976",14908.7619412329,15804.5701129439,"x"
"7977",15201.8904512534,16279.3914721817,"x"
"7978",14843.6006693195,15448.3324583015,"x"
"7979",14497.6435316718,14828.1604171166,"x"
"7980",15005.7872551258,16214.1118997138,"x"
"7981",14996.5885288782,15867.2866530765,"x"
"7982",15522.1617705002,17193.6126226425,"x"
"7983",14679.0933644212,15395.7853986082,"x"
"7984",14931.0059699315,15580.6865463558,"x"
"7985",15161.5293299882,16519.8151491856,"x"
"7986",15034.5294462456,16181.3838569568,"x"
"7987",14904.5302257895,15861.0009659148,"x"
"7988",14799.2196261564,15668.1454132964,"x"
"7989",14973.6404974881,15847.1699676445,"x"
"7990",14720.2330652424,15291.7896505344,"x"
"7991",15010.4550677237,15674.8959074165,"x"
"7992",14902.5961281137,15692.6160561539,"x"
"7993",15019.826717706,15989.9858665346,"x"
"7994",14769.0115014784,15479.8022338807,"x"
"7995",14683.388414418,15406.8043873619,"x"
"7996",15145.3658958446,16291.446315774,"x"
"7997",14535.7686083735,15105.3012252166,"x"
"7998",14679.698847816,15382.6264829643,"x"
"7999",14780.3829769348,15474.7964342444,"x"
"8000",14517.2681939368,14877.2327021578,"x"
"8001",14959.603914412,15846.5590690848,"x"
"8002",15216.2352730215,16229.0237269694,"x"
"8003",14988.4401439329,15817.9462419107,"x"
"8004",15011.9367062767,16217.0474817023,"x"
"8005",14720.3932681526,15327.3084568865,"x"
"8006",14944.2510477795,15847.5781209619,"x"
"8007",15035.2550752675,15936.2641845187,"x"
"8008",14807.8828670394,15506.3897453972,"x"
"8009",14902.1998451674,15507.8632327009,"x"
"8010",15730.0147489081,17243.9756365976,"x"
"8011",14507.9498386129,14973.9449829543,"x"
"8012",14578.5685044653,15037.1981305947,"x"
"8013",15041.7929124727,15866.3200468866,"x"
"8014",14738.165089442,15129.358341983,"x"
"8015",14805.0342093744,15599.8601565223,"x"
"8016",15275.6351581707,16484.9912096186,"x"
"8017",15541.8227044187,17353.834457999,"x"
"8018",15180.2761751033,16266.2461693153,"x"
"8019",14863.1271615656,15759.0741435147,"x"
"8020",14592.1129886314,15088.1108881803,"x"
"8021",14794.1478390827,15404.7553283201,"x"
"8022",14946.5194542834,15769.9145084915,"x"
"8023",14929.6150974176,15456.2915257901,"x"
"8024",14818.1832377146,15530.2629453798,"x"
"8025",14833.4838321514,15711.6097130113,"x"
"8026",14756.0231154268,15302.2325250705,"x"
"8027",14697.922644055,15332.8529760734,"x"
"8028",14910.1399702517,15874.1282344184,"x"
"8029",14777.8860261857,15621.2360417809,"x"
"8030",15130.224551026,16138.2077585255,"x"
"8031",14879.1178474317,15673.7341581426,"x"
"8032",14708.3599170036,15304.1869042073,"x"
"8033",15089.7540301665,16180.1185097754,"x"
"8034",14901.2441513133,15630.377826177,"x"
"8035",14680.9684571314,15394.9118133112,"x"
"8036",15121.7961475538,16284.0628868158,"x"
"8037",15086.9802776578,16012.825994341,"x"
"8038",14708.7272131436,15443.5153839111,"x"
"8039",15163.0763758195,16540.5791648538,"x"
"8040",14866.3477974745,15665.5675712029,"x"
"8041",14833.5122297018,15583.5604476692,"x"
"8042",14591.250236511,15088.642485792,"x"
"8043",14615.999979125,15202.7748482076,"x"
"8044",14868.0692891427,15558.4310220551,"x"
"8045",14706.9952838611,15378.1627634047,"x"
"8046",14909.7168611993,15589.2392715175,"x"
"8047",14952.1881368806,15812.7976402172,"x"
"8048",14685.7266416783,15309.0965508606,"x"
"8049",15132.0221481292,16411.9429780923,"x"
"8050",14983.9142552717,15860.8331338057,"x"
"8051",14951.1025504,15799.3932395009,"x"
"8052",15202.5522966229,16179.0810007918,"x"
"8053",14880.6869658583,15602.8883046215,"x"
"8054",14832.3613134567,15744.454190132,"x"
"8055",15059.5549049861,15881.2124443246,"x"
"8056",14805.9943674191,15644.0001399324,"x"
"8057",15182.5202079346,16210.743245743,"x"
"8058",15137.6870610459,16187.6560990176,"x"
"8059",14900.4911087807,15701.0472476915,"x"
"8060",15043.8664506045,16116.9833982353,"x"
"8061",14494.2158245902,14922.9551899557,"x"
"8062",14716.3078309988,15324.7157647873,"x"
"8063",15274.7173133758,16407.4388258223,"x"
"8064",15142.1619625527,16207.4144128476,"x"
"8065",14856.8179181623,15689.4203957412,"x"
"8066",14922.1336809892,15798.8842709247,"x"
"8067",14603.5844055285,15131.24302807,"x"
"8068",14871.3938292866,15813.0854317169,"x"
"8069",14680.297929859,15137.5385306173,"x"
"8070",15325.9534283899,16539.789635739,"x"
"8071",14801.7216053519,15457.8707428379,"x"
"8072",14859.1599552165,15578.1676132079,"x"
"8073",14944.0830936051,15846.3350073189,"x"
"8074",14660.4878814819,15304.7047779099,"x"
"8075",14833.9421919516,15621.8747770728,"x"
"8076",14980.0409441582,15770.3458986612,"x"
"8077",15090.6539848929,16111.686766029,"x"
"8078",14890.2508779998,15564.0612762559,"x"
"8079",15225.4844817571,16463.4002000962,"x"
"8080",14526.3704777231,14837.4979483172,"x"
"8081",15389.8487763092,16755.3296146201,"x"
"8082",14574.9730397036,15079.749514286,"x"
"8083",14909.2753616923,15719.518065644,"x"
"8084",15077.0746527725,16046.7921234219,"x"
"8085",14651.3977875995,15235.6047338119,"x"
"8086",15158.200546527,16363.1897104078,"x"
"8087",14674.0459779632,15206.8777463995,"x"
"8088",15133.411842557,16383.3422492015,"x"
"8089",14953.7199510214,15800.7642390213,"x"
"8090",14849.7923497151,15629.1724590444,"x"
"8091",14955.906946726,15943.9971267611,"x"
"8092",15249.5199414588,16489.1807442708,"x"
"8093",15030.153739072,15979.7707370159,"x"
"8094",14700.0872991118,15356.727294507,"x"
"8095",15346.8569946968,16694.0187630312,"x"
"8096",14993.3067463415,15767.0502851878,"x"
"8097",14640.1207106903,15399.1616753089,"x"
"8098",14633.4108191733,15295.1262182245,"x"
"8099",14311.5189087048,14597.98260688,"x"
"8100",16087.8057088871,18062.8661182535,"x"
"8101",15008.7729480108,15743.2990270939,"x"
"8102",14975.4066138728,15663.7752202459,"x"
"8103",14571.8578449916,15129.3161950487,"x"
"8104",14976.3433529695,15984.5377761022,"x"
"8105",15542.6932232496,17176.1691385499,"x"
"8106",15177.3614360625,16318.5549701357,"x"
"8107",15199.7550030311,16232.5016818374,"x"
"8108",14772.8482433418,15287.5084532553,"x"
"8109",15002.7687826069,16164.516890857,"x"
"8110",14990.7003912988,15851.33647389,"x"
"8111",14631.3644930418,15167.7858091622,"x"
"8112",15581.7590346707,17417.0494867584,"x"
"8113",15119.6831439336,16025.4314074091,"x"
"8114",14719.5395393803,15155.0702931008,"x"
"8115",14699.3835489875,15178.8726610467,"x"
"8116",15114.0863913767,16158.8863731045,"x"
"8117",15062.1021694853,16023.7090120577,"x"
"8118",14716.0719174927,15383.0065906112,"x"
"8119",15022.1202749161,15660.7468851867,"x"
"8120",14480.5050702756,15028.1145941811,"x"
"8121",15407.8025639232,17099.2187026472,"x"
"8122",15691.7282825284,17422.1525929029,"x"
"8123",14907.8016399095,15740.235859533,"x"
"8124",14865.5671831548,15686.1277583877,"x"
"8125",15266.4064235879,16466.5385470705,"x"
"8126",14914.3469206063,15765.5044174708,"x"
"8127",14893.523501857,15896.1133799988,"x"
"8128",14825.2509334044,15444.4987311027,"x"
"8129",14650.6271771357,15207.9235585775,"x"
"8130",14915.8943106273,15728.793471409,"x"
"8131",15329.2477408443,16713.3755977106,"x"
"8132",15185.3491260919,16481.0584446467,"x"
"8133",14914.2741173647,15570.9545677441,"x"
"8134",14724.7198216195,15358.9519290734,"x"
"8135",14814.311525483,15686.223497549,"x"
"8136",14937.2465573142,15745.0742410018,"x"
"8137",15350.664039775,16785.3211443106,"x"
"8138",15201.5150860107,16161.3716764485,"x"
"8139",14922.6696801418,15798.5072839764,"x"
"8140",14780.3128277573,15124.9178529683,"x"
"8141",14756.6959392963,15481.7473098098,"x"
"8142",14788.5697589003,15382.9571117813,"x"
"8143",15032.9285770449,16089.1174096982,"x"
"8144",14779.8292366023,15533.1396910517,"x"
"8145",14801.5549149069,15496.6050900121,"x"
"8146",15163.7998377171,16116.5344011738,"x"
"8147",15607.8117770452,17232.3805981944,"x"
"8148",15147.8739363511,16057.768926989,"x"
"8149",14761.3334200565,15346.9847882004,"x"
"8150",14777.1632884574,15237.8868931657,"x"
"8151",14892.2598509851,15942.4345867321,"x"
"8152",15024.4330913832,15985.8287565776,"x"
"8153",15615.3155370693,17270.0427528907,"x"
"8154",14832.8310589157,15535.2510678166,"x"
"8155",15439.3224796012,17208.9371988576,"x"
"8156",14913.1817729845,15761.3751376111,"x"
"8157",15222.072807396,16421.7858212897,"x"
"8158",14603.7870691465,15154.1664149359,"x"
"8159",15939.9742671072,17711.0838279538,"x"
"8160",14970.8683598013,15659.2830498889,"x"
"8161",14996.3348044843,15725.8612402066,"x"
"8162",14771.4179217243,15467.8796682833,"x"
"8163",14989.73549369,15947.193014964,"x"
"8164",15508.4862343954,17152.53719604,"x"
"8165",15214.2070316014,16366.128176599,"x"
"8166",14899.423774854,15753.4440905801,"x"
"8167",14600.5556407443,14891.0786124752,"x"
"8168",15267.1702847461,16401.7432856124,"x"
"8169",15028.573140865,16083.1051036286,"x"
"8170",14708.6860814792,15377.0952373199,"x"
"8171",15161.9843173776,16344.0880351432,"x"
"8172",15357.4746645962,17073.456129707,"x"
"8173",14996.1987428415,15851.9605600139,"x"
"8174",15043.3318768001,15917.4384730604,"x"
"8175",14650.1805198419,15185.4830576612,"x"
"8176",14729.9549917382,15335.3250867916,"x"
"8177",15091.8476638035,16079.7334645352,"x"
"8178",14535.1004132821,14960.7023114186,"x"
"8179",14652.2262075852,15340.5840814296,"x"
"8180",14534.3826645285,15040.3450179451,"x"
"8181",14545.870347615,14830.281492556,"x"
"8182",14955.0063416449,15892.04920428,"x"
"8183",15357.2720733492,16750.3721630751,"x"
"8184",15322.5194133876,16283.7800684975,"x"
"8185",14688.1231223516,15418.5114068655,"x"
"8186",14651.7850945238,15380.8985107511,"x"
"8187",15173.658267668,16175.2596336362,"x"
"8188",14819.7013147568,15568.8340081184,"x"
"8189",14971.6926312491,15862.647192326,"x"
"8190",14899.7494818793,16172.593451753,"x"
"8191",14718.5037211136,15388.8116561132,"x"
"8192",15046.4102480966,15832.1555332298,"x"
"8193",14756.322737603,15306.5823245843,"x"
"8194",15088.5314065695,16256.3881179589,"x"
"8195",14860.4625244127,15666.2766516187,"x"
"8196",14801.2015758606,15475.6881921058,"x"
"8197",15171.2407546443,16265.6308436845,"x"
"8198",15050.7726808409,16121.3864545119,"x"
"8199",14991.2815931796,15743.7190368619,"x"
"8200",14831.8325313064,15670.1320365142,"x"
"8201",14704.1349085922,15297.9450902227,"x"
"8202",14477.7828654144,14864.3249538974,"x"
"8203",15102.4321283405,16066.3576035103,"x"
"8204",14948.1544193452,15873.7154976616,"x"
"8205",14709.8157325447,15367.0190024403,"x"
"8206",14807.3180126014,15450.500178305,"x"
"8207",14611.1706182924,15015.6013907131,"x"
"8208",14469.4052714615,14734.2332235337,"x"
"8209",14567.4509910654,15063.5874205473,"x"
"8210",14867.8342014499,15577.6274924998,"x"
"8211",15078.4046375333,15939.2932876299,"x"
"8212",14893.0271684646,15745.7102457281,"x"
"8213",14543.5803561187,15099.4652416083,"x"
"8214",15354.3063317283,16572.6258327047,"x"
"8215",14604.0380972691,15049.5058543794,"x"
"8216",14717.4476767996,15258.0662233522,"x"
"8217",15004.7048156731,15602.9357938995,"x"
"8218",14950.884439039,15743.1404883199,"x"
"8219",15074.678524118,15902.5110084194,"x"
"8220",14770.8592277129,15293.0332614644,"x"
"8221",15870.8782070023,17653.894896151,"x"
"8222",15171.5830203876,16220.5977305732,"x"
"8223",15218.93091235,16344.1598232251,"x"
"8224",14490.3687571896,14917.6211986431,"x"
"8225",14726.5804726425,15318.6137931731,"x"
"8226",14984.6614298962,16044.9254280511,"x"
"8227",15718.5993904103,17536.1418337699,"x"
"8228",14821.2543946819,15424.8653755113,"x"
"8229",15042.2003727091,15968.5052686364,"x"
"8230",15695.483417724,17267.8105448942,"x"
"8231",14808.2175600455,15366.5843077822,"x"
"8232",14759.1095255327,15366.0591102889,"x"
"8233",14969.1416373206,15680.1387160475,"x"
"8234",15135.5118924957,16199.5951028514,"x"
"8235",15290.6661015109,16480.1857803463,"x"
"8236",15205.9867647535,16398.7786006942,"x"
"8237",14960.0383793906,15843.9281080589,"x"
"8238",14882.9972736183,15727.5575910318,"x"
"8239",14771.2391602225,15296.7777058701,"x"
"8240",15135.0950772163,16332.3980958726,"x"
"8241",14948.1470338052,15705.1613649599,"x"
"8242",14528.6677040438,15156.2744389891,"x"
"8243",14689.9003650249,15188.8853990997,"x"
"8244",15283.8456887029,16552.1471844914,"x"
"8245",14900.3202511035,15668.7028115028,"x"
"8246",15408.5427748592,17119.7440232921,"x"
"8247",14718.9621525074,15435.1848264973,"x"
"8248",14615.3685141911,15172.3920463259,"x"
"8249",14872.234428295,15732.9529151286,"x"
"8250",14899.1909668159,15931.3249310698,"x"
"8251",14697.9234946886,15145.3050280176,"x"
"8252",14819.7582239696,15516.5652464561,"x"
"8253",15167.095088681,16520.2376075706,"x"
"8254",14978.8418878677,15879.0748876841,"x"
"8255",15050.8587318833,16263.8801577865,"x"
"8256",14704.9459338625,15203.0519316467,"x"
"8257",15190.9810386192,16405.1284523812,"x"
"8258",14472.445735603,14904.8943120864,"x"
"8259",14814.9929607608,15652.0571617439,"x"
"8260",14688.7552132862,15261.368080593,"x"
"8261",15556.3236315911,16808.0227055952,"x"
"8262",14805.3837271425,15494.7384393261,"x"
"8263",14909.5057628889,15647.1848973643,"x"
"8264",14632.0669736737,15233.8139230286,"x"
"8265",14494.3302030101,15009.1339452847,"x"
"8266",14818.5070560862,15618.4953842171,"x"
"8267",15455.2169173047,16854.5537658436,"x"
"8268",14490.4996670456,14864.3392537554,"x"
"8269",15054.7622910169,16150.5390278041,"x"
"8270",14710.5615324394,15355.3494108906,"x"
"8271",14706.9729912822,15331.2669447147,"x"
"8272",15246.4776603693,16408.6029961168,"x"
"8273",14886.9469312854,15748.4747560746,"x"
"8274",15308.7697007865,16519.1401401963,"x"
"8275",14842.2770219958,15452.4480399736,"x"
"8276",14733.8737715856,15395.3799029692,"x"
"8277",14689.3502605027,15221.6613535014,"x"
"8278",15467.6252798985,16682.3005877453,"x"
"8279",14591.858975051,15157.2369242901,"x"
"8280",15188.1423175075,16218.2112792932,"x"
"8281",14809.8218045362,15512.4772310527,"x"
"8282",14639.511734048,15211.5239817052,"x"
"8283",14957.914510292,15984.5537611245,"x"
"8284",14841.2083772349,15674.2585646736,"x"
"8285",14622.1617315802,15194.0006096608,"x"
"8286",14892.09741364,15742.8480235952,"x"
"8287",14746.443397255,15546.0644899523,"x"
"8288",14633.4903653557,15123.4520508645,"x"
"8289",15288.4244496848,16644.137441095,"x"
"8290",14895.2999525931,15420.0201619075,"x"
"8291",14909.7956319918,15815.7613199538,"x"
"8292",15148.4071848899,16295.1983320142,"x"
"8293",14627.7394812712,15044.7138258817,"x"
"8294",14930.9935068221,15613.8691947207,"x"
"8295",14775.4172177436,15452.4112078399,"x"
"8296",14679.9750736522,15389.5142724437,"x"
"8297",15412.9322383026,16915.5798058019,"x"
"8298",14743.9292047413,15375.7526005451,"x"
"8299",15483.9536008635,17285.1525711878,"x"
"8300",15076.8909684039,16290.2662672074,"x"
"8301",15588.1165692906,17498.8618228945,"x"
"8302",14781.1556384718,15132.3863860957,"x"
"8303",14719.7202332427,15399.0477138439,"x"
"8304",15032.2658778291,15813.98004136,"x"
"8305",14946.1294410929,15868.3439204347,"x"
"8306",14870.9092029825,15795.9891137963,"x"
"8307",14955.870499141,15738.1293074411,"x"
"8308",14930.7285705865,15880.204674167,"x"
"8309",14567.0601266984,15116.3850610698,"x"
"8310",14984.2174572265,16116.323767988,"x"
"8311",15087.4955872404,16098.0783594299,"x"
"8312",14940.3805767303,16127.8317986506,"x"
"8313",15261.3379566597,16502.6833290173,"x"
"8314",14798.3606981812,15624.9740115905,"x"
"8315",15060.6188673292,16165.3074718243,"x"
"8316",14714.1798170032,15200.4813507695,"x"
"8317",14635.6627539655,15186.7929928383,"x"
"8318",15098.4598800839,16147.3177174088,"x"
"8319",14715.6922961629,15261.2997310131,"x"
"8320",14973.09359294,15953.9376945495,"x"
"8321",14452.8474529194,14869.9854426169,"x"
"8322",15132.1162793864,16068.8121568065,"x"
"8323",14617.5516850798,14932.2836472923,"x"
"8324",14796.8594753478,15154.9467424716,"x"
"8325",14915.9018440926,15866.8740464614,"x"
"8326",14785.151127534,15446.2800976074,"x"
"8327",14800.3779822645,15458.7889658331,"x"
"8328",14657.3767378275,15201.1957844527,"x"
"8329",14671.5216412954,15374.6999846925,"x"
"8330",15075.6688495984,16017.8140413258,"x"
"8331",14797.2271880494,15563.526416561,"x"
"8332",14776.2201391506,15519.7721332585,"x"
"8333",14873.1508696848,15846.8730689841,"x"
"8334",14999.9358876794,15916.5580283514,"x"
"8335",15136.622436688,16432.0082917965,"x"
"8336",14902.4368630259,15816.6395386006,"x"
"8337",15123.3100670573,16053.5203241876,"x"
"8338",15026.9365465212,16125.272930673,"x"
"8339",14801.8446381773,15391.0090063729,"x"
"8340",14426.5818742375,14800.2466296678,"x"
"8341",15025.1936317675,15842.6879932529,"x"
"8342",14665.7066237567,15385.209753194,"x"
"8343",14843.0093044045,15439.8704093267,"x"
"8344",14982.8727435184,15774.8837078588,"x"
"8345",14588.6470294393,15072.6765245708,"x"
"8346",14934.7882350843,15739.2161294921,"x"
"8347",14902.4912370088,15761.8670926143,"x"
"8348",14601.727539173,15195.8952628774,"x"
"8349",14681.6582260336,15254.9270632368,"x"
"8350",14683.4124987551,15473.3549178264,"x"
"8351",15174.303481481,16510.9741129741,"x"
"8352",14791.9319484886,15604.7039288337,"x"
"8353",15200.7951103654,16340.9740301327,"x"
"8354",14880.8838281682,15722.2553377561,"x"
"8355",14954.572959064,15807.8461035178,"x"
"8356",14887.5327046228,15612.1747264208,"x"
"8357",14943.5107430825,15803.1697009503,"x"
"8358",14460.0698021112,14796.8233653019,"x"
"8359",15273.9382072386,16385.7774516464,"x"
"8360",15306.5205957034,16719.3819542694,"x"
"8361",15251.0542138471,16668.163741436,"x"
"8362",15378.3618474865,16825.2352347385,"x"
"8363",14902.0909628125,15565.3467433079,"x"
"8364",14697.7363273989,15381.1461531305,"x"
"8365",15081.0705388886,16086.7194826627,"x"
"8366",15272.8389582215,16340.9592390853,"x"
"8367",15285.1142271921,16436.0189908065,"x"
"8368",14942.7227513336,15866.8050198924,"x"
"8369",14812.1326061017,15545.6912193998,"x"
"8370",14710.6321367355,15196.3009136584,"x"
"8371",14714.2929441353,15100.7231276808,"x"
"8372",14675.9057898158,15197.3086321956,"x"
"8373",14793.3102789009,15531.8971879603,"x"
"8374",14691.5445264575,15300.4057648942,"x"
"8375",15184.2255562196,16297.6981274257,"x"
"8376",14957.1983991152,15745.637820135,"x"
"8377",14713.1895730253,15409.1239116853,"x"
"8378",14815.5650870178,15672.6945234513,"x"
"8379",14762.7563601201,15371.5206934037,"x"
"8380",14933.1966789544,16035.7434732055,"x"
"8381",14762.6533364675,15507.4799199955,"x"
"8382",14828.6643144335,15673.8322014655,"x"
"8383",14807.2532918373,15334.0046386934,"x"
"8384",14822.9074956157,14989.0005192246,"x"
"8385",14948.2407668986,15702.7064696649,"x"
"8386",14598.151308414,15062.7607567072,"x"
"8387",14738.4506778793,15137.7579838598,"x"
"8388",14876.251411427,15759.9769844598,"x"
"8389",15079.3216457318,16152.0854817651,"x"
"8390",14959.5048493559,15887.8183959564,"x"
"8391",15191.6690740109,16314.2141533797,"x"
"8392",14549.8486139184,15118.9711226227,"x"
"8393",15187.0210833372,16173.2402115185,"x"
"8394",15311.2239610072,16577.24093342,"x"
"8395",14552.9300305826,14833.5422639743,"x"
"8396",14702.4669795529,15167.634005288,"x"
"8397",15225.6098609188,16179.3722332067,"x"
"8398",15534.8784320105,17157.7210027283,"x"
"8399",14572.886816502,15008.2854946128,"x"
"8400",14666.5780529569,15154.6064424044,"x"
"8401",14910.2874687221,15576.8800336789,"x"
"8402",15055.4869566275,16101.1325330847,"x"
"8403",15417.1631172922,17069.7203898427,"x"
"8404",14788.3504119341,15628.4711284527,"x"
"8405",14546.6768519049,14882.2263737748,"x"
"8406",15175.4479554806,16281.437114934,"x"
"8407",14667.37448982,15232.365805777,"x"
"8408",14640.552043832,15166.9798111781,"x"
"8409",15010.6948986879,15868.3019253889,"x"
"8410",14717.327695501,15493.217352329,"x"
"8411",15107.6686375052,16068.9649377265,"x"
"8412",14903.3703210069,15747.8043714911,"x"
"8413",14869.8907747367,15631.1654463171,"x"
"8414",14785.2106129485,15574.2099313111,"x"
"8415",15005.215855073,15972.7251118137,"x"
"8416",14550.1754394497,15054.3975969296,"x"
"8417",14732.4726618886,15171.902269643,"x"
"8418",14952.777982507,15791.5529773476,"x"
"8419",14740.9276908294,15371.4239244058,"x"
"8420",14569.7629376495,15192.1347774807,"x"
"8421",14387.0249810108,14788.0675905628,"x"
"8422",15028.4051516998,15957.1732287685,"x"
"8423",14439.8115358142,14784.6928033586,"x"
"8424",14829.7995365393,15521.3306266448,"x"
"8425",14896.8283508014,15711.1441656946,"x"
"8426",14944.467671959,15655.8323618832,"x"
"8427",14679.8548459508,15304.8803678054,"x"
"8428",14422.0891112296,14744.3757935041,"x"
"8429",15140.2983825227,16247.3399889325,"x"
"8430",15073.4287957526,15990.8484722307,"x"
"8431",14871.4926584641,15695.9051027786,"x"
"8432",14660.8072954984,15026.4567963947,"x"
"8433",14933.9310374533,15776.6063476995,"x"
"8434",15215.2744235682,16422.7216107882,"x"
"8435",14614.3297091555,15169.094548403,"x"
"8436",14602.1650180516,15180.6741224484,"x"
"8437",14592.9561736311,15098.9814026272,"x"
"8438",14793.8354980138,15504.7043740657,"x"
"8439",14727.3313166218,15279.0763284825,"x"
"8440",15551.5889603312,17160.8988211913,"x"
"8441",14858.6980683299,15680.409324003,"x"
"8442",14971.0369670522,15920.8289952235,"x"
"8443",14935.5164017009,15682.8955533517,"x"
"8444",14684.7671749365,15344.8774570846,"x"
"8445",14883.0087408607,15571.0223612862,"x"
"8446",15288.8989204773,16531.5442138514,"x"
"8447",14874.6835064094,15609.556852976,"x"
"8448",15163.4790457271,16295.7991280151,"x"
"8449",14684.7461796751,15294.4954901024,"x"
"8450",15489.0027469763,17274.9662633457,"x"
"8451",14538.7201302439,15004.3546933033,"x"
"8452",14636.9581795922,15220.5410480508,"x"
"8453",15000.3481439269,15865.016300367,"x"
"8454",14922.2584001815,15792.9928577584,"x"
"8455",14955.3672585801,15787.007076726,"x"
"8456",15111.6675494398,16206.6896699259,"x"
"8457",15149.9557533062,16067.4735169633,"x"
"8458",15678.5748026083,17525.3888734559,"x"
"8459",14814.030616702,15640.6105281313,"x"
"8460",14851.0036533793,15718.4579229786,"x"
"8461",14910.256675956,15807.935744089,"x"
"8462",14727.2519031141,15410.5094895405,"x"
"8463",14992.9030177617,16145.454988885,"x"
"8464",14879.6893483771,15644.8353322852,"x"
"8465",14756.6401056833,15336.2518501153,"x"
"8466",14584.171713745,15134.0938608457,"x"
"8467",15275.364634605,16493.9310884818,"x"
"8468",15114.2996657075,16134.0691841415,"x"
"8469",15044.2646566445,16138.0209850892,"x"
"8470",14873.9185038964,15657.0762852972,"x"
"8471",15169.9432894851,16351.7237794873,"x"
"8472",14867.6606527855,15713.2783630488,"x"
"8473",14766.3904901314,15590.6322364129,"x"
"8474",14792.5416310983,15485.3787837601,"x"
"8475",15183.1389290023,16290.3188822992,"x"
"8476",14888.2294882001,15649.1046937427,"x"
"8477",14716.8194363916,15327.0851271343,"x"
"8478",14602.0052781671,15089.521175787,"x"
"8479",14670.8454285309,15293.7849755454,"x"
"8480",14662.1305068686,15129.5456792498,"x"
"8481",14844.812500758,15520.1592206659,"x"
"8482",14926.7110589992,15561.6647368402,"x"
"8483",15612.3806305385,17062.0087513734,"x"
"8484",15001.9863343573,15766.6792056422,"x"
"8485",14694.1466423192,15156.329703714,"x"
"8486",14847.6254475303,15662.0247090239,"x"
"8487",15357.8495277546,16637.6156077071,"x"
"8488",14917.9962066712,15539.6218789183,"x"
"8489",14680.46882806,15318.1897572548,"x"
"8490",14927.9861094899,15698.6869350359,"x"
"8491",14859.2545788838,15576.6052037175,"x"
"8492",15160.5886661292,16161.4328673046,"x"
"8493",14922.675403486,15654.4077333539,"x"
"8494",14755.6357310926,15320.0751812752,"x"
"8495",15264.8206009309,16489.3633767093,"x"
"8496",14773.0358351347,15615.5965146249,"x"
"8497",15004.0225138957,16051.6303361853,"x"
"8498",14839.5245767305,15526.721387133,"x"
"8499",15432.6573721164,16911.5484620942,"x"
"8500",14787.8723542601,15544.8732667438,"x"
"8501",15167.3789699888,16100.13342713,"x"
"8502",14947.2861065422,15778.2213487522,"x"
"8503",15034.7110050777,15986.2776400855,"x"
"8504",14943.5623539697,15683.2638264447,"x"
"8505",14991.5042928007,15749.5308980686,"x"
"8506",14617.6947150834,15114.0832962374,"x"
"8507",14505.5875427792,15014.9520632102,"x"
"8508",14962.8335404291,16217.9578189271,"x"
"8509",15385.3061782774,16758.8614627708,"x"
"8510",15303.5203535962,16537.6606914524,"x"
"8511",14667.8593131294,15144.3832160715,"x"
"8512",14832.0008613325,15421.1988783189,"x"
"8513",14578.2820367868,15214.6704889063,"x"
"8514",15177.0836944457,16367.1318317581,"x"
"8515",14811.7181635516,15775.6468701865,"x"
"8516",14904.8236202159,15712.5207890936,"x"
"8517",14859.0308752085,15657.6238463866,"x"
"8518",14796.8186331687,15386.8808974813,"x"
"8519",15142.1012580467,16232.5988339563,"x"
"8520",14615.053682546,15263.5567144162,"x"
"8521",15096.2425160537,16031.3895534758,"x"
"8522",15044.149846725,16078.8994443844,"x"
"8523",14898.5559611107,15887.5776867926,"x"
"8524",15247.5340815826,16399.6803462616,"x"
"8525",14645.5723125767,15202.5772890528,"x"
"8526",14941.6505308904,15943.5167814517,"x"
"8527",14457.2211021815,14858.8399689273,"x"
"8528",15027.573812072,15826.3429627206,"x"
"8529",14841.3239610077,15659.6435207099,"x"
"8530",15004.2182755822,15937.8442879153,"x"
"8531",14771.8568799817,15504.9827495927,"x"
"8532",14983.8941288999,15889.6527665136,"x"
"8533",14874.7358809405,15608.9564798516,"x"
"8534",14635.1214194998,15200.4112272652,"x"
"8535",14912.1336139437,15825.5046099961,"x"
"8536",14940.2369751283,15482.181049861,"x"
"8537",14885.2184165336,15851.0902844278,"x"
"8538",14965.4666425497,15772.3907730677,"x"
"8539",14574.7419563367,14949.3465750805,"x"
"8540",15303.3224537344,16566.1599803373,"x"
"8541",14782.3555571765,15512.8523515754,"x"
"8542",14460.7050799416,14866.5359530031,"x"
"8543",14867.6797537481,15633.4646633488,"x"
"8544",14655.8260799901,15187.2660875954,"x"
"8545",14613.6645335128,15135.1839577277,"x"
"8546",15398.8958598824,16768.276196824,"x"
"8547",14829.6251419358,15450.6134429935,"x"
"8548",14495.0923021345,15080.7936890841,"x"
"8549",14801.2120188211,15367.8336950794,"x"
"8550",15076.1534059408,16033.3077592357,"x"
"8551",14822.9493700939,15483.7584448228,"x"
"8552",15100.9421350447,15977.2491372402,"x"
"8553",14747.9913114496,15314.00810556,"x"
"8554",14958.6158117493,15937.3270609863,"x"
"8555",14673.7230487774,15256.1468754874,"x"
"8556",14643.5663646396,15293.7028386485,"x"
"8557",14605.8594509749,15141.5454707605,"x"
"8558",14699.9692874526,15131.5294555774,"x"
"8559",14751.1773223217,15500.5240960676,"x"
"8560",14836.7943543264,15533.4441500756,"x"
"8561",14607.1895662333,15173.0133883847,"x"
"8562",14588.6751605354,15173.5115895596,"x"
"8563",14643.976165629,15183.7291660131,"x"
"8564",14654.1795343956,15243.4931516024,"x"
"8565",14623.8190728756,14986.5471861578,"x"
"8566",14962.4726534789,15778.7032344504,"x"
"8567",14782.8990641493,15429.4228593036,"x"
"8568",15518.5949264396,16891.6369216374,"x"
"8569",15027.9874048078,15934.6141036495,"x"
"8570",14829.8350036132,15558.5583712001,"x"
"8571",14906.7726687647,15689.6514053557,"x"
"8572",15200.8205687851,16442.2516971474,"x"
"8573",15519.6534564015,17118.2993605276,"x"
"8574",14861.7044058423,15737.6291520816,"x"
"8575",14958.0261823115,15877.7084891026,"x"
"8576",14627.3688104236,15092.4474899369,"x"
"8577",14851.2943799713,15633.4521192506,"x"
"8578",14876.9781532574,15576.8802278294,"x"
"8579",16382.3595382116,19274.7607743636,"x"
"8580",14916.7310979973,15749.0303379761,"x"
"8581",14453.468522586,14888.821251744,"x"
"8582",14993.3709090107,15916.0351247684,"x"
"8583",15251.0624672152,16503.9116997706,"x"
"8584",14743.8827854197,15499.8561480565,"x"
"8585",14339.3794819258,14818.7674292591,"x"
"8586",14588.1697135685,15180.3037841697,"x"
"8587",15111.3431787621,16121.3690241007,"x"
"8588",15017.2830825985,15798.138482506,"x"
"8589",14746.4167485223,15377.0557475066,"x"
"8590",14934.9615884117,15866.5704035482,"x"
"8591",14842.8472849503,15423.5875185088,"x"
"8592",14672.9905556298,15114.7099017429,"x"
"8593",15028.5439950517,16093.4835661346,"x"
"8594",14582.0092408708,15082.2622477745,"x"
"8595",15008.5355779769,15446.4437484935,"x"
"8596",15338.0457219336,16698.0490992343,"x"
"8597",14746.3458998599,15177.2119023937,"x"
"8598",14640.0178154317,15057.1601193334,"x"
"8599",14993.5884811867,15915.2951096464,"x"
"8600",15116.3797008647,16356.9975147287,"x"
"8601",14904.795353083,15645.9004050165,"x"
"8602",14932.6672505005,15651.924873568,"x"
"8603",14942.960639316,15551.7310385983,"x"
"8604",14956.4102150122,16079.1433420587,"x"
"8605",14827.0259560672,15530.3737952235,"x"
"8606",15020.8651470396,16001.9782536795,"x"
"8607",14754.3648947718,15414.0022547549,"x"
"8608",14493.1430139822,14848.5779062016,"x"
"8609",14954.3826360555,15625.7193819364,"x"
"8610",14730.5643212664,15470.8510513273,"x"
"8611",15132.2896049696,16173.0839015152,"x"
"8612",15032.1927640884,15985.9470328818,"x"
"8613",15031.9626273111,16041.6472424416,"x"
"8614",14592.0463129736,15097.9413556722,"x"
"8615",14685.443070896,15333.5306929097,"x"
"8616",14620.081900543,14995.955094035,"x"
"8617",14855.3046841363,15643.3322172743,"x"
"8618",14521.63618977,14954.571375992,"x"
"8619",14954.2836309694,15787.8138508927,"x"
"8620",14968.9726695121,15762.9113330192,"x"
"8621",14969.3403638999,15860.8277467328,"x"
"8622",14634.28090326,15178.8053954583,"x"
"8623",14637.682706453,15136.3680329271,"x"
"8624",14922.8209018874,15833.3311720172,"x"
"8625",15540.4015618771,17250.0442031068,"x"
"8626",14903.2834737126,15631.0703525106,"x"
"8627",14648.7492647692,15186.7115897496,"x"
"8628",14760.8733928646,15317.428275409,"x"
"8629",14881.5304532228,15805.8955201147,"x"
"8630",15321.2186937245,16646.4349232413,"x"
"8631",14714.9121115263,15405.2964312552,"x"
"8632",14764.1198222369,15285.0729036402,"x"
"8633",14905.3126124274,15734.5157857119,"x"
"8634",14728.9901725338,15357.6906794169,"x"
"8635",14763.7346152048,15241.3868726695,"x"
"8636",15047.7860172548,16003.2669497693,"x"
"8637",14957.6090563512,15815.7570829594,"x"
"8638",15024.0916473164,15961.7402987603,"x"
"8639",15101.6492465102,15713.6487597112,"x"
"8640",14625.9496105959,14984.3076617569,"x"
"8641",15133.2425452758,16208.5973042148,"x"
"8642",15014.346089677,15821.5286575579,"x"
"8643",14458.2864837932,14812.9952964773,"x"
"8644",14720.6588535282,15379.7125591481,"x"
"8645",14723.9105182607,15472.7093865644,"x"
"8646",14985.336729178,15789.5549821138,"x"
"8647",14628.917036027,15349.1862014017,"x"
"8648",14820.1288530664,15459.6143398593,"x"
"8649",15532.5197696396,17330.8182885554,"x"
"8650",14968.7760382243,15947.0918869945,"x"
"8651",14891.7646939411,15779.1398793172,"x"
"8652",14775.9234572162,15457.4068365836,"x"
"8653",14996.4608987359,15977.6947054822,"x"
"8654",14738.8087919864,15203.6031133467,"x"
"8655",15067.3042551617,16082.108734773,"x"
"8656",14774.1326132191,15463.6898448972,"x"
"8657",14803.623359449,15647.9730088008,"x"
"8658",14677.6882798749,15237.1875724145,"x"
"8659",14764.461393967,15382.231553336,"x"
"8660",14921.9589142016,15693.1749515661,"x"
"8661",15108.5916953037,16265.7182905458,"x"
"8662",14813.617644799,15553.919179495,"x"
"8663",14603.2756487725,15103.0984004964,"x"
"8664",14838.9871061046,15645.8886205534,"x"
"8665",14799.0737976661,15525.7285313812,"x"
"8666",15247.3708722341,16346.8695155058,"x"
"8667",14518.1610805117,14982.0493144033,"x"
"8668",15055.1547435406,16156.1549834903,"x"
"8669",14573.6224492758,15108.2535342359,"x"
"8670",14758.0392384827,15467.9484462178,"x"
"8671",15107.7994246325,16286.6426382575,"x"
"8672",14892.3847785602,15583.1797748461,"x"
"8673",15012.511277373,16062.7935279254,"x"
"8674",14664.1758072098,15210.7752485536,"x"
"8675",14733.6943887291,15284.182658355,"x"
"8676",15017.0082549858,16201.9817064142,"x"
"8677",14826.506086593,15723.5962595642,"x"
"8678",15025.4943964172,16135.0765431285,"x"
"8679",14750.7328632327,15096.0649633547,"x"
"8680",15191.6231940772,16305.394812465,"x"
"8681",15148.4296474998,16373.6406386931,"x"
"8682",14664.5028795247,15186.3468331959,"x"
"8683",14942.8960153609,15890.5458689183,"x"
"8684",14935.2828518764,15785.4192852464,"x"
"8685",15051.9094327589,16188.327010651,"x"
"8686",14784.784029257,15645.7949577259,"x"
"8687",14925.5839015812,15747.7491818302,"x"
"8688",14470.389488761,14761.2726500305,"x"
"8689",14924.6746399948,16000.1406451116,"x"
"8690",15315.1803814843,16592.2302475332,"x"
"8691",15080.6620090193,16029.9867415114,"x"
"8692",14766.3375836748,15321.6028060601,"x"
"8693",14528.5532578708,14919.1681441833,"x"
"8694",14443.3693495139,14793.4649621883,"x"
"8695",14972.9518662353,15878.2887503892,"x"
"8696",14575.7158887514,15040.3739694782,"x"
"8697",14793.5047935317,15380.6883060748,"x"
"8698",14852.6459717766,15609.934064044,"x"
"8699",14616.4862089936,15258.6160250161,"x"
"8700",14590.2639393629,15119.3457189862,"x"
"8701",14653.3978471974,15178.6492478153,"x"
"8702",14953.7685997146,15493.584522494,"x"
"8703",14987.8718468558,15831.0621079237,"x"
"8704",14672.4672071756,15205.775354453,"x"
"8705",14700.4521609587,15332.6811777613,"x"
"8706",15074.443337985,16062.5343718157,"x"
"8707",14784.0134147882,15650.0886891642,"x"
"8708",14738.7894943611,15147.2354382244,"x"
"8709",14970.1760947475,15740.442344239,"x"
"8710",14578.8130503765,15024.9919215815,"x"
"8711",15105.6116264017,16192.3946239046,"x"
"8712",14889.2776662057,15365.3499814731,"x"
"8713",14740.4825849405,15309.1357431427,"x"
"8714",14590.9747557461,15134.6843613957,"x"
"8715",15153.2052457776,16315.3587269769,"x"
"8716",14511.0531368398,15044.0388407166,"x"
"8717",14599.8139707362,15155.8107087689,"x"
"8718",14775.1707420412,15396.3377396061,"x"
"8719",15076.2557011141,16233.8447819206,"x"
"8720",15140.9541176126,16363.0798602492,"x"
"8721",14621.7901894395,14986.205299969,"x"
"8722",15075.3998929881,16063.1245234879,"x"
"8723",15038.9280490119,15990.4490739379,"x"
"8724",14839.1019785618,15675.815124137,"x"
"8725",14600.9079373309,15029.7332303204,"x"
"8726",14953.0903364754,15853.7276059536,"x"
"8727",14980.3442110408,16081.0507935187,"x"
"8728",14760.7799309142,15100.2243736251,"x"
"8729",15025.8312671931,15969.4845937788,"x"
"8730",14961.5026754825,15878.6941252387,"x"
"8731",14884.6114079188,15647.5744700272,"x"
"8732",14976.992365168,16018.4732361512,"x"
"8733",15171.5781826488,16323.9475116415,"x"
"8734",14749.7734335554,15368.1734610536,"x"
"8735",15206.3307829219,16463.0401361059,"x"
"8736",14806.6701529983,15447.7051248032,"x"
"8737",15222.8750530675,16277.8732376762,"x"
"8738",14587.7740726894,15141.4590033116,"x"
"8739",14467.1261641311,14945.5073427751,"x"
"8740",14425.1241823244,14728.1054208347,"x"
"8741",15058.1208004207,16254.8857844412,"x"
"8742",14792.4276284442,15499.8000773989,"x"
"8743",14892.341476859,15801.1645735119,"x"
"8744",14854.6294194466,15693.4920148551,"x"
"8745",14757.3123102303,15519.9954063061,"x"
"8746",15128.0889855242,16154.5801450262,"x"
"8747",14799.7263248771,15359.5379517959,"x"
"8748",14625.3204045066,14909.7109756013,"x"
"8749",14903.8530167901,15722.5537807247,"x"
"8750",15420.3048743161,17026.7920058061,"x"
"8751",14881.0344304231,15457.3951494239,"x"
"8752",15397.5648605583,16562.5280273915,"x"
"8753",15191.7746461317,16138.6048281934,"x"
"8754",14816.9267241372,15663.3782596581,"x"
"8755",15076.9762254269,16188.2579155516,"x"
"8756",15122.7622784741,16276.1722910703,"x"
"8757",14794.4652442002,15263.8470575891,"x"
"8758",14972.8441121902,15872.6644503412,"x"
"8759",14635.9407913097,15202.5529449442,"x"
"8760",14974.9277347038,15855.9475987186,"x"
"8761",14492.6834910855,15011.2301995838,"x"
"8762",14586.298364874,15196.2648375725,"x"
"8763",14778.565861689,15481.0830450181,"x"
"8764",15491.8988581077,17055.0504484106,"x"
"8765",14889.761009709,15830.6965434893,"x"
"8766",15023.0914936017,16093.4118423627,"x"
"8767",15131.6788868543,16355.4321783464,"x"
"8768",14923.7688505475,15751.7701360158,"x"
"8769",14960.3195403843,15738.5132483483,"x"
"8770",14695.9562706328,15380.4479929361,"x"
"8771",14776.1496003231,15463.3292757793,"x"
"8772",14993.0654829216,15714.3206320402,"x"
"8773",14698.1767932238,15271.8186802544,"x"
"8774",15015.2192630341,16000.0987562176,"x"
"8775",14958.5844274297,15648.2999992775,"x"
"8776",14664.8443281257,15290.921355411,"x"
"8777",15220.6267822656,16314.9523107276,"x"
"8778",14779.6020649094,15363.9847138506,"x"
"8779",15140.4338997741,16277.5062891161,"x"
"8780",14783.2248960172,15424.1769128837,"x"
"8781",14783.7623092342,15395.6892578784,"x"
"8782",14554.0855498835,15103.1011654358,"x"
"8783",14956.5069301574,15659.0979609281,"x"
"8784",15142.2700517214,16248.0019079963,"x"
"8785",14774.9739686104,15388.3517019678,"x"
"8786",14898.3491764405,15666.4471821945,"x"
"8787",14752.3933628141,15488.5508985849,"x"
"8788",14963.9398053302,15764.7049364971,"x"
"8789",14508.3724645979,15027.8910464152,"x"
"8790",15157.0738084299,16404.4414142598,"x"
"8791",14913.6197711848,15548.0566874559,"x"
"8792",14743.5938768507,15382.5433911544,"x"
"8793",14669.5472145667,15279.9643606144,"x"
"8794",14602.1216686156,15146.0782228966,"x"
"8795",15084.3879262742,16087.249764502,"x"
"8796",15149.4617065785,16249.6394231818,"x"
"8797",14510.124651433,14947.9475448248,"x"
"8798",15042.0979938111,16131.4381221486,"x"
"8799",14941.1734254552,15868.7720177666,"x"
"8800",14737.775482328,15359.0764985046,"x"
"8801",14690.1488885237,15273.5248331507,"x"
"8802",14937.3799071216,15797.6657471672,"x"
"8803",14953.6409780516,15950.8829927865,"x"
"8804",14426.036211991,14700.2687518691,"x"
"8805",14630.4942214466,15118.520575707,"x"
"8806",15215.1247083507,16754.5830776344,"x"
"8807",14823.3424605554,15663.676346455,"x"
"8808",14458.2534013121,14906.1017364561,"x"
"8809",14581.1118254369,14940.904523338,"x"
"8810",14597.2430982825,15221.5962861696,"x"
"8811",15200.4015094389,16353.8289807996,"x"
"8812",14716.8194439877,15368.1663255251,"x"
"8813",14641.7286976927,15291.8703173703,"x"
"8814",14856.6613965172,15655.6561967919,"x"
"8815",14639.9237591858,15261.411834317,"x"
"8816",15220.436558016,16240.8190137856,"x"
"8817",15022.7501625519,15872.1767797928,"x"
"8818",14855.9095737433,15520.4813464227,"x"
"8819",14751.3778433367,15183.6472609231,"x"
"8820",14674.2366587731,15128.3444192177,"x"
"8821",15389.9600597644,16818.3779747805,"x"
"8822",14974.6698383883,15905.1222900786,"x"
"8823",14765.914922323,15493.0003017981,"x"
"8824",14660.5137502818,15264.6059808016,"x"
"8825",14840.877734027,15666.0448739891,"x"
"8826",14696.1801288361,15400.3358769761,"x"
"8827",14655.8410152703,14963.4697583985,"x"
"8828",14670.5353502195,15318.8752343908,"x"
"8829",15293.0662937853,16574.610579684,"x"
"8830",14896.1362415458,15715.5511234136,"x"
"8831",15222.6809337602,16387.0869761715,"x"
"8832",15636.4325799531,17250.3370260596,"x"
"8833",15738.0200796888,17475.9001650049,"x"
"8834",14779.6334955234,15607.2801462464,"x"
"8835",14878.9505255587,15699.7587099225,"x"
"8836",14751.2172832736,15415.7661256087,"x"
"8837",14955.2859952902,16055.4465453688,"x"
"8838",14771.0429604614,15317.4025265016,"x"
"8839",15234.7584288683,16266.4545421687,"x"
"8840",15049.500193046,16106.9479831232,"x"
"8841",14695.8879707243,15221.444142597,"x"
"8842",14744.6726547214,15560.0138454635,"x"
"8843",14984.708803755,15811.6321147014,"x"
"8844",14902.5264297439,15769.134484018,"x"
"8845",14955.3863103228,15803.3753189859,"x"
"8846",15062.1782644007,15977.5451606596,"x"
"8847",14890.521603537,15794.4976635613,"x"
"8848",15093.3130643609,16243.3552065546,"x"
"8849",15254.9503236375,16551.5531492763,"x"
"8850",14934.889092105,15895.3869214889,"x"
"8851",14585.549616222,15281.6620952878,"x"
"8852",14839.0149972176,15450.0404886229,"x"
"8853",15833.1423508847,17750.6028949862,"x"
"8854",14485.9463203206,14792.5132456933,"x"
"8855",14961.343889216,15951.777151342,"x"
"8856",14603.4066533653,15230.4823448249,"x"
"8857",14633.3991354945,15202.9773546343,"x"
"8858",15053.0770363895,16094.7772038682,"x"
"8859",14926.0564619364,15681.6759512056,"x"
"8860",14766.5904262602,15363.7749547543,"x"
"8861",14704.253509555,15290.3067141576,"x"
"8862",15034.0190773779,16142.6606995773,"x"
"8863",14811.7124154606,15567.2409000324,"x"
"8864",14826.3268855374,15557.6347454217,"x"
"8865",15338.5553554069,16584.6223090387,"x"
"8866",14979.3480064956,15443.840722825,"x"
"8867",14792.6326259379,15271.9114187915,"x"
"8868",14458.1910942799,14844.6897354507,"x"
"8869",14470.2662217704,14762.6553864387,"x"
"8870",15284.8777423568,16518.752759038,"x"
"8871",14978.3576827402,15821.5969123056,"x"
"8872",14987.5485429725,15905.1185311988,"x"
"8873",14343.5312643705,14691.0960250781,"x"
"8874",15051.4297907966,16036.8812553403,"x"
"8875",14708.2999716273,15340.5321680653,"x"
"8876",14421.4150804547,14922.8863154356,"x"
"8877",15048.4291596557,16147.3618545118,"x"
"8878",14843.8514389517,15421.5921879736,"x"
"8879",14741.9629090694,15469.5211903537,"x"
"8880",14986.8696322843,15774.0388056624,"x"
"8881",15110.6175684412,16311.3498738845,"x"
"8882",15003.2924808434,16019.9217799269,"x"
"8883",14980.0822542239,15915.995936871,"x"
"8884",14474.9563061143,14842.5508025033,"x"
"8885",14825.7903121041,15604.240657734,"x"
"8886",14620.172825811,15188.3631776559,"x"
"8887",14513.9020385145,14877.9350872958,"x"
"8888",14855.7973470935,15635.574565626,"x"
"8889",14726.2637174167,15381.1288551108,"x"
"8890",15327.6816493814,16448.7250399434,"x"
"8891",14488.004827252,14893.2943724247,"x"
"8892",14652.0025089792,15193.3839544615,"x"
"8893",15667.9176760007,17899.8979328211,"x"
"8894",14892.9243740274,15671.6439328143,"x"
"8895",14969.0447499432,15961.1946348183,"x"
"8896",14963.7496121099,15746.9453221683,"x"
"8897",14639.19838409,15264.8068251872,"x"
"8898",14589.6196395484,14996.3421845699,"x"
"8899",14540.993287135,14992.1188830021,"x"
"8900",15131.5286416971,16261.4499806435,"x"
"8901",14823.1969206614,15500.7334211078,"x"
"8902",14603.1299587841,15117.0871224193,"x"
"8903",14652.2061784839,15357.1667901969,"x"
"8904",14983.078482714,15939.3489106979,"x"
"8905",14697.5697459693,15413.0818302058,"x"
"8906",14456.5231904124,14983.7812915771,"x"
"8907",14879.7318554792,15507.4307849362,"x"
"8908",14775.9388711413,15748.0684166085,"x"
"8909",14812.4447535472,15599.2154423959,"x"
"8910",15034.2922600955,15876.1466785101,"x"
"8911",14503.3386636118,14814.7595688732,"x"
"8912",14741.0631948524,15425.6543635269,"x"
"8913",14789.1468324277,15672.486312655,"x"
"8914",14628.70838604,15063.240478314,"x"
"8915",14919.3719644152,16023.9741971241,"x"
"8916",15224.5516087619,16423.1499103177,"x"
"8917",14952.7688443091,15900.9727545381,"x"
"8918",14438.4965974737,14759.7163819403,"x"
"8919",14867.6977585304,15585.7373925685,"x"
"8920",14430.5591929999,14691.6571512795,"x"
"8921",14795.4529914842,15403.201159154,"x"
"8922",14850.0396457774,15599.179508556,"x"
"8923",14724.7774133804,15505.6242509332,"x"
"8924",15072.9334444772,16198.7459821459,"x"
"8925",15285.7364598424,16389.8507418345,"x"
"8926",14567.7676307462,15065.8857703606,"x"
"8927",14821.9224986417,15665.9938338331,"x"
"8928",15045.7705937571,15981.563908146,"x"
"8929",14790.2718632285,15677.4652408166,"x"
"8930",14969.5388981931,15844.9258340159,"x"
"8931",14893.4443567995,15795.0490657361,"x"
"8932",14895.7634464796,15817.5209598894,"x"
"8933",14593.9422438449,15078.7877763974,"x"
"8934",14830.8403194907,15617.1221808779,"x"
"8935",14742.1322911044,15390.3254902092,"x"
"8936",15071.7870759875,16108.656306024,"x"
"8937",14808.5643651193,15587.752714361,"x"
"8938",14991.9337907355,15932.5920752209,"x"
"8939",14991.8123433847,15869.9468047375,"x"
"8940",14535.5417357813,14851.0620568215,"x"
"8941",15012.6059553347,16148.4386426187,"x"
"8942",15041.3427473016,16076.2733710153,"x"
"8943",15497.3748664144,17147.1779950709,"x"
"8944",14823.7931068058,15707.2090456567,"x"
"8945",14607.9183506528,15138.1963299361,"x"
"8946",14580.5532167405,15166.5540482147,"x"
"8947",15484.9586424074,16924.7093301012,"x"
"8948",14811.9083251555,15530.9408600892,"x"
"8949",14696.9513005106,15332.1798256079,"x"
"8950",14976.5224830642,15920.9681920669,"x"
"8951",14556.5196260275,14787.0826272298,"x"
"8952",14463.5635015928,14730.5805890486,"x"
"8953",14644.4859922557,15164.9125763992,"x"
"8954",14894.1938512977,15838.1840092963,"x"
"8955",14636.8806838867,15214.8344566696,"x"
"8956",14428.4780591366,14825.5525900405,"x"
"8957",15203.8400172226,16252.0232986682,"x"
"8958",14704.6516307316,15346.4215875871,"x"
"8959",14936.2691246631,15907.7313186744,"x"
"8960",14921.6557412405,15795.2978544805,"x"
"8961",14711.0312640716,15598.7209438793,"x"
"8962",14345.1256519656,14790.6207326646,"x"
"8963",14988.200876109,15842.9394030193,"x"
"8964",14943.4699625628,15300.0623301621,"x"
"8965",14668.3548150353,15199.8504460699,"x"
"8966",14795.5260708056,15538.0329423962,"x"
"8967",15007.2703180155,15816.0955263637,"x"
"8968",15111.6819847811,16060.3552582733,"x"
"8969",14979.0119135499,15883.4721424246,"x"
"8970",14963.5099954772,16066.803750415,"x"
"8971",14781.2768631952,15441.3064406903,"x"
"8972",15159.5377675472,16073.3653227039,"x"
"8973",14726.382841993,15449.4910094463,"x"
"8974",14669.0767304976,15334.7435119853,"x"
"8975",14555.4505694137,15117.6952605986,"x"
"8976",14699.8390269028,15240.7388221399,"x"
"8977",14748.5520693514,15411.0850081767,"x"
"8978",14574.47313958,14968.4146421458,"x"
"8979",14966.0474940571,15704.3619354965,"x"
"8980",14916.3831114115,15586.4783488564,"x"
"8981",14780.9563376478,15562.9730892723,"x"
"8982",15275.9549401724,16524.5024644318,"x"
"8983",14557.9651715172,14963.5904136493,"x"
"8984",14955.8721173313,15953.6916742596,"x"
"8985",14688.0945518463,15311.3446401358,"x"
"8986",14892.098033868,15718.8695169921,"x"
"8987",14751.6225012797,15449.4378689725,"x"
"8988",15078.8670329338,16043.2419586368,"x"
"8989",14442.7004688466,14663.1996541354,"x"
"8990",15475.7095452984,16860.6528176395,"x"
"8991",14695.9566482144,15323.1119698546,"x"
"8992",15068.8276616135,16129.0349079951,"x"
"8993",14849.8198462508,15494.8030031886,"x"
"8994",14735.0426990359,15520.5017826956,"x"
"8995",14698.50080772,15252.7961255567,"x"
"8996",15096.623898809,16223.2094873306,"x"
"8997",14762.4751078482,15453.1228127828,"x"
"8998",14952.4189638232,15756.3029494368,"x"
"8999",14833.2252791702,15601.5389482267,"x"
"9000",14810.4152472178,15543.828701074,"x"
"9001",14861.9847515354,15663.491316408,"x"
"9002",14927.9446189556,15710.6467761517,"x"
"9003",14881.1184156854,15761.8584402921,"x"
"9004",15408.84637467,16962.3313657467,"x"
"9005",14590.2291261749,15306.5144539998,"x"
"9006",14718.2669627928,15410.0807546756,"x"
"9007",15000.2744764066,16075.3911297122,"x"
"9008",15856.9053039698,17546.5658280421,"x"
"9009",14577.2274917288,14955.6135516695,"x"
"9010",15275.6493470278,16789.2428063765,"x"
"9011",14738.5030431797,15542.8385745276,"x"
"9012",14787.8394914333,15465.1675918285,"x"
"9013",14783.7931558767,15483.9266682472,"x"
"9014",14925.3181248817,16057.7568999319,"x"
"9015",15078.9995315551,16030.2246820643,"x"
"9016",15651.0282766731,17451.7464325399,"x"
"9017",14874.2270157604,15747.6915427357,"x"
"9018",14511.330626229,15016.5649777445,"x"
"9019",14861.4673983697,15789.5923996191,"x"
"9020",14836.9469533147,15446.8592613326,"x"
"9021",15031.6223575809,16040.259281116,"x"
"9022",14731.8134886302,15313.3213903676,"x"
"9023",14583.7981722228,15115.3263193624,"x"
"9024",15089.0920976692,16054.0994400614,"x"
"9025",14755.3989336179,15426.3138508255,"x"
"9026",14805.3359742363,15701.2438678221,"x"
"9027",14939.3784982046,15768.7584339856,"x"
"9028",14889.9928268407,15809.4962807811,"x"
"9029",14640.0835524961,15287.1144099257,"x"
"9030",15143.6390607979,16167.4736308062,"x"
"9031",14747.7691520067,15370.2578424298,"x"
"9032",15442.1649302336,16948.100624665,"x"
"9033",14644.2411162748,15144.2225817124,"x"
"9034",14945.3007480644,15755.9129513293,"x"
"9035",15154.1597356748,16303.4206873327,"x"
"9036",14570.7749294344,15051.2229480739,"x"
"9037",15154.2259859344,16234.6261232289,"x"
"9038",14767.4317002461,15446.9907264626,"x"
"9039",14882.9963641101,15608.0153382626,"x"
"9040",14715.0110789357,15222.6661859845,"x"
"9041",14695.5973076939,15339.5303075692,"x"
"9042",14633.8461324769,15366.7353278192,"x"
"9043",14661.5658298706,15229.5084514208,"x"
"9044",14856.8793759213,15622.1210787108,"x"
"9045",14893.913427093,15797.9240091315,"x"
"9046",15327.602381272,16690.2107931697,"x"
"9047",15050.9944650489,16004.968168825,"x"
"9048",15218.4875660647,16439.916434641,"x"
"9049",14735.4540501101,15392.3318891626,"x"
"9050",14611.3111291782,15023.0928757156,"x"
"9051",14380.0397617659,14854.8745308328,"x"
"9052",14663.9641347729,15339.1260617164,"x"
"9053",15542.1962741437,17130.7735788309,"x"
"9054",14869.241173362,15791.0306610713,"x"
"9055",14761.9323790008,15507.0937139819,"x"
"9056",15123.9383003072,16217.6924617647,"x"
"9057",14534.8716632232,14971.4921816347,"x"
"9058",14846.9978308963,15705.0468171384,"x"
"9059",15104.9984466851,16096.9386419873,"x"
"9060",14886.0094666486,15395.0602524803,"x"
"9061",14945.5778617054,15678.5355829919,"x"
"9062",14757.679204591,15329.764745013,"x"
"9063",14770.3364225241,15137.1595625788,"x"
"9064",15430.1860310916,16960.6921827088,"x"
"9065",14682.5919808609,15190.1300305992,"x"
"9066",14894.7187509058,15474.7977068016,"x"
"9067",15344.9045116353,16892.732169271,"x"
"9068",15087.2603460741,16128.1461778613,"x"
"9069",14659.0587025717,15342.4202629662,"x"
"9070",14983.2388507136,15833.288070458,"x"
"9071",14691.0658554004,15165.577704581,"x"
"9072",15209.1140467373,16345.9354131137,"x"
"9073",15101.7448436138,16121.9061907524,"x"
"9074",14749.9952229713,15379.3288841342,"x"
"9075",14738.9758959384,15596.1230446384,"x"
"9076",15363.7927262163,16825.3394438222,"x"
"9077",15113.1103468226,16055.4423560549,"x"
"9078",14764.099259095,15262.495649798,"x"
"9079",14875.131656146,15479.3619649861,"x"
"9080",14805.522011491,15518.2008980501,"x"
"9081",14408.395140138,14748.6956329158,"x"
"9082",14560.6155997253,15087.5460917837,"x"
"9083",15173.9180999843,16254.4308201671,"x"
"9084",14911.5055323022,15918.3813107109,"x"
"9085",15450.136460503,16684.130890393,"x"
"9086",14787.3200389759,15444.6715458779,"x"
"9087",15198.5277821734,16386.8582831351,"x"
"9088",14852.5248728518,15655.5750744527,"x"
"9089",15014.89458814,15927.819043035,"x"
"9090",14931.7023545621,15713.7236155012,"x"
"9091",15083.8272674461,16130.507827864,"x"
"9092",15094.2444401341,16175.7078035217,"x"
"9093",14690.0551792821,15096.536106172,"x"
"9094",14923.9982638223,15706.4344919506,"x"
"9095",15115.5569872004,16170.232519638,"x"
"9096",14688.2717940357,15250.2707657256,"x"
"9097",14657.016950688,15186.5236463174,"x"
"9098",14719.3335295621,15468.1330332764,"x"
"9099",14765.3969105886,15638.143680083,"x"
"9100",14459.9370048657,14937.375425598,"x"
"9101",15033.6557362544,16084.8461067818,"x"
"9102",14928.7928645904,15806.4044183272,"x"
"9103",15013.7087232775,15716.1241141679,"x"
"9104",14684.361728451,15530.3714570297,"x"
"9105",14991.0087749313,15828.8249305237,"x"
"9106",15115.6239406269,16221.8988205258,"x"
"9107",14895.5533738561,15774.2945659406,"x"
"9108",14818.6463024372,15534.9624613731,"x"
"9109",15122.2633102184,16157.0166437916,"x"
"9110",15295.0168385747,16490.0852307522,"x"
"9111",14870.1475044573,15626.6895151764,"x"
"9112",15590.3712179779,17437.8035480319,"x"
"9113",14797.4783608624,15421.4288337323,"x"
"9114",14933.0596097902,16016.1650817583,"x"
"9115",14577.6792810129,15010.4238926238,"x"
"9116",15578.0202610077,17363.6890391053,"x"
"9117",14636.400778379,15162.5425680933,"x"
"9118",14746.3174767272,15307.5817544205,"x"
"9119",14890.8800319671,15767.6072484725,"x"
"9120",15044.7316703553,16196.7649767344,"x"
"9121",15158.9484782301,16462.7760596359,"x"
"9122",15250.4769305612,16728.7864761005,"x"
"9123",15137.7409008449,16206.1027749124,"x"
"9124",14992.7374273969,16021.8778743378,"x"
"9125",14754.3065496163,15450.3716040773,"x"
"9126",14745.3396423426,15440.19041274,"x"
"9127",15343.5515517105,16848.1330219747,"x"
"9128",14740.8122311852,15390.4281843915,"x"
"9129",15150.7914256801,16102.0861721821,"x"
"9130",14811.4150893423,15501.7243837657,"x"
"9131",14552.6085172951,15067.9861673684,"x"
"9132",14823.7333206249,15613.1431665175,"x"
"9133",14710.8161032535,15432.4617677173,"x"
"9134",14707.3786103563,15449.314346221,"x"
"9135",14740.0776978086,15410.3230873321,"x"
"9136",14996.5706485771,16097.2648552685,"x"
"9137",14873.1129445804,15488.3015091675,"x"
"9138",15569.3085496898,17249.2472301274,"x"
"9139",15148.4142138981,16188.2594970121,"x"
"9140",15139.1149796457,16088.1904850343,"x"
"9141",14416.9052376786,14804.20782932,"x"
"9142",14819.9057410491,15412.8627817285,"x"
"9143",14981.1005066769,16114.1411420157,"x"
"9144",14994.8496489006,15975.5383488925,"x"
"9145",15156.7544234673,16097.4154859643,"x"
"9146",14939.2068841977,15858.9840446893,"x"
"9147",15218.1907082951,16515.7146486769,"x"
"9148",14641.9830523917,15325.9196459182,"x"
"9149",14886.9290806812,15489.3344629144,"x"
"9150",14548.2905883916,15309.6248481986,"x"
"9151",15511.1265272659,17016.1968766718,"x"
"9152",14535.7813093795,15082.9782716648,"x"
"9153",14982.8361123991,15943.3369332002,"x"
"9154",15081.3187367818,16116.8166263829,"x"
"9155",14821.6859104144,15566.9601031475,"x"
"9156",15328.4724941607,16789.6685855869,"x"
"9157",15347.5018751751,16785.5907588928,"x"
"9158",14773.7687049067,15384.3041683142,"x"
"9159",14941.5821327235,15771.4366510551,"x"
"9160",14712.6028200296,15424.6746205346,"x"
"9161",14640.9079017682,15164.6860564649,"x"
"9162",14895.9450667476,15865.6448839605,"x"
"9163",14827.5762807005,15441.7588445789,"x"
"9164",15000.4305497697,16033.6215057408,"x"
"9165",14785.152819862,15473.4911399711,"x"
"9166",15013.8609159693,16285.8045189314,"x"
"9167",14768.6170598957,15490.6630893818,"x"
"9168",14700.0306735474,15360.6785725201,"x"
"9169",14914.5251821508,15759.8755650914,"x"
"9170",14868.756503149,15641.9861413382,"x"
"9171",14543.6569578592,15106.9866944173,"x"
"9172",14845.4346357549,15797.0733831296,"x"
"9173",14632.8272585641,15232.4086674307,"x"
"9174",15388.4050696293,17075.5982500028,"x"
"9175",14939.593193712,15914.9377058132,"x"
"9176",14687.1062488507,15344.8794642605,"x"
"9177",14620.7666498902,15205.7354940663,"x"
"9178",15421.4093105378,16739.4799251515,"x"
"9179",15181.5930654271,16349.5216580478,"x"
"9180",14659.5151221586,15596.8016203524,"x"
"9181",14902.0679610459,15789.2891623597,"x"
"9182",14946.6032647528,15856.9484019099,"x"
"9183",15007.849865739,16004.5440943091,"x"
"9184",14765.9569115957,15513.3603341776,"x"
"9185",14862.5672610579,15448.5934767866,"x"
"9186",14644.3934206221,15340.1381691547,"x"
"9187",14699.43866432,15336.0029641375,"x"
"9188",15035.175247052,15916.0233125768,"x"
"9189",15021.947064803,15954.7941717671,"x"
"9190",14993.460662139,15752.8818653892,"x"
"9191",14734.998061914,15364.8562284389,"x"
"9192",14920.8944137785,15780.2217222296,"x"
"9193",14629.6433191378,15299.5208127252,"x"
"9194",14561.0426421894,15119.3050893152,"x"
"9195",14873.5022149977,15648.7818094409,"x"
"9196",14768.4658532343,15407.7722451557,"x"
"9197",15079.7744024272,16114.5889969008,"x"
"9198",15197.6951982746,16435.5059857959,"x"
"9199",15853.392509102,18251.4173962905,"x"
"9200",15422.0292447921,16919.2002503083,"x"
"9201",14406.5052069081,14707.2201249505,"x"
"9202",14654.1447928147,15128.367641897,"x"
"9203",14608.0750208236,15191.5402111717,"x"
"9204",14905.7217435491,15765.5118021906,"x"
"9205",14825.2644739785,15698.2773539579,"x"
"9206",14843.1686853317,15793.5178771339,"x"
"9207",14982.4772629699,16026.3351678831,"x"
"9208",14641.2740240196,15089.057009918,"x"
"9209",15016.2104719979,15913.326316445,"x"
"9210",14688.1625318043,15110.023695749,"x"
"9211",15045.4103664033,16044.1872428124,"x"
"9212",15093.3116839595,16443.5421598705,"x"
"9213",14637.6841862861,15038.4386164202,"x"
"9214",14980.1157083353,15938.8708863102,"x"
"9215",14798.08043839,15536.057681626,"x"
"9216",15284.9576611239,16528.777310094,"x"
"9217",14749.2732484218,15457.631507098,"x"
"9218",14603.4162560775,15154.4928939431,"x"
"9219",14703.673954399,15135.4696302851,"x"
"9220",14408.3712270635,14787.7186222108,"x"
"9221",14945.3825860159,15673.0303561784,"x"
"9222",14682.5747657403,15098.9412774322,"x"
"9223",15052.3661836465,16007.3619562198,"x"
"9224",15136.5852998043,16136.2500231269,"x"
"9225",14602.8533423103,15110.0462808455,"x"
"9226",14442.743899645,14909.7082393379,"x"
"9227",15288.1570844571,16432.2947948087,"x"
"9228",15149.7193149934,16404.0069759696,"x"
"9229",14629.8114278664,15235.4168086639,"x"
"9230",14943.6753091032,15703.3097760499,"x"
"9231",15206.4233406095,16300.4762346032,"x"
"9232",14646.9174373457,15114.1502129534,"x"
"9233",15073.3828945085,16079.3308504442,"x"
"9234",14987.731858776,16042.412471341,"x"
"9235",15083.3639040379,16051.1136141738,"x"
"9236",14779.2987555818,15419.1904220657,"x"
"9237",15148.7461624052,16304.9135134221,"x"
"9238",14622.4717778522,15011.6086374072,"x"
"9239",14609.5992733624,15100.9186933331,"x"
"9240",15133.9685148838,16050.850767802,"x"
"9241",14802.9511226382,15555.4108619128,"x"
"9242",14761.5203932184,15731.1948830281,"x"
"9243",15230.9037811699,16617.0610611315,"x"
"9244",14718.2589997591,15348.8054269862,"x"
"9245",14642.990779574,15012.0253424335,"x"
"9246",14959.9871130211,15744.859308146,"x"
"9247",15132.4544494651,16230.5900150274,"x"
"9248",14888.0894094272,15625.7969948629,"x"
"9249",14891.6509415572,15790.8997695583,"x"
"9250",14563.1545125549,14880.2906218053,"x"
"9251",14631.3674373357,15083.9740647069,"x"
"9252",15179.4090757724,16353.3238340656,"x"
"9253",14898.4170960023,15678.627934497,"x"
"9254",14676.620188181,15267.5962737987,"x"
"9255",14845.4791557397,15596.999604786,"x"
"9256",15037.0385859535,15702.3436133584,"x"
"9257",14712.1264076405,15141.4046930574,"x"
"9258",14729.0502127303,15443.5337874693,"x"
"9259",14593.7001694551,15100.3065231545,"x"
"9260",14678.5829360821,15215.4181027407,"x"
"9261",14863.0617492096,15683.8407737217,"x"
"9262",14627.6272113606,14952.8875055488,"x"
"9263",14476.0141485621,14789.3618862886,"x"
"9264",14760.3382394018,15438.3043182231,"x"
"9265",14716.0052040725,15416.4146808833,"x"
"9266",14725.1018465657,15266.0733004488,"x"
"9267",15047.5423768121,16004.2687701057,"x"
"9268",14841.6397991314,15441.9652617575,"x"
"9269",15402.9669694581,16970.7273864546,"x"
"9270",15284.052351582,16589.2983755493,"x"
"9271",14729.9883420757,15409.7942626946,"x"
"9272",14971.9591524844,15892.2627445468,"x"
"9273",14985.3429527003,15744.2264589477,"x"
"9274",14441.1469145212,14846.9177009817,"x"
"9275",14746.3959741871,15263.1854468597,"x"
"9276",15159.6440455579,16139.5370574734,"x"
"9277",14787.2144356968,15551.4608366976,"x"
"9278",15285.6277851641,16587.6074254618,"x"
"9279",14756.2934743509,15278.6195132219,"x"
"9280",14949.2948369061,15777.899602207,"x"
"9281",14750.6098830607,15325.2905317825,"x"
"9282",15269.2966508243,16629.6032200496,"x"
"9283",14695.4019216783,15300.932704363,"x"
"9284",14499.5101651902,14939.9408033333,"x"
"9285",14818.809893623,15550.0870755804,"x"
"9286",14965.6504699816,15968.302918499,"x"
"9287",14598.0621837327,15226.4457111698,"x"
"9288",15161.720709581,16210.7568461822,"x"
"9289",15298.6839628288,16646.1231963444,"x"
"9290",15146.7283366164,16277.6903255265,"x"
"9291",15447.5443022604,16857.8019883969,"x"
"9292",15211.4978071724,16281.2630501918,"x"
"9293",14751.2877137939,15375.8282229984,"x"
"9294",14658.0974727807,15165.9779109144,"x"
"9295",14521.7155231991,14933.2705566988,"x"
"9296",14920.4014276363,15925.527473634,"x"
"9297",14871.3567703575,15496.2942623817,"x"
"9298",14372.1148706705,14635.4887434023,"x"
"9299",15097.5865605917,16457.212758763,"x"
"9300",14559.3846595485,15055.6228181536,"x"
"9301",15098.4860778685,16128.4360845503,"x"
"9302",14502.5500546337,14831.8646798851,"x"
"9303",15094.1187153237,16013.5492103099,"x"
"9304",14628.685548008,15138.3720413716,"x"
"9305",14688.9081461601,15322.1095735308,"x"
"9306",14823.161027494,15526.2466967595,"x"
"9307",14535.8690258441,15105.5319439676,"x"
"9308",15447.4033715794,16857.2127725699,"x"
"9309",15340.3433882803,16574.6084572359,"x"
"9310",14833.6432388828,15474.4275920914,"x"
"9311",15031.5223102537,15927.2702607497,"x"
"9312",15224.7843007686,16448.858345974,"x"
"9313",14885.8799461126,15764.912192516,"x"
"9314",15162.2951285322,16344.5790231383,"x"
"9315",15221.1734964961,16353.09802007,"x"
"9316",15235.1676999092,16481.7460598086,"x"
"9317",14806.5307717455,15500.5114349133,"x"
"9318",14841.4310156839,15601.784552917,"x"
"9319",15398.5111998447,16910.1987555405,"x"
"9320",14797.1902725792,15277.5219930048,"x"
"9321",14677.9980011787,15228.3420200219,"x"
"9322",15190.6522525902,16348.4435868178,"x"
"9323",14557.9099979136,15028.143129312,"x"
"9324",14955.640021392,15736.0987138761,"x"
"9325",15046.5509953185,16137.9040999853,"x"
"9326",14649.6141664204,15415.0455575959,"x"
"9327",14717.114268967,15215.4791327715,"x"
"9328",14723.1853638807,15493.3724525659,"x"
"9329",14848.4541839975,15512.2343681708,"x"
"9330",15235.6642321881,16707.2572560011,"x"
"9331",14833.1457405423,15573.3511877601,"x"
"9332",14591.6896801405,15110.1598415539,"x"
"9333",14949.3735775204,15713.9699773483,"x"
"9334",14923.3520685594,15733.4956738377,"x"
"9335",14900.7373780084,15831.7243365132,"x"
"9336",14973.4052192634,15761.5040348531,"x"
"9337",14860.0710736832,15618.3913887466,"x"
"9338",15251.4510993896,16402.5951748259,"x"
"9339",14755.1771022422,15497.9086338032,"x"
"9340",15106.696969675,16139.6177423225,"x"
"9341",14719.4218805848,15324.7350955573,"x"
"9342",14691.446359189,15278.3414973593,"x"
"9343",14720.4335326615,15221.0385901851,"x"
"9344",15736.7683375019,17527.7289248909,"x"
"9345",14732.2202626944,15551.503900788,"x"
"9346",14865.5760820416,15663.2297160648,"x"
"9347",14756.704710283,15305.9798684462,"x"
"9348",14476.2469327373,14913.3543138742,"x"
"9349",15378.3429416417,16914.1362523168,"x"
"9350",15141.4932952974,16227.4409375277,"x"
"9351",14887.9766862704,15702.2881612681,"x"
"9352",14676.834529785,15281.6529008128,"x"
"9353",14844.2156487204,15718.887823322,"x"
"9354",15245.9674336412,16679.9771920077,"x"
"9355",14817.9834514506,15486.0397368366,"x"
"9356",14890.5474616941,15630.0824622116,"x"
"9357",14845.1494474928,15535.5778120887,"x"
"9358",14571.0402868647,15048.7808212127,"x"
"9359",14853.5552616339,15495.5992465255,"x"
"9360",14641.2209831579,15358.1857136831,"x"
"9361",14967.1905146504,15923.62349277,"x"
"9362",14652.2494650732,15077.1880262981,"x"
"9363",15245.9382931755,16348.7053067581,"x"
"9364",15251.6383589477,16384.3644662076,"x"
"9365",14458.8594241777,14872.2121634267,"x"
"9366",14440.2491235318,14835.7239811693,"x"
"9367",15081.7897234983,16110.9156686254,"x"
"9368",14865.8516113685,15637.7789310625,"x"
"9369",14922.7708401549,15759.1388115919,"x"
"9370",14682.3469565802,15332.8927492817,"x"
"9371",14583.6192249739,15113.0461803581,"x"
"9372",14947.1293538417,15838.9646034036,"x"
"9373",14845.2934186521,15711.5525933957,"x"
"9374",14995.2891733892,16047.7020624941,"x"
"9375",14818.6147891037,15577.4900941869,"x"
"9376",14770.4694370416,15356.2178123352,"x"
"9377",14795.1436302845,15527.0342530479,"x"
"9378",14737.9978530474,15463.7176430645,"x"
"9379",15116.6153273441,16184.9559255316,"x"
"9380",14625.0440630882,15148.5097736569,"x"
"9381",15391.3669797865,16639.4035209663,"x"
"9382",14725.7936407203,15510.5759192847,"x"
"9383",15297.7612372221,16659.4166495688,"x"
"9384",14784.1126472427,15556.7846953942,"x"
"9385",14880.6652418469,15754.2113035708,"x"
"9386",15296.0174550924,16584.5474970334,"x"
"9387",14744.2307183179,15389.5498790073,"x"
"9388",14809.1277019138,15387.0048080894,"x"
"9389",14877.613868526,15648.3718348372,"x"
"9390",14730.9970115601,15443.9156073364,"x"
"9391",14851.9656029031,15552.1044724376,"x"
"9392",15134.387363539,16125.5829558931,"x"
"9393",14665.5874674918,15243.238295246,"x"
"9394",15060.7397819374,16095.6907872079,"x"
"9395",14594.7774940976,14900.4268141544,"x"
"9396",14991.149249581,15943.5096209552,"x"
"9397",15703.5410057687,17851.1461089131,"x"
"9398",15140.9465192052,16229.2828409205,"x"
"9399",14711.6433213062,15495.0061366361,"x"
"9400",14638.1125446775,15155.4866409925,"x"
"9401",15059.2083317574,15914.7219279606,"x"
"9402",15089.6756124329,16198.5083267286,"x"
"9403",14927.4367627893,15711.9988820367,"x"
"9404",14865.5334633427,15531.6639939391,"x"
"9405",14753.7977133506,15210.864710104,"x"
"9406",14649.5421699618,15062.5510457393,"x"
"9407",14547.1732025204,14969.5157666672,"x"
"9408",14882.3652354573,15834.4965680538,"x"
"9409",14636.6658274066,15282.5323742685,"x"
"9410",14763.0225324637,15418.1860393452,"x"
"9411",14839.7668404303,15491.2679232399,"x"
"9412",15502.2879120595,17078.593141051,"x"
"9413",14776.2433148941,15566.8805741509,"x"
"9414",14816.1589312311,15391.8621195075,"x"
"9415",14626.2438066661,15032.469873566,"x"
"9416",14525.5518797133,15027.6250831465,"x"
"9417",14981.2934670626,15932.7797653109,"x"
"9418",14718.7939386056,15259.946173966,"x"
"9419",15202.6800052293,16287.0434514611,"x"
"9420",14616.7358400618,15128.0578991106,"x"
"9421",14786.469868669,15607.6981784663,"x"
"9422",14796.4460476845,15656.8342887295,"x"
"9423",15150.8429864685,16323.6139772764,"x"
"9424",14766.3868838542,15418.6299643714,"x"
"9425",14874.067614265,15849.6825024225,"x"
"9426",15024.7506671204,15961.2636814259,"x"
"9427",14699.3948187839,15442.5717000042,"x"
"9428",14559.5073366691,15029.2103161812,"x"
"9429",15177.0034171079,16329.7273062713,"x"
"9430",14812.9594312984,15338.1871854045,"x"
"9431",15289.2178975828,16633.7665285833,"x"
"9432",15219.61080517,16490.28515993,"x"
"9433",14601.8272773191,14973.8206524896,"x"
"9434",14979.5535042559,15974.8497748768,"x"
"9435",14905.7909950591,15851.6056517652,"x"
"9436",14987.575287301,15839.6058484819,"x"
"9437",15621.469864802,16937.8740640541,"x"
"9438",14771.8782235827,15272.806890277,"x"
"9439",14632.71804739,15120.6654597251,"x"
"9440",14547.5278399331,15084.339273958,"x"
"9441",14635.2471511464,15306.2038961321,"x"
"9442",14615.400565265,15052.7342172234,"x"
"9443",15297.1039885801,16636.1740562437,"x"
"9444",14712.9816161337,15367.4453483892,"x"
"9445",15249.95549089,16362.0935344557,"x"
"9446",14884.1485540828,15624.3809084805,"x"
"9447",14447.4070474511,14796.7905451617,"x"
"9448",14859.6015837015,15694.3530550381,"x"
"9449",15037.6249830627,15941.8223415904,"x"
"9450",14939.5998548339,15827.0904468068,"x"
"9451",14755.2905565397,15542.8557299673,"x"
"9452",15224.1013824016,16399.2588612825,"x"
"9453",15081.3724373742,16207.1772380857,"x"
"9454",14659.4087594119,15275.6217157057,"x"
"9455",14895.1273369764,15837.1593101356,"x"
"9456",14361.6277626281,14788.8067757979,"x"
"9457",14504.1819471858,14952.1469582144,"x"
"9458",14725.7829319627,15408.3830167752,"x"
"9459",14770.0381354189,15519.0361138322,"x"
"9460",15318.8832908045,16303.8602764523,"x"
"9461",14485.0866055302,14798.9387116046,"x"
"9462",15349.2982659443,16691.2734668738,"x"
"9463",14623.6075780026,14969.0423467794,"x"
"9464",14997.3041583436,16037.8438532105,"x"
"9465",14665.8406683242,15356.3502507446,"x"
"9466",15235.9538315234,16497.5775219715,"x"
"9467",14933.7739602513,15571.3804628889,"x"
"9468",14793.3329874544,15417.4275414014,"x"
"9469",14633.729784262,15253.0161692102,"x"
"9470",15116.3853729305,16275.0151689132,"x"
"9471",15082.2776529599,16136.7841032877,"x"
"9472",14849.0727085721,15439.7504148503,"x"
"9473",14647.9163268453,15239.9314077859,"x"
"9474",15159.8956448817,16129.2138360862,"x"
"9475",15002.5220510253,15883.2642453503,"x"
"9476",14776.7522141218,15332.161324762,"x"
"9477",14863.8485722589,15571.010382668,"x"
"9478",14709.187492228,15363.891869998,"x"
"9479",14739.0279756139,15454.8863493702,"x"
"9480",15151.4450506954,16119.7660559461,"x"
"9481",15312.0837520895,16720.2892136408,"x"
"9482",14782.4824188383,15477.9717213315,"x"
"9483",14998.6700034883,15964.1039944754,"x"
"9484",14934.5183667454,15825.2916649802,"x"
"9485",15521.567455595,17067.4045462692,"x"
"9486",14623.6421726208,15203.2729106628,"x"
"9487",15156.9330714041,16209.2932725263,"x"
"9488",14761.7579169565,15424.0426259209,"x"
"9489",14776.9979788757,15471.4507097837,"x"
"9490",14882.0383708234,15801.8764664694,"x"
"9491",15327.3427243493,16576.3206516345,"x"
"9492",14931.0724456618,15684.9103838542,"x"
"9493",14558.9348065841,15074.3988179224,"x"
"9494",14990.2147348223,16033.7448680898,"x"
"9495",15222.0159516978,16458.1565538255,"x"
"9496",14904.1234269599,15649.0103544591,"x"
"9497",14852.2223498065,15586.505433243,"x"
"9498",15637.5734666913,17041.5350052846,"x"
"9499",15268.9146138836,16636.7013118936,"x"
"9500",14642.5538457329,15103.4510207711,"x"
"9501",14637.4390776296,15219.6688091038,"x"
"9502",14872.8616280537,15461.5842254387,"x"
"9503",14935.217061184,15869.8560025579,"x"
"9504",15293.9998581197,16722.4571539729,"x"
"9505",14860.3117315641,15805.4286906783,"x"
"9506",14669.055007861,15208.7006524532,"x"
"9507",14845.418481797,15648.5889613768,"x"
"9508",14588.8485051441,15074.5805008326,"x"
"9509",14492.2315878563,14840.012430576,"x"
"9510",14566.5098276174,14946.4121236548,"x"
"9511",14872.9102440459,15633.1642638652,"x"
"9512",15181.2777493591,16267.4604026147,"x"
"9513",14786.4322029166,15304.198264432,"x"
"9514",14806.9892178464,15440.2035468784,"x"
"9515",14767.8736566153,15379.605981357,"x"
"9516",14323.1335312965,14581.6003151235,"x"
"9517",14927.0919325482,15778.0854815843,"x"
"9518",14876.7817006969,15799.7303487417,"x"
"9519",15119.3652105292,16049.9769080371,"x"
"9520",14801.0380893903,15767.1139672168,"x"
"9521",14773.9299817198,15506.5895684135,"x"
"9522",14658.3213287198,15116.4022736963,"x"
"9523",14600.1732779199,15156.0270954673,"x"
"9524",14681.2508025449,15314.1574694119,"x"
"9525",14830.2337624825,15582.527600872,"x"
"9526",14753.3364213691,15435.7834677268,"x"
"9527",14873.8572116858,15709.460622056,"x"
"9528",14551.9844403074,14852.6426021632,"x"
"9529",15072.4612911572,16043.8186310556,"x"
"9530",14826.356133005,15690.227887569,"x"
"9531",14646.8847475225,15349.6769812636,"x"
"9532",15332.2798400851,16998.6855063181,"x"
"9533",14801.0297204915,15565.1225192691,"x"
"9534",14790.1893903586,15587.3819286588,"x"
"9535",15373.1749030899,17006.5748181207,"x"
"9536",15044.2062472627,16107.0579667213,"x"
"9537",14915.2890183941,15692.3907843531,"x"
"9538",15199.2077012412,16317.7892952678,"x"
"9539",14678.2043266097,15315.2166259485,"x"
"9540",14766.5287451761,15452.9020114713,"x"
"9541",14890.1539149467,15577.709526332,"x"
"9542",14828.3944120557,15490.3346091196,"x"
"9543",14789.67111773,15665.5014141392,"x"
"9544",14804.0534693202,15603.1476065889,"x"
"9545",14666.0924965094,15230.5006940753,"x"
"9546",15543.3808459155,17093.1220106892,"x"
"9547",14793.4908301712,15293.8048593758,"x"
"9548",14659.9628457512,15112.82681145,"x"
"9549",14858.8311167111,15641.728379679,"x"
"9550",14652.7669431564,15392.7195465236,"x"
"9551",14814.4115087458,15594.2253879207,"x"
"9552",15340.1231130099,16365.3498762014,"x"
"9553",14483.040791092,15121.2840202402,"x"
"9554",14742.9251154974,15218.5001846338,"x"
"9555",14793.0899690713,15370.1594705833,"x"
"9556",14641.9920760578,15192.227550987,"x"
"9557",14807.7491091931,15594.2290024178,"x"
"9558",15473.0630170367,17000.6233532362,"x"
"9559",14683.8100519765,15336.0917412805,"x"
"9560",14667.7834732763,15215.0949039268,"x"
"9561",14977.4953349129,15842.6017815905,"x"
"9562",14734.442002672,15429.7896926208,"x"
"9563",14771.5224239087,15408.0055698545,"x"
"9564",14767.1573854672,15497.3736614222,"x"
"9565",14800.8794039938,15560.5707675323,"x"
"9566",14946.5251005761,15860.0148394278,"x"
"9567",14572.0894049169,15009.2326675607,"x"
"9568",14754.3003757496,15430.4453986357,"x"
"9569",15346.0919760147,16934.9955361352,"x"
"9570",14884.6877069906,15773.8104410283,"x"
"9571",14665.8410017239,15118.7828989853,"x"
"9572",14745.6821984472,15320.9051444115,"x"
"9573",15243.4238243467,16380.7464588193,"x"
"9574",14900.5809934284,15830.9466138132,"x"
"9575",14775.9066103952,15353.4212425607,"x"
"9576",14627.0689422627,15278.1714029017,"x"
"9577",14812.1461659841,15340.5315881726,"x"
"9578",14925.3650116214,15692.1312487366,"x"
"9579",15434.7421014302,16735.5038816419,"x"
"9580",14660.7730335336,15334.6320355851,"x"
"9581",14730.0238151721,15212.3909709712,"x"
"9582",14735.0000002019,15117.6270624222,"x"
"9583",15211.0950296922,16456.2535009721,"x"
"9584",14364.4790740058,14603.2160351516,"x"
"9585",15561.2602249679,17021.0542292054,"x"
"9586",15117.415070346,16213.3089095844,"x"
"9587",14793.4032506713,15466.3304271532,"x"
"9588",15022.4977182786,16044.9994015221,"x"
"9589",14821.8407484097,15623.6177308108,"x"
"9590",14845.8143547691,15347.2011156579,"x"
"9591",14544.5013166627,15075.4833427496,"x"
"9592",14652.3163947661,15317.7675883427,"x"
"9593",14868.2007554853,15760.9537074622,"x"
"9594",14834.1290545663,15667.5435948622,"x"
"9595",14608.6075735842,15176.7871444204,"x"
"9596",14899.7811208692,15735.5814067741,"x"
"9597",14548.3897396584,14974.53652417,"x"
"9598",14705.7770431084,15458.2017507043,"x"
"9599",15081.0023860148,16165.7820487035,"x"
"9600",15244.938580649,16580.6473671631,"x"
"9601",15001.2189760424,16090.7078612875,"x"
"9602",14746.5150867344,15308.5823607129,"x"
"9603",15021.0097407068,15961.5841021824,"x"
"9604",15287.4591283545,16841.296663865,"x"
"9605",15036.6499483288,15996.525668027,"x"
"9606",15414.2129337745,16992.9456542587,"x"
"9607",14607.3620759971,15235.3382100887,"x"
"9608",14949.7428985291,15947.3259359597,"x"
"9609",14721.795454456,15475.18736963,"x"
"9610",14641.0987450411,15135.5697898956,"x"
"9611",15042.0677470396,16011.3718141897,"x"
"9612",15063.8112201378,16098.6983749316,"x"
"9613",14693.0380434522,15355.395067808,"x"
"9614",14966.5327545555,15788.0097464756,"x"
"9615",14641.6292329909,15050.1454347571,"x"
"9616",14892.8121137373,15852.8308548782,"x"
"9617",15084.3956422041,16022.6024781362,"x"
"9618",15039.6045944819,16039.3781616903,"x"
"9619",15072.7520640313,16184.6113916554,"x"
"9620",14518.2176878007,14932.2232830626,"x"
"9621",15093.7476504268,16408.2955042448,"x"
"9622",14580.4398987947,15175.5366929219,"x"
"9623",14567.7271340637,15059.0113438756,"x"
"9624",15481.6063000676,16975.6931236154,"x"
"9625",15115.6316616473,16157.295111083,"x"
"9626",15187.079227526,16303.8849491032,"x"
"9627",14492.8238426444,14919.1113638863,"x"
"9628",14754.6923002484,15385.8609212914,"x"
"9629",14853.5793136505,15688.5667509843,"x"
"9630",14637.140217379,15139.3763069682,"x"
"9631",15338.8568765803,16576.2680318229,"x"
"9632",15166.5196290832,16235.1063248015,"x"
"9633",14773.6300253917,15343.4546644391,"x"
"9634",14641.204117494,15027.6149389915,"x"
"9635",15014.5222283992,15942.7249823035,"x"
"9636",14581.8073088171,14806.0609192999,"x"
"9637",14588.1592662434,14941.6538979542,"x"
"9638",15005.9386376096,15961.8556431323,"x"
"9639",14726.4737956443,15259.1604666284,"x"
"9640",15053.5016889085,15968.5624749366,"x"
"9641",14534.2482119285,14789.1677959846,"x"
"9642",14585.3382627267,15160.9659821382,"x"
"9643",14811.9966765983,15318.2376720091,"x"
"9644",14409.2311919912,14736.5494558119,"x"
"9645",14943.6445071856,15957.6789622539,"x"
"9646",14775.0290612484,15519.8009092158,"x"
"9647",14738.7726286681,15467.5718307543,"x"
"9648",14844.5202668074,15558.8993499693,"x"
"9649",14845.3216122235,15548.621771552,"x"
"9650",15079.7889488451,16273.2236005148,"x"
"9651",14694.5586546898,15357.7838844829,"x"
"9652",14611.0736384991,14925.868174145,"x"
"9653",14959.8874461596,16118.0383342957,"x"
"9654",14980.6569614208,15975.3171717137,"x"
"9655",14925.2344991642,15642.9143251065,"x"
"9656",15732.8996619625,17588.7203959384,"x"
"9657",14572.1725850402,14983.1608571443,"x"
"9658",14913.4305334794,15981.4705588443,"x"
"9659",14686.8300777108,15369.5502438929,"x"
"9660",14638.4162708113,15134.8775114089,"x"
"9661",14637.1916694867,15254.3417665257,"x"
"9662",14863.2346245467,15686.4493052126,"x"
"9663",14929.7542250565,15750.46506877,"x"
"9664",14834.6019583016,15849.7671748628,"x"
"9665",15126.5321456146,16289.6328270151,"x"
"9666",14980.5504688924,15921.419119718,"x"
"9667",14929.6486256737,15915.4908077857,"x"
"9668",14796.9176505565,15724.7172929656,"x"
"9669",15102.980715054,16282.9226471497,"x"
"9670",14998.9354471937,15855.2104623595,"x"
"9671",14844.8919973413,15644.0760513074,"x"
"9672",14651.9932234789,15340.2404249526,"x"
"9673",15011.0324294401,16008.8364619014,"x"
"9674",14800.6749663962,15438.5477786461,"x"
"9675",14563.1358660479,15135.1173450421,"x"
"9676",15164.8727291672,16529.3697572401,"x"
"9677",14832.1733469821,15611.1568647889,"x"
"9678",14552.02695139,14994.0902135613,"x"
"9679",14802.9433704724,15557.605159549,"x"
"9680",15111.4351421146,16197.9760028013,"x"
"9681",14450.8207421224,14629.8444172278,"x"
"9682",14492.9577403183,15125.122013391,"x"
"9683",15452.3428385872,16878.6463978241,"x"
"9684",15134.5894310486,16157.6724829649,"x"
"9685",14916.3344900455,15707.6696376835,"x"
"9686",15145.5330406668,16306.8800657864,"x"
"9687",14764.2132556255,15476.2513907533,"x"
"9688",14992.9595834098,15847.2796992896,"x"
"9689",14579.8915087904,15083.78528246,"x"
"9690",14981.2469806923,15854.0389725846,"x"
"9691",14661.2627118901,15238.4051478823,"x"
"9692",14802.2049318463,15606.2615292638,"x"
"9693",14833.0976752672,15605.5399262525,"x"
"9694",14809.0704863077,15605.3676252194,"x"
"9695",14896.7741482711,15765.6313953327,"x"
"9696",14862.5964294765,15868.0122417196,"x"
"9697",14818.3552464229,15592.7691897902,"x"
"9698",15036.6206576605,15980.6221090814,"x"
"9699",14808.3744909126,15570.2649780782,"x"
"9700",14608.2974670907,15045.1730461736,"x"
"9701",14702.4649773603,15534.2765080167,"x"
"9702",14539.3609305404,14847.9172862538,"x"
"9703",15064.4315976758,16133.49067125,"x"
"9704",14855.7316857761,15696.0114245073,"x"
"9705",14622.8814715025,15284.7788377624,"x"
"9706",15300.7986664008,16644.8113253462,"x"
"9707",15215.3315452808,16424.5941811906,"x"
"9708",14805.0005969222,15453.9626173449,"x"
"9709",14884.6963839813,15594.4836072692,"x"
"9710",14860.6584068679,15437.9572051635,"x"
"9711",14943.4956906549,15818.1916387963,"x"
"9712",15085.9218889508,16235.0315387572,"x"
"9713",14616.7183395976,15095.7473602563,"x"
"9714",15334.6231804068,16685.5416603213,"x"
"9715",15296.937814924,16420.5048363819,"x"
"9716",14909.3859744557,15798.5244179869,"x"
"9717",14941.2816469514,15748.7121134542,"x"
"9718",14746.7095529676,15615.4850983428,"x"
"9719",14795.5734973875,15526.7297725364,"x"
"9720",14804.9323290314,15481.2888145416,"x"
"9721",14853.6618232579,15615.9830930415,"x"
"9722",14947.3553506476,15616.6449178426,"x"
"9723",15010.9550407197,15891.1454087753,"x"
"9724",14682.3156934498,15274.7059450621,"x"
"9725",14699.9302296253,15489.3870141203,"x"
"9726",15129.4815988216,16172.9888850778,"x"
"9727",15195.1591151089,16233.5925277814,"x"
"9728",14733.5537669352,15348.8519616393,"x"
"9729",14849.7826573381,15602.4078641849,"x"
"9730",14728.6917048353,15410.6206269457,"x"
"9731",14913.1827650732,15758.4448895395,"x"
"9732",14906.8197935552,15930.0131415619,"x"
"9733",14957.8066247398,15799.1941774079,"x"
"9734",14768.3633156211,15620.1377625336,"x"
"9735",14977.7482681438,16014.0528803873,"x"
"9736",14963.2973751148,15854.9697442417,"x"
"9737",15097.4478005289,16278.7952138714,"x"
"9738",15215.5832315795,16274.0374001865,"x"
"9739",14964.2146329582,15900.2015841397,"x"
"9740",14688.2405596022,15308.2170072953,"x"
"9741",15053.3928679828,15965.5646495258,"x"
"9742",14833.1557136968,15664.6431359727,"x"
"9743",15264.8640470877,16771.655451125,"x"
"9744",14985.05973006,15963.3213669698,"x"
"9745",14534.9819007692,14829.6820408263,"x"
"9746",14746.0993294508,15470.8576180699,"x"
"9747",14849.2305764807,15437.1696875517,"x"
"9748",14815.291364241,15437.554317571,"x"
"9749",15029.8997473964,16010.1539548742,"x"
"9750",15012.4660448622,15873.6125670822,"x"
"9751",15148.1064803596,16251.9989196324,"x"
"9752",14878.9404583205,15735.1717576186,"x"
"9753",14737.3452662625,15443.9483145604,"x"
"9754",14754.2329218779,15379.6257873533,"x"
"9755",14656.2946619153,15305.282979157,"x"
"9756",14842.0883256317,15729.0184565458,"x"
"9757",15098.5725285223,16083.6048880453,"x"
"9758",14889.2003021092,15423.2000837853,"x"
"9759",14706.7295477663,15206.5861503768,"x"
"9760",14762.8846336781,15449.3448478715,"x"
"9761",14541.391218168,15061.7346934615,"x"
"9762",14791.7311844517,15318.1855955998,"x"
"9763",15287.0373983609,16474.3165030986,"x"
"9764",14961.7720220757,15940.5897241918,"x"
"9765",14982.1507609393,15854.5435122786,"x"
"9766",14360.6305523855,14598.3323915425,"x"
"9767",14883.7529805127,15602.6526562007,"x"
"9768",14881.4465691166,15709.8812054009,"x"
"9769",15258.0595762056,16459.7846504303,"x"
"9770",14625.337928088,15303.8434703619,"x"
"9771",14958.0477677203,15871.4162595631,"x"
"9772",14963.9980754897,15628.4958852992,"x"
"9773",14398.5368562016,14750.0157277959,"x"
"9774",14725.1156180954,15443.048704159,"x"
"9775",14669.5325134535,15261.7205336822,"x"
"9776",14885.1507852354,15693.816110379,"x"
"9777",15312.7124111942,16572.5999404167,"x"
"9778",15157.0567616683,16439.1799912249,"x"
"9779",14612.0728014615,14862.6486329854,"x"
"9780",14719.4706513677,15432.2827024896,"x"
"9781",14651.3113400261,15223.9032530232,"x"
"9782",14755.8591164509,15458.798015733,"x"
"9783",15137.6718002642,16282.4651504726,"x"
"9784",14466.0359221585,14853.4419949989,"x"
"9785",15039.8277258417,16171.581915297,"x"
"9786",14687.4691752364,15238.5020364309,"x"
"9787",15056.9459278457,16057.0842760543,"x"
"9788",14886.7354334079,15896.218908363,"x"
"9789",14603.2558091119,14952.2293105863,"x"
"9790",15042.5211748078,15988.5687962498,"x"
"9791",14620.5320086196,15361.0856030257,"x"
"9792",14940.7312647118,15896.7571292301,"x"
"9793",15006.4683798368,15846.4317861168,"x"
"9794",15342.9800629494,16821.9875942719,"x"
"9795",14880.4889765069,15717.0463156958,"x"
"9796",15165.0428297456,16176.7531012371,"x"
"9797",15136.0823031036,16169.4221487001,"x"
"9798",16175.2729873421,18396.5373213312,"x"
"9799",14508.3750138114,14955.1320631547,"x"
"9800",14976.5240396532,15804.6086046639,"x"
"9801",15110.7828038502,16018.23387111,"x"
"9802",15139.9359695856,16128.2810882662,"x"
"9803",14940.4725172996,15603.9135688825,"x"
"9804",14831.4629804559,15591.6055814487,"x"
"9805",14964.2563585284,15970.5661332137,"x"
"9806",14355.9307116032,14753.7636359267,"x"
"9807",14691.9613727891,15235.3481320237,"x"
"9808",15075.330774575,16333.1575062406,"x"
"9809",14943.762645843,15540.2103986509,"x"
"9810",14954.8487884941,16031.9369779234,"x"
"9811",15246.2489437285,16571.9225172543,"x"
"9812",15232.9709603746,16283.6597420881,"x"
"9813",14795.456126281,15185.0259446268,"x"
"9814",15056.8408804956,16126.8680672431,"x"
"9815",14825.617551239,15694.4192730228,"x"
"9816",14613.012755877,15182.5686717761,"x"
"9817",14625.7277788618,15272.4041451608,"x"
"9818",14937.0725833054,15838.3553865741,"x"
"9819",15266.5878128881,16343.356119901,"x"
"9820",15087.064566354,16117.6588702863,"x"
"9821",14498.3615019005,15090.9565536837,"x"
"9822",15632.3015677324,17555.1465215953,"x"
"9823",15229.8405210637,16473.2747721529,"x"
"9824",15248.9044152935,16441.3747524347,"x"
"9825",14833.1756348931,15726.6313439182,"x"
"9826",14649.4790513448,15163.3600565327,"x"
"9827",14938.5299129068,15766.7470565637,"x"
"9828",14754.625595927,15394.3335215068,"x"
"9829",15282.4073501592,16794.5143056397,"x"
"9830",14426.4090200632,14805.4667452957,"x"
"9831",14844.2846789548,15662.2881963182,"x"
"9832",14996.41994679,15766.3454128703,"x"
"9833",14895.2284058468,15599.5700574672,"x"
"9834",14948.9715867651,15722.9944452515,"x"
"9835",14496.9331423707,14959.017597585,"x"
"9836",14611.5380846928,15095.8116704528,"x"
"9837",14739.2293918538,15445.9762424984,"x"
"9838",14652.411763748,15220.3812948875,"x"
"9839",14668.363585716,15151.973318399,"x"
"9840",15313.3338279847,16670.2307214455,"x"
"9841",15061.5768178512,15963.5695558592,"x"
"9842",14723.6122986679,15337.876089575,"x"
"9843",15073.9549472472,15935.9984449484,"x"
"9844",14669.0198732727,15345.1429132219,"x"
"9845",14506.2948428533,14862.5644149256,"x"
"9846",14849.9682777897,15647.0571518807,"x"
"9847",14898.7372455818,15760.7581042096,"x"
"9848",14545.5882529099,15146.4659837637,"x"
"9849",14682.2202813531,15378.4605349147,"x"
"9850",14767.840083433,15433.6937917324,"x"
"9851",15194.3006947098,16287.6727010059,"x"
"9852",14688.2833105359,15435.5511502449,"x"
"9853",15102.4352942719,16130.5538045276,"x"
"9854",15183.0711722915,16207.6783391537,"x"
"9855",14655.2840009954,15156.0940190365,"x"
"9856",14985.8942891043,15884.6466897683,"x"
"9857",16212.5867678438,18398.4177686501,"x"
"9858",14760.8340242455,15461.8076983628,"x"
"9859",14513.9509398783,14738.8022516628,"x"
"9860",15411.9262449034,17006.7753336376,"x"
"9861",14865.3893162368,15612.7439076317,"x"
"9862",14608.8910037952,15186.5232148915,"x"
"9863",14688.5203801898,15265.9496041142,"x"
"9864",14629.3697108609,15336.8789989446,"x"
"9865",14880.901141914,15660.7231825631,"x"
"9866",14554.2681060731,15099.3602822806,"x"
"9867",14785.5920253229,15605.5011399274,"x"
"9868",14577.8600978399,15061.0754007438,"x"
"9869",14458.6108064183,15066.9746060181,"x"
"9870",14740.6573927995,15462.68777869,"x"
"9871",14663.1040445016,15294.4722094381,"x"
"9872",14916.0288262638,15747.7630523831,"x"
"9873",14755.4178232863,15301.2636877656,"x"
"9874",14878.1024022476,15846.0693086963,"x"
"9875",14656.1829939267,15213.8773929546,"x"
"9876",14906.1965643031,15597.0759943137,"x"
"9877",14702.4899321901,15229.5501576435,"x"
"9878",15928.1747483456,17708.3355257451,"x"
"9879",14656.4697606128,15285.2315340627,"x"
"9880",14770.0672907695,15553.7040626931,"x"
"9881",14846.5130678416,15635.243024446,"x"
"9882",14844.595730687,15497.4121526705,"x"
"9883",15075.0379259762,15959.2644917248,"x"
"9884",15258.4443476021,16711.8609574898,"x"
"9885",14932.9312842464,15896.4180732777,"x"
"9886",15011.8820839077,15958.2648935304,"x"
"9887",14822.9160268574,15531.0057607677,"x"
"9888",14826.4747876085,15223.888458713,"x"
"9889",16017.7058516216,17905.0223958363,"x"
"9890",14598.824372905,15243.3077344842,"x"
"9891",14780.6724080899,15544.1274468517,"x"
"9892",14664.7708170644,15345.1705435214,"x"
"9893",14853.5707336404,15536.2797822182,"x"
"9894",14641.08923588,15292.832531447,"x"
"9895",14886.4227749085,15679.5732816384,"x"
"9896",15361.2102481667,16616.4181133125,"x"
"9897",15513.4237036024,17057.2026135487,"x"
"9898",14603.5229796129,15289.9777015648,"x"
"9899",14843.8426980712,15160.8028351751,"x"
"9900",15244.6150583028,16562.5819348896,"x"
"9901",14889.9769421643,15597.4928438591,"x"
"9902",14815.9650348689,15555.0787579656,"x"
"9903",14679.4121577426,15332.5008580736,"x"
"9904",14949.7012438439,15918.4752048559,"x"
"9905",14905.4334961291,15950.941645671,"x"
"9906",14836.2348505277,15585.6764151869,"x"
"9907",14914.2844854533,15707.8969889087,"x"
"9908",15019.7868630967,15816.9550721093,"x"
"9909",14930.6598361698,15812.4535915294,"x"
"9910",15171.2799665711,16344.5474675844,"x"
"9911",14973.5153900121,15980.4527463814,"x"
"9912",14939.7439627753,15619.6789936205,"x"
"9913",14885.0419151949,15377.3145334076,"x"
"9914",14933.1115798196,15687.8548547514,"x"
"9915",15151.5738000331,16263.7008824461,"x"
"9916",14750.4241065895,15482.4938538004,"x"
"9917",14789.9366968037,15702.4093395782,"x"
"9918",14803.4113921808,15449.3863856696,"x"
"9919",15398.6417540211,16815.4992990848,"x"
"9920",14893.0120717021,15660.5759082601,"x"
"9921",14584.2804214557,15028.9314844952,"x"
"9922",14956.5420302768,15748.0262479307,"x"
"9923",14422.4011066286,14826.2223740262,"x"
"9924",14834.3505057835,15540.5799047079,"x"
"9925",14879.9595869738,15669.0537757079,"x"
"9926",14797.6205649776,15582.1671109193,"x"
"9927",14774.6893257823,15475.7584950596,"x"
"9928",14484.7049234435,14972.3404092959,"x"
"9929",15069.029545001,16165.7622814669,"x"
"9930",14928.1312272009,15759.2048558672,"x"
"9931",14891.7595428758,15741.1650458291,"x"
"9932",15339.6803016077,16492.8934215582,"x"
"9933",15334.5786970641,16575.2234079946,"x"
"9934",14533.3833188188,15176.5989774624,"x"
"9935",15093.1414972613,16085.5432217836,"x"
"9936",14781.6518892431,15732.1018502018,"x"
"9937",14366.1115562093,14705.3504846118,"x"
"9938",14878.5469399676,15525.9285339749,"x"
"9939",14705.7453677247,15346.2616728271,"x"
"9940",14586.0287110894,15195.8604585191,"x"
"9941",14524.962783821,15037.7002020217,"x"
"9942",14431.081580351,14645.588626907,"x"
"9943",14536.2391666991,14997.4536226515,"x"
"9944",14626.666971833,15256.8924718732,"x"
"9945",14918.8334709321,15619.6680345571,"x"
"9946",15024.7061974725,15982.8857960252,"x"
"9947",14668.3921193634,15174.3282021438,"x"
"9948",14819.274841465,15584.2322116775,"x"
"9949",14736.0042810906,15460.1984190741,"x"
"9950",14696.6194514039,15231.0943025221,"x"
"9951",14708.1083354211,15353.980576577,"x"
"9952",15070.7685555764,16004.1093879725,"x"
"9953",14692.0104411124,15321.6959506986,"x"
"9954",14857.5682759988,15789.9493579782,"x"
"9955",15074.0844599586,15962.3898955969,"x"
"9956",14771.4913803622,15447.556851741,"x"
"9957",14687.299952108,15214.8892718578,"x"
"9958",14777.3042662429,15430.3584859018,"x"
"9959",14814.5834934036,15431.9923693341,"x"
"9960",14608.7208361388,15236.0126677987,"x"
"9961",14607.7504841606,14891.0968849243,"x"
"9962",14735.0733940367,15353.4786537919,"x"
"9963",14957.528561091,15845.9281948107,"x"
"9964",15134.5033924923,16462.8053493946,"x"
"9965",14667.2381689456,15349.8650249668,"x"
"9966",14554.6816327986,14921.3298823831,"x"
"9967",14946.0750686405,15807.2611769799,"x"
"9968",15290.4063489526,16835.1012257387,"x"
"9969",14757.3689198752,15249.0681403734,"x"
"9970",14763.5223610676,15463.0271424668,"x"
"9971",14871.2704348688,15767.5196276631,"x"
"9972",15075.0207728292,16164.6701094822,"x"
"9973",14715.7950487127,15391.681216771,"x"
"9974",14843.8998550266,15638.0560943228,"x"
"9975",14824.1985360035,15495.8025635351,"x"
"9976",14939.3405783435,15560.3243168056,"x"
"9977",15044.9675069062,16294.7042699098,"x"
"9978",14717.2158480536,15347.7532928742,"x"
"9979",14937.8898062682,15662.9596559054,"x"
"9980",15057.8565650139,16100.5115027894,"x"
"9981",14751.8452719403,15353.7099952049,"x"
"9982",15044.9913455634,16017.8184175592,"x"
"9983",15357.8102536258,16622.8336742895,"x"
"9984",14764.1696584501,15527.1611980584,"x"
"9985",14680.1289476043,15066.1353577996,"x"
"9986",14866.9042180209,15812.5434855058,"x"
"9987",14794.3497273484,15545.30716864,"x"
"9988",14909.8727517892,15818.7261437193,"x"
"9989",15112.0499013982,16335.5886406985,"x"
"9990",14621.5770105192,15173.5924011196,"x"
"9991",14959.4092552439,15773.8146650991,"x"
"9992",15290.086619192,16652.2451746994,"x"
"9993",14779.9135146802,15528.0267997631,"x"
"9994",14511.3400941764,14943.8396513866,"x"
"9995",14804.0482137163,15420.2016536159,"x"
"9996",14543.7576126017,14896.5650370926,"x"
"9997",15477.3930763739,17180.9082396101,"x"
"9998",14845.1658985919,15434.391565527,"x"
"9999",14758.8460179223,15476.7752959148,"x"
"10000",14862.191368162,15388.2795174765,"x"
